timestamp,attempt_id,scenario,attacker_id,attacker_role,operation,resource,zone,decision,deny_reason,blocked
2025-08-01T02:17:34Z,SA-0000001,sensor_cross_sensor,atk-0112,Sensor,ReadAll,IrrigationControl,East,DENY,POLICY_VIOLATION,True
2025-08-01T03:25:04Z,SA-0000002,sensor_cross_sensor,atk-0201,Sensor,ControlZone,RoleAssignment,West,DENY,ZONE_MISMATCH,True
2025-08-01T05:02:33Z,SA-0000003,sensor_cross_sensor,atk-0339,Sensor,ControlZone,IrrigationControl,South,DENY,CERT_REVOKED,True
2025-08-01T06:02:00Z,SA-0000004,sensor_cross_sensor,atk-0298,Sensor,ControlZone,SensorData,North,DENY,POLICY_VIOLATION,True
2025-08-01T06:35:12Z,SA-0000005,sensor_cross_sensor,atk-0032,Sensor,ManageRoles,AuditLog,East,DENY,IDS_BLOCKED,True
2025-08-01T07:57:25Z,SA-0000006,sensor_cross_sensor,atk-0027,Sensor,ReadAll,AuditLog,South,DENY,ZONE_MISMATCH,True
2025-08-01T08:14:57Z,SA-0000007,sensor_cross_sensor,atk-0145,Sensor,ReadAll,RoleAssignment,South,DENY,ZONE_MISMATCH,True
2025-08-01T09:03:35Z,SA-0000008,sensor_cross_sensor,atk-0327,Sensor,WriteSensor,AuditLog,North,DENY,POLICY_VIOLATION,True
2025-08-01T12:06:19Z,SA-0000009,sensor_cross_sensor,atk-0482,Sensor,ReadAudit,RoleAssignment,West,DENY,CERT_REVOKED,True
2025-08-01T12:28:52Z,SA-0000010,sensor_cross_sensor,atk-0040,Sensor,ReadAll,RoleAssignment,West,DENY,ROLE_INSUFFICIENT,True
2025-08-01T13:58:19Z,SA-0000011,sensor_cross_sensor,atk-0350,Sensor,ReadAll,AuditLog,East,DENY,ROLE_INSUFFICIENT,True
2025-08-01T14:14:42Z,SA-0000012,sensor_cross_sensor,atk-0135,Sensor,ControlZone,IrrigationControl,West,DENY,CERT_REVOKED,True
2025-08-01T14:17:57Z,SA-0000013,sensor_cross_sensor,atk-0473,Sensor,ManageRoles,IrrigationControl,East,DENY,POLICY_VIOLATION,True
2025-08-01T17:26:05Z,SA-0000014,sensor_cross_sensor,atk-0152,Sensor,WriteSensor,SensorData,North,DENY,ROLE_INSUFFICIENT,True
2025-08-01T18:20:43Z,SA-0000015,sensor_cross_sensor,atk-0127,Sensor,ControlZone,AuditLog,West,DENY,POLICY_VIOLATION,True
2025-08-01T18:43:46Z,SA-0000016,sensor_cross_sensor,atk-0322,Sensor,ManageRoles,AuditLog,South,DENY,ZONE_MISMATCH,True
2025-08-01T21:44:05Z,SA-0000017,sensor_cross_sensor,atk-0234,Sensor,WriteSensor,RoleAssignment,West,DENY,CERT_REVOKED,True
2025-08-01T22:35:33Z,SA-0000018,sensor_cross_sensor,atk-0043,Sensor,ReadAudit,AuditLog,East,DENY,POLICY_VIOLATION,True
2025-08-02T00:12:30Z,SA-0000019,sensor_cross_sensor,atk-0232,Sensor,ReadAll,RoleAssignment,West,DENY,POLICY_VIOLATION,True
2025-08-02T00:34:03Z,SA-0000020,sensor_cross_sensor,atk-0202,Sensor,ReadAll,IrrigationControl,North,DENY,ROLE_INSUFFICIENT,True
2025-08-02T01:13:12Z,SA-0000021,sensor_cross_sensor,atk-0024,Sensor,ReadAudit,RoleAssignment,South,DENY,ROLE_INSUFFICIENT,True
2025-08-02T06:19:21Z,SA-0000022,sensor_cross_sensor,atk-0354,Sensor,ManageRoles,IrrigationControl,South,DENY,POLICY_VIOLATION,True
2025-08-02T06:44:00Z,SA-0000023,sensor_cross_sensor,atk-0160,Sensor,ControlZone,SensorData,North,DENY,POLICY_VIOLATION,True
2025-08-02T07:29:15Z,SA-0000024,sensor_cross_sensor,atk-0131,Sensor,ReadAudit,RoleAssignment,East,DENY,OP_NOT_PERMITTED,True
2025-08-02T10:15:49Z,SA-0000025,sensor_cross_sensor,atk-0178,Sensor,WriteSensor,IrrigationControl,East,DENY,POLICY_VIOLATION,True
2025-08-02T10:36:41Z,SA-0000026,sensor_cross_sensor,atk-0011,Sensor,ControlZone,SensorData,East,DENY,ROLE_INSUFFICIENT,True
2025-08-02T12:20:54Z,SA-0000027,sensor_cross_sensor,atk-0084,Sensor,ManageRoles,RoleAssignment,East,DENY,OP_NOT_PERMITTED,True
2025-08-02T12:39:58Z,SA-0000028,sensor_cross_sensor,atk-0469,Sensor,ManageRoles,AuditLog,East,DENY,POLICY_VIOLATION,True
2025-08-02T13:23:10Z,SA-0000029,sensor_cross_sensor,atk-0401,Sensor,ReadAll,RoleAssignment,East,DENY,ZONE_MISMATCH,True
2025-08-02T14:11:34Z,SA-0000030,sensor_cross_sensor,atk-0215,Sensor,ReadAll,IrrigationControl,West,DENY,IDS_BLOCKED,True
2025-08-02T15:40:10Z,SA-0000031,sensor_cross_sensor,atk-0040,Sensor,ManageRoles,SensorData,West,DENY,POLICY_VIOLATION,True
2025-08-02T17:38:01Z,SA-0000032,sensor_cross_sensor,atk-0463,Sensor,ReadAudit,SensorData,West,DENY,ZONE_MISMATCH,True
2025-08-02T18:49:01Z,SA-0000033,sensor_cross_sensor,atk-0023,Sensor,ReadAll,IrrigationControl,West,DENY,ROLE_INSUFFICIENT,True
2025-08-02T19:46:54Z,SA-0000034,sensor_cross_sensor,atk-0468,Sensor,ControlZone,RoleAssignment,East,DENY,CERT_REVOKED,True
2025-08-02T21:00:17Z,SA-0000035,sensor_cross_sensor,atk-0218,Sensor,ReadAll,AuditLog,South,DENY,ZONE_MISMATCH,True
2025-08-02T23:07:22Z,SA-0000036,sensor_cross_sensor,atk-0155,Sensor,ManageRoles,AuditLog,West,DENY,IDS_BLOCKED,True
2025-08-03T01:34:05Z,SA-0000037,sensor_cross_sensor,atk-0082,Sensor,WriteSensor,SensorData,West,DENY,IDS_BLOCKED,True
2025-08-03T02:31:57Z,SA-0000038,sensor_cross_sensor,atk-0497,Sensor,WriteSensor,AuditLog,North,DENY,IDS_BLOCKED,True
2025-08-03T02:44:31Z,SA-0000039,sensor_cross_sensor,atk-0348,Sensor,ReadAudit,AuditLog,South,DENY,CERT_REVOKED,True
2025-08-03T04:50:26Z,SA-0000040,sensor_cross_sensor,atk-0481,Sensor,ControlZone,SensorData,North,DENY,ZONE_MISMATCH,True
2025-08-03T05:22:53Z,SA-0000041,sensor_cross_sensor,atk-0014,Sensor,WriteSensor,IrrigationControl,South,DENY,ROLE_INSUFFICIENT,True
2025-08-03T05:38:42Z,SA-0000042,sensor_cross_sensor,atk-0457,Sensor,WriteSensor,AuditLog,South,DENY,POLICY_VIOLATION,True
2025-08-03T06:11:27Z,SA-0000043,sensor_cross_sensor,atk-0452,Sensor,ReadAll,SensorData,North,DENY,POLICY_VIOLATION,True
2025-08-03T08:09:51Z,SA-0000044,sensor_cross_sensor,atk-0256,Sensor,ManageRoles,IrrigationControl,North,DENY,POLICY_VIOLATION,True
2025-08-03T10:58:51Z,SA-0000045,sensor_cross_sensor,atk-0398,Sensor,ManageRoles,SensorData,North,DENY,ROLE_INSUFFICIENT,True
2025-08-03T12:08:56Z,SA-0000046,sensor_cross_sensor,atk-0219,Sensor,ReadAll,RoleAssignment,West,DENY,POLICY_VIOLATION,True
2025-08-03T13:40:03Z,SA-0000047,sensor_cross_sensor,atk-0013,Sensor,ReadAll,AuditLog,North,DENY,ZONE_MISMATCH,True
2025-08-03T15:33:19Z,SA-0000048,sensor_cross_sensor,atk-0140,Sensor,ManageRoles,SensorData,West,DENY,CERT_REVOKED,True
2025-08-03T16:28:59Z,SA-0000049,sensor_cross_sensor,atk-0364,Sensor,ReadAudit,RoleAssignment,West,DENY,OP_NOT_PERMITTED,True
2025-08-03T16:44:45Z,SA-0000050,sensor_cross_sensor,atk-0215,Sensor,ControlZone,SensorData,East,DENY,IDS_BLOCKED,True
2025-08-03T17:41:06Z,SA-0000051,sensor_cross_sensor,atk-0391,Sensor,ReadAll,RoleAssignment,East,DENY,POLICY_VIOLATION,True
2025-08-03T19:35:37Z,SA-0000052,sensor_cross_sensor,atk-0272,Sensor,WriteSensor,RoleAssignment,North,DENY,ZONE_MISMATCH,True
2025-08-03T19:36:37Z,SA-0000053,sensor_cross_sensor,atk-0271,Sensor,ReadAll,RoleAssignment,North,DENY,ROLE_INSUFFICIENT,True
2025-08-03T21:44:12Z,SA-0000054,sensor_cross_sensor,atk-0319,Sensor,ReadAll,RoleAssignment,West,DENY,POLICY_VIOLATION,True
2025-08-03T23:21:42Z,SA-0000055,sensor_cross_sensor,atk-0443,Sensor,ReadAll,SensorData,North,DENY,ROLE_INSUFFICIENT,True
2025-08-04T00:07:47Z,SA-0000056,sensor_cross_sensor,atk-0093,Sensor,WriteSensor,IrrigationControl,North,DENY,ZONE_MISMATCH,True
2025-08-04T02:56:37Z,SA-0000057,sensor_cross_sensor,atk-0159,Sensor,ControlZone,SensorData,North,DENY,IDS_BLOCKED,True
2025-08-04T06:34:43Z,SA-0000058,sensor_cross_sensor,atk-0411,Sensor,ManageRoles,AuditLog,North,DENY,ROLE_INSUFFICIENT,True
2025-08-04T08:59:57Z,SA-0000059,sensor_cross_sensor,atk-0220,Sensor,WriteSensor,IrrigationControl,North,DENY,ZONE_MISMATCH,True
2025-08-04T09:08:14Z,SA-0000060,sensor_cross_sensor,atk-0064,Sensor,WriteSensor,SensorData,North,DENY,POLICY_VIOLATION,True
2025-08-04T09:27:03Z,SA-0000061,sensor_cross_sensor,atk-0452,Sensor,ReadAudit,SensorData,North,DENY,IDS_BLOCKED,True
2025-08-04T10:36:16Z,SA-0000062,sensor_cross_sensor,atk-0026,Sensor,WriteSensor,AuditLog,South,DENY,ROLE_INSUFFICIENT,True
2025-08-04T11:09:45Z,SA-0000063,sensor_cross_sensor,atk-0476,Sensor,ManageRoles,AuditLog,South,DENY,OP_NOT_PERMITTED,True
2025-08-04T11:42:06Z,SA-0000064,sensor_cross_sensor,atk-0110,Sensor,ReadAudit,AuditLog,South,DENY,OP_NOT_PERMITTED,True
2025-08-04T12:03:39Z,SA-0000065,sensor_cross_sensor,atk-0190,Sensor,ReadAudit,AuditLog,North,DENY,POLICY_VIOLATION,True
2025-08-04T13:24:32Z,SA-0000066,sensor_cross_sensor,atk-0114,Sensor,ManageRoles,SensorData,East,DENY,CERT_REVOKED,True
2025-08-04T13:57:03Z,SA-0000067,sensor_cross_sensor,atk-0469,Sensor,WriteSensor,SensorData,South,DENY,CERT_REVOKED,True
2025-08-04T13:58:23Z,SA-0000068,sensor_cross_sensor,atk-0009,Sensor,WriteSensor,AuditLog,North,DENY,CERT_REVOKED,True
2025-08-04T20:48:44Z,SA-0000069,sensor_cross_sensor,atk-0441,Sensor,ReadAudit,AuditLog,North,DENY,OP_NOT_PERMITTED,True
2025-08-04T22:54:58Z,SA-0000070,sensor_cross_sensor,atk-0078,Sensor,ReadAudit,SensorData,North,DENY,CERT_REVOKED,True
2025-08-04T23:03:42Z,SA-0000071,sensor_cross_sensor,atk-0087,Sensor,WriteSensor,RoleAssignment,West,DENY,POLICY_VIOLATION,True
2025-08-04T23:29:19Z,SA-0000072,sensor_cross_sensor,atk-0036,Sensor,ControlZone,RoleAssignment,South,DENY,OP_NOT_PERMITTED,True
2025-08-05T00:55:11Z,SA-0000073,sensor_cross_sensor,atk-0433,Sensor,ReadAudit,AuditLog,West,DENY,POLICY_VIOLATION,True
2025-08-05T02:37:48Z,SA-0000074,sensor_cross_sensor,atk-0057,Sensor,ControlZone,IrrigationControl,East,DENY,OP_NOT_PERMITTED,True
2025-08-05T03:49:08Z,SA-0000075,sensor_cross_sensor,atk-0489,Sensor,ReadAll,AuditLog,West,DENY,CERT_REVOKED,True
2025-08-05T04:49:44Z,SA-0000076,sensor_cross_sensor,atk-0448,Sensor,ReadAll,IrrigationControl,West,DENY,POLICY_VIOLATION,True
2025-08-05T06:13:53Z,SA-0000077,sensor_cross_sensor,atk-0243,Sensor,ReadAll,RoleAssignment,East,DENY,ZONE_MISMATCH,True
2025-08-05T06:28:49Z,SA-0000078,sensor_cross_sensor,atk-0431,Sensor,ControlZone,AuditLog,North,DENY,POLICY_VIOLATION,True
2025-08-05T06:35:17Z,SA-0000079,sensor_cross_sensor,atk-0033,Sensor,WriteSensor,IrrigationControl,East,DENY,ROLE_INSUFFICIENT,True
2025-08-05T07:26:05Z,SA-0000080,sensor_cross_sensor,atk-0430,Sensor,ControlZone,AuditLog,East,DENY,OP_NOT_PERMITTED,True
2025-08-05T07:43:46Z,SA-0000081,sensor_cross_sensor,atk-0295,Sensor,ReadAudit,SensorData,South,DENY,IDS_BLOCKED,True
2025-08-05T08:03:54Z,SA-0000082,sensor_cross_sensor,atk-0383,Sensor,ControlZone,RoleAssignment,South,DENY,OP_NOT_PERMITTED,True
2025-08-05T09:07:42Z,SA-0000083,sensor_cross_sensor,atk-0430,Sensor,ReadAll,AuditLog,West,DENY,POLICY_VIOLATION,True
2025-08-05T10:09:31Z,SA-0000084,sensor_cross_sensor,atk-0228,Sensor,ReadAudit,RoleAssignment,West,DENY,CERT_REVOKED,True
2025-08-05T11:08:33Z,SA-0000085,sensor_cross_sensor,atk-0144,Sensor,WriteSensor,IrrigationControl,East,DENY,POLICY_VIOLATION,True
2025-08-05T11:50:52Z,SA-0000086,sensor_cross_sensor,atk-0416,Sensor,ControlZone,IrrigationControl,North,DENY,IDS_BLOCKED,True
2025-08-05T13:42:35Z,SA-0000087,sensor_cross_sensor,atk-0068,Sensor,ManageRoles,SensorData,North,DENY,ZONE_MISMATCH,True
2025-08-05T13:56:50Z,SA-0000088,sensor_cross_sensor,atk-0478,Sensor,ReadAll,AuditLog,North,DENY,OP_NOT_PERMITTED,True
2025-08-05T14:16:29Z,SA-0000089,sensor_cross_sensor,atk-0382,Sensor,ReadAll,SensorData,South,DENY,ZONE_MISMATCH,True
2025-08-05T17:48:12Z,SA-0000090,sensor_cross_sensor,atk-0322,Sensor,ControlZone,AuditLog,North,DENY,ROLE_INSUFFICIENT,True
2025-08-05T18:03:50Z,SA-0000091,sensor_cross_sensor,atk-0400,Sensor,WriteSensor,IrrigationControl,South,DENY,OP_NOT_PERMITTED,True
2025-08-05T18:34:53Z,SA-0000092,sensor_cross_sensor,atk-0005,Sensor,ReadAudit,IrrigationControl,East,DENY,POLICY_VIOLATION,True
2025-08-05T19:11:01Z,SA-0000093,sensor_cross_sensor,atk-0095,Sensor,ControlZone,SensorData,South,DENY,OP_NOT_PERMITTED,True
2025-08-06T03:08:30Z,SA-0000094,sensor_cross_sensor,atk-0032,Sensor,WriteSensor,SensorData,East,DENY,OP_NOT_PERMITTED,True
2025-08-06T03:29:46Z,SA-0000095,sensor_cross_sensor,atk-0451,Sensor,ControlZone,AuditLog,East,DENY,CERT_REVOKED,True
2025-08-06T03:34:30Z,SA-0000096,sensor_cross_sensor,atk-0148,Sensor,WriteSensor,RoleAssignment,West,DENY,POLICY_VIOLATION,True
2025-08-06T05:19:18Z,SA-0000097,sensor_cross_sensor,atk-0218,Sensor,ControlZone,RoleAssignment,East,DENY,CERT_REVOKED,True
2025-08-06T05:46:23Z,SA-0000098,sensor_cross_sensor,atk-0115,Sensor,ControlZone,IrrigationControl,East,DENY,ZONE_MISMATCH,True
2025-08-06T06:10:22Z,SA-0000099,sensor_cross_sensor,atk-0058,Sensor,ControlZone,AuditLog,West,DENY,CERT_REVOKED,True
2025-08-06T06:59:08Z,SA-0000100,sensor_cross_sensor,atk-0199,Sensor,ManageRoles,IrrigationControl,North,DENY,ROLE_INSUFFICIENT,True
2025-08-06T08:01:48Z,SA-0000101,sensor_cross_sensor,atk-0440,Sensor,ControlZone,AuditLog,North,DENY,ZONE_MISMATCH,True
2025-08-06T10:38:26Z,SA-0000102,sensor_cross_sensor,atk-0499,Sensor,WriteSensor,SensorData,East,DENY,IDS_BLOCKED,True
2025-08-06T12:49:13Z,SA-0000103,sensor_cross_sensor,atk-0365,Sensor,WriteSensor,IrrigationControl,South,DENY,CERT_REVOKED,True
2025-08-06T14:03:36Z,SA-0000104,sensor_cross_sensor,atk-0247,Sensor,ManageRoles,RoleAssignment,East,DENY,ROLE_INSUFFICIENT,True
2025-08-06T14:43:32Z,SA-0000105,sensor_cross_sensor,atk-0150,Sensor,ReadAll,RoleAssignment,West,DENY,POLICY_VIOLATION,True
2025-08-06T15:01:21Z,SA-0000106,sensor_cross_sensor,atk-0458,Sensor,ControlZone,AuditLog,West,DENY,POLICY_VIOLATION,True
2025-08-06T20:49:35Z,SA-0000107,sensor_cross_sensor,atk-0357,Sensor,ReadAudit,SensorData,North,DENY,POLICY_VIOLATION,True
2025-08-06T21:59:24Z,SA-0000108,sensor_cross_sensor,atk-0163,Sensor,ControlZone,AuditLog,South,DENY,ROLE_INSUFFICIENT,True
2025-08-06T23:44:43Z,SA-0000109,sensor_cross_sensor,atk-0396,Sensor,ReadAll,RoleAssignment,South,DENY,ZONE_MISMATCH,True
2025-08-07T01:16:22Z,SA-0000110,sensor_cross_sensor,atk-0407,Sensor,ReadAll,SensorData,East,DENY,ZONE_MISMATCH,True
2025-08-07T02:12:02Z,SA-0000111,sensor_cross_sensor,atk-0397,Sensor,ControlZone,IrrigationControl,East,DENY,POLICY_VIOLATION,True
2025-08-07T04:03:37Z,SA-0000112,sensor_cross_sensor,atk-0295,Sensor,ReadAll,RoleAssignment,East,DENY,CERT_REVOKED,True
2025-08-07T05:24:11Z,SA-0000113,sensor_cross_sensor,atk-0088,Sensor,ReadAudit,AuditLog,North,DENY,ROLE_INSUFFICIENT,True
2025-08-07T05:26:40Z,SA-0000114,sensor_cross_sensor,atk-0456,Sensor,ReadAll,SensorData,West,DENY,ZONE_MISMATCH,True
2025-08-07T08:37:13Z,SA-0000115,sensor_cross_sensor,atk-0327,Sensor,WriteSensor,RoleAssignment,East,DENY,ROLE_INSUFFICIENT,True
2025-08-07T08:43:14Z,SA-0000116,sensor_cross_sensor,atk-0057,Sensor,ControlZone,SensorData,North,DENY,ZONE_MISMATCH,True
2025-08-07T14:00:17Z,SA-0000117,sensor_cross_sensor,atk-0428,Sensor,ManageRoles,IrrigationControl,North,DENY,OP_NOT_PERMITTED,True
2025-08-07T15:16:36Z,SA-0000118,sensor_cross_sensor,atk-0424,Sensor,ControlZone,AuditLog,South,DENY,OP_NOT_PERMITTED,True
2025-08-07T15:43:11Z,SA-0000119,sensor_cross_sensor,atk-0171,Sensor,ReadAll,AuditLog,South,DENY,IDS_BLOCKED,True
2025-08-07T16:42:38Z,SA-0000120,sensor_cross_sensor,atk-0036,Sensor,ControlZone,RoleAssignment,North,DENY,POLICY_VIOLATION,True
2025-08-07T16:58:23Z,SA-0000121,sensor_cross_sensor,atk-0051,Sensor,ControlZone,AuditLog,North,DENY,POLICY_VIOLATION,True
2025-08-07T17:33:50Z,SA-0000122,sensor_cross_sensor,atk-0241,Sensor,ReadAll,IrrigationControl,North,DENY,CERT_REVOKED,True
2025-08-07T19:52:02Z,SA-0000123,sensor_cross_sensor,atk-0334,Sensor,ManageRoles,IrrigationControl,South,DENY,POLICY_VIOLATION,True
2025-08-07T21:20:21Z,SA-0000124,sensor_cross_sensor,atk-0361,Sensor,ReadAudit,AuditLog,South,DENY,ROLE_INSUFFICIENT,True
2025-08-07T21:50:44Z,SA-0000125,sensor_cross_sensor,atk-0068,Sensor,ControlZone,AuditLog,East,DENY,OP_NOT_PERMITTED,True
2025-08-07T21:54:59Z,SA-0000126,sensor_cross_sensor,atk-0156,Sensor,WriteSensor,IrrigationControl,South,DENY,IDS_BLOCKED,True
2025-08-07T23:46:44Z,SA-0000127,sensor_cross_sensor,atk-0093,Sensor,WriteSensor,RoleAssignment,North,DENY,IDS_BLOCKED,True
2025-08-07T23:55:23Z,SA-0000128,sensor_cross_sensor,atk-0459,Sensor,ManageRoles,RoleAssignment,West,DENY,POLICY_VIOLATION,True
2025-08-08T01:59:08Z,SA-0000129,sensor_cross_sensor,atk-0433,Sensor,ManageRoles,SensorData,East,DENY,ZONE_MISMATCH,True
2025-08-08T02:31:11Z,SA-0000130,sensor_cross_sensor,atk-0434,Sensor,ManageRoles,RoleAssignment,East,DENY,IDS_BLOCKED,True
2025-08-08T04:25:35Z,SA-0000131,sensor_cross_sensor,atk-0472,Sensor,ReadAll,AuditLog,South,DENY,OP_NOT_PERMITTED,True
2025-08-08T04:59:14Z,SA-0000132,sensor_cross_sensor,atk-0130,Sensor,ReadAudit,SensorData,East,DENY,ZONE_MISMATCH,True
2025-08-08T05:58:19Z,SA-0000133,sensor_cross_sensor,atk-0393,Sensor,WriteSensor,AuditLog,South,DENY,POLICY_VIOLATION,True
2025-08-08T12:23:16Z,SA-0000134,sensor_cross_sensor,atk-0089,Sensor,ReadAudit,RoleAssignment,West,DENY,POLICY_VIOLATION,True
2025-08-08T13:49:32Z,SA-0000135,sensor_cross_sensor,atk-0461,Sensor,ReadAudit,AuditLog,East,DENY,OP_NOT_PERMITTED,True
2025-08-08T14:01:35Z,SA-0000136,sensor_cross_sensor,atk-0012,Sensor,ReadAudit,IrrigationControl,West,DENY,POLICY_VIOLATION,True
2025-08-08T14:37:01Z,SA-0000137,sensor_cross_sensor,atk-0229,Sensor,ReadAll,SensorData,West,DENY,OP_NOT_PERMITTED,True
2025-08-08T14:39:13Z,SA-0000138,sensor_cross_sensor,atk-0421,Sensor,ManageRoles,SensorData,North,DENY,CERT_REVOKED,True
2025-08-08T15:26:55Z,SA-0000139,sensor_cross_sensor,atk-0188,Sensor,ReadAudit,IrrigationControl,North,DENY,OP_NOT_PERMITTED,True
2025-08-08T18:58:51Z,SA-0000140,sensor_cross_sensor,atk-0243,Sensor,ReadAudit,AuditLog,South,DENY,POLICY_VIOLATION,True
2025-08-08T19:14:36Z,SA-0000141,sensor_cross_sensor,atk-0223,Sensor,ReadAll,AuditLog,South,DENY,ZONE_MISMATCH,True
2025-08-08T22:09:59Z,SA-0000142,sensor_cross_sensor,atk-0103,Sensor,ControlZone,SensorData,North,DENY,CERT_REVOKED,True
2025-08-08T22:39:32Z,SA-0000143,sensor_cross_sensor,atk-0035,Sensor,ReadAll,AuditLog,West,DENY,CERT_REVOKED,True
2025-08-09T01:53:02Z,SA-0000144,sensor_cross_sensor,atk-0188,Sensor,WriteSensor,SensorData,East,DENY,POLICY_VIOLATION,True
2025-08-09T02:42:19Z,SA-0000145,sensor_cross_sensor,atk-0232,Sensor,ControlZone,IrrigationControl,North,DENY,ROLE_INSUFFICIENT,True
2025-08-09T02:58:14Z,SA-0000146,sensor_cross_sensor,atk-0131,Sensor,WriteSensor,IrrigationControl,South,DENY,ROLE_INSUFFICIENT,True
2025-08-09T04:00:45Z,SA-0000147,sensor_cross_sensor,atk-0465,Sensor,ReadAll,IrrigationControl,South,DENY,ROLE_INSUFFICIENT,True
2025-08-09T04:07:44Z,SA-0000148,sensor_cross_sensor,atk-0070,Sensor,ReadAudit,RoleAssignment,South,DENY,ZONE_MISMATCH,True
2025-08-09T05:44:26Z,SA-0000149,sensor_cross_sensor,atk-0025,Sensor,ManageRoles,AuditLog,West,DENY,IDS_BLOCKED,True
2025-08-09T09:39:33Z,SA-0000150,sensor_cross_sensor,atk-0449,Sensor,ControlZone,IrrigationControl,South,DENY,CERT_REVOKED,True
2025-08-09T10:08:47Z,SA-0000151,sensor_cross_sensor,atk-0290,Sensor,ControlZone,IrrigationControl,East,DENY,IDS_BLOCKED,True
2025-08-09T13:38:47Z,SA-0000152,sensor_cross_sensor,atk-0189,Sensor,ReadAudit,AuditLog,West,DENY,ROLE_INSUFFICIENT,True
2025-08-09T13:43:43Z,SA-0000153,sensor_cross_sensor,atk-0009,Sensor,ManageRoles,AuditLog,East,DENY,IDS_BLOCKED,True
2025-08-09T17:39:33Z,SA-0000154,sensor_cross_sensor,atk-0159,Sensor,ManageRoles,SensorData,West,DENY,OP_NOT_PERMITTED,True
2025-08-09T18:14:10Z,SA-0000155,sensor_cross_sensor,atk-0007,Sensor,WriteSensor,RoleAssignment,East,DENY,ROLE_INSUFFICIENT,True
2025-08-09T21:41:22Z,SA-0000156,sensor_cross_sensor,atk-0152,Sensor,ManageRoles,RoleAssignment,South,DENY,POLICY_VIOLATION,True
2025-08-09T22:39:48Z,SA-0000157,sensor_cross_sensor,atk-0126,Sensor,ControlZone,AuditLog,North,DENY,OP_NOT_PERMITTED,True
2025-08-09T22:58:39Z,SA-0000158,sensor_cross_sensor,atk-0398,Sensor,ReadAudit,IrrigationControl,East,DENY,CERT_REVOKED,True
2025-08-10T00:28:54Z,SA-0000159,sensor_cross_sensor,atk-0028,Sensor,ReadAudit,SensorData,North,DENY,IDS_BLOCKED,True
2025-08-10T04:30:13Z,SA-0000160,sensor_cross_sensor,atk-0311,Sensor,ReadAll,SensorData,North,DENY,ZONE_MISMATCH,True
2025-08-10T06:11:42Z,SA-0000161,sensor_cross_sensor,atk-0140,Sensor,WriteSensor,SensorData,West,DENY,ROLE_INSUFFICIENT,True
2025-08-10T08:12:05Z,SA-0000162,sensor_cross_sensor,atk-0381,Sensor,ReadAll,RoleAssignment,South,DENY,ZONE_MISMATCH,True
2025-08-10T09:11:09Z,SA-0000163,sensor_cross_sensor,atk-0008,Sensor,ManageRoles,RoleAssignment,East,DENY,CERT_REVOKED,True
2025-08-10T09:15:15Z,SA-0000164,sensor_cross_sensor,atk-0161,Sensor,WriteSensor,RoleAssignment,West,DENY,POLICY_VIOLATION,True
2025-08-10T10:26:05Z,SA-0000165,sensor_cross_sensor,atk-0463,Sensor,ManageRoles,AuditLog,West,DENY,IDS_BLOCKED,True
2025-08-10T11:43:22Z,SA-0000166,sensor_cross_sensor,atk-0468,Sensor,ReadAll,IrrigationControl,North,DENY,CERT_REVOKED,True
2025-08-10T18:59:40Z,SA-0000167,sensor_cross_sensor,atk-0122,Sensor,ReadAll,AuditLog,North,DENY,ROLE_INSUFFICIENT,True
2025-08-10T19:23:22Z,SA-0000168,sensor_cross_sensor,atk-0126,Sensor,ControlZone,IrrigationControl,East,DENY,IDS_BLOCKED,True
2025-08-10T22:17:09Z,SA-0000169,sensor_cross_sensor,atk-0005,Sensor,ManageRoles,SensorData,East,DENY,IDS_BLOCKED,True
2025-08-10T22:35:11Z,SA-0000170,sensor_cross_sensor,atk-0307,Sensor,ReadAll,SensorData,South,DENY,OP_NOT_PERMITTED,True
2025-08-11T02:25:02Z,SA-0000171,sensor_cross_sensor,atk-0309,Sensor,ControlZone,RoleAssignment,South,DENY,POLICY_VIOLATION,True
2025-08-11T04:27:13Z,SA-0000172,sensor_cross_sensor,atk-0003,Sensor,ControlZone,SensorData,South,DENY,IDS_BLOCKED,True
2025-08-11T05:18:57Z,SA-0000173,sensor_cross_sensor,atk-0075,Sensor,ReadAll,SensorData,West,DENY,ROLE_INSUFFICIENT,True
2025-08-11T05:35:09Z,SA-0000174,sensor_cross_sensor,atk-0261,Sensor,ReadAudit,AuditLog,West,DENY,ROLE_INSUFFICIENT,True
2025-08-11T05:54:56Z,SA-0000175,sensor_cross_sensor,atk-0017,Sensor,ManageRoles,SensorData,East,DENY,ROLE_INSUFFICIENT,True
2025-08-11T07:44:50Z,SA-0000176,sensor_cross_sensor,atk-0165,Sensor,WriteSensor,IrrigationControl,South,DENY,POLICY_VIOLATION,True
2025-08-11T09:13:40Z,SA-0000177,sensor_cross_sensor,atk-0125,Sensor,ControlZone,SensorData,South,DENY,ZONE_MISMATCH,True
2025-08-11T10:02:29Z,SA-0000178,sensor_cross_sensor,atk-0374,Sensor,WriteSensor,RoleAssignment,West,DENY,ROLE_INSUFFICIENT,True
2025-08-11T12:38:33Z,SA-0000179,sensor_cross_sensor,atk-0200,Sensor,ReadAudit,IrrigationControl,West,DENY,ZONE_MISMATCH,True
2025-08-11T15:07:04Z,SA-0000180,sensor_cross_sensor,atk-0299,Sensor,ControlZone,IrrigationControl,East,DENY,POLICY_VIOLATION,True
2025-08-11T15:43:59Z,SA-0000181,sensor_cross_sensor,atk-0375,Sensor,WriteSensor,SensorData,North,DENY,ZONE_MISMATCH,True
2025-08-11T16:23:40Z,SA-0000182,sensor_cross_sensor,atk-0076,Sensor,ControlZone,AuditLog,North,DENY,OP_NOT_PERMITTED,True
2025-08-11T17:01:00Z,SA-0000183,sensor_cross_sensor,atk-0277,Sensor,ReadAll,RoleAssignment,East,DENY,IDS_BLOCKED,True
2025-08-11T17:36:56Z,SA-0000184,sensor_cross_sensor,atk-0095,Sensor,ReadAll,RoleAssignment,North,DENY,OP_NOT_PERMITTED,True
2025-08-11T19:31:35Z,SA-0000185,sensor_cross_sensor,atk-0113,Sensor,ControlZone,IrrigationControl,East,DENY,POLICY_VIOLATION,True
2025-08-11T20:10:15Z,SA-0000186,sensor_cross_sensor,atk-0185,Sensor,ReadAll,IrrigationControl,North,DENY,ROLE_INSUFFICIENT,True
2025-08-11T21:55:20Z,SA-0000187,sensor_cross_sensor,atk-0458,Sensor,ManageRoles,RoleAssignment,South,DENY,OP_NOT_PERMITTED,True
2025-08-11T23:43:46Z,SA-0000188,sensor_cross_sensor,atk-0374,Sensor,ReadAudit,IrrigationControl,North,DENY,POLICY_VIOLATION,True
2025-08-12T00:01:43Z,SA-0000189,sensor_cross_sensor,atk-0486,Sensor,WriteSensor,SensorData,West,DENY,POLICY_VIOLATION,True
2025-08-12T02:39:19Z,SA-0000190,sensor_cross_sensor,atk-0148,Sensor,WriteSensor,SensorData,West,DENY,CERT_REVOKED,True
2025-08-12T05:17:38Z,SA-0000191,sensor_cross_sensor,atk-0488,Sensor,ControlZone,AuditLog,South,DENY,POLICY_VIOLATION,True
2025-08-12T09:23:25Z,SA-0000192,sensor_cross_sensor,atk-0226,Sensor,ControlZone,AuditLog,South,DENY,IDS_BLOCKED,True
2025-08-12T10:48:54Z,SA-0000193,sensor_cross_sensor,atk-0407,Sensor,WriteSensor,SensorData,West,DENY,OP_NOT_PERMITTED,True
2025-08-12T12:24:30Z,SA-0000194,sensor_cross_sensor,atk-0212,Sensor,ReadAudit,AuditLog,North,DENY,POLICY_VIOLATION,True
2025-08-12T14:39:31Z,SA-0000195,sensor_cross_sensor,atk-0367,Sensor,ReadAll,AuditLog,South,DENY,ROLE_INSUFFICIENT,True
2025-08-12T16:00:43Z,SA-0000196,sensor_cross_sensor,atk-0265,Sensor,WriteSensor,AuditLog,North,DENY,OP_NOT_PERMITTED,True
2025-08-12T17:50:02Z,SA-0000197,sensor_cross_sensor,atk-0097,Sensor,ControlZone,RoleAssignment,North,DENY,CERT_REVOKED,True
2025-08-12T17:53:17Z,SA-0000198,sensor_cross_sensor,atk-0397,Sensor,ReadAll,IrrigationControl,West,DENY,OP_NOT_PERMITTED,True
2025-08-12T19:48:43Z,SA-0000199,sensor_cross_sensor,atk-0075,Sensor,WriteSensor,AuditLog,East,DENY,CERT_REVOKED,True
2025-08-12T21:48:21Z,SA-0000200,sensor_cross_sensor,atk-0390,Sensor,ReadAudit,SensorData,South,DENY,ZONE_MISMATCH,True
2025-08-12T23:36:49Z,SA-0000201,sensor_cross_sensor,atk-0086,Sensor,ReadAudit,IrrigationControl,West,DENY,OP_NOT_PERMITTED,True
2025-08-12T23:50:50Z,SA-0000202,sensor_cross_sensor,atk-0346,Sensor,ReadAudit,IrrigationControl,East,DENY,CERT_REVOKED,True
2025-08-13T01:19:20Z,SA-0000203,sensor_cross_sensor,atk-0179,Sensor,ManageRoles,AuditLog,West,DENY,IDS_BLOCKED,True
2025-08-13T02:59:41Z,SA-0000204,sensor_cross_sensor,atk-0486,Sensor,WriteSensor,AuditLog,West,DENY,ZONE_MISMATCH,True
2025-08-13T04:02:02Z,SA-0000205,sensor_cross_sensor,atk-0028,Sensor,ControlZone,IrrigationControl,North,DENY,IDS_BLOCKED,True
2025-08-13T07:01:58Z,SA-0000206,sensor_cross_sensor,atk-0169,Sensor,ReadAudit,IrrigationControl,South,DENY,ZONE_MISMATCH,True
2025-08-13T07:15:24Z,SA-0000207,sensor_cross_sensor,atk-0143,Sensor,WriteSensor,RoleAssignment,South,DENY,IDS_BLOCKED,True
2025-08-13T07:57:20Z,SA-0000208,sensor_cross_sensor,atk-0028,Sensor,ReadAll,SensorData,North,DENY,ZONE_MISMATCH,True
2025-08-13T09:32:00Z,SA-0000209,sensor_cross_sensor,atk-0005,Sensor,ManageRoles,IrrigationControl,North,DENY,CERT_REVOKED,True
2025-08-13T10:21:33Z,SA-0000210,sensor_cross_sensor,atk-0386,Sensor,ControlZone,SensorData,North,DENY,ZONE_MISMATCH,True
2025-08-13T14:14:43Z,SA-0000211,sensor_cross_sensor,atk-0071,Sensor,ControlZone,IrrigationControl,West,DENY,OP_NOT_PERMITTED,True
2025-08-13T15:21:15Z,SA-0000212,sensor_cross_sensor,atk-0477,Sensor,ManageRoles,SensorData,East,DENY,CERT_REVOKED,True
2025-08-13T15:31:25Z,SA-0000213,sensor_cross_sensor,atk-0345,Sensor,ReadAll,AuditLog,North,DENY,CERT_REVOKED,True
2025-08-13T16:35:58Z,SA-0000214,sensor_cross_sensor,atk-0046,Sensor,WriteSensor,RoleAssignment,South,DENY,ZONE_MISMATCH,True
2025-08-13T16:38:42Z,SA-0000215,sensor_cross_sensor,atk-0168,Sensor,ReadAll,RoleAssignment,East,DENY,CERT_REVOKED,True
2025-08-13T16:57:40Z,SA-0000216,sensor_cross_sensor,atk-0440,Sensor,ReadAll,RoleAssignment,South,DENY,ROLE_INSUFFICIENT,True
2025-08-13T18:48:02Z,SA-0000217,sensor_cross_sensor,atk-0407,Sensor,ManageRoles,IrrigationControl,North,DENY,IDS_BLOCKED,True
2025-08-13T20:59:23Z,SA-0000218,sensor_cross_sensor,atk-0029,Sensor,ManageRoles,SensorData,East,DENY,POLICY_VIOLATION,True
2025-08-13T21:18:14Z,SA-0000219,sensor_cross_sensor,atk-0117,Sensor,ControlZone,AuditLog,West,DENY,ROLE_INSUFFICIENT,True
2025-08-14T00:24:45Z,SA-0000220,sensor_cross_sensor,atk-0028,Sensor,ManageRoles,AuditLog,North,DENY,POLICY_VIOLATION,True
2025-08-14T00:26:11Z,SA-0000221,sensor_cross_sensor,atk-0448,Sensor,ReadAll,IrrigationControl,West,DENY,POLICY_VIOLATION,True
2025-08-14T01:01:57Z,SA-0000222,sensor_cross_sensor,atk-0158,Sensor,ManageRoles,RoleAssignment,East,DENY,OP_NOT_PERMITTED,True
2025-08-14T01:48:04Z,SA-0000223,sensor_cross_sensor,atk-0412,Sensor,WriteSensor,RoleAssignment,West,DENY,ZONE_MISMATCH,True
2025-08-14T02:34:28Z,SA-0000224,sensor_cross_sensor,atk-0271,Sensor,WriteSensor,IrrigationControl,East,DENY,IDS_BLOCKED,True
2025-08-14T03:29:21Z,SA-0000225,sensor_cross_sensor,atk-0201,Sensor,ReadAudit,AuditLog,North,DENY,ROLE_INSUFFICIENT,True
2025-08-14T03:33:04Z,SA-0000226,sensor_cross_sensor,atk-0241,Sensor,ReadAll,AuditLog,South,DENY,CERT_REVOKED,True
2025-08-14T04:44:02Z,SA-0000227,sensor_cross_sensor,atk-0199,Sensor,ReadAll,AuditLog,South,DENY,ROLE_INSUFFICIENT,True
2025-08-14T05:36:10Z,SA-0000228,sensor_cross_sensor,atk-0096,Sensor,ReadAudit,IrrigationControl,West,DENY,IDS_BLOCKED,True
2025-08-14T06:57:52Z,SA-0000229,sensor_cross_sensor,atk-0145,Sensor,ReadAll,AuditLog,South,DENY,OP_NOT_PERMITTED,True
2025-08-14T08:06:01Z,SA-0000230,sensor_cross_sensor,atk-0395,Sensor,WriteSensor,AuditLog,South,DENY,POLICY_VIOLATION,True
2025-08-14T08:56:46Z,SA-0000231,sensor_cross_sensor,atk-0075,Sensor,ReadAudit,IrrigationControl,South,DENY,ROLE_INSUFFICIENT,True
2025-08-14T09:27:16Z,SA-0000232,sensor_cross_sensor,atk-0252,Sensor,ControlZone,IrrigationControl,North,DENY,ROLE_INSUFFICIENT,True
2025-08-14T12:40:33Z,SA-0000233,sensor_cross_sensor,atk-0148,Sensor,ManageRoles,SensorData,East,DENY,ROLE_INSUFFICIENT,True
2025-08-14T12:50:03Z,SA-0000234,sensor_cross_sensor,atk-0360,Sensor,ReadAudit,AuditLog,East,DENY,ROLE_INSUFFICIENT,True
2025-08-14T13:01:59Z,SA-0000235,sensor_cross_sensor,atk-0212,Sensor,ReadAll,IrrigationControl,West,DENY,OP_NOT_PERMITTED,True
2025-08-14T18:12:09Z,SA-0000236,sensor_cross_sensor,atk-0315,Sensor,ReadAll,IrrigationControl,South,DENY,OP_NOT_PERMITTED,True
2025-08-14T19:05:11Z,SA-0000237,sensor_cross_sensor,atk-0425,Sensor,ReadAudit,RoleAssignment,North,DENY,ZONE_MISMATCH,True
2025-08-14T20:56:22Z,SA-0000238,sensor_cross_sensor,atk-0420,Sensor,ManageRoles,AuditLog,East,DENY,OP_NOT_PERMITTED,True
2025-08-14T23:43:55Z,SA-0000239,sensor_cross_sensor,atk-0036,Sensor,ControlZone,SensorData,North,DENY,POLICY_VIOLATION,True
2025-08-15T04:45:38Z,SA-0000240,sensor_cross_sensor,atk-0396,Sensor,ReadAll,RoleAssignment,North,DENY,IDS_BLOCKED,True
2025-08-15T05:09:16Z,SA-0000241,sensor_cross_sensor,atk-0047,Sensor,ControlZone,IrrigationControl,South,DENY,CERT_REVOKED,True
2025-08-15T05:22:04Z,SA-0000242,sensor_cross_sensor,atk-0027,Sensor,ReadAll,AuditLog,East,DENY,CERT_REVOKED,True
2025-08-15T05:48:31Z,SA-0000243,sensor_cross_sensor,atk-0380,Sensor,ReadAudit,RoleAssignment,South,DENY,IDS_BLOCKED,True
2025-08-15T06:45:00Z,SA-0000244,sensor_cross_sensor,atk-0077,Sensor,ManageRoles,AuditLog,East,DENY,CERT_REVOKED,True
2025-08-15T08:10:31Z,SA-0000245,sensor_cross_sensor,atk-0102,Sensor,WriteSensor,SensorData,South,DENY,POLICY_VIOLATION,True
2025-08-15T08:28:51Z,SA-0000246,sensor_cross_sensor,atk-0047,Sensor,ManageRoles,SensorData,East,DENY,CERT_REVOKED,True
2025-08-15T10:06:36Z,SA-0000247,sensor_cross_sensor,atk-0271,Sensor,ControlZone,AuditLog,West,DENY,ROLE_INSUFFICIENT,True
2025-08-15T10:42:31Z,SA-0000248,sensor_cross_sensor,atk-0002,Sensor,ReadAll,SensorData,East,DENY,ROLE_INSUFFICIENT,True
2025-08-15T13:47:21Z,SA-0000249,sensor_cross_sensor,atk-0114,Sensor,ReadAudit,IrrigationControl,East,DENY,ZONE_MISMATCH,True
2025-08-15T15:25:20Z,SA-0000250,sensor_cross_sensor,atk-0405,Sensor,ReadAll,AuditLog,West,DENY,ROLE_INSUFFICIENT,True
2025-08-15T17:34:20Z,SA-0000251,sensor_cross_sensor,atk-0371,Sensor,ManageRoles,SensorData,South,DENY,CERT_REVOKED,True
2025-08-15T18:12:01Z,SA-0000252,sensor_cross_sensor,atk-0291,Sensor,WriteSensor,SensorData,North,DENY,ZONE_MISMATCH,True
2025-08-15T18:13:38Z,SA-0000253,sensor_cross_sensor,atk-0108,Sensor,ReadAll,RoleAssignment,South,DENY,ZONE_MISMATCH,True
2025-08-15T19:12:11Z,SA-0000254,sensor_cross_sensor,atk-0102,Sensor,ControlZone,SensorData,North,DENY,IDS_BLOCKED,True
2025-08-15T20:35:35Z,SA-0000255,sensor_cross_sensor,atk-0302,Sensor,ReadAudit,IrrigationControl,South,DENY,ROLE_INSUFFICIENT,True
2025-08-15T22:30:25Z,SA-0000256,sensor_cross_sensor,atk-0496,Sensor,ManageRoles,RoleAssignment,North,DENY,POLICY_VIOLATION,True
2025-08-15T23:14:37Z,SA-0000257,sensor_cross_sensor,atk-0430,Sensor,ReadAudit,AuditLog,West,DENY,ZONE_MISMATCH,True
2025-08-16T03:08:47Z,SA-0000258,sensor_cross_sensor,atk-0431,Sensor,WriteSensor,AuditLog,West,DENY,OP_NOT_PERMITTED,True
2025-08-16T04:32:43Z,SA-0000259,sensor_cross_sensor,atk-0105,Sensor,ReadAll,AuditLog,West,DENY,CERT_REVOKED,True
2025-08-16T06:08:00Z,SA-0000260,sensor_cross_sensor,atk-0209,Sensor,ReadAudit,AuditLog,North,DENY,POLICY_VIOLATION,True
2025-08-16T06:13:18Z,SA-0000261,sensor_cross_sensor,atk-0090,Sensor,ControlZone,SensorData,North,DENY,OP_NOT_PERMITTED,True
2025-08-16T07:35:18Z,SA-0000262,sensor_cross_sensor,atk-0289,Sensor,ControlZone,RoleAssignment,West,DENY,CERT_REVOKED,True
2025-08-16T09:24:19Z,SA-0000263,sensor_cross_sensor,atk-0195,Sensor,ManageRoles,SensorData,North,DENY,IDS_BLOCKED,True
2025-08-16T10:30:54Z,SA-0000264,sensor_cross_sensor,atk-0242,Sensor,ControlZone,RoleAssignment,East,DENY,OP_NOT_PERMITTED,True
2025-08-16T13:27:06Z,SA-0000265,sensor_cross_sensor,atk-0393,Sensor,ReadAll,SensorData,West,DENY,IDS_BLOCKED,True
2025-08-16T13:47:34Z,SA-0000266,sensor_cross_sensor,atk-0482,Sensor,ReadAudit,AuditLog,South,DENY,CERT_REVOKED,True
2025-08-16T14:11:24Z,SA-0000267,sensor_cross_sensor,atk-0063,Sensor,ManageRoles,IrrigationControl,West,DENY,ROLE_INSUFFICIENT,True
2025-08-16T14:49:36Z,SA-0000268,sensor_cross_sensor,atk-0125,Sensor,ReadAudit,RoleAssignment,South,DENY,OP_NOT_PERMITTED,True
2025-08-16T14:57:50Z,SA-0000269,sensor_cross_sensor,atk-0494,Sensor,ReadAudit,SensorData,East,DENY,POLICY_VIOLATION,True
2025-08-16T19:39:42Z,SA-0000270,sensor_cross_sensor,atk-0329,Sensor,ReadAll,SensorData,South,DENY,POLICY_VIOLATION,True
2025-08-16T20:13:28Z,SA-0000271,sensor_cross_sensor,atk-0343,Sensor,ReadAudit,RoleAssignment,South,DENY,POLICY_VIOLATION,True
2025-08-16T21:47:59Z,SA-0000272,sensor_cross_sensor,atk-0467,Sensor,WriteSensor,AuditLog,South,DENY,OP_NOT_PERMITTED,True
2025-08-16T22:26:26Z,SA-0000273,sensor_cross_sensor,atk-0475,Sensor,ReadAudit,RoleAssignment,West,DENY,OP_NOT_PERMITTED,True
2025-08-16T22:44:42Z,SA-0000274,sensor_cross_sensor,atk-0281,Sensor,ReadAll,RoleAssignment,North,DENY,IDS_BLOCKED,True
2025-08-17T01:58:34Z,SA-0000275,sensor_cross_sensor,atk-0454,Sensor,WriteSensor,RoleAssignment,North,DENY,ROLE_INSUFFICIENT,True
2025-08-17T02:20:20Z,SA-0000276,sensor_cross_sensor,atk-0299,Sensor,ControlZone,RoleAssignment,North,DENY,IDS_BLOCKED,True
2025-08-17T03:29:32Z,SA-0000277,sensor_cross_sensor,atk-0151,Sensor,ReadAll,RoleAssignment,West,DENY,POLICY_VIOLATION,True
2025-08-17T05:43:54Z,SA-0000278,sensor_cross_sensor,atk-0200,Sensor,ReadAll,SensorData,East,DENY,ZONE_MISMATCH,True
2025-08-17T08:00:03Z,SA-0000279,sensor_cross_sensor,atk-0043,Sensor,ManageRoles,SensorData,West,DENY,CERT_REVOKED,True
2025-08-17T08:52:25Z,SA-0000280,sensor_cross_sensor,atk-0426,Sensor,ReadAudit,AuditLog,North,DENY,POLICY_VIOLATION,True
2025-08-17T10:50:04Z,SA-0000281,sensor_cross_sensor,atk-0303,Sensor,ReadAll,IrrigationControl,South,DENY,OP_NOT_PERMITTED,True
2025-08-17T11:01:54Z,SA-0000282,sensor_cross_sensor,atk-0223,Sensor,ReadAudit,RoleAssignment,South,DENY,CERT_REVOKED,True
2025-08-17T11:28:49Z,SA-0000283,sensor_cross_sensor,atk-0158,Sensor,WriteSensor,IrrigationControl,East,DENY,IDS_BLOCKED,True
2025-08-17T11:46:47Z,SA-0000284,sensor_cross_sensor,atk-0477,Sensor,ReadAll,SensorData,North,DENY,POLICY_VIOLATION,True
2025-08-17T12:08:31Z,SA-0000285,sensor_cross_sensor,atk-0021,Sensor,WriteSensor,RoleAssignment,West,DENY,OP_NOT_PERMITTED,True
2025-08-17T12:32:52Z,SA-0000286,sensor_cross_sensor,atk-0008,Sensor,ManageRoles,AuditLog,North,DENY,OP_NOT_PERMITTED,True
2025-08-17T12:58:27Z,SA-0000287,sensor_cross_sensor,atk-0148,Sensor,ManageRoles,AuditLog,North,DENY,ROLE_INSUFFICIENT,True
2025-08-17T17:43:19Z,SA-0000288,sensor_cross_sensor,atk-0084,Sensor,ControlZone,IrrigationControl,South,DENY,CERT_REVOKED,True
2025-08-17T18:09:30Z,SA-0000289,sensor_cross_sensor,atk-0419,Sensor,WriteSensor,SensorData,South,DENY,OP_NOT_PERMITTED,True
2025-08-17T20:24:57Z,SA-0000290,sensor_cross_sensor,atk-0497,Sensor,ControlZone,AuditLog,South,DENY,IDS_BLOCKED,True
2025-08-17T20:52:24Z,SA-0000291,sensor_cross_sensor,atk-0257,Sensor,ControlZone,IrrigationControl,North,DENY,IDS_BLOCKED,True
2025-08-17T21:31:29Z,SA-0000292,sensor_cross_sensor,atk-0406,Sensor,WriteSensor,AuditLog,North,DENY,OP_NOT_PERMITTED,True
2025-08-17T22:45:13Z,SA-0000293,sensor_cross_sensor,atk-0064,Sensor,ControlZone,IrrigationControl,South,DENY,IDS_BLOCKED,True
2025-08-17T22:45:46Z,SA-0000294,sensor_cross_sensor,atk-0006,Sensor,WriteSensor,SensorData,South,DENY,ROLE_INSUFFICIENT,True
2025-08-17T23:04:25Z,SA-0000295,sensor_cross_sensor,atk-0013,Sensor,ControlZone,IrrigationControl,East,DENY,ROLE_INSUFFICIENT,True
2025-08-18T01:40:13Z,SA-0000296,sensor_cross_sensor,atk-0437,Sensor,ManageRoles,IrrigationControl,West,DENY,POLICY_VIOLATION,True
2025-08-18T02:20:37Z,SA-0000297,sensor_cross_sensor,atk-0287,Sensor,ControlZone,IrrigationControl,West,DENY,ROLE_INSUFFICIENT,True
2025-08-18T02:54:56Z,SA-0000298,sensor_cross_sensor,atk-0018,Sensor,ReadAll,IrrigationControl,South,DENY,POLICY_VIOLATION,True
2025-08-18T03:20:09Z,SA-0000299,sensor_cross_sensor,atk-0423,Sensor,ControlZone,IrrigationControl,East,DENY,ROLE_INSUFFICIENT,True
2025-08-18T03:20:22Z,SA-0000300,sensor_cross_sensor,atk-0158,Sensor,WriteSensor,SensorData,East,DENY,OP_NOT_PERMITTED,True
2025-08-18T05:33:42Z,SA-0000301,sensor_cross_sensor,atk-0450,Sensor,ManageRoles,IrrigationControl,South,DENY,ROLE_INSUFFICIENT,True
2025-08-18T09:27:41Z,SA-0000302,sensor_cross_sensor,atk-0472,Sensor,ManageRoles,IrrigationControl,East,DENY,ROLE_INSUFFICIENT,True
2025-08-18T09:38:15Z,SA-0000303,sensor_cross_sensor,atk-0127,Sensor,WriteSensor,AuditLog,North,DENY,ROLE_INSUFFICIENT,True
2025-08-18T11:26:51Z,SA-0000304,sensor_cross_sensor,atk-0081,Sensor,ControlZone,AuditLog,West,DENY,CERT_REVOKED,True
2025-08-18T14:38:37Z,SA-0000305,sensor_cross_sensor,atk-0240,Sensor,ReadAll,SensorData,North,DENY,ZONE_MISMATCH,True
2025-08-18T16:23:17Z,SA-0000306,sensor_cross_sensor,atk-0206,Sensor,ReadAll,AuditLog,West,DENY,ZONE_MISMATCH,True
2025-08-18T17:49:03Z,SA-0000307,sensor_cross_sensor,atk-0467,Sensor,ControlZone,IrrigationControl,East,DENY,ZONE_MISMATCH,True
2025-08-18T18:22:35Z,SA-0000308,sensor_cross_sensor,atk-0115,Sensor,ManageRoles,IrrigationControl,East,DENY,ZONE_MISMATCH,True
2025-08-18T19:24:33Z,SA-0000309,sensor_cross_sensor,atk-0458,Sensor,ControlZone,IrrigationControl,North,DENY,ROLE_INSUFFICIENT,True
2025-08-18T21:17:11Z,SA-0000310,sensor_cross_sensor,atk-0171,Sensor,ManageRoles,IrrigationControl,East,DENY,POLICY_VIOLATION,True
2025-08-18T22:04:00Z,SA-0000311,sensor_cross_sensor,atk-0080,Sensor,ControlZone,SensorData,East,DENY,CERT_REVOKED,True
2025-08-18T22:05:40Z,SA-0000312,sensor_cross_sensor,atk-0232,Sensor,ReadAudit,SensorData,East,DENY,IDS_BLOCKED,True
2025-08-18T22:31:46Z,SA-0000313,sensor_cross_sensor,atk-0223,Sensor,WriteSensor,RoleAssignment,North,DENY,ZONE_MISMATCH,True
2025-08-18T22:43:34Z,SA-0000314,sensor_cross_sensor,atk-0349,Sensor,ControlZone,AuditLog,West,DENY,IDS_BLOCKED,True
2025-08-18T22:46:32Z,SA-0000315,sensor_cross_sensor,atk-0178,Sensor,ReadAudit,AuditLog,North,DENY,CERT_REVOKED,True
2025-08-19T00:38:35Z,SA-0000316,sensor_cross_sensor,atk-0253,Sensor,ReadAudit,RoleAssignment,South,DENY,IDS_BLOCKED,True
2025-08-19T01:21:39Z,SA-0000317,sensor_cross_sensor,atk-0436,Sensor,ReadAudit,SensorData,North,DENY,CERT_REVOKED,True
2025-08-19T01:51:04Z,SA-0000318,sensor_cross_sensor,atk-0041,Sensor,ReadAudit,SensorData,South,DENY,ROLE_INSUFFICIENT,True
2025-08-19T02:50:29Z,SA-0000319,sensor_cross_sensor,atk-0054,Sensor,WriteSensor,RoleAssignment,South,DENY,ZONE_MISMATCH,True
2025-08-19T02:52:43Z,SA-0000320,sensor_cross_sensor,atk-0152,Sensor,ControlZone,IrrigationControl,North,DENY,IDS_BLOCKED,True
2025-08-19T03:35:51Z,SA-0000321,sensor_cross_sensor,atk-0275,Sensor,ManageRoles,IrrigationControl,East,DENY,POLICY_VIOLATION,True
2025-08-19T04:41:29Z,SA-0000322,sensor_cross_sensor,atk-0435,Sensor,WriteSensor,SensorData,North,DENY,CERT_REVOKED,True
2025-08-19T04:41:52Z,SA-0000323,sensor_cross_sensor,atk-0423,Sensor,WriteSensor,IrrigationControl,East,DENY,POLICY_VIOLATION,True
2025-08-19T05:14:42Z,SA-0000324,sensor_cross_sensor,atk-0492,Sensor,ReadAudit,SensorData,West,DENY,CERT_REVOKED,True
2025-08-19T05:58:49Z,SA-0000325,sensor_cross_sensor,atk-0070,Sensor,ControlZone,IrrigationControl,East,DENY,ROLE_INSUFFICIENT,True
2025-08-19T08:43:23Z,SA-0000326,sensor_cross_sensor,atk-0307,Sensor,ManageRoles,AuditLog,East,DENY,POLICY_VIOLATION,True
2025-08-19T09:27:17Z,SA-0000327,sensor_cross_sensor,atk-0352,Sensor,ReadAudit,SensorData,North,DENY,POLICY_VIOLATION,True
2025-08-19T10:17:59Z,SA-0000328,sensor_cross_sensor,atk-0466,Sensor,WriteSensor,IrrigationControl,East,DENY,IDS_BLOCKED,True
2025-08-19T12:44:06Z,SA-0000329,sensor_cross_sensor,atk-0014,Sensor,ReadAudit,RoleAssignment,East,DENY,CERT_REVOKED,True
2025-08-19T14:52:01Z,SA-0000330,sensor_cross_sensor,atk-0099,Sensor,ControlZone,AuditLog,East,DENY,POLICY_VIOLATION,True
2025-08-19T14:58:55Z,SA-0000331,sensor_cross_sensor,atk-0070,Sensor,ControlZone,AuditLog,West,DENY,POLICY_VIOLATION,True
2025-08-19T15:42:05Z,SA-0000332,sensor_cross_sensor,atk-0021,Sensor,ReadAll,IrrigationControl,West,DENY,OP_NOT_PERMITTED,True
2025-08-19T15:55:55Z,SA-0000333,sensor_cross_sensor,atk-0176,Sensor,ReadAudit,IrrigationControl,West,DENY,IDS_BLOCKED,True
2025-08-19T17:51:48Z,SA-0000334,sensor_cross_sensor,atk-0028,Sensor,WriteSensor,IrrigationControl,South,DENY,IDS_BLOCKED,True
2025-08-19T20:14:32Z,SA-0000335,sensor_cross_sensor,atk-0022,Sensor,ControlZone,RoleAssignment,South,DENY,ROLE_INSUFFICIENT,True
2025-08-19T20:34:56Z,SA-0000336,sensor_cross_sensor,atk-0329,Sensor,WriteSensor,RoleAssignment,North,DENY,ZONE_MISMATCH,True
2025-08-19T21:42:36Z,SA-0000337,sensor_cross_sensor,atk-0023,Sensor,ManageRoles,RoleAssignment,East,DENY,POLICY_VIOLATION,True
2025-08-20T00:32:55Z,SA-0000338,sensor_cross_sensor,atk-0056,Sensor,WriteSensor,RoleAssignment,West,DENY,ROLE_INSUFFICIENT,True
2025-08-20T01:35:00Z,SA-0000339,sensor_cross_sensor,atk-0308,Sensor,ManageRoles,IrrigationControl,North,DENY,ZONE_MISMATCH,True
2025-08-20T02:41:13Z,SA-0000340,sensor_cross_sensor,atk-0499,Sensor,ManageRoles,RoleAssignment,South,DENY,CERT_REVOKED,True
2025-08-20T04:14:09Z,SA-0000341,sensor_cross_sensor,atk-0152,Sensor,ManageRoles,SensorData,East,DENY,OP_NOT_PERMITTED,True
2025-08-20T05:05:46Z,SA-0000342,sensor_cross_sensor,atk-0119,Sensor,ManageRoles,IrrigationControl,North,DENY,POLICY_VIOLATION,True
2025-08-20T07:13:29Z,SA-0000343,sensor_cross_sensor,atk-0066,Sensor,ReadAudit,SensorData,West,DENY,ZONE_MISMATCH,True
2025-08-20T10:36:11Z,SA-0000344,sensor_cross_sensor,atk-0317,Sensor,ReadAudit,IrrigationControl,South,DENY,POLICY_VIOLATION,True
2025-08-20T11:28:49Z,SA-0000345,sensor_cross_sensor,atk-0375,Sensor,WriteSensor,RoleAssignment,East,DENY,CERT_REVOKED,True
2025-08-20T11:42:39Z,SA-0000346,sensor_cross_sensor,atk-0164,Sensor,WriteSensor,RoleAssignment,West,DENY,ROLE_INSUFFICIENT,True
2025-08-20T12:48:25Z,SA-0000347,sensor_cross_sensor,atk-0168,Sensor,ReadAll,IrrigationControl,West,DENY,CERT_REVOKED,True
2025-08-20T13:02:13Z,SA-0000348,sensor_cross_sensor,atk-0148,Sensor,ControlZone,RoleAssignment,West,DENY,IDS_BLOCKED,True
2025-08-20T14:30:05Z,SA-0000349,sensor_cross_sensor,atk-0359,Sensor,ReadAudit,RoleAssignment,West,DENY,CERT_REVOKED,True
2025-08-20T15:19:10Z,SA-0000350,sensor_cross_sensor,atk-0063,Sensor,ReadAudit,IrrigationControl,North,DENY,ROLE_INSUFFICIENT,True
2025-08-20T16:51:14Z,SA-0000351,sensor_cross_sensor,atk-0296,Sensor,ManageRoles,IrrigationControl,East,DENY,ZONE_MISMATCH,True
2025-08-20T19:31:18Z,SA-0000352,sensor_cross_sensor,atk-0231,Sensor,ReadAudit,RoleAssignment,East,DENY,ZONE_MISMATCH,True
2025-08-20T20:02:20Z,SA-0000353,sensor_cross_sensor,atk-0345,Sensor,ReadAll,RoleAssignment,East,DENY,POLICY_VIOLATION,True
2025-08-20T22:05:02Z,SA-0000354,sensor_cross_sensor,atk-0365,Sensor,ManageRoles,AuditLog,West,DENY,OP_NOT_PERMITTED,True
2025-08-21T00:22:34Z,SA-0000355,sensor_cross_sensor,atk-0074,Sensor,ManageRoles,IrrigationControl,East,DENY,CERT_REVOKED,True
2025-08-21T00:24:21Z,SA-0000356,sensor_cross_sensor,atk-0412,Sensor,ManageRoles,AuditLog,North,DENY,POLICY_VIOLATION,True
2025-08-21T00:44:18Z,SA-0000357,sensor_cross_sensor,atk-0173,Sensor,ControlZone,IrrigationControl,East,DENY,ROLE_INSUFFICIENT,True
2025-08-21T02:24:16Z,SA-0000358,sensor_cross_sensor,atk-0317,Sensor,ControlZone,IrrigationControl,North,DENY,OP_NOT_PERMITTED,True
2025-08-21T04:50:15Z,SA-0000359,sensor_cross_sensor,atk-0429,Sensor,ReadAudit,IrrigationControl,North,DENY,POLICY_VIOLATION,True
2025-08-21T05:42:50Z,SA-0000360,sensor_cross_sensor,atk-0089,Sensor,ManageRoles,RoleAssignment,North,DENY,POLICY_VIOLATION,True
2025-08-21T06:59:35Z,SA-0000361,sensor_cross_sensor,atk-0427,Sensor,ManageRoles,SensorData,East,DENY,OP_NOT_PERMITTED,True
2025-08-21T09:02:23Z,SA-0000362,sensor_cross_sensor,atk-0193,Sensor,ReadAll,RoleAssignment,East,DENY,ZONE_MISMATCH,True
2025-08-21T09:26:58Z,SA-0000363,sensor_cross_sensor,atk-0479,Sensor,ControlZone,SensorData,South,DENY,CERT_REVOKED,True
2025-08-21T10:30:42Z,SA-0000364,sensor_cross_sensor,atk-0473,Sensor,ManageRoles,RoleAssignment,North,DENY,OP_NOT_PERMITTED,True
2025-08-21T11:30:55Z,SA-0000365,sensor_cross_sensor,atk-0074,Sensor,ManageRoles,RoleAssignment,South,DENY,ROLE_INSUFFICIENT,True
2025-08-21T11:59:09Z,SA-0000366,sensor_cross_sensor,atk-0036,Sensor,ManageRoles,SensorData,West,DENY,POLICY_VIOLATION,True
2025-08-21T12:30:49Z,SA-0000367,sensor_cross_sensor,atk-0386,Sensor,ReadAll,SensorData,West,DENY,ZONE_MISMATCH,True
2025-08-21T12:46:01Z,SA-0000368,sensor_cross_sensor,atk-0489,Sensor,ReadAll,RoleAssignment,West,DENY,POLICY_VIOLATION,True
2025-08-21T13:51:00Z,SA-0000369,sensor_cross_sensor,atk-0283,Sensor,ReadAudit,RoleAssignment,North,DENY,CERT_REVOKED,True
2025-08-21T16:19:00Z,SA-0000370,sensor_cross_sensor,atk-0480,Sensor,ControlZone,IrrigationControl,South,DENY,CERT_REVOKED,True
2025-08-21T17:26:48Z,SA-0000371,sensor_cross_sensor,atk-0326,Sensor,ManageRoles,AuditLog,North,DENY,OP_NOT_PERMITTED,True
2025-08-21T18:19:42Z,SA-0000372,sensor_cross_sensor,atk-0280,Sensor,ReadAudit,RoleAssignment,North,DENY,OP_NOT_PERMITTED,True
2025-08-21T19:37:17Z,SA-0000373,sensor_cross_sensor,atk-0123,Sensor,ManageRoles,SensorData,North,DENY,POLICY_VIOLATION,True
2025-08-21T20:45:33Z,SA-0000374,sensor_cross_sensor,atk-0233,Sensor,ReadAll,SensorData,East,DENY,IDS_BLOCKED,True
2025-08-21T21:42:19Z,SA-0000375,sensor_cross_sensor,atk-0423,Sensor,ReadAudit,IrrigationControl,West,DENY,IDS_BLOCKED,True
2025-08-21T22:53:17Z,SA-0000376,sensor_cross_sensor,atk-0312,Sensor,ControlZone,AuditLog,North,DENY,OP_NOT_PERMITTED,True
2025-08-21T22:57:59Z,SA-0000377,sensor_cross_sensor,atk-0085,Sensor,WriteSensor,RoleAssignment,East,DENY,IDS_BLOCKED,True
2025-08-22T01:49:16Z,SA-0000378,sensor_cross_sensor,atk-0375,Sensor,ManageRoles,AuditLog,South,DENY,CERT_REVOKED,True
2025-08-22T03:07:22Z,SA-0000379,sensor_cross_sensor,atk-0328,Sensor,WriteSensor,SensorData,East,DENY,IDS_BLOCKED,True
2025-08-22T05:52:56Z,SA-0000380,sensor_cross_sensor,atk-0474,Sensor,WriteSensor,SensorData,South,DENY,ROLE_INSUFFICIENT,True
2025-08-22T06:43:48Z,SA-0000381,sensor_cross_sensor,atk-0278,Sensor,ManageRoles,IrrigationControl,South,DENY,OP_NOT_PERMITTED,True
2025-08-22T07:27:24Z,SA-0000382,sensor_cross_sensor,atk-0211,Sensor,ReadAudit,SensorData,East,DENY,ZONE_MISMATCH,True
2025-08-22T08:59:03Z,SA-0000383,sensor_cross_sensor,atk-0145,Sensor,WriteSensor,AuditLog,South,DENY,CERT_REVOKED,True
2025-08-22T09:59:46Z,SA-0000384,sensor_cross_sensor,atk-0301,Sensor,WriteSensor,SensorData,North,DENY,CERT_REVOKED,True
2025-08-22T14:47:02Z,SA-0000385,sensor_cross_sensor,atk-0314,Sensor,ReadAll,AuditLog,North,DENY,ZONE_MISMATCH,True
2025-08-22T15:07:43Z,SA-0000386,sensor_cross_sensor,atk-0355,Sensor,ReadAudit,IrrigationControl,East,DENY,IDS_BLOCKED,True
2025-08-22T17:02:05Z,SA-0000387,sensor_cross_sensor,atk-0436,Sensor,WriteSensor,SensorData,North,DENY,POLICY_VIOLATION,True
2025-08-22T18:04:05Z,SA-0000388,sensor_cross_sensor,atk-0168,Sensor,ReadAudit,RoleAssignment,South,DENY,ROLE_INSUFFICIENT,True
2025-08-22T20:11:05Z,SA-0000389,sensor_cross_sensor,atk-0253,Sensor,WriteSensor,RoleAssignment,East,DENY,POLICY_VIOLATION,True
2025-08-22T20:35:49Z,SA-0000390,sensor_cross_sensor,atk-0182,Sensor,ManageRoles,SensorData,South,DENY,IDS_BLOCKED,True
2025-08-22T22:12:33Z,SA-0000391,sensor_cross_sensor,atk-0237,Sensor,WriteSensor,RoleAssignment,North,DENY,OP_NOT_PERMITTED,True
2025-08-23T00:45:43Z,SA-0000392,sensor_cross_sensor,atk-0411,Sensor,ControlZone,AuditLog,North,DENY,ROLE_INSUFFICIENT,True
2025-08-23T01:04:52Z,SA-0000393,sensor_cross_sensor,atk-0416,Sensor,WriteSensor,IrrigationControl,West,DENY,ROLE_INSUFFICIENT,True
2025-08-23T03:50:00Z,SA-0000394,sensor_cross_sensor,atk-0413,Sensor,ControlZone,AuditLog,North,DENY,POLICY_VIOLATION,True
2025-08-23T03:55:20Z,SA-0000395,sensor_cross_sensor,atk-0257,Sensor,ReadAll,RoleAssignment,North,DENY,CERT_REVOKED,True
2025-08-23T04:42:47Z,SA-0000396,sensor_cross_sensor,atk-0357,Sensor,ReadAll,RoleAssignment,South,DENY,ZONE_MISMATCH,True
2025-08-23T09:11:22Z,SA-0000397,sensor_cross_sensor,atk-0278,Sensor,ReadAll,SensorData,South,DENY,ZONE_MISMATCH,True
2025-08-23T09:16:26Z,SA-0000398,sensor_cross_sensor,atk-0328,Sensor,ManageRoles,IrrigationControl,North,DENY,OP_NOT_PERMITTED,True
2025-08-23T09:20:01Z,SA-0000399,sensor_cross_sensor,atk-0399,Sensor,ManageRoles,IrrigationControl,East,DENY,OP_NOT_PERMITTED,True
2025-08-23T17:30:06Z,SA-0000400,sensor_cross_sensor,atk-0030,Sensor,WriteSensor,AuditLog,East,DENY,POLICY_VIOLATION,True
2025-08-23T21:08:47Z,SA-0000401,sensor_cross_sensor,atk-0197,Sensor,ReadAll,AuditLog,East,DENY,ZONE_MISMATCH,True
2025-08-23T21:33:35Z,SA-0000402,sensor_cross_sensor,atk-0401,Sensor,ControlZone,RoleAssignment,North,DENY,IDS_BLOCKED,True
2025-08-23T21:59:32Z,SA-0000403,sensor_cross_sensor,atk-0446,Sensor,WriteSensor,RoleAssignment,East,DENY,OP_NOT_PERMITTED,True
2025-08-23T23:21:16Z,SA-0000404,sensor_cross_sensor,atk-0464,Sensor,ReadAll,SensorData,North,DENY,OP_NOT_PERMITTED,True
2025-08-24T01:13:08Z,SA-0000405,sensor_cross_sensor,atk-0214,Sensor,ReadAudit,SensorData,North,DENY,OP_NOT_PERMITTED,True
2025-08-24T04:05:52Z,SA-0000406,sensor_cross_sensor,atk-0397,Sensor,ManageRoles,AuditLog,North,DENY,ROLE_INSUFFICIENT,True
2025-08-24T06:22:21Z,SA-0000407,sensor_cross_sensor,atk-0296,Sensor,ReadAudit,SensorData,East,DENY,ROLE_INSUFFICIENT,True
2025-08-24T06:58:02Z,SA-0000408,sensor_cross_sensor,atk-0214,Sensor,WriteSensor,IrrigationControl,West,DENY,ROLE_INSUFFICIENT,True
2025-08-24T06:59:18Z,SA-0000409,sensor_cross_sensor,atk-0356,Sensor,ManageRoles,RoleAssignment,North,DENY,ZONE_MISMATCH,True
2025-08-24T09:14:02Z,SA-0000410,sensor_cross_sensor,atk-0093,Sensor,WriteSensor,RoleAssignment,East,DENY,ZONE_MISMATCH,True
2025-08-24T13:50:46Z,SA-0000411,sensor_cross_sensor,atk-0263,Sensor,ControlZone,AuditLog,North,DENY,ZONE_MISMATCH,True
2025-08-24T14:29:15Z,SA-0000412,sensor_cross_sensor,atk-0236,Sensor,ReadAll,IrrigationControl,East,DENY,IDS_BLOCKED,True
2025-08-24T14:52:27Z,SA-0000413,sensor_cross_sensor,atk-0182,Sensor,ControlZone,SensorData,West,DENY,OP_NOT_PERMITTED,True
2025-08-24T15:12:15Z,SA-0000414,sensor_cross_sensor,atk-0197,Sensor,WriteSensor,SensorData,North,DENY,CERT_REVOKED,True
2025-08-24T17:23:49Z,SA-0000415,sensor_cross_sensor,atk-0186,Sensor,ReadAll,AuditLog,East,DENY,ROLE_INSUFFICIENT,True
2025-08-24T19:05:08Z,SA-0000416,sensor_cross_sensor,atk-0179,Sensor,ManageRoles,SensorData,South,DENY,OP_NOT_PERMITTED,True
2025-08-24T20:14:55Z,SA-0000417,sensor_cross_sensor,atk-0090,Sensor,ManageRoles,SensorData,East,DENY,ZONE_MISMATCH,True
2025-08-24T21:34:18Z,SA-0000418,sensor_cross_sensor,atk-0156,Sensor,ManageRoles,IrrigationControl,West,DENY,CERT_REVOKED,True
2025-08-24T23:23:23Z,SA-0000419,sensor_cross_sensor,atk-0167,Sensor,ReadAudit,SensorData,West,DENY,IDS_BLOCKED,True
2025-08-24T23:44:53Z,SA-0000420,sensor_cross_sensor,atk-0490,Sensor,ReadAudit,IrrigationControl,South,DENY,CERT_REVOKED,True
2025-08-25T01:19:57Z,SA-0000421,sensor_cross_sensor,atk-0412,Sensor,ReadAll,AuditLog,West,DENY,OP_NOT_PERMITTED,True
2025-08-25T01:57:17Z,SA-0000422,sensor_cross_sensor,atk-0256,Sensor,ReadAudit,RoleAssignment,West,DENY,CERT_REVOKED,True
2025-08-25T02:14:31Z,SA-0000423,sensor_cross_sensor,atk-0050,Sensor,ReadAudit,AuditLog,West,DENY,ROLE_INSUFFICIENT,True
2025-08-25T14:52:16Z,SA-0000424,sensor_cross_sensor,atk-0494,Sensor,ReadAll,RoleAssignment,East,DENY,ZONE_MISMATCH,True
2025-08-25T15:11:40Z,SA-0000425,sensor_cross_sensor,atk-0315,Sensor,ManageRoles,RoleAssignment,South,DENY,ROLE_INSUFFICIENT,True
2025-08-25T16:35:18Z,SA-0000426,sensor_cross_sensor,atk-0288,Sensor,WriteSensor,RoleAssignment,East,DENY,POLICY_VIOLATION,True
2025-08-25T17:50:04Z,SA-0000427,sensor_cross_sensor,atk-0111,Sensor,ManageRoles,RoleAssignment,West,DENY,IDS_BLOCKED,True
2025-08-25T18:34:47Z,SA-0000428,sensor_cross_sensor,atk-0486,Sensor,ManageRoles,RoleAssignment,South,DENY,OP_NOT_PERMITTED,True
2025-08-25T18:45:53Z,SA-0000429,sensor_cross_sensor,atk-0194,Sensor,ControlZone,SensorData,South,DENY,IDS_BLOCKED,True
2025-08-25T21:28:09Z,SA-0000430,sensor_cross_sensor,atk-0228,Sensor,ControlZone,IrrigationControl,West,DENY,OP_NOT_PERMITTED,True
2025-08-26T01:30:53Z,SA-0000431,sensor_cross_sensor,atk-0291,Sensor,ReadAudit,RoleAssignment,East,DENY,CERT_REVOKED,True
2025-08-26T02:03:17Z,SA-0000432,sensor_cross_sensor,atk-0378,Sensor,ManageRoles,IrrigationControl,North,DENY,ZONE_MISMATCH,True
2025-08-26T03:16:31Z,SA-0000433,sensor_cross_sensor,atk-0132,Sensor,ReadAll,AuditLog,East,DENY,ROLE_INSUFFICIENT,True
2025-08-26T03:42:02Z,SA-0000434,sensor_cross_sensor,atk-0069,Sensor,ManageRoles,RoleAssignment,North,DENY,POLICY_VIOLATION,True
2025-08-26T03:44:03Z,SA-0000435,sensor_cross_sensor,atk-0240,Sensor,WriteSensor,IrrigationControl,South,DENY,OP_NOT_PERMITTED,True
2025-08-26T03:54:24Z,SA-0000436,sensor_cross_sensor,atk-0485,Sensor,ReadAll,RoleAssignment,South,DENY,ROLE_INSUFFICIENT,True
2025-08-26T07:22:41Z,SA-0000437,sensor_cross_sensor,atk-0157,Sensor,ManageRoles,SensorData,South,DENY,ROLE_INSUFFICIENT,True
2025-08-26T08:20:27Z,SA-0000438,sensor_cross_sensor,atk-0096,Sensor,ReadAll,RoleAssignment,East,DENY,ROLE_INSUFFICIENT,True
2025-08-26T12:46:16Z,SA-0000439,sensor_cross_sensor,atk-0242,Sensor,ReadAll,RoleAssignment,North,DENY,OP_NOT_PERMITTED,True
2025-08-26T13:02:59Z,SA-0000440,sensor_cross_sensor,atk-0131,Sensor,ManageRoles,AuditLog,North,DENY,OP_NOT_PERMITTED,True
2025-08-26T13:56:16Z,SA-0000441,sensor_cross_sensor,atk-0404,Sensor,ReadAudit,RoleAssignment,North,DENY,IDS_BLOCKED,True
2025-08-26T15:19:54Z,SA-0000442,sensor_cross_sensor,atk-0161,Sensor,ReadAll,AuditLog,South,DENY,IDS_BLOCKED,True
2025-08-26T16:31:20Z,SA-0000443,sensor_cross_sensor,atk-0444,Sensor,ManageRoles,SensorData,West,DENY,CERT_REVOKED,True
2025-08-26T16:41:50Z,SA-0000444,sensor_cross_sensor,atk-0377,Sensor,ReadAudit,RoleAssignment,East,DENY,OP_NOT_PERMITTED,True
2025-08-26T20:16:07Z,SA-0000445,sensor_cross_sensor,atk-0470,Sensor,WriteSensor,RoleAssignment,West,DENY,POLICY_VIOLATION,True
2025-08-26T21:09:18Z,SA-0000446,sensor_cross_sensor,atk-0313,Sensor,ReadAudit,AuditLog,North,DENY,IDS_BLOCKED,True
2025-08-27T04:47:55Z,SA-0000447,sensor_cross_sensor,atk-0489,Sensor,ReadAll,AuditLog,South,DENY,IDS_BLOCKED,True
2025-08-27T06:24:17Z,SA-0000448,sensor_cross_sensor,atk-0188,Sensor,ReadAll,SensorData,North,DENY,ROLE_INSUFFICIENT,True
2025-08-27T06:50:50Z,SA-0000449,sensor_cross_sensor,atk-0028,Sensor,ManageRoles,AuditLog,East,DENY,OP_NOT_PERMITTED,True
2025-08-27T06:53:36Z,SA-0000450,sensor_cross_sensor,atk-0377,Sensor,ControlZone,SensorData,South,DENY,CERT_REVOKED,True
2025-08-27T07:52:20Z,SA-0000451,sensor_cross_sensor,atk-0214,Sensor,ReadAll,RoleAssignment,North,DENY,POLICY_VIOLATION,True
2025-08-27T07:52:20Z,SA-0000452,sensor_cross_sensor,atk-0339,Sensor,ReadAudit,SensorData,West,DENY,ZONE_MISMATCH,True
2025-08-27T09:23:59Z,SA-0000453,sensor_cross_sensor,atk-0164,Sensor,ReadAll,SensorData,West,DENY,POLICY_VIOLATION,True
2025-08-27T10:42:26Z,SA-0000454,sensor_cross_sensor,atk-0184,Sensor,ReadAudit,SensorData,South,DENY,OP_NOT_PERMITTED,True
2025-08-27T11:12:46Z,SA-0000455,sensor_cross_sensor,atk-0497,Sensor,ControlZone,IrrigationControl,West,DENY,ZONE_MISMATCH,True
2025-08-27T12:18:24Z,SA-0000456,sensor_cross_sensor,atk-0473,Sensor,ReadAll,SensorData,West,DENY,ZONE_MISMATCH,True
2025-08-27T13:00:07Z,SA-0000457,sensor_cross_sensor,atk-0029,Sensor,ManageRoles,RoleAssignment,South,DENY,POLICY_VIOLATION,True
2025-08-27T13:01:46Z,SA-0000458,sensor_cross_sensor,atk-0381,Sensor,ReadAll,AuditLog,South,DENY,ZONE_MISMATCH,True
2025-08-27T13:41:54Z,SA-0000459,sensor_cross_sensor,atk-0285,Sensor,ReadAll,IrrigationControl,West,DENY,POLICY_VIOLATION,True
2025-08-27T14:26:02Z,SA-0000460,sensor_cross_sensor,atk-0281,Sensor,ManageRoles,AuditLog,South,DENY,ROLE_INSUFFICIENT,True
2025-08-27T16:14:05Z,SA-0000461,sensor_cross_sensor,atk-0289,Sensor,ReadAll,AuditLog,West,DENY,ZONE_MISMATCH,True
2025-08-27T17:19:16Z,SA-0000462,sensor_cross_sensor,atk-0381,Sensor,WriteSensor,RoleAssignment,East,DENY,POLICY_VIOLATION,True
2025-08-27T17:44:36Z,SA-0000463,sensor_cross_sensor,atk-0484,Sensor,ReadAll,SensorData,North,DENY,ZONE_MISMATCH,True
2025-08-27T21:30:45Z,SA-0000464,sensor_cross_sensor,atk-0281,Sensor,ControlZone,AuditLog,North,DENY,CERT_REVOKED,True
2025-08-27T22:56:37Z,SA-0000465,sensor_cross_sensor,atk-0178,Sensor,ReadAudit,AuditLog,East,DENY,ZONE_MISMATCH,True
2025-08-28T00:46:04Z,SA-0000466,sensor_cross_sensor,atk-0168,Sensor,ManageRoles,SensorData,North,DENY,CERT_REVOKED,True
2025-08-28T00:59:35Z,SA-0000467,sensor_cross_sensor,atk-0488,Sensor,ReadAudit,SensorData,South,DENY,ZONE_MISMATCH,True
2025-08-28T01:17:38Z,SA-0000468,sensor_cross_sensor,atk-0238,Sensor,ReadAll,AuditLog,West,DENY,CERT_REVOKED,True
2025-08-28T02:17:45Z,SA-0000469,sensor_cross_sensor,atk-0297,Sensor,ManageRoles,RoleAssignment,South,DENY,IDS_BLOCKED,True
2025-08-28T02:23:59Z,SA-0000470,sensor_cross_sensor,atk-0473,Sensor,ReadAll,AuditLog,South,DENY,OP_NOT_PERMITTED,True
2025-08-28T04:33:56Z,SA-0000471,sensor_cross_sensor,atk-0211,Sensor,ControlZone,IrrigationControl,East,DENY,CERT_REVOKED,True
2025-08-28T04:36:43Z,SA-0000472,sensor_cross_sensor,atk-0234,Sensor,ManageRoles,SensorData,East,DENY,ROLE_INSUFFICIENT,True
2025-08-28T05:40:30Z,SA-0000473,sensor_cross_sensor,atk-0494,Sensor,WriteSensor,RoleAssignment,East,DENY,ZONE_MISMATCH,True
2025-08-28T12:41:17Z,SA-0000474,sensor_cross_sensor,atk-0195,Sensor,ControlZone,SensorData,North,DENY,OP_NOT_PERMITTED,True
2025-08-28T13:15:09Z,SA-0000475,sensor_cross_sensor,atk-0224,Sensor,ControlZone,RoleAssignment,East,DENY,POLICY_VIOLATION,True
2025-08-28T18:14:00Z,SA-0000476,sensor_cross_sensor,atk-0021,Sensor,ControlZone,AuditLog,South,DENY,CERT_REVOKED,True
2025-08-28T18:15:48Z,SA-0000477,sensor_cross_sensor,atk-0018,Sensor,ManageRoles,IrrigationControl,South,DENY,OP_NOT_PERMITTED,True
2025-08-28T19:30:43Z,SA-0000478,sensor_cross_sensor,atk-0252,Sensor,ManageRoles,IrrigationControl,West,DENY,ROLE_INSUFFICIENT,True
2025-08-29T02:08:23Z,SA-0000479,sensor_cross_sensor,atk-0241,Sensor,ControlZone,SensorData,East,DENY,IDS_BLOCKED,True
2025-08-29T03:12:37Z,SA-0000480,sensor_cross_sensor,atk-0267,Sensor,ReadAudit,RoleAssignment,West,DENY,ROLE_INSUFFICIENT,True
2025-08-29T04:47:22Z,SA-0000481,sensor_cross_sensor,atk-0288,Sensor,ReadAudit,RoleAssignment,North,DENY,IDS_BLOCKED,True
2025-08-29T04:53:38Z,SA-0000482,sensor_cross_sensor,atk-0231,Sensor,ControlZone,SensorData,South,DENY,ROLE_INSUFFICIENT,True
2025-08-29T09:24:40Z,SA-0000483,sensor_cross_sensor,atk-0348,Sensor,ReadAll,RoleAssignment,West,DENY,OP_NOT_PERMITTED,True
2025-08-29T13:18:46Z,SA-0000484,sensor_cross_sensor,atk-0099,Sensor,ControlZone,RoleAssignment,East,DENY,POLICY_VIOLATION,True
2025-08-29T14:15:40Z,SA-0000485,sensor_cross_sensor,atk-0263,Sensor,ReadAll,AuditLog,East,DENY,OP_NOT_PERMITTED,True
2025-08-29T14:31:42Z,SA-0000486,sensor_cross_sensor,atk-0077,Sensor,WriteSensor,SensorData,West,DENY,POLICY_VIOLATION,True
2025-08-29T15:01:32Z,SA-0000487,sensor_cross_sensor,atk-0212,Sensor,ReadAudit,IrrigationControl,South,DENY,POLICY_VIOLATION,True
2025-08-29T15:45:40Z,SA-0000488,sensor_cross_sensor,atk-0476,Sensor,ManageRoles,SensorData,North,DENY,POLICY_VIOLATION,True
2025-08-29T16:05:07Z,SA-0000489,sensor_cross_sensor,atk-0373,Sensor,ReadAudit,AuditLog,West,DENY,IDS_BLOCKED,True
2025-08-29T16:34:29Z,SA-0000490,sensor_cross_sensor,atk-0299,Sensor,ManageRoles,SensorData,East,DENY,ZONE_MISMATCH,True
2025-08-29T18:09:57Z,SA-0000491,sensor_cross_sensor,atk-0041,Sensor,ReadAudit,RoleAssignment,North,DENY,POLICY_VIOLATION,True
2025-08-29T18:13:48Z,SA-0000492,sensor_cross_sensor,atk-0363,Sensor,ControlZone,AuditLog,West,DENY,OP_NOT_PERMITTED,True
2025-08-29T23:26:23Z,SA-0000493,sensor_cross_sensor,atk-0269,Sensor,ReadAll,IrrigationControl,South,DENY,POLICY_VIOLATION,True
2025-08-30T02:14:15Z,SA-0000494,sensor_cross_sensor,atk-0493,Sensor,ControlZone,RoleAssignment,South,DENY,CERT_REVOKED,True
2025-08-30T02:18:18Z,SA-0000495,sensor_cross_sensor,atk-0127,Sensor,ReadAudit,SensorData,West,DENY,POLICY_VIOLATION,True
2025-08-30T02:48:05Z,SA-0000496,sensor_cross_sensor,atk-0208,Sensor,ControlZone,RoleAssignment,North,DENY,CERT_REVOKED,True
2025-08-30T05:11:08Z,SA-0000497,sensor_cross_sensor,atk-0363,Sensor,ReadAll,AuditLog,West,DENY,IDS_BLOCKED,True
2025-08-30T05:11:41Z,SA-0000498,sensor_cross_sensor,atk-0175,Sensor,ReadAll,AuditLog,South,DENY,ZONE_MISMATCH,True
2025-08-30T06:31:32Z,SA-0000499,sensor_cross_sensor,atk-0243,Sensor,WriteSensor,SensorData,West,DENY,OP_NOT_PERMITTED,True
2025-08-30T07:39:01Z,SA-0000500,sensor_cross_sensor,atk-0036,Sensor,ManageRoles,SensorData,South,DENY,OP_NOT_PERMITTED,True
2025-08-30T10:09:33Z,SA-0000501,sensor_cross_sensor,atk-0111,Sensor,ManageRoles,IrrigationControl,West,DENY,ROLE_INSUFFICIENT,True
2025-08-30T11:05:13Z,SA-0000502,sensor_cross_sensor,atk-0340,Sensor,ReadAll,SensorData,North,DENY,OP_NOT_PERMITTED,True
2025-08-30T12:06:13Z,SA-0000503,sensor_cross_sensor,atk-0382,Sensor,ControlZone,IrrigationControl,West,DENY,POLICY_VIOLATION,True
2025-08-30T12:54:15Z,SA-0000504,sensor_cross_sensor,atk-0432,Sensor,ReadAudit,SensorData,East,DENY,IDS_BLOCKED,True
2025-08-30T14:59:29Z,SA-0000505,sensor_cross_sensor,atk-0185,Sensor,ManageRoles,IrrigationControl,North,DENY,POLICY_VIOLATION,True
2025-08-30T15:29:54Z,SA-0000506,sensor_cross_sensor,atk-0473,Sensor,ControlZone,IrrigationControl,West,DENY,OP_NOT_PERMITTED,True
2025-08-30T16:40:32Z,SA-0000507,sensor_cross_sensor,atk-0499,Sensor,ControlZone,RoleAssignment,North,DENY,ZONE_MISMATCH,True
2025-08-30T19:54:12Z,SA-0000508,sensor_cross_sensor,atk-0423,Sensor,ReadAll,IrrigationControl,East,DENY,IDS_BLOCKED,True
2025-08-31T02:38:06Z,SA-0000509,sensor_cross_sensor,atk-0113,Sensor,ReadAudit,IrrigationControl,North,DENY,IDS_BLOCKED,True
2025-08-31T02:38:41Z,SA-0000510,sensor_cross_sensor,atk-0197,Sensor,WriteSensor,RoleAssignment,East,DENY,OP_NOT_PERMITTED,True
2025-08-31T03:25:45Z,SA-0000511,sensor_cross_sensor,atk-0318,Sensor,WriteSensor,RoleAssignment,South,DENY,ROLE_INSUFFICIENT,True
2025-08-31T03:55:23Z,SA-0000512,sensor_cross_sensor,atk-0173,Sensor,ControlZone,RoleAssignment,West,DENY,CERT_REVOKED,True
2025-08-31T04:21:44Z,SA-0000513,sensor_cross_sensor,atk-0457,Sensor,WriteSensor,SensorData,North,DENY,ROLE_INSUFFICIENT,True
2025-08-31T05:21:22Z,SA-0000514,sensor_cross_sensor,atk-0224,Sensor,WriteSensor,IrrigationControl,North,DENY,ZONE_MISMATCH,True
2025-08-31T05:24:58Z,SA-0000515,sensor_cross_sensor,atk-0213,Sensor,ReadAudit,SensorData,South,DENY,CERT_REVOKED,True
2025-08-31T09:14:31Z,SA-0000516,sensor_cross_sensor,atk-0327,Sensor,ManageRoles,IrrigationControl,East,DENY,POLICY_VIOLATION,True
2025-08-31T09:30:43Z,SA-0000517,sensor_cross_sensor,atk-0487,Sensor,ManageRoles,AuditLog,West,DENY,ZONE_MISMATCH,True
2025-08-31T11:34:27Z,SA-0000518,sensor_cross_sensor,atk-0406,Sensor,ControlZone,IrrigationControl,North,DENY,OP_NOT_PERMITTED,True
2025-08-31T13:21:02Z,SA-0000519,sensor_cross_sensor,atk-0216,Sensor,ReadAudit,SensorData,East,DENY,ROLE_INSUFFICIENT,True
2025-08-31T13:25:55Z,SA-0000520,sensor_cross_sensor,atk-0430,Sensor,ReadAll,AuditLog,North,DENY,OP_NOT_PERMITTED,True
2025-08-31T13:30:29Z,SA-0000521,sensor_cross_sensor,atk-0159,Sensor,ReadAll,SensorData,East,DENY,ZONE_MISMATCH,True
2025-08-31T15:31:05Z,SA-0000522,sensor_cross_sensor,atk-0117,Sensor,ReadAudit,AuditLog,West,DENY,ZONE_MISMATCH,True
2025-08-31T16:57:37Z,SA-0000523,sensor_cross_sensor,atk-0009,Sensor,ManageRoles,RoleAssignment,South,DENY,ROLE_INSUFFICIENT,True
2025-08-31T17:35:59Z,SA-0000524,sensor_cross_sensor,atk-0344,Sensor,ControlZone,AuditLog,South,DENY,POLICY_VIOLATION,True
2025-08-31T20:20:19Z,SA-0000525,sensor_cross_sensor,atk-0103,Sensor,ReadAll,SensorData,North,DENY,OP_NOT_PERMITTED,True
2025-09-01T00:07:31Z,SA-0000526,sensor_cross_sensor,atk-0429,Sensor,ReadAll,IrrigationControl,North,DENY,ZONE_MISMATCH,True
2025-09-01T00:33:23Z,SA-0000527,sensor_cross_sensor,atk-0034,Sensor,WriteSensor,SensorData,North,DENY,ROLE_INSUFFICIENT,True
2025-09-01T02:29:23Z,SA-0000528,sensor_cross_sensor,atk-0052,Sensor,ReadAudit,SensorData,North,DENY,IDS_BLOCKED,True
2025-09-01T02:30:34Z,SA-0000529,sensor_cross_sensor,atk-0485,Sensor,ReadAll,SensorData,South,DENY,OP_NOT_PERMITTED,True
2025-09-01T02:43:56Z,SA-0000530,sensor_cross_sensor,atk-0121,Sensor,ControlZone,SensorData,East,DENY,CERT_REVOKED,True
2025-09-01T03:59:18Z,SA-0000531,sensor_cross_sensor,atk-0412,Sensor,ReadAudit,SensorData,North,DENY,IDS_BLOCKED,True
2025-09-01T05:51:09Z,SA-0000532,sensor_cross_sensor,atk-0215,Sensor,ReadAll,AuditLog,South,DENY,OP_NOT_PERMITTED,True
2025-09-01T06:28:00Z,SA-0000533,sensor_cross_sensor,atk-0220,Sensor,ManageRoles,IrrigationControl,South,DENY,IDS_BLOCKED,True
2025-09-01T09:09:51Z,SA-0000534,sensor_cross_sensor,atk-0054,Sensor,ReadAudit,AuditLog,West,DENY,CERT_REVOKED,True
2025-09-01T10:55:41Z,SA-0000535,sensor_cross_sensor,atk-0297,Sensor,ReadAll,SensorData,West,DENY,CERT_REVOKED,True
2025-09-01T17:46:35Z,SA-0000536,sensor_cross_sensor,atk-0069,Sensor,ManageRoles,RoleAssignment,North,DENY,ZONE_MISMATCH,True
2025-09-01T20:26:07Z,SA-0000537,sensor_cross_sensor,atk-0269,Sensor,ManageRoles,AuditLog,North,DENY,CERT_REVOKED,True
2025-09-01T20:33:50Z,SA-0000538,sensor_cross_sensor,atk-0206,Sensor,WriteSensor,RoleAssignment,North,DENY,OP_NOT_PERMITTED,True
2025-09-01T21:00:12Z,SA-0000539,sensor_cross_sensor,atk-0208,Sensor,ManageRoles,SensorData,West,DENY,POLICY_VIOLATION,True
2025-09-02T01:01:39Z,SA-0000540,sensor_cross_sensor,atk-0197,Sensor,ReadAudit,IrrigationControl,North,DENY,POLICY_VIOLATION,True
2025-09-02T01:51:34Z,SA-0000541,sensor_cross_sensor,atk-0145,Sensor,ReadAudit,AuditLog,North,DENY,IDS_BLOCKED,True
2025-09-02T03:02:24Z,SA-0000542,sensor_cross_sensor,atk-0474,Sensor,ReadAll,RoleAssignment,East,DENY,ZONE_MISMATCH,True
2025-09-02T04:06:19Z,SA-0000543,sensor_cross_sensor,atk-0475,Sensor,WriteSensor,IrrigationControl,North,DENY,ZONE_MISMATCH,True
2025-09-02T04:25:02Z,SA-0000544,sensor_cross_sensor,atk-0372,Sensor,ReadAudit,SensorData,West,DENY,POLICY_VIOLATION,True
2025-09-02T04:33:10Z,SA-0000545,sensor_cross_sensor,atk-0466,Sensor,ControlZone,IrrigationControl,East,DENY,CERT_REVOKED,True
2025-09-02T06:39:35Z,SA-0000546,sensor_cross_sensor,atk-0026,Sensor,ReadAll,RoleAssignment,South,DENY,CERT_REVOKED,True
2025-09-02T07:15:50Z,SA-0000547,sensor_cross_sensor,atk-0497,Sensor,ManageRoles,IrrigationControl,East,DENY,CERT_REVOKED,True
2025-09-02T07:30:11Z,SA-0000548,sensor_cross_sensor,atk-0280,Sensor,WriteSensor,SensorData,East,DENY,POLICY_VIOLATION,True
2025-09-02T08:38:03Z,SA-0000549,sensor_cross_sensor,atk-0070,Sensor,ManageRoles,IrrigationControl,North,DENY,IDS_BLOCKED,True
2025-09-02T13:12:43Z,SA-0000550,sensor_cross_sensor,atk-0379,Sensor,ReadAll,AuditLog,South,DENY,OP_NOT_PERMITTED,True
2025-09-02T13:18:15Z,SA-0000551,sensor_cross_sensor,atk-0131,Sensor,ManageRoles,SensorData,South,DENY,POLICY_VIOLATION,True
2025-09-02T17:37:46Z,SA-0000552,sensor_cross_sensor,atk-0429,Sensor,ReadAudit,AuditLog,South,DENY,POLICY_VIOLATION,True
2025-09-02T18:55:12Z,SA-0000553,sensor_cross_sensor,atk-0373,Sensor,ReadAudit,SensorData,South,DENY,CERT_REVOKED,True
2025-09-02T21:10:39Z,SA-0000554,sensor_cross_sensor,atk-0159,Sensor,WriteSensor,SensorData,West,DENY,POLICY_VIOLATION,True
2025-09-02T21:16:51Z,SA-0000555,sensor_cross_sensor,atk-0352,Sensor,ReadAll,AuditLog,West,DENY,POLICY_VIOLATION,True
2025-09-02T21:27:57Z,SA-0000556,sensor_cross_sensor,atk-0104,Sensor,WriteSensor,SensorData,North,DENY,OP_NOT_PERMITTED,True
2025-09-03T02:45:55Z,SA-0000557,sensor_cross_sensor,atk-0329,Sensor,WriteSensor,AuditLog,West,DENY,POLICY_VIOLATION,True
2025-09-03T18:16:28Z,SA-0000558,sensor_cross_sensor,atk-0229,Sensor,ReadAll,RoleAssignment,South,DENY,CERT_REVOKED,True
2025-09-03T20:43:50Z,SA-0000559,sensor_cross_sensor,atk-0407,Sensor,ReadAudit,RoleAssignment,South,DENY,CERT_REVOKED,True
2025-09-03T21:08:51Z,SA-0000560,sensor_cross_sensor,atk-0416,Sensor,ReadAudit,RoleAssignment,North,DENY,ZONE_MISMATCH,True
2025-09-03T21:37:05Z,SA-0000561,sensor_cross_sensor,atk-0138,Sensor,WriteSensor,IrrigationControl,South,DENY,OP_NOT_PERMITTED,True
2025-09-04T01:32:27Z,SA-0000562,sensor_cross_sensor,atk-0192,Sensor,ControlZone,AuditLog,South,DENY,IDS_BLOCKED,True
2025-09-04T02:39:09Z,SA-0000563,sensor_cross_sensor,atk-0282,Sensor,ReadAudit,AuditLog,South,DENY,POLICY_VIOLATION,True
2025-09-04T02:49:56Z,SA-0000564,sensor_cross_sensor,atk-0016,Sensor,ReadAll,IrrigationControl,East,DENY,IDS_BLOCKED,True
2025-09-04T03:28:37Z,SA-0000565,sensor_cross_sensor,atk-0142,Sensor,ReadAudit,RoleAssignment,West,DENY,ZONE_MISMATCH,True
2025-09-04T03:51:50Z,SA-0000566,sensor_cross_sensor,atk-0259,Sensor,WriteSensor,SensorData,West,DENY,ZONE_MISMATCH,True
2025-09-04T07:49:30Z,SA-0000567,sensor_cross_sensor,atk-0387,Sensor,ReadAudit,AuditLog,West,DENY,IDS_BLOCKED,True
2025-09-04T08:02:59Z,SA-0000568,sensor_cross_sensor,atk-0052,Sensor,ReadAudit,SensorData,North,DENY,ROLE_INSUFFICIENT,True
2025-09-04T08:19:23Z,SA-0000569,sensor_cross_sensor,atk-0017,Sensor,ManageRoles,SensorData,West,DENY,IDS_BLOCKED,True
2025-09-04T10:30:42Z,SA-0000570,sensor_cross_sensor,atk-0447,Sensor,ReadAudit,RoleAssignment,South,DENY,ROLE_INSUFFICIENT,True
2025-09-04T11:10:02Z,SA-0000571,sensor_cross_sensor,atk-0137,Sensor,ControlZone,AuditLog,West,DENY,ZONE_MISMATCH,True
2025-09-04T13:59:06Z,SA-0000572,sensor_cross_sensor,atk-0320,Sensor,ControlZone,AuditLog,South,DENY,OP_NOT_PERMITTED,True
2025-09-04T14:18:10Z,SA-0000573,sensor_cross_sensor,atk-0340,Sensor,ManageRoles,SensorData,North,DENY,IDS_BLOCKED,True
2025-09-04T15:16:05Z,SA-0000574,sensor_cross_sensor,atk-0108,Sensor,ControlZone,IrrigationControl,North,DENY,CERT_REVOKED,True
2025-09-04T18:12:22Z,SA-0000575,sensor_cross_sensor,atk-0071,Sensor,ReadAll,IrrigationControl,South,DENY,CERT_REVOKED,True
2025-09-04T20:35:28Z,SA-0000576,sensor_cross_sensor,atk-0379,Sensor,ControlZone,RoleAssignment,North,DENY,OP_NOT_PERMITTED,True
2025-09-04T23:09:56Z,SA-0000577,sensor_cross_sensor,atk-0128,Sensor,ReadAudit,IrrigationControl,South,DENY,POLICY_VIOLATION,True
2025-09-05T00:46:34Z,SA-0000578,sensor_cross_sensor,atk-0456,Sensor,ReadAll,SensorData,West,DENY,ZONE_MISMATCH,True
2025-09-05T00:58:38Z,SA-0000579,sensor_cross_sensor,atk-0073,Sensor,ManageRoles,SensorData,East,DENY,ROLE_INSUFFICIENT,True
2025-09-05T02:57:07Z,SA-0000580,sensor_cross_sensor,atk-0165,Sensor,ReadAudit,AuditLog,East,DENY,CERT_REVOKED,True
2025-09-05T03:44:19Z,SA-0000581,sensor_cross_sensor,atk-0309,Sensor,ReadAudit,IrrigationControl,West,DENY,ZONE_MISMATCH,True
2025-09-05T07:06:43Z,SA-0000582,sensor_cross_sensor,atk-0259,Sensor,WriteSensor,RoleAssignment,East,DENY,POLICY_VIOLATION,True
2025-09-05T08:27:31Z,SA-0000583,sensor_cross_sensor,atk-0001,Sensor,ReadAll,IrrigationControl,East,DENY,ROLE_INSUFFICIENT,True
2025-09-05T08:37:16Z,SA-0000584,sensor_cross_sensor,atk-0070,Sensor,ControlZone,SensorData,South,DENY,OP_NOT_PERMITTED,True
2025-09-05T08:37:45Z,SA-0000585,sensor_cross_sensor,atk-0087,Sensor,ReadAudit,SensorData,South,DENY,ZONE_MISMATCH,True
2025-09-05T10:44:29Z,SA-0000586,sensor_cross_sensor,atk-0249,Sensor,ReadAudit,IrrigationControl,East,DENY,IDS_BLOCKED,True
2025-09-05T11:25:50Z,SA-0000587,sensor_cross_sensor,atk-0043,Sensor,ControlZone,AuditLog,South,DENY,CERT_REVOKED,True
2025-09-05T12:18:59Z,SA-0000588,sensor_cross_sensor,atk-0202,Sensor,ControlZone,AuditLog,West,DENY,ZONE_MISMATCH,True
2025-09-05T14:30:40Z,SA-0000589,sensor_cross_sensor,atk-0003,Sensor,ReadAll,RoleAssignment,South,DENY,CERT_REVOKED,True
2025-09-05T19:30:06Z,SA-0000590,sensor_cross_sensor,atk-0115,Sensor,ReadAll,RoleAssignment,West,DENY,ROLE_INSUFFICIENT,True
2025-09-05T20:37:22Z,SA-0000591,sensor_cross_sensor,atk-0242,Sensor,WriteSensor,SensorData,West,DENY,IDS_BLOCKED,True
2025-09-05T23:27:24Z,SA-0000592,sensor_cross_sensor,atk-0358,Sensor,WriteSensor,SensorData,South,DENY,CERT_REVOKED,True
2025-09-06T00:41:21Z,SA-0000593,sensor_cross_sensor,atk-0059,Sensor,ReadAudit,IrrigationControl,North,DENY,OP_NOT_PERMITTED,True
2025-09-06T01:11:00Z,SA-0000594,sensor_cross_sensor,atk-0316,Sensor,ManageRoles,IrrigationControl,West,DENY,ROLE_INSUFFICIENT,True
2025-09-06T04:11:15Z,SA-0000595,sensor_cross_sensor,atk-0128,Sensor,ReadAudit,AuditLog,South,DENY,OP_NOT_PERMITTED,True
2025-09-06T04:51:54Z,SA-0000596,sensor_cross_sensor,atk-0173,Sensor,ReadAll,SensorData,West,DENY,IDS_BLOCKED,True
2025-09-06T09:35:16Z,SA-0000597,sensor_cross_sensor,atk-0307,Sensor,ReadAll,AuditLog,South,DENY,ZONE_MISMATCH,True
2025-09-06T14:26:46Z,SA-0000598,sensor_cross_sensor,atk-0335,Sensor,ReadAudit,AuditLog,West,DENY,ROLE_INSUFFICIENT,True
2025-09-06T14:35:50Z,SA-0000599,sensor_cross_sensor,atk-0183,Sensor,ReadAudit,AuditLog,East,DENY,ROLE_INSUFFICIENT,True
2025-09-06T16:39:51Z,SA-0000600,sensor_cross_sensor,atk-0081,Sensor,ReadAudit,SensorData,East,DENY,ROLE_INSUFFICIENT,True
2025-09-06T19:40:00Z,SA-0000601,sensor_cross_sensor,atk-0269,Sensor,ControlZone,SensorData,South,DENY,CERT_REVOKED,True
2025-09-07T00:24:53Z,SA-0000602,sensor_cross_sensor,atk-0393,Sensor,ReadAudit,IrrigationControl,East,DENY,ZONE_MISMATCH,True
2025-09-07T00:26:00Z,SA-0000603,sensor_cross_sensor,atk-0045,Sensor,WriteSensor,IrrigationControl,South,DENY,POLICY_VIOLATION,True
2025-09-07T04:09:14Z,SA-0000604,sensor_cross_sensor,atk-0118,Sensor,ReadAudit,RoleAssignment,South,DENY,CERT_REVOKED,True
2025-09-07T04:11:07Z,SA-0000605,sensor_cross_sensor,atk-0368,Sensor,ReadAll,AuditLog,East,DENY,ROLE_INSUFFICIENT,True
2025-09-07T07:40:14Z,SA-0000606,sensor_cross_sensor,atk-0144,Sensor,WriteSensor,AuditLog,West,DENY,ZONE_MISMATCH,True
2025-09-07T08:56:12Z,SA-0000607,sensor_cross_sensor,atk-0128,Sensor,ControlZone,AuditLog,South,DENY,CERT_REVOKED,True
2025-09-07T11:10:40Z,SA-0000608,sensor_cross_sensor,atk-0127,Sensor,WriteSensor,AuditLog,West,DENY,CERT_REVOKED,True
2025-09-07T13:48:33Z,SA-0000609,sensor_cross_sensor,atk-0247,Sensor,WriteSensor,RoleAssignment,West,DENY,ROLE_INSUFFICIENT,True
2025-09-07T15:57:45Z,SA-0000610,sensor_cross_sensor,atk-0290,Sensor,ReadAll,IrrigationControl,South,DENY,ZONE_MISMATCH,True
2025-09-07T16:36:48Z,SA-0000611,sensor_cross_sensor,atk-0211,Sensor,ManageRoles,IrrigationControl,East,DENY,ZONE_MISMATCH,True
2025-09-07T18:17:56Z,SA-0000612,sensor_cross_sensor,atk-0220,Sensor,ReadAudit,IrrigationControl,South,DENY,IDS_BLOCKED,True
2025-09-07T18:39:38Z,SA-0000613,sensor_cross_sensor,atk-0383,Sensor,ReadAll,SensorData,West,DENY,IDS_BLOCKED,True
2025-09-07T19:40:00Z,SA-0000614,sensor_cross_sensor,atk-0460,Sensor,ControlZone,IrrigationControl,South,DENY,CERT_REVOKED,True
2025-09-07T22:02:06Z,SA-0000615,sensor_cross_sensor,atk-0136,Sensor,ReadAll,IrrigationControl,East,DENY,CERT_REVOKED,True
2025-09-07T22:57:32Z,SA-0000616,sensor_cross_sensor,atk-0325,Sensor,ControlZone,AuditLog,West,DENY,IDS_BLOCKED,True
2025-09-07T23:23:45Z,SA-0000617,sensor_cross_sensor,atk-0447,Sensor,ManageRoles,AuditLog,West,DENY,IDS_BLOCKED,True
2025-09-07T23:33:09Z,SA-0000618,sensor_cross_sensor,atk-0114,Sensor,ReadAll,IrrigationControl,East,DENY,OP_NOT_PERMITTED,True
2025-09-08T00:20:41Z,SA-0000619,sensor_cross_sensor,atk-0383,Sensor,ReadAudit,AuditLog,East,DENY,OP_NOT_PERMITTED,True
2025-09-08T01:33:58Z,SA-0000620,sensor_cross_sensor,atk-0004,Sensor,ManageRoles,IrrigationControl,North,DENY,IDS_BLOCKED,True
2025-09-08T07:20:58Z,SA-0000621,sensor_cross_sensor,atk-0469,Sensor,ReadAudit,AuditLog,East,DENY,IDS_BLOCKED,True
2025-09-08T09:37:51Z,SA-0000622,sensor_cross_sensor,atk-0204,Sensor,WriteSensor,IrrigationControl,East,DENY,IDS_BLOCKED,True
2025-09-08T09:39:38Z,SA-0000623,sensor_cross_sensor,atk-0071,Sensor,ReadAll,RoleAssignment,East,DENY,OP_NOT_PERMITTED,True
2025-09-08T09:58:01Z,SA-0000624,sensor_cross_sensor,atk-0330,Sensor,ReadAll,SensorData,South,DENY,POLICY_VIOLATION,True
2025-09-08T10:06:48Z,SA-0000625,sensor_cross_sensor,atk-0371,Sensor,ReadAll,RoleAssignment,North,DENY,OP_NOT_PERMITTED,True
2025-09-08T11:23:31Z,SA-0000626,sensor_cross_sensor,atk-0005,Sensor,ControlZone,IrrigationControl,North,DENY,POLICY_VIOLATION,True
2025-09-08T11:52:01Z,SA-0000627,sensor_cross_sensor,atk-0310,Sensor,ReadAudit,IrrigationControl,East,DENY,ZONE_MISMATCH,True
2025-09-08T12:22:37Z,SA-0000628,sensor_cross_sensor,atk-0330,Sensor,ControlZone,RoleAssignment,North,DENY,POLICY_VIOLATION,True
2025-09-08T13:38:32Z,SA-0000629,sensor_cross_sensor,atk-0149,Sensor,ReadAll,IrrigationControl,South,DENY,IDS_BLOCKED,True
2025-09-08T14:01:53Z,SA-0000630,sensor_cross_sensor,atk-0239,Sensor,ReadAudit,AuditLog,East,DENY,POLICY_VIOLATION,True
2025-09-08T17:14:32Z,SA-0000631,sensor_cross_sensor,atk-0171,Sensor,ManageRoles,SensorData,North,DENY,ROLE_INSUFFICIENT,True
2025-09-08T19:18:44Z,SA-0000632,sensor_cross_sensor,atk-0192,Sensor,ControlZone,SensorData,South,DENY,CERT_REVOKED,True
2025-09-08T20:46:52Z,SA-0000633,sensor_cross_sensor,atk-0268,Sensor,ManageRoles,IrrigationControl,East,DENY,OP_NOT_PERMITTED,True
2025-09-08T21:07:03Z,SA-0000634,sensor_cross_sensor,atk-0438,Sensor,WriteSensor,SensorData,East,DENY,ROLE_INSUFFICIENT,True
2025-09-09T01:13:31Z,SA-0000635,sensor_cross_sensor,atk-0498,Sensor,ReadAll,AuditLog,South,DENY,OP_NOT_PERMITTED,True
2025-09-09T01:19:02Z,SA-0000636,sensor_cross_sensor,atk-0477,Sensor,ControlZone,AuditLog,North,DENY,CERT_REVOKED,True
2025-09-09T01:19:31Z,SA-0000637,sensor_cross_sensor,atk-0360,Sensor,ManageRoles,RoleAssignment,East,DENY,POLICY_VIOLATION,True
2025-09-09T02:19:24Z,SA-0000638,sensor_cross_sensor,atk-0422,Sensor,ManageRoles,AuditLog,North,DENY,POLICY_VIOLATION,True
2025-09-09T02:55:21Z,SA-0000639,sensor_cross_sensor,atk-0432,Sensor,ReadAudit,IrrigationControl,South,DENY,CERT_REVOKED,True
2025-09-09T03:22:09Z,SA-0000640,sensor_cross_sensor,atk-0277,Sensor,WriteSensor,IrrigationControl,North,DENY,IDS_BLOCKED,True
2025-09-09T04:43:01Z,SA-0000641,sensor_cross_sensor,atk-0212,Sensor,ReadAudit,SensorData,South,DENY,IDS_BLOCKED,True
2025-09-09T08:17:38Z,SA-0000642,sensor_cross_sensor,atk-0179,Sensor,ControlZone,IrrigationControl,South,DENY,IDS_BLOCKED,True
2025-09-09T08:39:34Z,SA-0000643,sensor_cross_sensor,atk-0329,Sensor,ReadAudit,SensorData,East,DENY,OP_NOT_PERMITTED,True
2025-09-09T08:46:23Z,SA-0000644,sensor_cross_sensor,atk-0317,Sensor,ReadAll,RoleAssignment,North,DENY,CERT_REVOKED,True
2025-09-09T09:25:38Z,SA-0000645,sensor_cross_sensor,atk-0098,Sensor,WriteSensor,SensorData,North,DENY,CERT_REVOKED,True
2025-09-09T15:01:12Z,SA-0000646,sensor_cross_sensor,atk-0243,Sensor,ReadAudit,IrrigationControl,North,DENY,IDS_BLOCKED,True
2025-09-09T15:36:09Z,SA-0000647,sensor_cross_sensor,atk-0250,Sensor,ReadAll,SensorData,South,DENY,POLICY_VIOLATION,True
2025-09-09T16:06:04Z,SA-0000648,sensor_cross_sensor,atk-0237,Sensor,ManageRoles,SensorData,North,DENY,ZONE_MISMATCH,True
2025-09-09T16:07:59Z,SA-0000649,sensor_cross_sensor,atk-0477,Sensor,WriteSensor,SensorData,South,DENY,OP_NOT_PERMITTED,True
2025-09-09T16:22:01Z,SA-0000650,sensor_cross_sensor,atk-0202,Sensor,ManageRoles,SensorData,South,DENY,IDS_BLOCKED,True
2025-09-09T19:12:14Z,SA-0000651,sensor_cross_sensor,atk-0249,Sensor,WriteSensor,SensorData,East,DENY,ZONE_MISMATCH,True
2025-09-09T19:54:10Z,SA-0000652,sensor_cross_sensor,atk-0051,Sensor,ReadAll,AuditLog,North,DENY,ROLE_INSUFFICIENT,True
2025-09-09T22:35:57Z,SA-0000653,sensor_cross_sensor,atk-0353,Sensor,ManageRoles,IrrigationControl,North,DENY,OP_NOT_PERMITTED,True
2025-09-09T22:58:40Z,SA-0000654,sensor_cross_sensor,atk-0180,Sensor,ManageRoles,RoleAssignment,North,DENY,ZONE_MISMATCH,True
2025-09-09T23:14:45Z,SA-0000655,sensor_cross_sensor,atk-0050,Sensor,WriteSensor,IrrigationControl,East,DENY,CERT_REVOKED,True
2025-09-09T23:18:19Z,SA-0000656,sensor_cross_sensor,atk-0235,Sensor,ReadAudit,RoleAssignment,West,DENY,IDS_BLOCKED,True
2025-09-10T00:09:40Z,SA-0000657,sensor_cross_sensor,atk-0323,Sensor,ManageRoles,IrrigationControl,North,DENY,POLICY_VIOLATION,True
2025-09-10T00:46:07Z,SA-0000658,sensor_cross_sensor,atk-0461,Sensor,ReadAudit,RoleAssignment,North,DENY,OP_NOT_PERMITTED,True
2025-09-10T01:49:11Z,SA-0000659,sensor_cross_sensor,atk-0167,Sensor,ControlZone,AuditLog,South,DENY,CERT_REVOKED,True
2025-09-10T02:02:14Z,SA-0000660,sensor_cross_sensor,atk-0059,Sensor,ManageRoles,IrrigationControl,East,DENY,ROLE_INSUFFICIENT,True
2025-09-10T02:58:05Z,SA-0000661,sensor_cross_sensor,atk-0403,Sensor,ManageRoles,AuditLog,East,DENY,CERT_REVOKED,True
2025-09-10T03:09:07Z,SA-0000662,sensor_cross_sensor,atk-0485,Sensor,WriteSensor,AuditLog,East,DENY,POLICY_VIOLATION,True
2025-09-10T04:07:43Z,SA-0000663,sensor_cross_sensor,atk-0412,Sensor,ReadAudit,AuditLog,South,DENY,ZONE_MISMATCH,True
2025-09-10T05:43:16Z,SA-0000664,sensor_cross_sensor,atk-0105,Sensor,ControlZone,RoleAssignment,North,DENY,OP_NOT_PERMITTED,True
2025-09-10T06:36:06Z,SA-0000665,sensor_cross_sensor,atk-0174,Sensor,ReadAudit,SensorData,North,DENY,POLICY_VIOLATION,True
2025-09-10T07:23:26Z,SA-0000666,sensor_cross_sensor,atk-0186,Sensor,ControlZone,SensorData,North,DENY,CERT_REVOKED,True
2025-09-10T08:34:34Z,SA-0000667,sensor_cross_sensor,atk-0213,Sensor,ManageRoles,SensorData,West,DENY,CERT_REVOKED,True
2025-09-10T09:54:01Z,SA-0000668,sensor_cross_sensor,atk-0274,Sensor,ManageRoles,SensorData,West,DENY,CERT_REVOKED,True
2025-09-10T12:04:55Z,SA-0000669,sensor_cross_sensor,atk-0093,Sensor,ControlZone,SensorData,North,DENY,CERT_REVOKED,True
2025-09-10T12:47:41Z,SA-0000670,sensor_cross_sensor,atk-0193,Sensor,ManageRoles,IrrigationControl,West,DENY,IDS_BLOCKED,True
2025-09-10T18:32:18Z,SA-0000671,sensor_cross_sensor,atk-0112,Sensor,ManageRoles,RoleAssignment,South,DENY,ZONE_MISMATCH,True
2025-09-10T21:16:05Z,SA-0000672,sensor_cross_sensor,atk-0423,Sensor,ReadAudit,SensorData,East,DENY,OP_NOT_PERMITTED,True
2025-09-10T22:13:07Z,SA-0000673,sensor_cross_sensor,atk-0176,Sensor,ControlZone,RoleAssignment,South,DENY,ROLE_INSUFFICIENT,True
2025-09-11T00:36:00Z,SA-0000674,sensor_cross_sensor,atk-0230,Sensor,ControlZone,SensorData,West,DENY,ZONE_MISMATCH,True
2025-09-11T00:36:21Z,SA-0000675,sensor_cross_sensor,atk-0155,Sensor,ReadAll,SensorData,East,DENY,ZONE_MISMATCH,True
2025-09-11T00:40:30Z,SA-0000676,sensor_cross_sensor,atk-0026,Sensor,ReadAll,SensorData,South,DENY,CERT_REVOKED,True
2025-09-11T01:35:41Z,SA-0000677,sensor_cross_sensor,atk-0375,Sensor,ManageRoles,SensorData,West,DENY,POLICY_VIOLATION,True
2025-09-11T02:07:16Z,SA-0000678,sensor_cross_sensor,atk-0461,Sensor,ReadAll,SensorData,East,DENY,OP_NOT_PERMITTED,True
2025-09-11T02:40:42Z,SA-0000679,sensor_cross_sensor,atk-0020,Sensor,ManageRoles,SensorData,South,DENY,POLICY_VIOLATION,True
2025-09-11T04:10:04Z,SA-0000680,sensor_cross_sensor,atk-0452,Sensor,ReadAudit,RoleAssignment,South,DENY,ZONE_MISMATCH,True
2025-09-11T04:30:14Z,SA-0000681,sensor_cross_sensor,atk-0047,Sensor,WriteSensor,AuditLog,South,DENY,OP_NOT_PERMITTED,True
2025-09-11T04:44:01Z,SA-0000682,sensor_cross_sensor,atk-0455,Sensor,ReadAudit,SensorData,South,DENY,POLICY_VIOLATION,True
2025-09-11T05:15:49Z,SA-0000683,sensor_cross_sensor,atk-0174,Sensor,ReadAll,RoleAssignment,East,DENY,OP_NOT_PERMITTED,True
2025-09-11T07:46:08Z,SA-0000684,sensor_cross_sensor,atk-0396,Sensor,ReadAll,IrrigationControl,South,DENY,POLICY_VIOLATION,True
2025-09-11T10:26:27Z,SA-0000685,sensor_cross_sensor,atk-0182,Sensor,WriteSensor,IrrigationControl,West,DENY,POLICY_VIOLATION,True
2025-09-11T13:27:07Z,SA-0000686,sensor_cross_sensor,atk-0479,Sensor,ControlZone,SensorData,North,DENY,ZONE_MISMATCH,True
2025-09-11T15:15:48Z,SA-0000687,sensor_cross_sensor,atk-0097,Sensor,ReadAudit,SensorData,West,DENY,ROLE_INSUFFICIENT,True
2025-09-11T15:22:28Z,SA-0000688,sensor_cross_sensor,atk-0147,Sensor,WriteSensor,AuditLog,West,DENY,IDS_BLOCKED,True
2025-09-11T23:44:14Z,SA-0000689,sensor_cross_sensor,atk-0387,Sensor,ManageRoles,IrrigationControl,West,DENY,POLICY_VIOLATION,True
2025-09-12T01:47:31Z,SA-0000690,sensor_cross_sensor,atk-0326,Sensor,WriteSensor,IrrigationControl,South,DENY,CERT_REVOKED,True
2025-09-12T03:35:56Z,SA-0000691,sensor_cross_sensor,atk-0206,Sensor,ReadAudit,AuditLog,South,DENY,OP_NOT_PERMITTED,True
2025-09-12T05:24:05Z,SA-0000692,sensor_cross_sensor,atk-0335,Sensor,ManageRoles,SensorData,South,DENY,ZONE_MISMATCH,True
2025-09-12T09:52:17Z,SA-0000693,sensor_cross_sensor,atk-0447,Sensor,ReadAudit,RoleAssignment,South,DENY,CERT_REVOKED,True
2025-09-12T10:12:36Z,SA-0000694,sensor_cross_sensor,atk-0345,Sensor,ManageRoles,AuditLog,West,DENY,IDS_BLOCKED,True
2025-09-12T16:17:42Z,SA-0000695,sensor_cross_sensor,atk-0195,Sensor,ReadAudit,RoleAssignment,West,DENY,POLICY_VIOLATION,True
2025-09-12T16:24:01Z,SA-0000696,sensor_cross_sensor,atk-0423,Sensor,WriteSensor,AuditLog,North,DENY,IDS_BLOCKED,True
2025-09-12T16:45:22Z,SA-0000697,sensor_cross_sensor,atk-0245,Sensor,ReadAll,IrrigationControl,North,DENY,ROLE_INSUFFICIENT,True
2025-09-12T16:58:51Z,SA-0000698,sensor_cross_sensor,atk-0491,Sensor,ManageRoles,SensorData,North,DENY,CERT_REVOKED,True
2025-09-12T17:32:39Z,SA-0000699,sensor_cross_sensor,atk-0018,Sensor,ManageRoles,RoleAssignment,South,DENY,OP_NOT_PERMITTED,True
2025-09-12T18:28:26Z,SA-0000700,sensor_cross_sensor,atk-0305,Sensor,WriteSensor,SensorData,East,DENY,POLICY_VIOLATION,True
2025-09-12T19:24:37Z,SA-0000701,sensor_cross_sensor,atk-0231,Sensor,WriteSensor,SensorData,South,DENY,CERT_REVOKED,True
2025-09-12T20:59:35Z,SA-0000702,sensor_cross_sensor,atk-0481,Sensor,ReadAll,RoleAssignment,South,DENY,OP_NOT_PERMITTED,True
2025-09-12T21:06:59Z,SA-0000703,sensor_cross_sensor,atk-0187,Sensor,ReadAudit,AuditLog,East,DENY,OP_NOT_PERMITTED,True
2025-09-13T00:41:26Z,SA-0000704,sensor_cross_sensor,atk-0151,Sensor,ControlZone,SensorData,East,DENY,OP_NOT_PERMITTED,True
2025-09-13T01:36:11Z,SA-0000705,sensor_cross_sensor,atk-0169,Sensor,ControlZone,AuditLog,West,DENY,OP_NOT_PERMITTED,True
2025-09-13T02:48:43Z,SA-0000706,sensor_cross_sensor,atk-0085,Sensor,ManageRoles,IrrigationControl,West,DENY,OP_NOT_PERMITTED,True
2025-09-13T03:41:26Z,SA-0000707,sensor_cross_sensor,atk-0424,Sensor,WriteSensor,AuditLog,West,DENY,POLICY_VIOLATION,True
2025-09-13T08:18:00Z,SA-0000708,sensor_cross_sensor,atk-0145,Sensor,ManageRoles,AuditLog,North,DENY,CERT_REVOKED,True
2025-09-13T12:52:36Z,SA-0000709,sensor_cross_sensor,atk-0053,Sensor,ReadAudit,RoleAssignment,West,DENY,ROLE_INSUFFICIENT,True
2025-09-13T13:18:16Z,SA-0000710,sensor_cross_sensor,atk-0098,Sensor,ControlZone,AuditLog,East,DENY,POLICY_VIOLATION,True
2025-09-13T15:39:11Z,SA-0000711,sensor_cross_sensor,atk-0472,Sensor,ControlZone,SensorData,North,DENY,POLICY_VIOLATION,True
2025-09-13T15:57:20Z,SA-0000712,sensor_cross_sensor,atk-0484,Sensor,ReadAudit,RoleAssignment,South,DENY,OP_NOT_PERMITTED,True
2025-09-13T16:19:01Z,SA-0000713,sensor_cross_sensor,atk-0453,Sensor,ReadAudit,AuditLog,North,DENY,ZONE_MISMATCH,True
2025-09-13T16:35:25Z,SA-0000714,sensor_cross_sensor,atk-0382,Sensor,WriteSensor,IrrigationControl,North,DENY,ZONE_MISMATCH,True
2025-09-13T19:22:51Z,SA-0000715,sensor_cross_sensor,atk-0158,Sensor,ReadAll,AuditLog,East,DENY,ZONE_MISMATCH,True
2025-09-13T20:45:14Z,SA-0000716,sensor_cross_sensor,atk-0054,Sensor,ManageRoles,IrrigationControl,West,DENY,ROLE_INSUFFICIENT,True
2025-09-13T21:29:09Z,SA-0000717,sensor_cross_sensor,atk-0203,Sensor,WriteSensor,IrrigationControl,North,DENY,CERT_REVOKED,True
2025-09-13T23:50:13Z,SA-0000718,sensor_cross_sensor,atk-0133,Sensor,ReadAll,AuditLog,North,DENY,OP_NOT_PERMITTED,True
2025-09-14T00:50:03Z,SA-0000719,sensor_cross_sensor,atk-0434,Sensor,ControlZone,RoleAssignment,West,DENY,ROLE_INSUFFICIENT,True
2025-09-14T01:04:05Z,SA-0000720,sensor_cross_sensor,atk-0014,Sensor,ControlZone,SensorData,North,DENY,CERT_REVOKED,True
2025-09-14T01:11:08Z,SA-0000721,sensor_cross_sensor,atk-0061,Sensor,ReadAudit,RoleAssignment,South,DENY,CERT_REVOKED,True
2025-09-14T01:57:00Z,SA-0000722,sensor_cross_sensor,atk-0133,Sensor,WriteSensor,IrrigationControl,North,DENY,POLICY_VIOLATION,True
2025-09-14T03:00:21Z,SA-0000723,sensor_cross_sensor,atk-0141,Sensor,ReadAudit,SensorData,East,DENY,POLICY_VIOLATION,True
2025-09-14T03:32:09Z,SA-0000724,sensor_cross_sensor,atk-0346,Sensor,ControlZone,SensorData,East,DENY,CERT_REVOKED,True
2025-09-14T04:59:21Z,SA-0000725,sensor_cross_sensor,atk-0294,Sensor,ControlZone,AuditLog,North,DENY,CERT_REVOKED,True
2025-09-14T07:30:25Z,SA-0000726,sensor_cross_sensor,atk-0020,Sensor,ReadAll,AuditLog,West,DENY,ROLE_INSUFFICIENT,True
2025-09-14T07:35:03Z,SA-0000727,sensor_cross_sensor,atk-0030,Sensor,ReadAudit,RoleAssignment,East,DENY,CERT_REVOKED,True
2025-09-14T08:51:35Z,SA-0000728,sensor_cross_sensor,atk-0173,Sensor,ReadAudit,AuditLog,West,DENY,IDS_BLOCKED,True
2025-09-14T09:59:07Z,SA-0000729,sensor_cross_sensor,atk-0159,Sensor,WriteSensor,AuditLog,North,DENY,CERT_REVOKED,True
2025-09-14T10:46:55Z,SA-0000730,sensor_cross_sensor,atk-0111,Sensor,WriteSensor,RoleAssignment,West,DENY,POLICY_VIOLATION,True
2025-09-14T11:32:31Z,SA-0000731,sensor_cross_sensor,atk-0157,Sensor,ControlZone,SensorData,South,DENY,ROLE_INSUFFICIENT,True
2025-09-14T12:22:44Z,SA-0000732,sensor_cross_sensor,atk-0123,Sensor,ControlZone,AuditLog,North,DENY,OP_NOT_PERMITTED,True
2025-09-14T13:07:59Z,SA-0000733,sensor_cross_sensor,atk-0087,Sensor,ReadAll,AuditLog,South,DENY,ZONE_MISMATCH,True
2025-09-14T13:18:22Z,SA-0000734,sensor_cross_sensor,atk-0181,Sensor,ControlZone,SensorData,West,DENY,POLICY_VIOLATION,True
2025-09-14T13:29:05Z,SA-0000735,sensor_cross_sensor,atk-0201,Sensor,ReadAll,RoleAssignment,East,DENY,CERT_REVOKED,True
2025-09-14T13:52:17Z,SA-0000736,sensor_cross_sensor,atk-0022,Sensor,ControlZone,RoleAssignment,East,DENY,ROLE_INSUFFICIENT,True
2025-09-14T13:54:22Z,SA-0000737,sensor_cross_sensor,atk-0146,Sensor,ControlZone,RoleAssignment,West,DENY,ROLE_INSUFFICIENT,True
2025-09-14T15:16:53Z,SA-0000738,sensor_cross_sensor,atk-0331,Sensor,ReadAudit,AuditLog,North,DENY,OP_NOT_PERMITTED,True
2025-09-14T16:17:51Z,SA-0000739,sensor_cross_sensor,atk-0419,Sensor,WriteSensor,SensorData,North,DENY,CERT_REVOKED,True
2025-09-14T16:38:43Z,SA-0000740,sensor_cross_sensor,atk-0145,Sensor,ReadAudit,RoleAssignment,West,DENY,CERT_REVOKED,True
2025-09-14T17:04:47Z,SA-0000741,sensor_cross_sensor,atk-0094,Sensor,ReadAudit,AuditLog,South,DENY,OP_NOT_PERMITTED,True
2025-09-14T17:06:06Z,SA-0000742,sensor_cross_sensor,atk-0149,Sensor,ReadAll,IrrigationControl,South,DENY,POLICY_VIOLATION,True
2025-09-14T17:59:02Z,SA-0000743,sensor_cross_sensor,atk-0150,Sensor,ManageRoles,RoleAssignment,East,DENY,ROLE_INSUFFICIENT,True
2025-09-14T21:18:48Z,SA-0000744,sensor_cross_sensor,atk-0162,Sensor,WriteSensor,IrrigationControl,West,DENY,CERT_REVOKED,True
2025-09-14T22:07:03Z,SA-0000745,sensor_cross_sensor,atk-0297,Sensor,ControlZone,RoleAssignment,North,DENY,POLICY_VIOLATION,True
2025-09-15T03:38:01Z,SA-0000746,sensor_cross_sensor,atk-0050,Sensor,ControlZone,SensorData,East,DENY,ZONE_MISMATCH,True
2025-09-15T07:28:58Z,SA-0000747,sensor_cross_sensor,atk-0478,Sensor,ManageRoles,RoleAssignment,East,DENY,POLICY_VIOLATION,True
2025-09-15T08:22:43Z,SA-0000748,sensor_cross_sensor,atk-0486,Sensor,ReadAll,AuditLog,South,DENY,CERT_REVOKED,True
2025-09-15T08:25:52Z,SA-0000749,sensor_cross_sensor,atk-0275,Sensor,ControlZone,RoleAssignment,East,DENY,CERT_REVOKED,True
2025-09-15T10:31:42Z,SA-0000750,sensor_cross_sensor,atk-0185,Sensor,ControlZone,IrrigationControl,North,DENY,IDS_BLOCKED,True
2025-09-15T12:24:03Z,SA-0000751,sensor_cross_sensor,atk-0385,Sensor,ReadAudit,AuditLog,East,DENY,ROLE_INSUFFICIENT,True
2025-09-15T14:20:17Z,SA-0000752,sensor_cross_sensor,atk-0082,Sensor,ControlZone,AuditLog,West,DENY,CERT_REVOKED,True
2025-09-15T17:53:03Z,SA-0000753,sensor_cross_sensor,atk-0210,Sensor,ReadAll,AuditLog,North,DENY,POLICY_VIOLATION,True
2025-09-15T19:26:58Z,SA-0000754,sensor_cross_sensor,atk-0177,Sensor,WriteSensor,RoleAssignment,West,DENY,OP_NOT_PERMITTED,True
2025-09-15T20:09:31Z,SA-0000755,sensor_cross_sensor,atk-0489,Sensor,ControlZone,AuditLog,West,DENY,ZONE_MISMATCH,True
2025-09-15T21:38:11Z,SA-0000756,sensor_cross_sensor,atk-0219,Sensor,WriteSensor,RoleAssignment,West,DENY,POLICY_VIOLATION,True
2025-09-15T21:45:42Z,SA-0000757,sensor_cross_sensor,atk-0197,Sensor,WriteSensor,IrrigationControl,West,DENY,CERT_REVOKED,True
2025-09-15T22:30:08Z,SA-0000758,sensor_cross_sensor,atk-0273,Sensor,ManageRoles,RoleAssignment,West,DENY,ROLE_INSUFFICIENT,True
2025-09-15T23:46:34Z,SA-0000759,sensor_cross_sensor,atk-0400,Sensor,ManageRoles,AuditLog,South,DENY,ZONE_MISMATCH,True
2025-09-16T00:21:37Z,SA-0000760,sensor_cross_sensor,atk-0117,Sensor,ReadAudit,AuditLog,North,DENY,POLICY_VIOLATION,True
2025-09-16T03:51:55Z,SA-0000761,sensor_cross_sensor,atk-0115,Sensor,ReadAll,SensorData,East,DENY,ZONE_MISMATCH,True
2025-09-16T04:00:50Z,SA-0000762,sensor_cross_sensor,atk-0130,Sensor,ReadAudit,IrrigationControl,West,DENY,POLICY_VIOLATION,True
2025-09-16T07:49:42Z,SA-0000763,sensor_cross_sensor,atk-0317,Sensor,ControlZone,IrrigationControl,South,DENY,IDS_BLOCKED,True
2025-09-16T09:36:26Z,SA-0000764,sensor_cross_sensor,atk-0344,Sensor,ControlZone,IrrigationControl,South,DENY,POLICY_VIOLATION,True
2025-09-16T10:58:34Z,SA-0000765,sensor_cross_sensor,atk-0073,Sensor,ReadAll,SensorData,South,DENY,CERT_REVOKED,True
2025-09-16T11:45:14Z,SA-0000766,sensor_cross_sensor,atk-0496,Sensor,ManageRoles,RoleAssignment,East,DENY,ROLE_INSUFFICIENT,True
2025-09-16T15:45:58Z,SA-0000767,sensor_cross_sensor,atk-0405,Sensor,ControlZone,IrrigationControl,West,DENY,ROLE_INSUFFICIENT,True
2025-09-16T18:04:45Z,SA-0000768,sensor_cross_sensor,atk-0128,Sensor,ReadAll,RoleAssignment,North,DENY,IDS_BLOCKED,True
2025-09-16T18:29:37Z,SA-0000769,sensor_cross_sensor,atk-0492,Sensor,WriteSensor,AuditLog,West,DENY,ROLE_INSUFFICIENT,True
2025-09-16T20:28:08Z,SA-0000770,sensor_cross_sensor,atk-0257,Sensor,ManageRoles,IrrigationControl,North,DENY,ROLE_INSUFFICIENT,True
2025-09-16T20:32:25Z,SA-0000771,sensor_cross_sensor,atk-0388,Sensor,ManageRoles,AuditLog,South,DENY,CERT_REVOKED,True
2025-09-16T22:16:22Z,SA-0000772,sensor_cross_sensor,atk-0148,Sensor,ControlZone,RoleAssignment,South,DENY,ROLE_INSUFFICIENT,True
2025-09-16T23:33:02Z,SA-0000773,sensor_cross_sensor,atk-0121,Sensor,ManageRoles,RoleAssignment,North,DENY,OP_NOT_PERMITTED,True
2025-09-17T02:52:31Z,SA-0000774,sensor_cross_sensor,atk-0426,Sensor,ReadAudit,RoleAssignment,West,DENY,POLICY_VIOLATION,True
2025-09-17T03:27:37Z,SA-0000775,sensor_cross_sensor,atk-0082,Sensor,WriteSensor,RoleAssignment,West,DENY,OP_NOT_PERMITTED,True
2025-09-17T03:40:17Z,SA-0000776,sensor_cross_sensor,atk-0490,Sensor,ReadAudit,IrrigationControl,East,DENY,POLICY_VIOLATION,True
2025-09-17T05:35:11Z,SA-0000777,sensor_cross_sensor,atk-0250,Sensor,ManageRoles,RoleAssignment,North,DENY,OP_NOT_PERMITTED,True
2025-09-17T07:52:55Z,SA-0000778,sensor_cross_sensor,atk-0254,Sensor,ManageRoles,AuditLog,North,DENY,ROLE_INSUFFICIENT,True
2025-09-17T09:04:46Z,SA-0000779,sensor_cross_sensor,atk-0394,Sensor,ControlZone,SensorData,East,DENY,IDS_BLOCKED,True
2025-09-17T09:30:01Z,SA-0000780,sensor_cross_sensor,atk-0378,Sensor,ManageRoles,AuditLog,East,DENY,OP_NOT_PERMITTED,True
2025-09-17T11:39:26Z,SA-0000781,sensor_cross_sensor,atk-0084,Sensor,WriteSensor,RoleAssignment,North,DENY,OP_NOT_PERMITTED,True
2025-09-17T13:42:05Z,SA-0000782,sensor_cross_sensor,atk-0003,Sensor,WriteSensor,IrrigationControl,South,DENY,CERT_REVOKED,True
2025-09-17T14:02:45Z,SA-0000783,sensor_cross_sensor,atk-0233,Sensor,ReadAll,AuditLog,North,DENY,ROLE_INSUFFICIENT,True
2025-09-17T20:13:31Z,SA-0000784,sensor_cross_sensor,atk-0309,Sensor,WriteSensor,IrrigationControl,North,DENY,ROLE_INSUFFICIENT,True
2025-09-17T20:30:39Z,SA-0000785,sensor_cross_sensor,atk-0384,Sensor,WriteSensor,SensorData,South,DENY,CERT_REVOKED,True
2025-09-17T20:38:56Z,SA-0000786,sensor_cross_sensor,atk-0052,Sensor,ReadAll,RoleAssignment,South,DENY,ROLE_INSUFFICIENT,True
2025-09-17T20:38:56Z,SA-0000787,sensor_cross_sensor,atk-0116,Sensor,ControlZone,AuditLog,East,DENY,ZONE_MISMATCH,True
2025-09-18T00:59:33Z,SA-0000788,sensor_cross_sensor,atk-0475,Sensor,WriteSensor,RoleAssignment,West,DENY,OP_NOT_PERMITTED,True
2025-09-18T05:59:08Z,SA-0000789,sensor_cross_sensor,atk-0163,Sensor,ControlZone,RoleAssignment,South,DENY,ZONE_MISMATCH,True
2025-09-18T06:07:52Z,SA-0000790,sensor_cross_sensor,atk-0465,Sensor,ReadAudit,IrrigationControl,West,DENY,CERT_REVOKED,True
2025-09-18T06:43:25Z,SA-0000791,sensor_cross_sensor,atk-0168,Sensor,ReadAll,IrrigationControl,West,DENY,OP_NOT_PERMITTED,True
2025-09-18T07:01:39Z,SA-0000792,sensor_cross_sensor,atk-0148,Sensor,ReadAll,SensorData,South,DENY,ZONE_MISMATCH,True
2025-09-18T07:22:44Z,SA-0000793,sensor_cross_sensor,atk-0243,Sensor,ReadAudit,SensorData,East,DENY,IDS_BLOCKED,True
2025-09-18T10:14:28Z,SA-0000794,sensor_cross_sensor,atk-0096,Sensor,ReadAll,RoleAssignment,North,DENY,ROLE_INSUFFICIENT,True
2025-09-18T10:42:22Z,SA-0000795,sensor_cross_sensor,atk-0157,Sensor,ReadAll,RoleAssignment,South,DENY,ZONE_MISMATCH,True
2025-09-18T10:52:24Z,SA-0000796,sensor_cross_sensor,atk-0127,Sensor,ReadAudit,SensorData,East,DENY,ZONE_MISMATCH,True
2025-09-18T10:59:45Z,SA-0000797,sensor_cross_sensor,atk-0269,Sensor,ManageRoles,AuditLog,East,DENY,POLICY_VIOLATION,True
2025-09-18T12:32:25Z,SA-0000798,sensor_cross_sensor,atk-0265,Sensor,WriteSensor,IrrigationControl,South,DENY,OP_NOT_PERMITTED,True
2025-09-18T16:46:26Z,SA-0000799,sensor_cross_sensor,atk-0476,Sensor,ManageRoles,SensorData,West,DENY,ROLE_INSUFFICIENT,True
2025-09-18T17:02:30Z,SA-0000800,sensor_cross_sensor,atk-0488,Sensor,ReadAudit,IrrigationControl,West,DENY,IDS_BLOCKED,True
2025-09-18T17:22:13Z,SA-0000801,sensor_cross_sensor,atk-0202,Sensor,ManageRoles,SensorData,West,DENY,ZONE_MISMATCH,True
2025-09-18T18:25:10Z,SA-0000802,sensor_cross_sensor,atk-0137,Sensor,ReadAudit,RoleAssignment,East,DENY,CERT_REVOKED,True
2025-09-19T00:52:00Z,SA-0000803,sensor_cross_sensor,atk-0185,Sensor,WriteSensor,RoleAssignment,South,DENY,CERT_REVOKED,True
2025-09-19T01:25:04Z,SA-0000804,sensor_cross_sensor,atk-0134,Sensor,WriteSensor,RoleAssignment,North,DENY,ZONE_MISMATCH,True
2025-09-19T03:28:24Z,SA-0000805,sensor_cross_sensor,atk-0321,Sensor,ControlZone,SensorData,East,DENY,OP_NOT_PERMITTED,True
2025-09-19T07:32:34Z,SA-0000806,sensor_cross_sensor,atk-0447,Sensor,ControlZone,AuditLog,South,DENY,ZONE_MISMATCH,True
2025-09-19T09:26:01Z,SA-0000807,sensor_cross_sensor,atk-0054,Sensor,ControlZone,RoleAssignment,South,DENY,ZONE_MISMATCH,True
2025-09-19T10:27:12Z,SA-0000808,sensor_cross_sensor,atk-0197,Sensor,WriteSensor,IrrigationControl,West,DENY,ROLE_INSUFFICIENT,True
2025-09-19T12:43:53Z,SA-0000809,sensor_cross_sensor,atk-0487,Sensor,WriteSensor,SensorData,North,DENY,OP_NOT_PERMITTED,True
2025-09-19T13:06:53Z,SA-0000810,sensor_cross_sensor,atk-0110,Sensor,ControlZone,SensorData,West,DENY,ZONE_MISMATCH,True
2025-09-19T14:42:12Z,SA-0000811,sensor_cross_sensor,atk-0434,Sensor,WriteSensor,AuditLog,West,DENY,CERT_REVOKED,True
2025-09-19T15:09:11Z,SA-0000812,sensor_cross_sensor,atk-0265,Sensor,ManageRoles,IrrigationControl,North,DENY,CERT_REVOKED,True
2025-09-19T15:20:41Z,SA-0000813,sensor_cross_sensor,atk-0498,Sensor,WriteSensor,AuditLog,East,DENY,POLICY_VIOLATION,True
2025-09-19T15:42:21Z,SA-0000814,sensor_cross_sensor,atk-0286,Sensor,ReadAll,RoleAssignment,East,DENY,CERT_REVOKED,True
2025-09-19T16:18:43Z,SA-0000815,sensor_cross_sensor,atk-0363,Sensor,WriteSensor,AuditLog,West,DENY,CERT_REVOKED,True
2025-09-19T17:28:42Z,SA-0000816,sensor_cross_sensor,atk-0044,Sensor,ManageRoles,RoleAssignment,South,DENY,ZONE_MISMATCH,True
2025-09-19T17:55:44Z,SA-0000817,sensor_cross_sensor,atk-0296,Sensor,ReadAll,AuditLog,North,DENY,ROLE_INSUFFICIENT,True
2025-09-19T18:00:15Z,SA-0000818,sensor_cross_sensor,atk-0126,Sensor,ManageRoles,AuditLog,West,DENY,OP_NOT_PERMITTED,True
2025-09-19T18:09:22Z,SA-0000819,sensor_cross_sensor,atk-0196,Sensor,WriteSensor,AuditLog,West,DENY,ZONE_MISMATCH,True
2025-09-19T20:27:01Z,SA-0000820,sensor_cross_sensor,atk-0178,Sensor,ReadAll,SensorData,West,DENY,IDS_BLOCKED,True
2025-09-19T21:01:58Z,SA-0000821,sensor_cross_sensor,atk-0084,Sensor,ReadAudit,AuditLog,West,DENY,IDS_BLOCKED,True
2025-09-19T21:03:03Z,SA-0000822,sensor_cross_sensor,atk-0144,Sensor,WriteSensor,AuditLog,North,DENY,OP_NOT_PERMITTED,True
2025-09-19T22:16:20Z,SA-0000823,sensor_cross_sensor,atk-0370,Sensor,ControlZone,IrrigationControl,South,DENY,CERT_REVOKED,True
2025-09-19T23:33:06Z,SA-0000824,sensor_cross_sensor,atk-0310,Sensor,ReadAll,AuditLog,North,DENY,IDS_BLOCKED,True
2025-09-20T00:20:41Z,SA-0000825,sensor_cross_sensor,atk-0111,Sensor,ControlZone,RoleAssignment,North,DENY,IDS_BLOCKED,True
2025-09-20T01:02:24Z,SA-0000826,sensor_cross_sensor,atk-0476,Sensor,ControlZone,AuditLog,East,DENY,IDS_BLOCKED,True
2025-09-20T01:04:19Z,SA-0000827,sensor_cross_sensor,atk-0224,Sensor,ReadAll,IrrigationControl,South,DENY,OP_NOT_PERMITTED,True
2025-09-20T02:28:56Z,SA-0000828,sensor_cross_sensor,atk-0218,Sensor,ReadAudit,IrrigationControl,North,DENY,IDS_BLOCKED,True
2025-09-20T02:57:03Z,SA-0000829,sensor_cross_sensor,atk-0213,Sensor,ManageRoles,AuditLog,South,DENY,CERT_REVOKED,True
2025-09-20T04:01:54Z,SA-0000830,sensor_cross_sensor,atk-0254,Sensor,ReadAll,SensorData,East,DENY,ZONE_MISMATCH,True
2025-09-20T05:09:29Z,SA-0000831,sensor_cross_sensor,atk-0021,Sensor,ControlZone,AuditLog,South,DENY,IDS_BLOCKED,True
2025-09-20T08:53:36Z,SA-0000832,sensor_cross_sensor,atk-0311,Sensor,ReadAudit,RoleAssignment,South,DENY,ZONE_MISMATCH,True
2025-09-20T09:33:53Z,SA-0000833,sensor_cross_sensor,atk-0270,Sensor,ManageRoles,SensorData,East,DENY,ROLE_INSUFFICIENT,True
2025-09-20T13:40:51Z,SA-0000834,sensor_cross_sensor,atk-0025,Sensor,WriteSensor,AuditLog,East,DENY,POLICY_VIOLATION,True
2025-09-20T14:19:45Z,SA-0000835,sensor_cross_sensor,atk-0468,Sensor,WriteSensor,AuditLog,West,DENY,OP_NOT_PERMITTED,True
2025-09-20T16:42:44Z,SA-0000836,sensor_cross_sensor,atk-0139,Sensor,ReadAll,SensorData,South,DENY,ZONE_MISMATCH,True
2025-09-20T17:29:02Z,SA-0000837,sensor_cross_sensor,atk-0046,Sensor,ReadAll,IrrigationControl,East,DENY,POLICY_VIOLATION,True
2025-09-20T18:36:56Z,SA-0000838,sensor_cross_sensor,atk-0223,Sensor,WriteSensor,AuditLog,South,DENY,CERT_REVOKED,True
2025-09-20T19:31:29Z,SA-0000839,sensor_cross_sensor,atk-0073,Sensor,ManageRoles,RoleAssignment,East,DENY,CERT_REVOKED,True
2025-09-20T23:29:23Z,SA-0000840,sensor_cross_sensor,atk-0360,Sensor,ManageRoles,RoleAssignment,East,DENY,ZONE_MISMATCH,True
2025-09-20T23:53:06Z,SA-0000841,sensor_cross_sensor,atk-0127,Sensor,ControlZone,RoleAssignment,West,DENY,CERT_REVOKED,True
2025-09-21T01:07:29Z,SA-0000842,sensor_cross_sensor,atk-0133,Sensor,WriteSensor,RoleAssignment,North,DENY,CERT_REVOKED,True
2025-09-21T01:56:18Z,SA-0000843,sensor_cross_sensor,atk-0044,Sensor,WriteSensor,AuditLog,East,DENY,POLICY_VIOLATION,True
2025-09-21T03:54:00Z,SA-0000844,sensor_cross_sensor,atk-0308,Sensor,ReadAll,IrrigationControl,West,DENY,POLICY_VIOLATION,True
2025-09-21T04:01:24Z,SA-0000845,sensor_cross_sensor,atk-0421,Sensor,ManageRoles,AuditLog,West,DENY,POLICY_VIOLATION,True
2025-09-21T07:27:22Z,SA-0000846,sensor_cross_sensor,atk-0428,Sensor,ReadAll,IrrigationControl,East,DENY,ROLE_INSUFFICIENT,True
2025-09-21T08:28:21Z,SA-0000847,sensor_cross_sensor,atk-0066,Sensor,ManageRoles,IrrigationControl,South,DENY,IDS_BLOCKED,True
2025-09-21T08:28:32Z,SA-0000848,sensor_cross_sensor,atk-0107,Sensor,ReadAudit,AuditLog,West,DENY,POLICY_VIOLATION,True
2025-09-21T10:07:26Z,SA-0000849,sensor_cross_sensor,atk-0477,Sensor,WriteSensor,AuditLog,South,DENY,ZONE_MISMATCH,True
2025-09-21T10:50:07Z,SA-0000850,sensor_cross_sensor,atk-0219,Sensor,ControlZone,SensorData,West,DENY,CERT_REVOKED,True
2025-09-21T16:55:55Z,SA-0000851,sensor_cross_sensor,atk-0089,Sensor,ReadAudit,IrrigationControl,South,DENY,CERT_REVOKED,True
2025-09-21T18:12:43Z,SA-0000852,sensor_cross_sensor,atk-0224,Sensor,WriteSensor,RoleAssignment,West,DENY,OP_NOT_PERMITTED,True
2025-09-21T20:31:56Z,SA-0000853,sensor_cross_sensor,atk-0136,Sensor,ControlZone,AuditLog,East,DENY,ROLE_INSUFFICIENT,True
2025-09-21T21:27:50Z,SA-0000854,sensor_cross_sensor,atk-0342,Sensor,ReadAudit,RoleAssignment,West,DENY,POLICY_VIOLATION,True
2025-09-21T22:34:33Z,SA-0000855,sensor_cross_sensor,atk-0239,Sensor,ControlZone,IrrigationControl,North,DENY,OP_NOT_PERMITTED,True
2025-09-21T23:57:00Z,SA-0000856,sensor_cross_sensor,atk-0263,Sensor,ManageRoles,IrrigationControl,East,DENY,ZONE_MISMATCH,True
2025-09-22T00:06:57Z,SA-0000857,sensor_cross_sensor,atk-0118,Sensor,ReadAudit,RoleAssignment,North,DENY,IDS_BLOCKED,True
2025-09-22T00:44:03Z,SA-0000858,sensor_cross_sensor,atk-0043,Sensor,ReadAudit,IrrigationControl,East,DENY,ROLE_INSUFFICIENT,True
2025-09-22T03:25:01Z,SA-0000859,sensor_cross_sensor,atk-0287,Sensor,ControlZone,AuditLog,West,DENY,ZONE_MISMATCH,True
2025-09-22T08:55:37Z,SA-0000860,sensor_cross_sensor,atk-0489,Sensor,ReadAll,SensorData,East,DENY,ROLE_INSUFFICIENT,True
2025-09-22T10:07:50Z,SA-0000861,sensor_cross_sensor,atk-0119,Sensor,ReadAudit,RoleAssignment,East,DENY,IDS_BLOCKED,True
2025-09-22T10:10:55Z,SA-0000862,sensor_cross_sensor,atk-0294,Sensor,ReadAll,IrrigationControl,North,DENY,POLICY_VIOLATION,True
2025-09-22T10:14:47Z,SA-0000863,sensor_cross_sensor,atk-0175,Sensor,ManageRoles,RoleAssignment,East,DENY,CERT_REVOKED,True
2025-09-22T16:18:01Z,SA-0000864,sensor_cross_sensor,atk-0175,Sensor,ManageRoles,RoleAssignment,East,DENY,IDS_BLOCKED,True
2025-09-22T18:04:46Z,SA-0000865,sensor_cross_sensor,atk-0403,Sensor,WriteSensor,RoleAssignment,East,DENY,IDS_BLOCKED,True
2025-09-22T19:57:36Z,SA-0000866,sensor_cross_sensor,atk-0391,Sensor,ReadAudit,AuditLog,East,DENY,POLICY_VIOLATION,True
2025-09-22T21:06:45Z,SA-0000867,sensor_cross_sensor,atk-0464,Sensor,ReadAudit,RoleAssignment,North,DENY,CERT_REVOKED,True
2025-09-22T22:22:42Z,SA-0000868,sensor_cross_sensor,atk-0186,Sensor,ManageRoles,IrrigationControl,West,DENY,OP_NOT_PERMITTED,True
2025-09-23T01:17:54Z,SA-0000869,sensor_cross_sensor,atk-0248,Sensor,ReadAll,AuditLog,East,DENY,POLICY_VIOLATION,True
2025-09-23T05:17:54Z,SA-0000870,sensor_cross_sensor,atk-0480,Sensor,ManageRoles,AuditLog,South,DENY,CERT_REVOKED,True
2025-09-23T06:11:14Z,SA-0000871,sensor_cross_sensor,atk-0293,Sensor,ReadAll,IrrigationControl,West,DENY,CERT_REVOKED,True
2025-09-23T06:48:27Z,SA-0000872,sensor_cross_sensor,atk-0483,Sensor,ReadAll,RoleAssignment,West,DENY,CERT_REVOKED,True
2025-09-23T07:43:49Z,SA-0000873,sensor_cross_sensor,atk-0283,Sensor,ReadAll,RoleAssignment,West,DENY,ROLE_INSUFFICIENT,True
2025-09-23T08:26:44Z,SA-0000874,sensor_cross_sensor,atk-0361,Sensor,ReadAudit,AuditLog,North,DENY,CERT_REVOKED,True
2025-09-23T08:42:40Z,SA-0000875,sensor_cross_sensor,atk-0364,Sensor,ControlZone,RoleAssignment,North,DENY,OP_NOT_PERMITTED,True
2025-09-23T10:17:02Z,SA-0000876,sensor_cross_sensor,atk-0061,Sensor,ReadAudit,SensorData,West,DENY,IDS_BLOCKED,True
2025-09-23T11:25:51Z,SA-0000877,sensor_cross_sensor,atk-0241,Sensor,ReadAll,SensorData,North,DENY,CERT_REVOKED,True
2025-09-23T13:34:19Z,SA-0000878,sensor_cross_sensor,atk-0228,Sensor,ControlZone,IrrigationControl,West,DENY,POLICY_VIOLATION,True
2025-09-23T13:42:13Z,SA-0000879,sensor_cross_sensor,atk-0426,Sensor,ReadAudit,SensorData,West,DENY,IDS_BLOCKED,True
2025-09-23T16:04:34Z,SA-0000880,sensor_cross_sensor,atk-0288,Sensor,ReadAudit,SensorData,East,DENY,POLICY_VIOLATION,True
2025-09-23T17:07:59Z,SA-0000881,sensor_cross_sensor,atk-0095,Sensor,ControlZone,RoleAssignment,West,DENY,ROLE_INSUFFICIENT,True
2025-09-23T17:49:17Z,SA-0000882,sensor_cross_sensor,atk-0164,Sensor,ReadAll,RoleAssignment,North,DENY,IDS_BLOCKED,True
2025-09-23T18:36:33Z,SA-0000883,sensor_cross_sensor,atk-0048,Sensor,ReadAll,IrrigationControl,East,DENY,ZONE_MISMATCH,True
2025-09-23T21:24:54Z,SA-0000884,sensor_cross_sensor,atk-0052,Sensor,ManageRoles,IrrigationControl,West,DENY,IDS_BLOCKED,True
2025-09-23T22:02:52Z,SA-0000885,sensor_cross_sensor,atk-0275,Sensor,ReadAll,RoleAssignment,North,DENY,POLICY_VIOLATION,True
2025-09-23T23:05:08Z,SA-0000886,sensor_cross_sensor,atk-0120,Sensor,ControlZone,SensorData,West,DENY,IDS_BLOCKED,True
2025-09-24T00:08:42Z,SA-0000887,sensor_cross_sensor,atk-0298,Sensor,ManageRoles,AuditLog,South,DENY,POLICY_VIOLATION,True
2025-09-24T02:57:08Z,SA-0000888,sensor_cross_sensor,atk-0431,Sensor,WriteSensor,IrrigationControl,North,DENY,IDS_BLOCKED,True
2025-09-24T03:26:29Z,SA-0000889,sensor_cross_sensor,atk-0129,Sensor,ControlZone,SensorData,West,DENY,OP_NOT_PERMITTED,True
2025-09-24T04:31:04Z,SA-0000890,sensor_cross_sensor,atk-0070,Sensor,ReadAudit,IrrigationControl,North,DENY,OP_NOT_PERMITTED,True
2025-09-24T05:50:22Z,SA-0000891,sensor_cross_sensor,atk-0080,Sensor,WriteSensor,AuditLog,South,DENY,CERT_REVOKED,True
2025-09-24T10:36:41Z,SA-0000892,sensor_cross_sensor,atk-0214,Sensor,WriteSensor,IrrigationControl,South,DENY,ROLE_INSUFFICIENT,True
2025-09-24T10:40:12Z,SA-0000893,sensor_cross_sensor,atk-0166,Sensor,ManageRoles,AuditLog,North,DENY,OP_NOT_PERMITTED,True
2025-09-24T12:23:56Z,SA-0000894,sensor_cross_sensor,atk-0439,Sensor,WriteSensor,RoleAssignment,East,DENY,OP_NOT_PERMITTED,True
2025-09-24T12:55:23Z,SA-0000895,sensor_cross_sensor,atk-0166,Sensor,ReadAll,AuditLog,North,DENY,POLICY_VIOLATION,True
2025-09-24T16:29:33Z,SA-0000896,sensor_cross_sensor,atk-0215,Sensor,WriteSensor,IrrigationControl,West,DENY,OP_NOT_PERMITTED,True
2025-09-24T16:42:09Z,SA-0000897,sensor_cross_sensor,atk-0417,Sensor,WriteSensor,SensorData,East,DENY,CERT_REVOKED,True
2025-09-24T17:07:56Z,SA-0000898,sensor_cross_sensor,atk-0087,Sensor,ReadAudit,IrrigationControl,East,DENY,ZONE_MISMATCH,True
2025-09-24T17:16:25Z,SA-0000899,sensor_cross_sensor,atk-0221,Sensor,WriteSensor,AuditLog,East,DENY,POLICY_VIOLATION,True
2025-09-24T17:18:59Z,SA-0000900,sensor_cross_sensor,atk-0031,Sensor,ControlZone,IrrigationControl,East,DENY,ZONE_MISMATCH,True
2025-09-24T19:47:23Z,SA-0000901,sensor_cross_sensor,atk-0208,Sensor,ReadAll,SensorData,South,DENY,IDS_BLOCKED,True
2025-09-24T22:39:09Z,SA-0000902,sensor_cross_sensor,atk-0495,Sensor,WriteSensor,AuditLog,West,DENY,POLICY_VIOLATION,True
2025-09-24T23:42:49Z,SA-0000903,sensor_cross_sensor,atk-0495,Sensor,ManageRoles,AuditLog,West,DENY,POLICY_VIOLATION,True
2025-09-25T01:08:23Z,SA-0000904,sensor_cross_sensor,atk-0095,Sensor,WriteSensor,AuditLog,East,DENY,IDS_BLOCKED,True
2025-09-25T01:20:04Z,SA-0000905,sensor_cross_sensor,atk-0114,Sensor,WriteSensor,IrrigationControl,South,DENY,ROLE_INSUFFICIENT,True
2025-09-25T02:12:00Z,SA-0000906,sensor_cross_sensor,atk-0372,Sensor,WriteSensor,IrrigationControl,West,DENY,ZONE_MISMATCH,True
2025-09-25T02:58:10Z,SA-0000907,sensor_cross_sensor,atk-0055,Sensor,ReadAudit,AuditLog,North,DENY,CERT_REVOKED,True
2025-09-25T06:32:27Z,SA-0000908,sensor_cross_sensor,atk-0093,Sensor,ControlZone,RoleAssignment,North,DENY,ZONE_MISMATCH,True
2025-09-25T07:46:35Z,SA-0000909,sensor_cross_sensor,atk-0110,Sensor,WriteSensor,IrrigationControl,South,DENY,ROLE_INSUFFICIENT,True
2025-09-25T09:09:56Z,SA-0000910,sensor_cross_sensor,atk-0121,Sensor,ReadAudit,RoleAssignment,North,DENY,CERT_REVOKED,True
2025-09-25T10:50:53Z,SA-0000911,sensor_cross_sensor,atk-0482,Sensor,ManageRoles,IrrigationControl,West,DENY,OP_NOT_PERMITTED,True
2025-09-25T12:11:22Z,SA-0000912,sensor_cross_sensor,atk-0289,Sensor,ReadAll,AuditLog,South,DENY,CERT_REVOKED,True
2025-09-25T13:03:55Z,SA-0000913,sensor_cross_sensor,atk-0002,Sensor,ManageRoles,SensorData,North,DENY,ZONE_MISMATCH,True
2025-09-25T13:44:26Z,SA-0000914,sensor_cross_sensor,atk-0403,Sensor,ReadAudit,SensorData,West,DENY,POLICY_VIOLATION,True
2025-09-25T14:52:06Z,SA-0000915,sensor_cross_sensor,atk-0010,Sensor,ControlZone,IrrigationControl,North,DENY,OP_NOT_PERMITTED,True
2025-09-25T16:58:20Z,SA-0000916,sensor_cross_sensor,atk-0208,Sensor,ManageRoles,AuditLog,South,DENY,POLICY_VIOLATION,True
2025-09-25T19:05:04Z,SA-0000917,sensor_cross_sensor,atk-0482,Sensor,ControlZone,IrrigationControl,West,DENY,POLICY_VIOLATION,True
2025-09-25T21:49:37Z,SA-0000918,sensor_cross_sensor,atk-0184,Sensor,ReadAll,IrrigationControl,North,DENY,POLICY_VIOLATION,True
2025-09-25T22:34:32Z,SA-0000919,sensor_cross_sensor,atk-0371,Sensor,ReadAudit,IrrigationControl,North,DENY,ZONE_MISMATCH,True
2025-09-26T00:45:16Z,SA-0000920,sensor_cross_sensor,atk-0324,Sensor,ManageRoles,RoleAssignment,West,DENY,POLICY_VIOLATION,True
2025-09-26T02:00:53Z,SA-0000921,sensor_cross_sensor,atk-0346,Sensor,WriteSensor,IrrigationControl,North,DENY,POLICY_VIOLATION,True
2025-09-26T02:36:25Z,SA-0000922,sensor_cross_sensor,atk-0276,Sensor,ManageRoles,AuditLog,South,DENY,OP_NOT_PERMITTED,True
2025-09-26T05:00:18Z,SA-0000923,sensor_cross_sensor,atk-0315,Sensor,ReadAudit,IrrigationControl,West,DENY,ZONE_MISMATCH,True
2025-09-26T05:03:45Z,SA-0000924,sensor_cross_sensor,atk-0233,Sensor,ManageRoles,SensorData,West,DENY,ZONE_MISMATCH,True
2025-09-26T05:36:59Z,SA-0000925,sensor_cross_sensor,atk-0017,Sensor,ReadAll,AuditLog,West,DENY,CERT_REVOKED,True
2025-09-26T06:05:25Z,SA-0000926,sensor_cross_sensor,atk-0482,Sensor,ControlZone,AuditLog,South,DENY,POLICY_VIOLATION,True
2025-09-26T09:06:02Z,SA-0000927,sensor_cross_sensor,atk-0112,Sensor,ControlZone,RoleAssignment,East,DENY,ZONE_MISMATCH,True
2025-09-26T10:08:53Z,SA-0000928,sensor_cross_sensor,atk-0049,Sensor,ManageRoles,AuditLog,East,DENY,ROLE_INSUFFICIENT,True
2025-09-26T10:33:21Z,SA-0000929,sensor_cross_sensor,atk-0264,Sensor,ManageRoles,IrrigationControl,East,DENY,POLICY_VIOLATION,True
2025-09-26T11:03:22Z,SA-0000930,sensor_cross_sensor,atk-0054,Sensor,ReadAll,AuditLog,North,DENY,CERT_REVOKED,True
2025-09-26T12:05:59Z,SA-0000931,sensor_cross_sensor,atk-0238,Sensor,ControlZone,AuditLog,South,DENY,CERT_REVOKED,True
2025-09-26T13:41:27Z,SA-0000932,sensor_cross_sensor,atk-0445,Sensor,WriteSensor,SensorData,West,DENY,OP_NOT_PERMITTED,True
2025-09-26T15:44:30Z,SA-0000933,sensor_cross_sensor,atk-0207,Sensor,ReadAll,RoleAssignment,South,DENY,POLICY_VIOLATION,True
2025-09-26T16:02:11Z,SA-0000934,sensor_cross_sensor,atk-0206,Sensor,ReadAll,IrrigationControl,West,DENY,IDS_BLOCKED,True
2025-09-26T17:00:35Z,SA-0000935,sensor_cross_sensor,atk-0393,Sensor,ReadAll,SensorData,West,DENY,POLICY_VIOLATION,True
2025-09-26T17:06:16Z,SA-0000936,sensor_cross_sensor,atk-0093,Sensor,WriteSensor,SensorData,East,DENY,CERT_REVOKED,True
2025-09-26T17:55:31Z,SA-0000937,sensor_cross_sensor,atk-0024,Sensor,ReadAll,RoleAssignment,South,DENY,IDS_BLOCKED,True
2025-09-26T18:58:12Z,SA-0000938,sensor_cross_sensor,atk-0438,Sensor,ManageRoles,SensorData,East,DENY,OP_NOT_PERMITTED,True
2025-09-26T21:30:26Z,SA-0000939,sensor_cross_sensor,atk-0323,Sensor,ReadAudit,SensorData,East,DENY,ROLE_INSUFFICIENT,True
2025-09-27T00:57:59Z,SA-0000940,sensor_cross_sensor,atk-0148,Sensor,ManageRoles,SensorData,South,DENY,IDS_BLOCKED,True
2025-09-27T04:11:34Z,SA-0000941,sensor_cross_sensor,atk-0204,Sensor,ReadAudit,RoleAssignment,West,DENY,ZONE_MISMATCH,True
2025-09-27T04:40:17Z,SA-0000942,sensor_cross_sensor,atk-0004,Sensor,ManageRoles,AuditLog,North,DENY,CERT_REVOKED,True
2025-09-27T05:51:58Z,SA-0000943,sensor_cross_sensor,atk-0121,Sensor,ReadAll,RoleAssignment,East,DENY,CERT_REVOKED,True
2025-09-27T06:35:03Z,SA-0000944,sensor_cross_sensor,atk-0411,Sensor,ControlZone,IrrigationControl,South,DENY,ZONE_MISMATCH,True
2025-09-27T07:33:31Z,SA-0000945,sensor_cross_sensor,atk-0470,Sensor,ReadAll,RoleAssignment,West,DENY,ROLE_INSUFFICIENT,True
2025-09-27T07:53:29Z,SA-0000946,sensor_cross_sensor,atk-0428,Sensor,ManageRoles,IrrigationControl,West,DENY,ROLE_INSUFFICIENT,True
2025-09-27T08:57:23Z,SA-0000947,sensor_cross_sensor,atk-0403,Sensor,ReadAll,IrrigationControl,North,DENY,IDS_BLOCKED,True
2025-09-27T08:59:06Z,SA-0000948,sensor_cross_sensor,atk-0268,Sensor,ControlZone,AuditLog,East,DENY,OP_NOT_PERMITTED,True
2025-09-27T09:51:26Z,SA-0000949,sensor_cross_sensor,atk-0137,Sensor,WriteSensor,RoleAssignment,South,DENY,ROLE_INSUFFICIENT,True
2025-09-27T13:43:59Z,SA-0000950,sensor_cross_sensor,atk-0285,Sensor,ControlZone,SensorData,North,DENY,POLICY_VIOLATION,True
2025-09-27T17:29:33Z,SA-0000951,sensor_cross_sensor,atk-0168,Sensor,ControlZone,AuditLog,South,DENY,OP_NOT_PERMITTED,True
2025-09-27T17:45:47Z,SA-0000952,sensor_cross_sensor,atk-0388,Sensor,ReadAudit,AuditLog,West,DENY,IDS_BLOCKED,True
2025-09-27T22:18:58Z,SA-0000953,sensor_cross_sensor,atk-0383,Sensor,ManageRoles,IrrigationControl,North,DENY,CERT_REVOKED,True
2025-09-28T00:44:06Z,SA-0000954,sensor_cross_sensor,atk-0194,Sensor,ReadAll,SensorData,East,DENY,ROLE_INSUFFICIENT,True
2025-09-28T02:23:41Z,SA-0000955,sensor_cross_sensor,atk-0413,Sensor,ManageRoles,AuditLog,West,DENY,OP_NOT_PERMITTED,True
2025-09-28T03:27:49Z,SA-0000956,sensor_cross_sensor,atk-0337,Sensor,ManageRoles,IrrigationControl,West,DENY,IDS_BLOCKED,True
2025-09-28T05:08:35Z,SA-0000957,sensor_cross_sensor,atk-0127,Sensor,ReadAudit,IrrigationControl,South,DENY,ZONE_MISMATCH,True
2025-09-28T05:51:09Z,SA-0000958,sensor_cross_sensor,atk-0184,Sensor,ReadAll,RoleAssignment,West,DENY,POLICY_VIOLATION,True
2025-09-28T10:10:48Z,SA-0000959,sensor_cross_sensor,atk-0256,Sensor,WriteSensor,RoleAssignment,West,DENY,ZONE_MISMATCH,True
2025-09-28T13:33:14Z,SA-0000960,sensor_cross_sensor,atk-0027,Sensor,ControlZone,RoleAssignment,South,DENY,CERT_REVOKED,True
2025-09-28T15:38:11Z,SA-0000961,sensor_cross_sensor,atk-0429,Sensor,ManageRoles,AuditLog,West,DENY,ROLE_INSUFFICIENT,True
2025-09-28T15:44:22Z,SA-0000962,sensor_cross_sensor,atk-0156,Sensor,WriteSensor,AuditLog,West,DENY,CERT_REVOKED,True
2025-09-28T16:11:56Z,SA-0000963,sensor_cross_sensor,atk-0308,Sensor,ReadAudit,SensorData,North,DENY,IDS_BLOCKED,True
2025-09-28T16:29:11Z,SA-0000964,sensor_cross_sensor,atk-0416,Sensor,ControlZone,AuditLog,West,DENY,CERT_REVOKED,True
2025-09-28T16:38:36Z,SA-0000965,sensor_cross_sensor,atk-0444,Sensor,ControlZone,AuditLog,East,DENY,ROLE_INSUFFICIENT,True
2025-09-28T18:04:08Z,SA-0000966,sensor_cross_sensor,atk-0034,Sensor,ManageRoles,SensorData,West,DENY,CERT_REVOKED,True
2025-09-28T18:18:40Z,SA-0000967,sensor_cross_sensor,atk-0024,Sensor,ManageRoles,SensorData,North,DENY,ROLE_INSUFFICIENT,True
2025-09-28T22:14:04Z,SA-0000968,sensor_cross_sensor,atk-0214,Sensor,ManageRoles,SensorData,East,DENY,IDS_BLOCKED,True
2025-09-29T00:51:53Z,SA-0000969,sensor_cross_sensor,atk-0159,Sensor,WriteSensor,SensorData,East,DENY,ROLE_INSUFFICIENT,True
2025-09-29T06:33:09Z,SA-0000970,sensor_cross_sensor,atk-0064,Sensor,ReadAudit,SensorData,West,DENY,ZONE_MISMATCH,True
2025-09-29T07:06:27Z,SA-0000971,sensor_cross_sensor,atk-0092,Sensor,ControlZone,AuditLog,North,DENY,POLICY_VIOLATION,True
2025-09-29T08:02:12Z,SA-0000972,sensor_cross_sensor,atk-0238,Sensor,WriteSensor,SensorData,South,DENY,ROLE_INSUFFICIENT,True
2025-09-29T12:08:34Z,SA-0000973,sensor_cross_sensor,atk-0206,Sensor,WriteSensor,RoleAssignment,West,DENY,IDS_BLOCKED,True
2025-09-29T13:04:44Z,SA-0000974,sensor_cross_sensor,atk-0415,Sensor,ReadAudit,AuditLog,West,DENY,IDS_BLOCKED,True
2025-09-29T14:56:09Z,SA-0000975,sensor_cross_sensor,atk-0320,Sensor,ManageRoles,IrrigationControl,East,DENY,ROLE_INSUFFICIENT,True
2025-09-29T15:47:34Z,SA-0000976,sensor_cross_sensor,atk-0380,Sensor,ReadAudit,RoleAssignment,West,DENY,ROLE_INSUFFICIENT,True
2025-09-29T18:06:07Z,SA-0000977,sensor_cross_sensor,atk-0270,Sensor,ReadAudit,IrrigationControl,South,DENY,CERT_REVOKED,True
2025-09-29T18:12:47Z,SA-0000978,sensor_cross_sensor,atk-0292,Sensor,WriteSensor,IrrigationControl,South,DENY,ROLE_INSUFFICIENT,True
2025-09-29T19:35:26Z,SA-0000979,sensor_cross_sensor,atk-0417,Sensor,ReadAll,SensorData,West,DENY,IDS_BLOCKED,True
2025-09-29T20:02:52Z,SA-0000980,sensor_cross_sensor,atk-0436,Sensor,WriteSensor,AuditLog,West,DENY,OP_NOT_PERMITTED,True
2025-09-29T20:58:19Z,SA-0000981,sensor_cross_sensor,atk-0206,Sensor,ManageRoles,SensorData,West,DENY,ZONE_MISMATCH,True
2025-09-29T22:06:09Z,SA-0000982,sensor_cross_sensor,atk-0053,Sensor,ReadAudit,RoleAssignment,South,DENY,ROLE_INSUFFICIENT,True
2025-09-30T00:06:17Z,SA-0000983,sensor_cross_sensor,atk-0330,Sensor,WriteSensor,AuditLog,East,DENY,CERT_REVOKED,True
2025-09-30T01:41:28Z,SA-0000984,sensor_cross_sensor,atk-0026,Sensor,ManageRoles,IrrigationControl,South,DENY,POLICY_VIOLATION,True
2025-09-30T02:06:26Z,SA-0000985,sensor_cross_sensor,atk-0152,Sensor,ReadAudit,AuditLog,North,DENY,ZONE_MISMATCH,True
2025-09-30T02:16:32Z,SA-0000986,sensor_cross_sensor,atk-0286,Sensor,ManageRoles,IrrigationControl,North,DENY,IDS_BLOCKED,True
2025-09-30T04:44:36Z,SA-0000987,sensor_cross_sensor,atk-0363,Sensor,ControlZone,SensorData,East,DENY,OP_NOT_PERMITTED,True
2025-09-30T07:40:50Z,SA-0000988,sensor_cross_sensor,atk-0322,Sensor,ManageRoles,SensorData,South,DENY,ZONE_MISMATCH,True
2025-09-30T08:04:30Z,SA-0000989,sensor_cross_sensor,atk-0242,Sensor,ReadAll,SensorData,North,DENY,ZONE_MISMATCH,True
2025-09-30T08:25:04Z,SA-0000990,sensor_cross_sensor,atk-0189,Sensor,ReadAudit,IrrigationControl,West,DENY,IDS_BLOCKED,True
2025-09-30T10:05:25Z,SA-0000991,sensor_cross_sensor,atk-0109,Sensor,ReadAll,IrrigationControl,South,DENY,IDS_BLOCKED,True
2025-09-30T11:30:50Z,SA-0000992,sensor_cross_sensor,atk-0179,Sensor,ReadAudit,SensorData,East,DENY,OP_NOT_PERMITTED,True
2025-09-30T13:11:45Z,SA-0000993,sensor_cross_sensor,atk-0246,Sensor,ReadAudit,IrrigationControl,North,DENY,IDS_BLOCKED,True
2025-09-30T13:12:24Z,SA-0000994,sensor_cross_sensor,atk-0440,Sensor,ReadAll,SensorData,North,DENY,OP_NOT_PERMITTED,True
2025-09-30T16:39:55Z,SA-0000995,sensor_cross_sensor,atk-0068,Sensor,ReadAudit,SensorData,South,DENY,POLICY_VIOLATION,True
2025-09-30T18:16:14Z,SA-0000996,sensor_cross_sensor,atk-0427,Sensor,ManageRoles,SensorData,South,DENY,POLICY_VIOLATION,True
2025-09-30T18:25:01Z,SA-0000997,sensor_cross_sensor,atk-0375,Sensor,ManageRoles,SensorData,East,DENY,OP_NOT_PERMITTED,True
2025-09-30T19:50:27Z,SA-0000998,sensor_cross_sensor,atk-0175,Sensor,WriteSensor,RoleAssignment,West,DENY,ROLE_INSUFFICIENT,True
2025-09-30T20:20:31Z,SA-0000999,sensor_cross_sensor,atk-0012,Sensor,ManageRoles,RoleAssignment,North,DENY,ROLE_INSUFFICIENT,True
2025-09-30T21:29:10Z,SA-0001000,sensor_cross_sensor,atk-0124,Sensor,ControlZone,SensorData,West,DENY,ROLE_INSUFFICIENT,True
2025-08-01T01:08:56Z,SA-0001001,sensor_irrigation,atk-0220,Sensor,ReadAll,SensorData,West,DENY,ROLE_INSUFFICIENT,True
2025-08-01T02:08:22Z,SA-0001002,sensor_irrigation,atk-0496,Sensor,ReadAudit,AuditLog,North,DENY,IDS_BLOCKED,True
2025-08-01T03:09:40Z,SA-0001003,sensor_irrigation,atk-0185,Sensor,ReadAll,SensorData,South,DENY,IDS_BLOCKED,True
2025-08-01T03:47:08Z,SA-0001004,sensor_irrigation,atk-0179,Sensor,WriteSensor,RoleAssignment,West,DENY,ROLE_INSUFFICIENT,True
2025-08-01T06:54:25Z,SA-0001005,sensor_irrigation,atk-0497,Sensor,WriteSensor,SensorData,North,DENY,POLICY_VIOLATION,True
2025-08-01T09:03:43Z,SA-0001006,sensor_irrigation,atk-0204,Sensor,ManageRoles,IrrigationControl,South,DENY,ROLE_INSUFFICIENT,True
2025-08-01T11:10:01Z,SA-0001007,sensor_irrigation,atk-0048,Sensor,WriteSensor,AuditLog,East,DENY,IDS_BLOCKED,True
2025-08-01T12:40:59Z,SA-0001008,sensor_irrigation,atk-0491,Sensor,ReadAll,RoleAssignment,East,DENY,IDS_BLOCKED,True
2025-08-01T15:30:07Z,SA-0001009,sensor_irrigation,atk-0068,Sensor,ManageRoles,RoleAssignment,East,DENY,OP_NOT_PERMITTED,True
2025-08-01T16:09:08Z,SA-0001010,sensor_irrigation,atk-0008,Sensor,WriteSensor,AuditLog,North,DENY,IDS_BLOCKED,True
2025-08-01T17:46:45Z,SA-0001011,sensor_irrigation,atk-0297,Sensor,ControlZone,RoleAssignment,South,DENY,IDS_BLOCKED,True
2025-08-01T19:47:04Z,SA-0001012,sensor_irrigation,atk-0458,Sensor,ReadAudit,AuditLog,South,DENY,POLICY_VIOLATION,True
2025-08-01T20:06:52Z,SA-0001013,sensor_irrigation,atk-0497,Sensor,ReadAll,IrrigationControl,South,DENY,ROLE_INSUFFICIENT,True
2025-08-01T21:34:12Z,SA-0001014,sensor_irrigation,atk-0499,Sensor,ManageRoles,IrrigationControl,East,DENY,CERT_REVOKED,True
2025-08-01T23:55:54Z,SA-0001015,sensor_irrigation,atk-0127,Sensor,ManageRoles,SensorData,East,DENY,ROLE_INSUFFICIENT,True
2025-08-02T01:16:54Z,SA-0001016,sensor_irrigation,atk-0239,Sensor,ReadAll,IrrigationControl,South,DENY,ZONE_MISMATCH,True
2025-08-02T03:11:46Z,SA-0001017,sensor_irrigation,atk-0169,Sensor,ReadAudit,IrrigationControl,West,DENY,ROLE_INSUFFICIENT,True
2025-08-02T04:42:37Z,SA-0001018,sensor_irrigation,atk-0244,Sensor,ReadAll,RoleAssignment,South,DENY,OP_NOT_PERMITTED,True
2025-08-02T05:57:41Z,SA-0001019,sensor_irrigation,atk-0195,Sensor,WriteSensor,RoleAssignment,West,DENY,IDS_BLOCKED,True
2025-08-02T08:02:16Z,SA-0001020,sensor_irrigation,atk-0078,Sensor,ReadAll,IrrigationControl,South,DENY,ROLE_INSUFFICIENT,True
2025-08-02T09:57:41Z,SA-0001021,sensor_irrigation,atk-0145,Sensor,ReadAll,IrrigationControl,East,DENY,OP_NOT_PERMITTED,True
2025-08-02T12:13:12Z,SA-0001022,sensor_irrigation,atk-0148,Sensor,ManageRoles,SensorData,North,DENY,ROLE_INSUFFICIENT,True
2025-08-02T13:03:58Z,SA-0001023,sensor_irrigation,atk-0215,Sensor,ManageRoles,SensorData,East,DENY,POLICY_VIOLATION,True
2025-08-02T13:57:24Z,SA-0001024,sensor_irrigation,atk-0255,Sensor,WriteSensor,SensorData,East,DENY,ROLE_INSUFFICIENT,True
2025-08-02T14:30:56Z,SA-0001025,sensor_irrigation,atk-0293,Sensor,WriteSensor,AuditLog,North,DENY,IDS_BLOCKED,True
2025-08-02T18:25:37Z,SA-0001026,sensor_irrigation,atk-0226,Sensor,ReadAll,SensorData,North,DENY,CERT_REVOKED,True
2025-08-02T18:49:45Z,SA-0001027,sensor_irrigation,atk-0200,Sensor,ManageRoles,IrrigationControl,North,DENY,ZONE_MISMATCH,True
2025-08-02T19:00:40Z,SA-0001028,sensor_irrigation,atk-0364,Sensor,ReadAudit,SensorData,North,DENY,IDS_BLOCKED,True
2025-08-02T21:27:27Z,SA-0001029,sensor_irrigation,atk-0285,Sensor,WriteSensor,RoleAssignment,East,DENY,IDS_BLOCKED,True
2025-08-02T21:32:09Z,SA-0001030,sensor_irrigation,atk-0491,Sensor,ReadAll,AuditLog,North,DENY,CERT_REVOKED,True
2025-08-02T21:34:40Z,SA-0001031,sensor_irrigation,atk-0068,Sensor,WriteSensor,SensorData,West,DENY,IDS_BLOCKED,True
2025-08-02T23:42:19Z,SA-0001032,sensor_irrigation,atk-0366,Sensor,ControlZone,IrrigationControl,West,DENY,ROLE_INSUFFICIENT,True
2025-08-02T23:56:58Z,SA-0001033,sensor_irrigation,atk-0187,Sensor,ControlZone,RoleAssignment,West,DENY,IDS_BLOCKED,True
2025-08-03T03:04:25Z,SA-0001034,sensor_irrigation,atk-0328,Sensor,WriteSensor,IrrigationControl,North,DENY,POLICY_VIOLATION,True
2025-08-03T04:10:53Z,SA-0001035,sensor_irrigation,atk-0464,Sensor,ManageRoles,SensorData,West,DENY,POLICY_VIOLATION,True
2025-08-03T06:21:27Z,SA-0001036,sensor_irrigation,atk-0054,Sensor,ManageRoles,SensorData,South,DENY,CERT_REVOKED,True
2025-08-03T09:53:48Z,SA-0001037,sensor_irrigation,atk-0055,Sensor,ReadAll,SensorData,North,DENY,ZONE_MISMATCH,True
2025-08-03T11:24:21Z,SA-0001038,sensor_irrigation,atk-0263,Sensor,ReadAll,SensorData,West,DENY,POLICY_VIOLATION,True
2025-08-03T12:05:23Z,SA-0001039,sensor_irrigation,atk-0114,Sensor,ReadAudit,IrrigationControl,East,DENY,OP_NOT_PERMITTED,True
2025-08-03T14:49:02Z,SA-0001040,sensor_irrigation,atk-0078,Sensor,WriteSensor,RoleAssignment,West,DENY,IDS_BLOCKED,True
2025-08-03T15:44:48Z,SA-0001041,sensor_irrigation,atk-0424,Sensor,ReadAudit,SensorData,East,DENY,CERT_REVOKED,True
2025-08-03T16:21:53Z,SA-0001042,sensor_irrigation,atk-0165,Sensor,WriteSensor,SensorData,West,DENY,ZONE_MISMATCH,True
2025-08-03T19:58:55Z,SA-0001043,sensor_irrigation,atk-0401,Sensor,ControlZone,RoleAssignment,East,DENY,ZONE_MISMATCH,True
2025-08-03T20:05:00Z,SA-0001044,sensor_irrigation,atk-0254,Sensor,ControlZone,IrrigationControl,South,DENY,OP_NOT_PERMITTED,True
2025-08-04T00:49:16Z,SA-0001045,sensor_irrigation,atk-0471,Sensor,ReadAudit,SensorData,South,DENY,IDS_BLOCKED,True
2025-08-04T02:53:07Z,SA-0001046,sensor_irrigation,atk-0297,Sensor,ReadAll,RoleAssignment,West,DENY,IDS_BLOCKED,True
2025-08-04T03:46:39Z,SA-0001047,sensor_irrigation,atk-0005,Sensor,ReadAudit,IrrigationControl,North,DENY,ZONE_MISMATCH,True
2025-08-04T08:05:09Z,SA-0001048,sensor_irrigation,atk-0101,Sensor,ManageRoles,AuditLog,West,DENY,CERT_REVOKED,True
2025-08-04T08:15:40Z,SA-0001049,sensor_irrigation,atk-0466,Sensor,ManageRoles,SensorData,East,DENY,ZONE_MISMATCH,True
2025-08-04T08:39:30Z,SA-0001050,sensor_irrigation,atk-0227,Sensor,WriteSensor,IrrigationControl,South,DENY,ZONE_MISMATCH,True
2025-08-04T10:51:52Z,SA-0001051,sensor_irrigation,atk-0490,Sensor,ReadAll,RoleAssignment,East,DENY,ROLE_INSUFFICIENT,True
2025-08-04T11:39:42Z,SA-0001052,sensor_irrigation,atk-0218,Sensor,ReadAll,AuditLog,South,DENY,ROLE_INSUFFICIENT,True
2025-08-04T12:40:34Z,SA-0001053,sensor_irrigation,atk-0340,Sensor,ReadAll,IrrigationControl,North,DENY,ZONE_MISMATCH,True
2025-08-04T12:58:40Z,SA-0001054,sensor_irrigation,atk-0355,Sensor,ManageRoles,IrrigationControl,East,DENY,POLICY_VIOLATION,True
2025-08-04T17:21:30Z,SA-0001055,sensor_irrigation,atk-0057,Sensor,ReadAll,IrrigationControl,East,DENY,ROLE_INSUFFICIENT,True
2025-08-04T19:03:55Z,SA-0001056,sensor_irrigation,atk-0418,Sensor,ReadAudit,IrrigationControl,East,DENY,ZONE_MISMATCH,True
2025-08-04T21:55:03Z,SA-0001057,sensor_irrigation,atk-0339,Sensor,ControlZone,SensorData,North,DENY,ROLE_INSUFFICIENT,True
2025-08-04T23:42:41Z,SA-0001058,sensor_irrigation,atk-0235,Sensor,ReadAll,AuditLog,West,DENY,POLICY_VIOLATION,True
2025-08-04T23:42:48Z,SA-0001059,sensor_irrigation,atk-0283,Sensor,ReadAudit,RoleAssignment,North,DENY,POLICY_VIOLATION,True
2025-08-05T02:33:39Z,SA-0001060,sensor_irrigation,atk-0482,Sensor,ManageRoles,IrrigationControl,North,DENY,CERT_REVOKED,True
2025-08-05T03:34:51Z,SA-0001061,sensor_irrigation,atk-0251,Sensor,WriteSensor,IrrigationControl,South,DENY,OP_NOT_PERMITTED,True
2025-08-05T04:35:57Z,SA-0001062,sensor_irrigation,atk-0293,Sensor,ControlZone,AuditLog,East,DENY,POLICY_VIOLATION,True
2025-08-05T04:40:24Z,SA-0001063,sensor_irrigation,atk-0450,Sensor,ReadAll,IrrigationControl,West,DENY,ROLE_INSUFFICIENT,True
2025-08-05T04:51:38Z,SA-0001064,sensor_irrigation,atk-0269,Sensor,ReadAll,IrrigationControl,South,DENY,CERT_REVOKED,True
2025-08-05T05:04:06Z,SA-0001065,sensor_irrigation,atk-0316,Sensor,ControlZone,IrrigationControl,South,DENY,ROLE_INSUFFICIENT,True
2025-08-05T07:42:34Z,SA-0001066,sensor_irrigation,atk-0398,Sensor,ReadAll,AuditLog,East,DENY,IDS_BLOCKED,True
2025-08-05T08:53:29Z,SA-0001067,sensor_irrigation,atk-0004,Sensor,ManageRoles,SensorData,East,DENY,ROLE_INSUFFICIENT,True
2025-08-05T09:56:49Z,SA-0001068,sensor_irrigation,atk-0429,Sensor,ManageRoles,RoleAssignment,North,DENY,POLICY_VIOLATION,True
2025-08-05T10:44:32Z,SA-0001069,sensor_irrigation,atk-0497,Sensor,ControlZone,AuditLog,West,DENY,OP_NOT_PERMITTED,True
2025-08-05T12:07:57Z,SA-0001070,sensor_irrigation,atk-0130,Sensor,ControlZone,AuditLog,West,DENY,CERT_REVOKED,True
2025-08-05T14:47:18Z,SA-0001071,sensor_irrigation,atk-0403,Sensor,ReadAudit,IrrigationControl,East,DENY,IDS_BLOCKED,True
2025-08-05T16:12:22Z,SA-0001072,sensor_irrigation,atk-0046,Sensor,ReadAll,AuditLog,West,DENY,IDS_BLOCKED,True
2025-08-05T16:31:59Z,SA-0001073,sensor_irrigation,atk-0388,Sensor,ControlZone,IrrigationControl,East,DENY,OP_NOT_PERMITTED,True
2025-08-05T20:49:07Z,SA-0001074,sensor_irrigation,atk-0268,Sensor,ReadAudit,SensorData,North,DENY,ZONE_MISMATCH,True
2025-08-05T21:37:35Z,SA-0001075,sensor_irrigation,atk-0434,Sensor,WriteSensor,AuditLog,South,DENY,ROLE_INSUFFICIENT,True
2025-08-05T21:42:45Z,SA-0001076,sensor_irrigation,atk-0383,Sensor,ReadAudit,AuditLog,North,DENY,ROLE_INSUFFICIENT,True
2025-08-05T21:52:07Z,SA-0001077,sensor_irrigation,atk-0413,Sensor,ManageRoles,SensorData,South,DENY,CERT_REVOKED,True
2025-08-05T22:16:10Z,SA-0001078,sensor_irrigation,atk-0064,Sensor,WriteSensor,AuditLog,North,DENY,ROLE_INSUFFICIENT,True
2025-08-05T23:14:14Z,SA-0001079,sensor_irrigation,atk-0208,Sensor,WriteSensor,AuditLog,North,DENY,ROLE_INSUFFICIENT,True
2025-08-06T01:06:02Z,SA-0001080,sensor_irrigation,atk-0273,Sensor,WriteSensor,RoleAssignment,East,DENY,ROLE_INSUFFICIENT,True
2025-08-06T02:04:59Z,SA-0001081,sensor_irrigation,atk-0211,Sensor,ManageRoles,SensorData,East,DENY,ZONE_MISMATCH,True
2025-08-06T02:20:32Z,SA-0001082,sensor_irrigation,atk-0066,Sensor,ReadAudit,IrrigationControl,West,DENY,ZONE_MISMATCH,True
2025-08-06T02:22:10Z,SA-0001083,sensor_irrigation,atk-0238,Sensor,ManageRoles,AuditLog,South,DENY,ROLE_INSUFFICIENT,True
2025-08-06T05:25:36Z,SA-0001084,sensor_irrigation,atk-0338,Sensor,ReadAudit,RoleAssignment,East,DENY,POLICY_VIOLATION,True
2025-08-06T06:10:53Z,SA-0001085,sensor_irrigation,atk-0379,Sensor,WriteSensor,SensorData,South,DENY,ROLE_INSUFFICIENT,True
2025-08-06T09:52:20Z,SA-0001086,sensor_irrigation,atk-0481,Sensor,ReadAudit,SensorData,East,DENY,OP_NOT_PERMITTED,True
2025-08-06T12:35:25Z,SA-0001087,sensor_irrigation,atk-0421,Sensor,ReadAll,RoleAssignment,North,DENY,OP_NOT_PERMITTED,True
2025-08-06T15:14:38Z,SA-0001088,sensor_irrigation,atk-0214,Sensor,WriteSensor,SensorData,East,DENY,OP_NOT_PERMITTED,True
2025-08-06T15:30:33Z,SA-0001089,sensor_irrigation,atk-0382,Sensor,WriteSensor,SensorData,South,DENY,IDS_BLOCKED,True
2025-08-06T16:22:35Z,SA-0001090,sensor_irrigation,atk-0072,Sensor,ReadAll,AuditLog,West,DENY,POLICY_VIOLATION,True
2025-08-06T17:04:32Z,SA-0001091,sensor_irrigation,atk-0292,Sensor,ReadAll,RoleAssignment,West,DENY,ROLE_INSUFFICIENT,True
2025-08-06T17:37:55Z,SA-0001092,sensor_irrigation,atk-0270,Sensor,ReadAudit,RoleAssignment,South,DENY,IDS_BLOCKED,True
2025-08-06T19:41:34Z,SA-0001093,sensor_irrigation,atk-0275,Sensor,ReadAll,AuditLog,West,DENY,CERT_REVOKED,True
2025-08-06T21:57:31Z,SA-0001094,sensor_irrigation,atk-0159,Sensor,ManageRoles,IrrigationControl,West,DENY,ROLE_INSUFFICIENT,True
2025-08-06T22:22:34Z,SA-0001095,sensor_irrigation,atk-0103,Sensor,WriteSensor,AuditLog,East,DENY,IDS_BLOCKED,True
2025-08-06T23:01:42Z,SA-0001096,sensor_irrigation,atk-0385,Sensor,ManageRoles,IrrigationControl,West,DENY,IDS_BLOCKED,True
2025-08-06T23:42:23Z,SA-0001097,sensor_irrigation,atk-0199,Sensor,ReadAll,IrrigationControl,South,DENY,POLICY_VIOLATION,True
2025-08-07T01:18:17Z,SA-0001098,sensor_irrigation,atk-0295,Sensor,ControlZone,SensorData,West,DENY,ZONE_MISMATCH,True
2025-08-07T06:39:42Z,SA-0001099,sensor_irrigation,atk-0104,Sensor,ControlZone,IrrigationControl,South,DENY,ROLE_INSUFFICIENT,True
2025-08-07T07:54:24Z,SA-0001100,sensor_irrigation,atk-0271,Sensor,WriteSensor,RoleAssignment,East,DENY,ROLE_INSUFFICIENT,True
2025-08-07T09:25:47Z,SA-0001101,sensor_irrigation,atk-0055,Sensor,ReadAudit,IrrigationControl,West,DENY,IDS_BLOCKED,True
2025-08-07T09:34:12Z,SA-0001102,sensor_irrigation,atk-0303,Sensor,WriteSensor,IrrigationControl,West,DENY,ZONE_MISMATCH,True
2025-08-07T10:04:22Z,SA-0001103,sensor_irrigation,atk-0476,Sensor,ControlZone,RoleAssignment,East,DENY,POLICY_VIOLATION,True
2025-08-07T11:36:00Z,SA-0001104,sensor_irrigation,atk-0459,Sensor,ReadAll,RoleAssignment,North,DENY,ZONE_MISMATCH,True
2025-08-07T14:24:36Z,SA-0001105,sensor_irrigation,atk-0085,Sensor,ReadAll,IrrigationControl,East,DENY,POLICY_VIOLATION,True
2025-08-07T15:21:16Z,SA-0001106,sensor_irrigation,atk-0373,Sensor,ControlZone,RoleAssignment,North,DENY,IDS_BLOCKED,True
2025-08-07T16:09:12Z,SA-0001107,sensor_irrigation,atk-0267,Sensor,WriteSensor,SensorData,North,DENY,POLICY_VIOLATION,True
2025-08-07T16:27:23Z,SA-0001108,sensor_irrigation,atk-0201,Sensor,WriteSensor,RoleAssignment,North,DENY,CERT_REVOKED,True
2025-08-07T16:28:26Z,SA-0001109,sensor_irrigation,atk-0112,Sensor,ReadAll,RoleAssignment,South,DENY,POLICY_VIOLATION,True
2025-08-07T16:56:57Z,SA-0001110,sensor_irrigation,atk-0310,Sensor,ManageRoles,RoleAssignment,North,DENY,IDS_BLOCKED,True
2025-08-07T17:49:15Z,SA-0001111,sensor_irrigation,atk-0268,Sensor,WriteSensor,RoleAssignment,East,DENY,ROLE_INSUFFICIENT,True
2025-08-07T18:18:08Z,SA-0001112,sensor_irrigation,atk-0471,Sensor,WriteSensor,AuditLog,West,DENY,CERT_REVOKED,True
2025-08-07T21:08:55Z,SA-0001113,sensor_irrigation,atk-0039,Sensor,ReadAudit,RoleAssignment,East,DENY,ROLE_INSUFFICIENT,True
2025-08-07T22:04:08Z,SA-0001114,sensor_irrigation,atk-0290,Sensor,WriteSensor,IrrigationControl,West,DENY,IDS_BLOCKED,True
2025-08-07T23:33:34Z,SA-0001115,sensor_irrigation,atk-0354,Sensor,ControlZone,AuditLog,South,DENY,CERT_REVOKED,True
2025-08-08T01:53:21Z,SA-0001116,sensor_irrigation,atk-0400,Sensor,ReadAll,IrrigationControl,North,DENY,IDS_BLOCKED,True
2025-08-08T05:19:36Z,SA-0001117,sensor_irrigation,atk-0271,Sensor,ManageRoles,SensorData,East,DENY,OP_NOT_PERMITTED,True
2025-08-08T08:18:43Z,SA-0001118,sensor_irrigation,atk-0319,Sensor,ReadAudit,AuditLog,West,DENY,IDS_BLOCKED,True
2025-08-08T10:53:47Z,SA-0001119,sensor_irrigation,atk-0104,Sensor,ManageRoles,RoleAssignment,East,DENY,OP_NOT_PERMITTED,True
2025-08-08T12:03:53Z,SA-0001120,sensor_irrigation,atk-0003,Sensor,ReadAudit,AuditLog,North,DENY,CERT_REVOKED,True
2025-08-08T13:05:04Z,SA-0001121,sensor_irrigation,atk-0063,Sensor,ManageRoles,IrrigationControl,West,DENY,OP_NOT_PERMITTED,True
2025-08-08T13:56:46Z,SA-0001122,sensor_irrigation,atk-0102,Sensor,ReadAudit,RoleAssignment,South,DENY,ZONE_MISMATCH,True
2025-08-08T18:07:17Z,SA-0001123,sensor_irrigation,atk-0390,Sensor,ManageRoles,IrrigationControl,West,DENY,OP_NOT_PERMITTED,True
2025-08-08T18:56:08Z,SA-0001124,sensor_irrigation,atk-0415,Sensor,ManageRoles,IrrigationControl,South,DENY,CERT_REVOKED,True
2025-08-08T20:22:43Z,SA-0001125,sensor_irrigation,atk-0293,Sensor,ReadAudit,SensorData,East,DENY,ZONE_MISMATCH,True
2025-08-08T20:57:09Z,SA-0001126,sensor_irrigation,atk-0436,Sensor,WriteSensor,IrrigationControl,West,DENY,IDS_BLOCKED,True
2025-08-08T21:29:26Z,SA-0001127,sensor_irrigation,atk-0431,Sensor,WriteSensor,RoleAssignment,South,DENY,ZONE_MISMATCH,True
2025-08-08T22:41:52Z,SA-0001128,sensor_irrigation,atk-0020,Sensor,WriteSensor,IrrigationControl,North,DENY,POLICY_VIOLATION,True
2025-08-08T22:55:36Z,SA-0001129,sensor_irrigation,atk-0144,Sensor,ManageRoles,SensorData,North,DENY,ZONE_MISMATCH,True
2025-08-09T01:03:06Z,SA-0001130,sensor_irrigation,atk-0296,Sensor,ReadAudit,AuditLog,West,DENY,ROLE_INSUFFICIENT,True
2025-08-09T02:39:53Z,SA-0001131,sensor_irrigation,atk-0428,Sensor,ManageRoles,RoleAssignment,East,DENY,OP_NOT_PERMITTED,True
2025-08-09T02:53:39Z,SA-0001132,sensor_irrigation,atk-0493,Sensor,ManageRoles,IrrigationControl,North,DENY,POLICY_VIOLATION,True
2025-08-09T03:08:15Z,SA-0001133,sensor_irrigation,atk-0218,Sensor,WriteSensor,SensorData,North,DENY,POLICY_VIOLATION,True
2025-08-09T05:56:36Z,SA-0001134,sensor_irrigation,atk-0151,Sensor,ReadAll,AuditLog,South,DENY,ROLE_INSUFFICIENT,True
2025-08-09T11:26:48Z,SA-0001135,sensor_irrigation,atk-0428,Sensor,ReadAudit,IrrigationControl,North,DENY,CERT_REVOKED,True
2025-08-09T12:41:35Z,SA-0001136,sensor_irrigation,atk-0368,Sensor,WriteSensor,SensorData,West,DENY,POLICY_VIOLATION,True
2025-08-09T14:12:13Z,SA-0001137,sensor_irrigation,atk-0202,Sensor,ReadAll,SensorData,North,DENY,POLICY_VIOLATION,True
2025-08-09T15:21:17Z,SA-0001138,sensor_irrigation,atk-0349,Sensor,ManageRoles,SensorData,South,DENY,POLICY_VIOLATION,True
2025-08-09T15:55:45Z,SA-0001139,sensor_irrigation,atk-0331,Sensor,ControlZone,SensorData,East,DENY,IDS_BLOCKED,True
2025-08-09T16:37:38Z,SA-0001140,sensor_irrigation,atk-0365,Sensor,ManageRoles,AuditLog,North,DENY,ZONE_MISMATCH,True
2025-08-09T16:43:34Z,SA-0001141,sensor_irrigation,atk-0011,Sensor,WriteSensor,SensorData,South,DENY,ROLE_INSUFFICIENT,True
2025-08-09T19:34:21Z,SA-0001142,sensor_irrigation,atk-0356,Sensor,ManageRoles,RoleAssignment,East,DENY,POLICY_VIOLATION,True
2025-08-09T23:25:40Z,SA-0001143,sensor_irrigation,atk-0106,Sensor,ManageRoles,IrrigationControl,West,DENY,CERT_REVOKED,True
2025-08-09T23:28:30Z,SA-0001144,sensor_irrigation,atk-0132,Sensor,ReadAll,RoleAssignment,East,DENY,ROLE_INSUFFICIENT,True
2025-08-10T01:34:57Z,SA-0001145,sensor_irrigation,atk-0105,Sensor,ReadAll,RoleAssignment,North,DENY,IDS_BLOCKED,True
2025-08-10T02:14:22Z,SA-0001146,sensor_irrigation,atk-0352,Sensor,WriteSensor,IrrigationControl,North,DENY,CERT_REVOKED,True
2025-08-10T03:37:41Z,SA-0001147,sensor_irrigation,atk-0239,Sensor,WriteSensor,SensorData,South,DENY,POLICY_VIOLATION,True
2025-08-10T03:47:26Z,SA-0001148,sensor_irrigation,atk-0151,Sensor,ControlZone,IrrigationControl,West,DENY,IDS_BLOCKED,True
2025-08-10T04:44:32Z,SA-0001149,sensor_irrigation,atk-0478,Sensor,WriteSensor,IrrigationControl,East,DENY,POLICY_VIOLATION,True
2025-08-10T05:02:42Z,SA-0001150,sensor_irrigation,atk-0183,Sensor,ReadAll,IrrigationControl,West,DENY,ROLE_INSUFFICIENT,True
2025-08-10T05:17:29Z,SA-0001151,sensor_irrigation,atk-0072,Sensor,ReadAll,IrrigationControl,South,DENY,CERT_REVOKED,True
2025-08-10T08:08:26Z,SA-0001152,sensor_irrigation,atk-0210,Sensor,WriteSensor,AuditLog,East,DENY,IDS_BLOCKED,True
2025-08-10T09:04:49Z,SA-0001153,sensor_irrigation,atk-0179,Sensor,ReadAudit,IrrigationControl,East,DENY,POLICY_VIOLATION,True
2025-08-10T10:42:41Z,SA-0001154,sensor_irrigation,atk-0054,Sensor,ReadAudit,AuditLog,North,DENY,POLICY_VIOLATION,True
2025-08-10T12:07:44Z,SA-0001155,sensor_irrigation,atk-0104,Sensor,ManageRoles,IrrigationControl,North,DENY,OP_NOT_PERMITTED,True
2025-08-10T12:59:49Z,SA-0001156,sensor_irrigation,atk-0368,Sensor,WriteSensor,SensorData,West,DENY,OP_NOT_PERMITTED,True
2025-08-10T14:06:37Z,SA-0001157,sensor_irrigation,atk-0246,Sensor,WriteSensor,AuditLog,West,DENY,POLICY_VIOLATION,True
2025-08-10T14:25:41Z,SA-0001158,sensor_irrigation,atk-0328,Sensor,ControlZone,SensorData,South,DENY,OP_NOT_PERMITTED,True
2025-08-10T14:59:06Z,SA-0001159,sensor_irrigation,atk-0064,Sensor,ControlZone,RoleAssignment,East,DENY,ROLE_INSUFFICIENT,True
2025-08-10T15:08:28Z,SA-0001160,sensor_irrigation,atk-0426,Sensor,ControlZone,IrrigationControl,South,DENY,OP_NOT_PERMITTED,True
2025-08-10T17:55:49Z,SA-0001161,sensor_irrigation,atk-0123,Sensor,ControlZone,IrrigationControl,North,DENY,IDS_BLOCKED,True
2025-08-10T18:08:30Z,SA-0001162,sensor_irrigation,atk-0260,Sensor,ManageRoles,SensorData,North,DENY,IDS_BLOCKED,True
2025-08-10T18:49:25Z,SA-0001163,sensor_irrigation,atk-0103,Sensor,ControlZone,SensorData,North,DENY,ROLE_INSUFFICIENT,True
2025-08-10T19:13:32Z,SA-0001164,sensor_irrigation,atk-0001,Sensor,ControlZone,IrrigationControl,North,DENY,IDS_BLOCKED,True
2025-08-10T20:37:02Z,SA-0001165,sensor_irrigation,atk-0364,Sensor,WriteSensor,SensorData,East,DENY,OP_NOT_PERMITTED,True
2025-08-10T21:26:08Z,SA-0001166,sensor_irrigation,atk-0437,Sensor,WriteSensor,AuditLog,East,DENY,CERT_REVOKED,True
2025-08-10T23:12:37Z,SA-0001167,sensor_irrigation,atk-0121,Sensor,ReadAll,SensorData,South,DENY,ROLE_INSUFFICIENT,True
2025-08-11T04:21:31Z,SA-0001168,sensor_irrigation,atk-0007,Sensor,ReadAudit,AuditLog,South,DENY,ROLE_INSUFFICIENT,True
2025-08-11T05:28:30Z,SA-0001169,sensor_irrigation,atk-0096,Sensor,ReadAudit,SensorData,North,DENY,POLICY_VIOLATION,True
2025-08-11T08:33:42Z,SA-0001170,sensor_irrigation,atk-0440,Sensor,WriteSensor,AuditLog,South,DENY,ZONE_MISMATCH,True
2025-08-11T08:50:13Z,SA-0001171,sensor_irrigation,atk-0181,Sensor,ManageRoles,SensorData,South,DENY,ZONE_MISMATCH,True
2025-08-11T09:48:37Z,SA-0001172,sensor_irrigation,atk-0033,Sensor,WriteSensor,AuditLog,West,DENY,ZONE_MISMATCH,True
2025-08-11T10:14:25Z,SA-0001173,sensor_irrigation,atk-0053,Sensor,ReadAll,SensorData,West,DENY,OP_NOT_PERMITTED,True
2025-08-11T13:36:36Z,SA-0001174,sensor_irrigation,atk-0291,Sensor,WriteSensor,RoleAssignment,West,DENY,ROLE_INSUFFICIENT,True
2025-08-11T15:50:13Z,SA-0001175,sensor_irrigation,atk-0154,Sensor,WriteSensor,AuditLog,North,DENY,OP_NOT_PERMITTED,True
2025-08-11T16:13:02Z,SA-0001176,sensor_irrigation,atk-0390,Sensor,ManageRoles,SensorData,East,DENY,CERT_REVOKED,True
2025-08-11T17:14:10Z,SA-0001177,sensor_irrigation,atk-0253,Sensor,ReadAudit,SensorData,East,DENY,OP_NOT_PERMITTED,True
2025-08-11T18:46:36Z,SA-0001178,sensor_irrigation,atk-0400,Sensor,ControlZone,AuditLog,South,DENY,ZONE_MISMATCH,True
2025-08-11T20:38:30Z,SA-0001179,sensor_irrigation,atk-0083,Sensor,ControlZone,AuditLog,East,DENY,CERT_REVOKED,True
2025-08-11T21:04:08Z,SA-0001180,sensor_irrigation,atk-0245,Sensor,ManageRoles,RoleAssignment,West,DENY,POLICY_VIOLATION,True
2025-08-11T21:10:43Z,SA-0001181,sensor_irrigation,atk-0266,Sensor,ReadAll,IrrigationControl,North,DENY,IDS_BLOCKED,True
2025-08-11T22:14:24Z,SA-0001182,sensor_irrigation,atk-0207,Sensor,ControlZone,AuditLog,East,DENY,POLICY_VIOLATION,True
2025-08-12T00:22:41Z,SA-0001183,sensor_irrigation,atk-0416,Sensor,ManageRoles,RoleAssignment,South,DENY,CERT_REVOKED,True
2025-08-12T01:14:11Z,SA-0001184,sensor_irrigation,atk-0425,Sensor,ReadAudit,SensorData,South,DENY,POLICY_VIOLATION,True
2025-08-12T03:07:23Z,SA-0001185,sensor_irrigation,atk-0462,Sensor,ReadAll,AuditLog,North,DENY,CERT_REVOKED,True
2025-08-12T04:56:30Z,SA-0001186,sensor_irrigation,atk-0244,Sensor,ReadAll,RoleAssignment,South,DENY,POLICY_VIOLATION,True
2025-08-12T05:58:36Z,SA-0001187,sensor_irrigation,atk-0401,Sensor,ControlZone,IrrigationControl,North,DENY,ZONE_MISMATCH,True
2025-08-12T09:50:34Z,SA-0001188,sensor_irrigation,atk-0124,Sensor,ManageRoles,IrrigationControl,East,DENY,POLICY_VIOLATION,True
2025-08-12T09:55:58Z,SA-0001189,sensor_irrigation,atk-0412,Sensor,WriteSensor,RoleAssignment,South,DENY,POLICY_VIOLATION,True
2025-08-12T11:41:56Z,SA-0001190,sensor_irrigation,atk-0252,Sensor,ManageRoles,IrrigationControl,West,DENY,CERT_REVOKED,True
2025-08-12T13:15:13Z,SA-0001191,sensor_irrigation,atk-0118,Sensor,ManageRoles,IrrigationControl,West,DENY,ZONE_MISMATCH,True
2025-08-12T16:11:43Z,SA-0001192,sensor_irrigation,atk-0137,Sensor,ReadAll,IrrigationControl,East,DENY,OP_NOT_PERMITTED,True
2025-08-12T17:21:33Z,SA-0001193,sensor_irrigation,atk-0395,Sensor,WriteSensor,SensorData,East,DENY,CERT_REVOKED,True
2025-08-12T18:37:50Z,SA-0001194,sensor_irrigation,atk-0404,Sensor,ManageRoles,RoleAssignment,East,DENY,POLICY_VIOLATION,True
2025-08-12T20:24:22Z,SA-0001195,sensor_irrigation,atk-0068,Sensor,ReadAll,IrrigationControl,South,DENY,CERT_REVOKED,True
2025-08-13T02:05:35Z,SA-0001196,sensor_irrigation,atk-0382,Sensor,ControlZone,IrrigationControl,East,DENY,ZONE_MISMATCH,True
2025-08-13T04:10:30Z,SA-0001197,sensor_irrigation,atk-0281,Sensor,WriteSensor,SensorData,West,DENY,POLICY_VIOLATION,True
2025-08-13T06:24:06Z,SA-0001198,sensor_irrigation,atk-0491,Sensor,WriteSensor,SensorData,North,DENY,CERT_REVOKED,True
2025-08-13T06:34:40Z,SA-0001199,sensor_irrigation,atk-0146,Sensor,ManageRoles,RoleAssignment,South,DENY,OP_NOT_PERMITTED,True
2025-08-13T06:59:08Z,SA-0001200,sensor_irrigation,atk-0340,Sensor,ManageRoles,IrrigationControl,East,DENY,ZONE_MISMATCH,True
2025-08-13T07:38:09Z,SA-0001201,sensor_irrigation,atk-0401,Sensor,ReadAudit,AuditLog,East,DENY,OP_NOT_PERMITTED,True
2025-08-13T11:34:07Z,SA-0001202,sensor_irrigation,atk-0294,Sensor,WriteSensor,IrrigationControl,East,DENY,OP_NOT_PERMITTED,True
2025-08-13T13:08:25Z,SA-0001203,sensor_irrigation,atk-0204,Sensor,ManageRoles,AuditLog,South,DENY,CERT_REVOKED,True
2025-08-13T13:13:29Z,SA-0001204,sensor_irrigation,atk-0220,Sensor,WriteSensor,SensorData,East,DENY,POLICY_VIOLATION,True
2025-08-13T14:38:33Z,SA-0001205,sensor_irrigation,atk-0435,Sensor,WriteSensor,RoleAssignment,North,DENY,CERT_REVOKED,True
2025-08-13T16:56:36Z,SA-0001206,sensor_irrigation,atk-0051,Sensor,ControlZone,RoleAssignment,West,DENY,OP_NOT_PERMITTED,True
2025-08-13T19:15:58Z,SA-0001207,sensor_irrigation,atk-0261,Sensor,ReadAll,RoleAssignment,West,DENY,IDS_BLOCKED,True
2025-08-13T22:52:15Z,SA-0001208,sensor_irrigation,atk-0470,Sensor,ManageRoles,RoleAssignment,North,DENY,CERT_REVOKED,True
2025-08-13T23:39:56Z,SA-0001209,sensor_irrigation,atk-0224,Sensor,ReadAudit,SensorData,East,DENY,ROLE_INSUFFICIENT,True
2025-08-13T23:53:56Z,SA-0001210,sensor_irrigation,atk-0471,Sensor,ControlZone,IrrigationControl,West,DENY,ROLE_INSUFFICIENT,True
2025-08-14T00:34:30Z,SA-0001211,sensor_irrigation,atk-0079,Sensor,WriteSensor,IrrigationControl,South,DENY,IDS_BLOCKED,True
2025-08-14T00:37:08Z,SA-0001212,sensor_irrigation,atk-0147,Sensor,ReadAll,RoleAssignment,South,DENY,ROLE_INSUFFICIENT,True
2025-08-14T05:02:29Z,SA-0001213,sensor_irrigation,atk-0117,Sensor,ReadAudit,IrrigationControl,East,DENY,ROLE_INSUFFICIENT,True
2025-08-14T05:09:59Z,SA-0001214,sensor_irrigation,atk-0268,Sensor,ControlZone,IrrigationControl,South,DENY,POLICY_VIOLATION,True
2025-08-14T06:21:34Z,SA-0001215,sensor_irrigation,atk-0030,Sensor,ReadAll,AuditLog,South,DENY,POLICY_VIOLATION,True
2025-08-14T06:40:43Z,SA-0001216,sensor_irrigation,atk-0064,Sensor,ReadAll,AuditLog,North,DENY,ZONE_MISMATCH,True
2025-08-14T06:45:49Z,SA-0001217,sensor_irrigation,atk-0377,Sensor,ReadAll,IrrigationControl,East,DENY,IDS_BLOCKED,True
2025-08-14T07:30:59Z,SA-0001218,sensor_irrigation,atk-0107,Sensor,WriteSensor,SensorData,West,DENY,ROLE_INSUFFICIENT,True
2025-08-14T09:51:05Z,SA-0001219,sensor_irrigation,atk-0170,Sensor,WriteSensor,RoleAssignment,North,DENY,IDS_BLOCKED,True
2025-08-14T10:30:32Z,SA-0001220,sensor_irrigation,atk-0492,Sensor,ManageRoles,IrrigationControl,South,DENY,ZONE_MISMATCH,True
2025-08-14T11:17:15Z,SA-0001221,sensor_irrigation,atk-0041,Sensor,ControlZone,SensorData,West,DENY,IDS_BLOCKED,True
2025-08-14T11:43:39Z,SA-0001222,sensor_irrigation,atk-0123,Sensor,ManageRoles,RoleAssignment,East,DENY,IDS_BLOCKED,True
2025-08-14T12:26:48Z,SA-0001223,sensor_irrigation,atk-0015,Sensor,ControlZone,IrrigationControl,South,DENY,ROLE_INSUFFICIENT,True
2025-08-14T12:32:56Z,SA-0001224,sensor_irrigation,atk-0478,Sensor,ControlZone,AuditLog,North,DENY,ROLE_INSUFFICIENT,True
2025-08-14T14:46:08Z,SA-0001225,sensor_irrigation,atk-0281,Sensor,ReadAll,IrrigationControl,South,DENY,OP_NOT_PERMITTED,True
2025-08-14T16:42:15Z,SA-0001226,sensor_irrigation,atk-0121,Sensor,ControlZone,SensorData,North,DENY,IDS_BLOCKED,True
2025-08-14T18:30:27Z,SA-0001227,sensor_irrigation,atk-0421,Sensor,ReadAll,IrrigationControl,South,DENY,POLICY_VIOLATION,True
2025-08-14T18:53:17Z,SA-0001228,sensor_irrigation,atk-0472,Sensor,ReadAudit,IrrigationControl,East,DENY,CERT_REVOKED,True
2025-08-14T22:07:15Z,SA-0001229,sensor_irrigation,atk-0178,Sensor,ControlZone,RoleAssignment,East,DENY,OP_NOT_PERMITTED,True
2025-08-14T22:55:04Z,SA-0001230,sensor_irrigation,atk-0450,Sensor,WriteSensor,IrrigationControl,South,DENY,ROLE_INSUFFICIENT,True
2025-08-14T23:06:30Z,SA-0001231,sensor_irrigation,atk-0176,Sensor,WriteSensor,RoleAssignment,West,DENY,POLICY_VIOLATION,True
2025-08-14T23:44:57Z,SA-0001232,sensor_irrigation,atk-0420,Sensor,ManageRoles,RoleAssignment,South,DENY,POLICY_VIOLATION,True
2025-08-15T01:36:18Z,SA-0001233,sensor_irrigation,atk-0465,Sensor,ReadAudit,RoleAssignment,West,DENY,OP_NOT_PERMITTED,True
2025-08-15T02:14:36Z,SA-0001234,sensor_irrigation,atk-0011,Sensor,WriteSensor,AuditLog,North,DENY,CERT_REVOKED,True
2025-08-15T04:19:32Z,SA-0001235,sensor_irrigation,atk-0167,Sensor,ReadAll,AuditLog,West,DENY,POLICY_VIOLATION,True
2025-08-15T08:14:04Z,SA-0001236,sensor_irrigation,atk-0476,Sensor,WriteSensor,IrrigationControl,East,DENY,IDS_BLOCKED,True
2025-08-15T09:37:22Z,SA-0001237,sensor_irrigation,atk-0336,Sensor,ReadAll,RoleAssignment,North,DENY,ZONE_MISMATCH,True
2025-08-15T10:20:37Z,SA-0001238,sensor_irrigation,atk-0416,Sensor,ReadAll,SensorData,North,DENY,ZONE_MISMATCH,True
2025-08-15T10:44:56Z,SA-0001239,sensor_irrigation,atk-0057,Sensor,ManageRoles,AuditLog,West,DENY,IDS_BLOCKED,True
2025-08-15T11:41:55Z,SA-0001240,sensor_irrigation,atk-0321,Sensor,ReadAll,RoleAssignment,South,DENY,ROLE_INSUFFICIENT,True
2025-08-15T12:34:20Z,SA-0001241,sensor_irrigation,atk-0039,Sensor,WriteSensor,SensorData,North,DENY,ROLE_INSUFFICIENT,True
2025-08-15T13:52:58Z,SA-0001242,sensor_irrigation,atk-0303,Sensor,ControlZone,RoleAssignment,North,DENY,ZONE_MISMATCH,True
2025-08-15T14:41:07Z,SA-0001243,sensor_irrigation,atk-0487,Sensor,ManageRoles,SensorData,West,DENY,ROLE_INSUFFICIENT,True
2025-08-15T16:29:12Z,SA-0001244,sensor_irrigation,atk-0486,Sensor,WriteSensor,AuditLog,South,DENY,OP_NOT_PERMITTED,True
2025-08-15T16:58:31Z,SA-0001245,sensor_irrigation,atk-0148,Sensor,ControlZone,IrrigationControl,West,DENY,ROLE_INSUFFICIENT,True
2025-08-15T17:52:36Z,SA-0001246,sensor_irrigation,atk-0379,Sensor,ReadAll,AuditLog,South,DENY,CERT_REVOKED,True
2025-08-15T19:00:27Z,SA-0001247,sensor_irrigation,atk-0089,Sensor,ControlZone,IrrigationControl,West,DENY,ROLE_INSUFFICIENT,True
2025-08-15T19:43:39Z,SA-0001248,sensor_irrigation,atk-0469,Sensor,ReadAll,AuditLog,South,DENY,POLICY_VIOLATION,True
2025-08-15T19:49:35Z,SA-0001249,sensor_irrigation,atk-0487,Sensor,WriteSensor,IrrigationControl,West,DENY,ROLE_INSUFFICIENT,True
2025-08-15T21:36:21Z,SA-0001250,sensor_irrigation,atk-0323,Sensor,ReadAll,IrrigationControl,South,DENY,ROLE_INSUFFICIENT,True
2025-08-15T22:16:53Z,SA-0001251,sensor_irrigation,atk-0094,Sensor,ReadAudit,AuditLog,East,DENY,POLICY_VIOLATION,True
2025-08-15T22:28:28Z,SA-0001252,sensor_irrigation,atk-0169,Sensor,WriteSensor,IrrigationControl,South,DENY,CERT_REVOKED,True
2025-08-16T00:33:18Z,SA-0001253,sensor_irrigation,atk-0058,Sensor,ControlZone,RoleAssignment,West,DENY,ROLE_INSUFFICIENT,True
2025-08-16T01:24:52Z,SA-0001254,sensor_irrigation,atk-0121,Sensor,ControlZone,AuditLog,East,DENY,ZONE_MISMATCH,True
2025-08-16T02:38:06Z,SA-0001255,sensor_irrigation,atk-0378,Sensor,ReadAll,SensorData,West,DENY,OP_NOT_PERMITTED,True
2025-08-16T03:26:26Z,SA-0001256,sensor_irrigation,atk-0001,Sensor,ManageRoles,IrrigationControl,North,DENY,ROLE_INSUFFICIENT,True
2025-08-16T03:52:18Z,SA-0001257,sensor_irrigation,atk-0282,Sensor,ManageRoles,AuditLog,East,DENY,OP_NOT_PERMITTED,True
2025-08-16T04:50:42Z,SA-0001258,sensor_irrigation,atk-0283,Sensor,ManageRoles,RoleAssignment,East,DENY,ZONE_MISMATCH,True
2025-08-16T07:12:12Z,SA-0001259,sensor_irrigation,atk-0008,Sensor,ManageRoles,RoleAssignment,South,DENY,ROLE_INSUFFICIENT,True
2025-08-16T09:16:41Z,SA-0001260,sensor_irrigation,atk-0174,Sensor,ReadAudit,IrrigationControl,East,DENY,POLICY_VIOLATION,True
2025-08-16T09:20:36Z,SA-0001261,sensor_irrigation,atk-0260,Sensor,ReadAudit,AuditLog,East,DENY,ZONE_MISMATCH,True
2025-08-16T09:44:19Z,SA-0001262,sensor_irrigation,atk-0448,Sensor,ReadAll,IrrigationControl,South,DENY,IDS_BLOCKED,True
2025-08-16T10:06:47Z,SA-0001263,sensor_irrigation,atk-0264,Sensor,ManageRoles,AuditLog,West,DENY,CERT_REVOKED,True
2025-08-16T11:39:10Z,SA-0001264,sensor_irrigation,atk-0422,Sensor,WriteSensor,AuditLog,West,DENY,OP_NOT_PERMITTED,True
2025-08-16T12:34:17Z,SA-0001265,sensor_irrigation,atk-0194,Sensor,ManageRoles,RoleAssignment,South,DENY,CERT_REVOKED,True
2025-08-16T13:53:01Z,SA-0001266,sensor_irrigation,atk-0340,Sensor,ControlZone,IrrigationControl,East,DENY,IDS_BLOCKED,True
2025-08-16T16:46:09Z,SA-0001267,sensor_irrigation,atk-0248,Sensor,WriteSensor,RoleAssignment,North,DENY,POLICY_VIOLATION,True
2025-08-16T17:46:51Z,SA-0001268,sensor_irrigation,atk-0248,Sensor,ReadAudit,IrrigationControl,South,DENY,CERT_REVOKED,True
2025-08-16T19:10:39Z,SA-0001269,sensor_irrigation,atk-0231,Sensor,ReadAudit,AuditLog,North,DENY,CERT_REVOKED,True
2025-08-16T22:24:12Z,SA-0001270,sensor_irrigation,atk-0114,Sensor,ReadAudit,AuditLog,South,DENY,POLICY_VIOLATION,True
2025-08-16T22:36:54Z,SA-0001271,sensor_irrigation,atk-0152,Sensor,WriteSensor,IrrigationControl,South,DENY,ROLE_INSUFFICIENT,True
2025-08-17T01:08:23Z,SA-0001272,sensor_irrigation,atk-0126,Sensor,WriteSensor,IrrigationControl,East,DENY,POLICY_VIOLATION,True
2025-08-17T05:01:40Z,SA-0001273,sensor_irrigation,atk-0036,Sensor,WriteSensor,RoleAssignment,North,DENY,ZONE_MISMATCH,True
2025-08-17T07:57:11Z,SA-0001274,sensor_irrigation,atk-0062,Sensor,ManageRoles,IrrigationControl,West,DENY,OP_NOT_PERMITTED,True
2025-08-17T09:47:09Z,SA-0001275,sensor_irrigation,atk-0087,Sensor,ReadAll,RoleAssignment,North,DENY,CERT_REVOKED,True
2025-08-17T13:43:56Z,SA-0001276,sensor_irrigation,atk-0286,Sensor,ReadAll,AuditLog,West,DENY,OP_NOT_PERMITTED,True
2025-08-17T17:10:39Z,SA-0001277,sensor_irrigation,atk-0432,Sensor,ManageRoles,RoleAssignment,South,DENY,CERT_REVOKED,True
2025-08-17T17:43:39Z,SA-0001278,sensor_irrigation,atk-0284,Sensor,ReadAll,IrrigationControl,South,DENY,OP_NOT_PERMITTED,True
2025-08-17T17:57:26Z,SA-0001279,sensor_irrigation,atk-0313,Sensor,WriteSensor,RoleAssignment,South,DENY,OP_NOT_PERMITTED,True
2025-08-17T18:07:06Z,SA-0001280,sensor_irrigation,atk-0361,Sensor,ReadAudit,RoleAssignment,North,DENY,ROLE_INSUFFICIENT,True
2025-08-17T19:37:40Z,SA-0001281,sensor_irrigation,atk-0118,Sensor,ManageRoles,RoleAssignment,West,DENY,ROLE_INSUFFICIENT,True
2025-08-17T22:29:55Z,SA-0001282,sensor_irrigation,atk-0205,Sensor,ControlZone,RoleAssignment,East,DENY,ROLE_INSUFFICIENT,True
2025-08-17T22:32:20Z,SA-0001283,sensor_irrigation,atk-0158,Sensor,ReadAll,AuditLog,East,DENY,ROLE_INSUFFICIENT,True
2025-08-17T22:57:50Z,SA-0001284,sensor_irrigation,atk-0232,Sensor,ReadAll,SensorData,West,DENY,CERT_REVOKED,True
2025-08-17T23:13:22Z,SA-0001285,sensor_irrigation,atk-0210,Sensor,ManageRoles,IrrigationControl,East,DENY,OP_NOT_PERMITTED,True
2025-08-18T01:12:10Z,SA-0001286,sensor_irrigation,atk-0130,Sensor,ManageRoles,SensorData,East,DENY,POLICY_VIOLATION,True
2025-08-18T02:05:45Z,SA-0001287,sensor_irrigation,atk-0479,Sensor,ManageRoles,RoleAssignment,South,DENY,CERT_REVOKED,True
2025-08-18T03:49:31Z,SA-0001288,sensor_irrigation,atk-0299,Sensor,ReadAll,RoleAssignment,North,DENY,ZONE_MISMATCH,True
2025-08-18T05:40:02Z,SA-0001289,sensor_irrigation,atk-0028,Sensor,ControlZone,SensorData,West,DENY,ZONE_MISMATCH,True
2025-08-18T06:41:31Z,SA-0001290,sensor_irrigation,atk-0348,Sensor,ReadAll,RoleAssignment,West,DENY,ROLE_INSUFFICIENT,True
2025-08-18T09:28:07Z,SA-0001291,sensor_irrigation,atk-0220,Sensor,ReadAll,IrrigationControl,South,DENY,ZONE_MISMATCH,True
2025-08-18T13:21:19Z,SA-0001292,sensor_irrigation,atk-0409,Sensor,ManageRoles,IrrigationControl,South,DENY,ROLE_INSUFFICIENT,True
2025-08-18T17:22:24Z,SA-0001293,sensor_irrigation,atk-0024,Sensor,ControlZone,AuditLog,South,DENY,ROLE_INSUFFICIENT,True
2025-08-18T19:05:38Z,SA-0001294,sensor_irrigation,atk-0277,Sensor,ReadAudit,SensorData,East,DENY,POLICY_VIOLATION,True
2025-08-18T19:38:38Z,SA-0001295,sensor_irrigation,atk-0195,Sensor,WriteSensor,IrrigationControl,East,DENY,ZONE_MISMATCH,True
2025-08-18T21:02:08Z,SA-0001296,sensor_irrigation,atk-0024,Sensor,ManageRoles,RoleAssignment,East,DENY,ZONE_MISMATCH,True
2025-08-19T00:47:20Z,SA-0001297,sensor_irrigation,atk-0087,Sensor,ReadAudit,IrrigationControl,North,DENY,CERT_REVOKED,True
2025-08-19T01:07:23Z,SA-0001298,sensor_irrigation,atk-0230,Sensor,ReadAudit,SensorData,South,DENY,POLICY_VIOLATION,True
2025-08-19T01:47:57Z,SA-0001299,sensor_irrigation,atk-0317,Sensor,WriteSensor,AuditLog,South,DENY,IDS_BLOCKED,True
2025-08-19T03:27:09Z,SA-0001300,sensor_irrigation,atk-0132,Sensor,ControlZone,SensorData,West,DENY,POLICY_VIOLATION,True
2025-08-19T03:34:48Z,SA-0001301,sensor_irrigation,atk-0212,Sensor,ReadAudit,IrrigationControl,South,DENY,CERT_REVOKED,True
2025-08-19T04:25:55Z,SA-0001302,sensor_irrigation,atk-0442,Sensor,WriteSensor,SensorData,West,DENY,POLICY_VIOLATION,True
2025-08-19T04:58:56Z,SA-0001303,sensor_irrigation,atk-0287,Sensor,ReadAll,AuditLog,West,DENY,ZONE_MISMATCH,True
2025-08-19T05:11:20Z,SA-0001304,sensor_irrigation,atk-0051,Sensor,ControlZone,SensorData,South,DENY,POLICY_VIOLATION,True
2025-08-19T10:13:26Z,SA-0001305,sensor_irrigation,atk-0137,Sensor,ManageRoles,IrrigationControl,North,DENY,IDS_BLOCKED,True
2025-08-19T13:44:04Z,SA-0001306,sensor_irrigation,atk-0337,Sensor,ManageRoles,RoleAssignment,North,DENY,POLICY_VIOLATION,True
2025-08-19T15:00:12Z,SA-0001307,sensor_irrigation,atk-0338,Sensor,ReadAll,SensorData,South,DENY,ZONE_MISMATCH,True
2025-08-19T15:15:32Z,SA-0001308,sensor_irrigation,atk-0105,Sensor,ControlZone,IrrigationControl,North,DENY,IDS_BLOCKED,True
2025-08-19T15:16:53Z,SA-0001309,sensor_irrigation,atk-0294,Sensor,ReadAudit,SensorData,West,DENY,POLICY_VIOLATION,True
2025-08-19T19:18:29Z,SA-0001310,sensor_irrigation,atk-0144,Sensor,ControlZone,SensorData,North,DENY,OP_NOT_PERMITTED,True
2025-08-20T00:04:01Z,SA-0001311,sensor_irrigation,atk-0247,Sensor,ReadAll,SensorData,West,DENY,IDS_BLOCKED,True
2025-08-20T00:18:08Z,SA-0001312,sensor_irrigation,atk-0174,Sensor,ControlZone,RoleAssignment,South,DENY,OP_NOT_PERMITTED,True
2025-08-20T03:13:59Z,SA-0001313,sensor_irrigation,atk-0069,Sensor,ControlZone,AuditLog,West,DENY,POLICY_VIOLATION,True
2025-08-20T04:13:09Z,SA-0001314,sensor_irrigation,atk-0032,Sensor,ReadAudit,SensorData,West,DENY,ROLE_INSUFFICIENT,True
2025-08-20T05:08:46Z,SA-0001315,sensor_irrigation,atk-0018,Sensor,WriteSensor,IrrigationControl,East,DENY,CERT_REVOKED,True
2025-08-20T08:51:40Z,SA-0001316,sensor_irrigation,atk-0015,Sensor,ReadAll,AuditLog,North,DENY,ZONE_MISMATCH,True
2025-08-20T11:47:54Z,SA-0001317,sensor_irrigation,atk-0139,Sensor,WriteSensor,RoleAssignment,North,DENY,IDS_BLOCKED,True
2025-08-20T12:32:06Z,SA-0001318,sensor_irrigation,atk-0027,Sensor,ReadAudit,AuditLog,North,DENY,OP_NOT_PERMITTED,True
2025-08-20T13:02:40Z,SA-0001319,sensor_irrigation,atk-0117,Sensor,ReadAll,SensorData,East,DENY,OP_NOT_PERMITTED,True
2025-08-20T13:04:00Z,SA-0001320,sensor_irrigation,atk-0364,Sensor,ReadAll,SensorData,East,DENY,CERT_REVOKED,True
2025-08-20T15:05:19Z,SA-0001321,sensor_irrigation,atk-0107,Sensor,WriteSensor,AuditLog,South,DENY,POLICY_VIOLATION,True
2025-08-20T16:16:08Z,SA-0001322,sensor_irrigation,atk-0279,Sensor,WriteSensor,IrrigationControl,North,DENY,ZONE_MISMATCH,True
2025-08-20T17:04:09Z,SA-0001323,sensor_irrigation,atk-0474,Sensor,ReadAll,SensorData,West,DENY,POLICY_VIOLATION,True
2025-08-20T18:06:21Z,SA-0001324,sensor_irrigation,atk-0099,Sensor,ManageRoles,SensorData,West,DENY,CERT_REVOKED,True
2025-08-20T18:10:25Z,SA-0001325,sensor_irrigation,atk-0010,Sensor,ControlZone,RoleAssignment,East,DENY,OP_NOT_PERMITTED,True
2025-08-20T19:59:18Z,SA-0001326,sensor_irrigation,atk-0406,Sensor,ReadAudit,RoleAssignment,South,DENY,CERT_REVOKED,True
2025-08-20T19:59:28Z,SA-0001327,sensor_irrigation,atk-0303,Sensor,WriteSensor,IrrigationControl,South,DENY,OP_NOT_PERMITTED,True
2025-08-21T00:11:46Z,SA-0001328,sensor_irrigation,atk-0348,Sensor,ReadAll,AuditLog,West,DENY,OP_NOT_PERMITTED,True
2025-08-21T00:12:13Z,SA-0001329,sensor_irrigation,atk-0222,Sensor,WriteSensor,RoleAssignment,East,DENY,ROLE_INSUFFICIENT,True
2025-08-21T02:32:09Z,SA-0001330,sensor_irrigation,atk-0082,Sensor,ManageRoles,IrrigationControl,West,DENY,IDS_BLOCKED,True
2025-08-21T03:57:44Z,SA-0001331,sensor_irrigation,atk-0496,Sensor,ReadAll,IrrigationControl,South,DENY,IDS_BLOCKED,True
2025-08-21T05:43:04Z,SA-0001332,sensor_irrigation,atk-0472,Sensor,ControlZone,AuditLog,North,DENY,POLICY_VIOLATION,True
2025-08-21T07:08:12Z,SA-0001333,sensor_irrigation,atk-0339,Sensor,WriteSensor,SensorData,West,DENY,ZONE_MISMATCH,True
2025-08-21T09:20:19Z,SA-0001334,sensor_irrigation,atk-0400,Sensor,ControlZone,AuditLog,East,DENY,ROLE_INSUFFICIENT,True
2025-08-21T09:28:33Z,SA-0001335,sensor_irrigation,atk-0398,Sensor,WriteSensor,AuditLog,South,DENY,ROLE_INSUFFICIENT,True
2025-08-21T09:33:35Z,SA-0001336,sensor_irrigation,atk-0472,Sensor,ControlZone,SensorData,South,DENY,ZONE_MISMATCH,True
2025-08-21T10:05:20Z,SA-0001337,sensor_irrigation,atk-0355,Sensor,ControlZone,AuditLog,West,DENY,POLICY_VIOLATION,True
2025-08-21T10:06:12Z,SA-0001338,sensor_irrigation,atk-0493,Sensor,ManageRoles,IrrigationControl,North,DENY,OP_NOT_PERMITTED,True
2025-08-21T11:18:16Z,SA-0001339,sensor_irrigation,atk-0068,Sensor,ControlZone,IrrigationControl,North,DENY,OP_NOT_PERMITTED,True
2025-08-21T13:39:29Z,SA-0001340,sensor_irrigation,atk-0117,Sensor,ReadAudit,IrrigationControl,West,DENY,OP_NOT_PERMITTED,True
2025-08-21T14:53:58Z,SA-0001341,sensor_irrigation,atk-0331,Sensor,ReadAudit,RoleAssignment,South,DENY,ZONE_MISMATCH,True
2025-08-21T17:28:41Z,SA-0001342,sensor_irrigation,atk-0480,Sensor,WriteSensor,SensorData,North,DENY,OP_NOT_PERMITTED,True
2025-08-21T17:39:34Z,SA-0001343,sensor_irrigation,atk-0067,Sensor,ManageRoles,RoleAssignment,East,DENY,IDS_BLOCKED,True
2025-08-21T17:43:29Z,SA-0001344,sensor_irrigation,atk-0244,Sensor,ReadAudit,RoleAssignment,North,DENY,IDS_BLOCKED,True
2025-08-21T19:43:02Z,SA-0001345,sensor_irrigation,atk-0431,Sensor,ControlZone,RoleAssignment,East,DENY,IDS_BLOCKED,True
2025-08-21T20:05:27Z,SA-0001346,sensor_irrigation,atk-0163,Sensor,ReadAudit,AuditLog,East,DENY,ZONE_MISMATCH,True
2025-08-21T23:02:45Z,SA-0001347,sensor_irrigation,atk-0124,Sensor,ReadAll,RoleAssignment,North,DENY,ROLE_INSUFFICIENT,True
2025-08-21T23:21:08Z,SA-0001348,sensor_irrigation,atk-0363,Sensor,ReadAll,IrrigationControl,South,DENY,CERT_REVOKED,True
2025-08-22T00:35:39Z,SA-0001349,sensor_irrigation,atk-0359,Sensor,ManageRoles,AuditLog,North,DENY,CERT_REVOKED,True
2025-08-22T07:07:47Z,SA-0001350,sensor_irrigation,atk-0106,Sensor,ManageRoles,IrrigationControl,East,DENY,ZONE_MISMATCH,True
2025-08-22T10:49:46Z,SA-0001351,sensor_irrigation,atk-0123,Sensor,WriteSensor,SensorData,West,DENY,ZONE_MISMATCH,True
2025-08-22T14:19:21Z,SA-0001352,sensor_irrigation,atk-0147,Sensor,ManageRoles,SensorData,North,DENY,POLICY_VIOLATION,True
2025-08-22T16:49:20Z,SA-0001353,sensor_irrigation,atk-0253,Sensor,ManageRoles,RoleAssignment,East,DENY,CERT_REVOKED,True
2025-08-22T18:57:00Z,SA-0001354,sensor_irrigation,atk-0150,Sensor,WriteSensor,RoleAssignment,South,DENY,ROLE_INSUFFICIENT,True
2025-08-22T19:01:03Z,SA-0001355,sensor_irrigation,atk-0193,Sensor,ReadAudit,SensorData,North,DENY,IDS_BLOCKED,True
2025-08-22T19:03:14Z,SA-0001356,sensor_irrigation,atk-0272,Sensor,ReadAll,SensorData,South,DENY,POLICY_VIOLATION,True
2025-08-22T19:07:35Z,SA-0001357,sensor_irrigation,atk-0373,Sensor,ReadAudit,AuditLog,West,DENY,ROLE_INSUFFICIENT,True
2025-08-22T20:03:57Z,SA-0001358,sensor_irrigation,atk-0114,Sensor,ManageRoles,AuditLog,West,DENY,IDS_BLOCKED,True
2025-08-22T20:31:41Z,SA-0001359,sensor_irrigation,atk-0375,Sensor,ReadAudit,RoleAssignment,South,DENY,ZONE_MISMATCH,True
2025-08-23T00:43:21Z,SA-0001360,sensor_irrigation,atk-0395,Sensor,ReadAll,RoleAssignment,East,DENY,OP_NOT_PERMITTED,True
2025-08-23T05:27:51Z,SA-0001361,sensor_irrigation,atk-0092,Sensor,ManageRoles,AuditLog,West,DENY,POLICY_VIOLATION,True
2025-08-23T06:56:16Z,SA-0001362,sensor_irrigation,atk-0111,Sensor,WriteSensor,SensorData,West,DENY,IDS_BLOCKED,True
2025-08-23T07:00:16Z,SA-0001363,sensor_irrigation,atk-0459,Sensor,ReadAudit,AuditLog,West,DENY,OP_NOT_PERMITTED,True
2025-08-23T07:20:39Z,SA-0001364,sensor_irrigation,atk-0221,Sensor,WriteSensor,RoleAssignment,West,DENY,CERT_REVOKED,True
2025-08-23T08:24:16Z,SA-0001365,sensor_irrigation,atk-0413,Sensor,WriteSensor,AuditLog,West,DENY,ZONE_MISMATCH,True
2025-08-23T10:05:59Z,SA-0001366,sensor_irrigation,atk-0003,Sensor,ControlZone,SensorData,East,DENY,OP_NOT_PERMITTED,True
2025-08-23T10:42:43Z,SA-0001367,sensor_irrigation,atk-0141,Sensor,ReadAudit,SensorData,North,DENY,IDS_BLOCKED,True
2025-08-23T10:47:13Z,SA-0001368,sensor_irrigation,atk-0030,Sensor,WriteSensor,RoleAssignment,North,DENY,POLICY_VIOLATION,True
2025-08-23T10:58:54Z,SA-0001369,sensor_irrigation,atk-0466,Sensor,WriteSensor,AuditLog,West,DENY,OP_NOT_PERMITTED,True
2025-08-23T14:27:34Z,SA-0001370,sensor_irrigation,atk-0066,Sensor,ReadAudit,RoleAssignment,South,DENY,ROLE_INSUFFICIENT,True
2025-08-23T16:09:35Z,SA-0001371,sensor_irrigation,atk-0382,Sensor,ControlZone,RoleAssignment,West,DENY,ZONE_MISMATCH,True
2025-08-23T16:35:47Z,SA-0001372,sensor_irrigation,atk-0177,Sensor,ControlZone,IrrigationControl,West,DENY,POLICY_VIOLATION,True
2025-08-23T17:28:00Z,SA-0001373,sensor_irrigation,atk-0397,Sensor,WriteSensor,RoleAssignment,West,DENY,CERT_REVOKED,True
2025-08-23T23:11:41Z,SA-0001374,sensor_irrigation,atk-0167,Sensor,ReadAll,IrrigationControl,West,DENY,ZONE_MISMATCH,True
2025-08-24T00:48:31Z,SA-0001375,sensor_irrigation,atk-0304,Sensor,ReadAll,AuditLog,South,DENY,CERT_REVOKED,True
2025-08-24T01:11:36Z,SA-0001376,sensor_irrigation,atk-0065,Sensor,ReadAll,RoleAssignment,East,DENY,IDS_BLOCKED,True
2025-08-24T03:16:41Z,SA-0001377,sensor_irrigation,atk-0037,Sensor,ControlZone,RoleAssignment,West,DENY,POLICY_VIOLATION,True
2025-08-24T05:56:42Z,SA-0001378,sensor_irrigation,atk-0040,Sensor,WriteSensor,RoleAssignment,West,DENY,ZONE_MISMATCH,True
2025-08-24T08:01:11Z,SA-0001379,sensor_irrigation,atk-0323,Sensor,ControlZone,AuditLog,South,DENY,ZONE_MISMATCH,True
2025-08-24T09:40:43Z,SA-0001380,sensor_irrigation,atk-0337,Sensor,ReadAudit,IrrigationControl,East,DENY,CERT_REVOKED,True
2025-08-24T11:48:04Z,SA-0001381,sensor_irrigation,atk-0321,Sensor,ManageRoles,RoleAssignment,North,DENY,OP_NOT_PERMITTED,True
2025-08-24T12:18:19Z,SA-0001382,sensor_irrigation,atk-0404,Sensor,ReadAll,AuditLog,West,DENY,ZONE_MISMATCH,True
2025-08-24T12:23:01Z,SA-0001383,sensor_irrigation,atk-0434,Sensor,WriteSensor,AuditLog,North,DENY,IDS_BLOCKED,True
2025-08-24T12:45:53Z,SA-0001384,sensor_irrigation,atk-0298,Sensor,WriteSensor,RoleAssignment,South,DENY,CERT_REVOKED,True
2025-08-24T14:38:20Z,SA-0001385,sensor_irrigation,atk-0010,Sensor,ReadAll,IrrigationControl,East,DENY,CERT_REVOKED,True
2025-08-24T15:19:40Z,SA-0001386,sensor_irrigation,atk-0209,Sensor,ReadAudit,IrrigationControl,North,DENY,POLICY_VIOLATION,True
2025-08-24T15:38:41Z,SA-0001387,sensor_irrigation,atk-0224,Sensor,ReadAll,IrrigationControl,North,DENY,CERT_REVOKED,True
2025-08-24T16:36:43Z,SA-0001388,sensor_irrigation,atk-0460,Sensor,WriteSensor,IrrigationControl,North,DENY,ROLE_INSUFFICIENT,True
2025-08-24T18:54:02Z,SA-0001389,sensor_irrigation,atk-0294,Sensor,ControlZone,IrrigationControl,North,DENY,ROLE_INSUFFICIENT,True
2025-08-24T19:06:57Z,SA-0001390,sensor_irrigation,atk-0485,Sensor,WriteSensor,AuditLog,East,DENY,ZONE_MISMATCH,True
2025-08-24T22:17:51Z,SA-0001391,sensor_irrigation,atk-0029,Sensor,ReadAll,IrrigationControl,West,DENY,POLICY_VIOLATION,True
2025-08-24T23:15:41Z,SA-0001392,sensor_irrigation,atk-0018,Sensor,ManageRoles,IrrigationControl,West,DENY,POLICY_VIOLATION,True
2025-08-24T23:30:04Z,SA-0001393,sensor_irrigation,atk-0289,Sensor,ControlZone,SensorData,East,DENY,OP_NOT_PERMITTED,True
2025-08-25T00:16:14Z,SA-0001394,sensor_irrigation,atk-0396,Sensor,ControlZone,AuditLog,East,DENY,IDS_BLOCKED,True
2025-08-25T02:37:05Z,SA-0001395,sensor_irrigation,atk-0464,Sensor,ManageRoles,AuditLog,North,DENY,ROLE_INSUFFICIENT,True
2025-08-25T03:07:40Z,SA-0001396,sensor_irrigation,atk-0247,Sensor,ReadAll,IrrigationControl,West,DENY,ROLE_INSUFFICIENT,True
2025-08-25T08:13:07Z,SA-0001397,sensor_irrigation,atk-0351,Sensor,ManageRoles,SensorData,North,DENY,CERT_REVOKED,True
2025-08-25T08:59:20Z,SA-0001398,sensor_irrigation,atk-0295,Sensor,WriteSensor,SensorData,East,DENY,ROLE_INSUFFICIENT,True
2025-08-25T09:42:58Z,SA-0001399,sensor_irrigation,atk-0471,Sensor,ReadAudit,IrrigationControl,East,DENY,ZONE_MISMATCH,True
2025-08-25T11:27:52Z,SA-0001400,sensor_irrigation,atk-0015,Sensor,ReadAudit,RoleAssignment,North,DENY,OP_NOT_PERMITTED,True
2025-08-25T12:17:06Z,SA-0001401,sensor_irrigation,atk-0232,Sensor,ManageRoles,AuditLog,South,DENY,IDS_BLOCKED,True
2025-08-25T13:27:25Z,SA-0001402,sensor_irrigation,atk-0159,Sensor,ReadAll,RoleAssignment,West,DENY,IDS_BLOCKED,True
2025-08-25T15:26:03Z,SA-0001403,sensor_irrigation,atk-0033,Sensor,ReadAudit,AuditLog,West,DENY,POLICY_VIOLATION,True
2025-08-25T18:47:09Z,SA-0001404,sensor_irrigation,atk-0414,Sensor,ReadAudit,AuditLog,South,DENY,OP_NOT_PERMITTED,True
2025-08-25T18:58:29Z,SA-0001405,sensor_irrigation,atk-0331,Sensor,ReadAll,AuditLog,South,DENY,ROLE_INSUFFICIENT,True
2025-08-25T19:12:26Z,SA-0001406,sensor_irrigation,atk-0448,Sensor,ReadAudit,RoleAssignment,East,DENY,POLICY_VIOLATION,True
2025-08-25T20:03:28Z,SA-0001407,sensor_irrigation,atk-0269,Sensor,ReadAll,RoleAssignment,West,DENY,CERT_REVOKED,True
2025-08-25T23:36:27Z,SA-0001408,sensor_irrigation,atk-0115,Sensor,ReadAudit,IrrigationControl,South,DENY,OP_NOT_PERMITTED,True
2025-08-26T01:38:31Z,SA-0001409,sensor_irrigation,atk-0091,Sensor,ManageRoles,RoleAssignment,South,DENY,IDS_BLOCKED,True
2025-08-26T04:10:02Z,SA-0001410,sensor_irrigation,atk-0057,Sensor,WriteSensor,RoleAssignment,North,DENY,ROLE_INSUFFICIENT,True
2025-08-26T10:01:36Z,SA-0001411,sensor_irrigation,atk-0259,Sensor,ControlZone,AuditLog,East,DENY,ZONE_MISMATCH,True
2025-08-26T10:53:57Z,SA-0001412,sensor_irrigation,atk-0024,Sensor,ManageRoles,SensorData,North,DENY,POLICY_VIOLATION,True
2025-08-26T11:22:06Z,SA-0001413,sensor_irrigation,atk-0103,Sensor,ReadAll,SensorData,North,DENY,CERT_REVOKED,True
2025-08-26T13:25:27Z,SA-0001414,sensor_irrigation,atk-0136,Sensor,ManageRoles,IrrigationControl,West,DENY,POLICY_VIOLATION,True
2025-08-26T17:28:12Z,SA-0001415,sensor_irrigation,atk-0174,Sensor,ReadAudit,RoleAssignment,North,DENY,ZONE_MISMATCH,True
2025-08-26T23:18:55Z,SA-0001416,sensor_irrigation,atk-0425,Sensor,ReadAll,SensorData,West,DENY,POLICY_VIOLATION,True
2025-08-27T00:08:07Z,SA-0001417,sensor_irrigation,atk-0422,Sensor,ControlZone,RoleAssignment,West,DENY,CERT_REVOKED,True
2025-08-27T00:40:23Z,SA-0001418,sensor_irrigation,atk-0017,Sensor,ControlZone,IrrigationControl,South,DENY,IDS_BLOCKED,True
2025-08-27T04:30:42Z,SA-0001419,sensor_irrigation,atk-0390,Sensor,WriteSensor,IrrigationControl,East,DENY,OP_NOT_PERMITTED,True
2025-08-27T04:42:33Z,SA-0001420,sensor_irrigation,atk-0326,Sensor,ReadAll,IrrigationControl,East,DENY,POLICY_VIOLATION,True
2025-08-27T05:23:59Z,SA-0001421,sensor_irrigation,atk-0448,Sensor,ReadAudit,AuditLog,South,DENY,ZONE_MISMATCH,True
2025-08-27T07:37:28Z,SA-0001422,sensor_irrigation,atk-0096,Sensor,ReadAudit,RoleAssignment,East,DENY,POLICY_VIOLATION,True
2025-08-27T08:56:32Z,SA-0001423,sensor_irrigation,atk-0440,Sensor,ManageRoles,SensorData,West,DENY,IDS_BLOCKED,True
2025-08-27T11:02:00Z,SA-0001424,sensor_irrigation,atk-0219,Sensor,WriteSensor,AuditLog,West,DENY,POLICY_VIOLATION,True
2025-08-27T12:50:32Z,SA-0001425,sensor_irrigation,atk-0419,Sensor,ReadAll,AuditLog,West,DENY,ZONE_MISMATCH,True
2025-08-27T13:14:26Z,SA-0001426,sensor_irrigation,atk-0474,Sensor,WriteSensor,RoleAssignment,West,DENY,POLICY_VIOLATION,True
2025-08-27T14:17:08Z,SA-0001427,sensor_irrigation,atk-0381,Sensor,ManageRoles,IrrigationControl,South,DENY,ROLE_INSUFFICIENT,True
2025-08-27T14:58:28Z,SA-0001428,sensor_irrigation,atk-0085,Sensor,ReadAudit,SensorData,North,DENY,ZONE_MISMATCH,True
2025-08-27T15:22:49Z,SA-0001429,sensor_irrigation,atk-0444,Sensor,ReadAll,IrrigationControl,North,DENY,ROLE_INSUFFICIENT,True
2025-08-27T19:23:02Z,SA-0001430,sensor_irrigation,atk-0183,Sensor,ControlZone,AuditLog,South,DENY,CERT_REVOKED,True
2025-08-27T21:16:14Z,SA-0001431,sensor_irrigation,atk-0128,Sensor,ReadAudit,IrrigationControl,South,DENY,ROLE_INSUFFICIENT,True
2025-08-27T21:26:42Z,SA-0001432,sensor_irrigation,atk-0310,Sensor,WriteSensor,IrrigationControl,East,DENY,OP_NOT_PERMITTED,True
2025-08-27T22:01:19Z,SA-0001433,sensor_irrigation,atk-0200,Sensor,WriteSensor,RoleAssignment,West,DENY,POLICY_VIOLATION,True
2025-08-27T22:11:43Z,SA-0001434,sensor_irrigation,atk-0070,Sensor,ReadAudit,IrrigationControl,West,DENY,OP_NOT_PERMITTED,True
2025-08-27T23:22:36Z,SA-0001435,sensor_irrigation,atk-0067,Sensor,ReadAll,SensorData,North,DENY,ROLE_INSUFFICIENT,True
2025-08-28T04:02:28Z,SA-0001436,sensor_irrigation,atk-0163,Sensor,ManageRoles,RoleAssignment,North,DENY,ZONE_MISMATCH,True
2025-08-28T05:33:15Z,SA-0001437,sensor_irrigation,atk-0489,Sensor,ManageRoles,SensorData,South,DENY,OP_NOT_PERMITTED,True
2025-08-28T06:34:41Z,SA-0001438,sensor_irrigation,atk-0248,Sensor,ControlZone,RoleAssignment,South,DENY,IDS_BLOCKED,True
2025-08-28T08:23:12Z,SA-0001439,sensor_irrigation,atk-0307,Sensor,WriteSensor,AuditLog,West,DENY,CERT_REVOKED,True
2025-08-28T10:02:59Z,SA-0001440,sensor_irrigation,atk-0448,Sensor,WriteSensor,IrrigationControl,East,DENY,IDS_BLOCKED,True
2025-08-28T10:38:35Z,SA-0001441,sensor_irrigation,atk-0033,Sensor,ControlZone,RoleAssignment,West,DENY,OP_NOT_PERMITTED,True
2025-08-28T11:43:15Z,SA-0001442,sensor_irrigation,atk-0051,Sensor,ReadAll,IrrigationControl,West,DENY,POLICY_VIOLATION,True
2025-08-28T13:00:57Z,SA-0001443,sensor_irrigation,atk-0414,Sensor,ReadAudit,AuditLog,South,DENY,ROLE_INSUFFICIENT,True
2025-08-28T14:57:23Z,SA-0001444,sensor_irrigation,atk-0120,Sensor,ManageRoles,SensorData,East,DENY,POLICY_VIOLATION,True
2025-08-28T16:16:22Z,SA-0001445,sensor_irrigation,atk-0129,Sensor,WriteSensor,RoleAssignment,South,DENY,OP_NOT_PERMITTED,True
2025-08-28T17:43:57Z,SA-0001446,sensor_irrigation,atk-0392,Sensor,ReadAudit,IrrigationControl,South,DENY,POLICY_VIOLATION,True
2025-08-28T17:57:33Z,SA-0001447,sensor_irrigation,atk-0156,Sensor,ReadAudit,SensorData,North,DENY,CERT_REVOKED,True
2025-08-28T18:26:48Z,SA-0001448,sensor_irrigation,atk-0129,Sensor,ManageRoles,AuditLog,East,DENY,POLICY_VIOLATION,True
2025-08-28T19:10:11Z,SA-0001449,sensor_irrigation,atk-0332,Sensor,ReadAll,RoleAssignment,East,DENY,OP_NOT_PERMITTED,True
2025-08-28T20:23:19Z,SA-0001450,sensor_irrigation,atk-0402,Sensor,ReadAll,AuditLog,North,DENY,IDS_BLOCKED,True
2025-08-28T20:46:52Z,SA-0001451,sensor_irrigation,atk-0460,Sensor,WriteSensor,SensorData,North,DENY,OP_NOT_PERMITTED,True
2025-08-29T00:42:49Z,SA-0001452,sensor_irrigation,atk-0143,Sensor,ManageRoles,IrrigationControl,West,DENY,CERT_REVOKED,True
2025-08-29T01:12:06Z,SA-0001453,sensor_irrigation,atk-0145,Sensor,WriteSensor,SensorData,East,DENY,ZONE_MISMATCH,True
2025-08-29T02:39:53Z,SA-0001454,sensor_irrigation,atk-0256,Sensor,ControlZone,IrrigationControl,East,DENY,POLICY_VIOLATION,True
2025-08-29T03:05:24Z,SA-0001455,sensor_irrigation,atk-0490,Sensor,WriteSensor,SensorData,North,DENY,POLICY_VIOLATION,True
2025-08-29T03:36:52Z,SA-0001456,sensor_irrigation,atk-0306,Sensor,WriteSensor,AuditLog,East,DENY,ROLE_INSUFFICIENT,True
2025-08-29T05:59:27Z,SA-0001457,sensor_irrigation,atk-0416,Sensor,ManageRoles,SensorData,South,DENY,OP_NOT_PERMITTED,True
2025-08-29T06:01:02Z,SA-0001458,sensor_irrigation,atk-0308,Sensor,ReadAudit,IrrigationControl,East,DENY,OP_NOT_PERMITTED,True
2025-08-29T09:08:22Z,SA-0001459,sensor_irrigation,atk-0474,Sensor,ReadAudit,RoleAssignment,North,DENY,IDS_BLOCKED,True
2025-08-29T09:41:54Z,SA-0001460,sensor_irrigation,atk-0225,Sensor,WriteSensor,IrrigationControl,East,DENY,OP_NOT_PERMITTED,True
2025-08-29T10:24:14Z,SA-0001461,sensor_irrigation,atk-0204,Sensor,ReadAll,RoleAssignment,West,DENY,CERT_REVOKED,True
2025-08-29T10:24:50Z,SA-0001462,sensor_irrigation,atk-0239,Sensor,ControlZone,AuditLog,South,DENY,OP_NOT_PERMITTED,True
2025-08-29T12:45:53Z,SA-0001463,sensor_irrigation,atk-0178,Sensor,ReadAudit,RoleAssignment,West,DENY,POLICY_VIOLATION,True
2025-08-29T13:06:48Z,SA-0001464,sensor_irrigation,atk-0156,Sensor,ControlZone,IrrigationControl,East,DENY,OP_NOT_PERMITTED,True
2025-08-29T13:26:45Z,SA-0001465,sensor_irrigation,atk-0074,Sensor,ManageRoles,AuditLog,South,DENY,OP_NOT_PERMITTED,True
2025-08-29T13:32:33Z,SA-0001466,sensor_irrigation,atk-0379,Sensor,ReadAll,SensorData,South,DENY,CERT_REVOKED,True
2025-08-29T14:08:36Z,SA-0001467,sensor_irrigation,atk-0462,Sensor,WriteSensor,IrrigationControl,South,DENY,POLICY_VIOLATION,True
2025-08-29T14:48:45Z,SA-0001468,sensor_irrigation,atk-0242,Sensor,ManageRoles,AuditLog,East,DENY,POLICY_VIOLATION,True
2025-08-29T18:05:28Z,SA-0001469,sensor_irrigation,atk-0316,Sensor,ControlZone,RoleAssignment,West,DENY,ZONE_MISMATCH,True
2025-08-29T20:30:33Z,SA-0001470,sensor_irrigation,atk-0272,Sensor,ReadAll,IrrigationControl,West,DENY,CERT_REVOKED,True
2025-08-29T20:56:33Z,SA-0001471,sensor_irrigation,atk-0215,Sensor,ReadAudit,AuditLog,West,DENY,POLICY_VIOLATION,True
2025-08-29T21:10:49Z,SA-0001472,sensor_irrigation,atk-0358,Sensor,ManageRoles,SensorData,West,DENY,OP_NOT_PERMITTED,True
2025-08-29T22:34:15Z,SA-0001473,sensor_irrigation,atk-0342,Sensor,ReadAll,IrrigationControl,South,DENY,OP_NOT_PERMITTED,True
2025-08-30T00:58:51Z,SA-0001474,sensor_irrigation,atk-0213,Sensor,ManageRoles,AuditLog,East,DENY,OP_NOT_PERMITTED,True
2025-08-30T02:13:17Z,SA-0001475,sensor_irrigation,atk-0388,Sensor,ReadAll,RoleAssignment,South,DENY,ROLE_INSUFFICIENT,True
2025-08-30T02:18:21Z,SA-0001476,sensor_irrigation,atk-0174,Sensor,ReadAll,SensorData,North,DENY,CERT_REVOKED,True
2025-08-30T02:18:36Z,SA-0001477,sensor_irrigation,atk-0256,Sensor,ManageRoles,AuditLog,East,DENY,POLICY_VIOLATION,True
2025-08-30T05:45:59Z,SA-0001478,sensor_irrigation,atk-0197,Sensor,ManageRoles,SensorData,West,DENY,OP_NOT_PERMITTED,True
2025-08-30T06:54:08Z,SA-0001479,sensor_irrigation,atk-0252,Sensor,ManageRoles,RoleAssignment,South,DENY,CERT_REVOKED,True
2025-08-30T07:02:18Z,SA-0001480,sensor_irrigation,atk-0479,Sensor,ControlZone,IrrigationControl,North,DENY,CERT_REVOKED,True
2025-08-30T08:00:58Z,SA-0001481,sensor_irrigation,atk-0282,Sensor,ReadAll,AuditLog,South,DENY,IDS_BLOCKED,True
2025-08-30T09:07:29Z,SA-0001482,sensor_irrigation,atk-0405,Sensor,ReadAll,RoleAssignment,South,DENY,POLICY_VIOLATION,True
2025-08-30T09:49:05Z,SA-0001483,sensor_irrigation,atk-0147,Sensor,ManageRoles,IrrigationControl,West,DENY,IDS_BLOCKED,True
2025-08-30T10:17:35Z,SA-0001484,sensor_irrigation,atk-0038,Sensor,ReadAudit,AuditLog,West,DENY,POLICY_VIOLATION,True
2025-08-30T10:19:33Z,SA-0001485,sensor_irrigation,atk-0040,Sensor,ManageRoles,IrrigationControl,North,DENY,ROLE_INSUFFICIENT,True
2025-08-30T13:21:36Z,SA-0001486,sensor_irrigation,atk-0116,Sensor,ReadAll,IrrigationControl,East,DENY,CERT_REVOKED,True
2025-08-30T14:13:54Z,SA-0001487,sensor_irrigation,atk-0223,Sensor,WriteSensor,RoleAssignment,West,DENY,ROLE_INSUFFICIENT,True
2025-08-30T14:54:19Z,SA-0001488,sensor_irrigation,atk-0485,Sensor,ManageRoles,IrrigationControl,East,DENY,POLICY_VIOLATION,True
2025-08-30T15:50:03Z,SA-0001489,sensor_irrigation,atk-0255,Sensor,ReadAudit,SensorData,North,DENY,POLICY_VIOLATION,True
2025-08-30T16:56:57Z,SA-0001490,sensor_irrigation,atk-0491,Sensor,ControlZone,SensorData,North,DENY,CERT_REVOKED,True
2025-08-30T17:52:38Z,SA-0001491,sensor_irrigation,atk-0229,Sensor,ReadAll,RoleAssignment,South,DENY,ZONE_MISMATCH,True
2025-08-30T18:11:57Z,SA-0001492,sensor_irrigation,atk-0192,Sensor,ReadAll,SensorData,East,DENY,ZONE_MISMATCH,True
2025-08-30T19:19:48Z,SA-0001493,sensor_irrigation,atk-0268,Sensor,ControlZone,IrrigationControl,West,DENY,IDS_BLOCKED,True
2025-08-30T19:39:36Z,SA-0001494,sensor_irrigation,atk-0314,Sensor,ReadAll,IrrigationControl,North,DENY,ZONE_MISMATCH,True
2025-08-30T19:48:10Z,SA-0001495,sensor_irrigation,atk-0082,Sensor,WriteSensor,RoleAssignment,East,DENY,IDS_BLOCKED,True
2025-08-30T21:38:49Z,SA-0001496,sensor_irrigation,atk-0462,Sensor,ReadAll,RoleAssignment,East,DENY,ZONE_MISMATCH,True
2025-08-30T23:31:59Z,SA-0001497,sensor_irrigation,atk-0425,Sensor,WriteSensor,RoleAssignment,North,DENY,CERT_REVOKED,True
2025-08-31T01:56:32Z,SA-0001498,sensor_irrigation,atk-0118,Sensor,WriteSensor,SensorData,West,DENY,ZONE_MISMATCH,True
2025-08-31T02:00:59Z,SA-0001499,sensor_irrigation,atk-0083,Sensor,ManageRoles,IrrigationControl,East,DENY,CERT_REVOKED,True
2025-08-31T02:16:40Z,SA-0001500,sensor_irrigation,atk-0183,Sensor,ManageRoles,AuditLog,East,DENY,ZONE_MISMATCH,True
2025-08-31T04:11:01Z,SA-0001501,sensor_irrigation,atk-0348,Sensor,ControlZone,AuditLog,South,DENY,ZONE_MISMATCH,True
2025-08-31T05:15:44Z,SA-0001502,sensor_irrigation,atk-0347,Sensor,ControlZone,AuditLog,North,DENY,POLICY_VIOLATION,True
2025-08-31T05:48:18Z,SA-0001503,sensor_irrigation,atk-0127,Sensor,ReadAll,IrrigationControl,West,DENY,IDS_BLOCKED,True
2025-08-31T05:53:41Z,SA-0001504,sensor_irrigation,atk-0302,Sensor,ManageRoles,AuditLog,East,DENY,POLICY_VIOLATION,True
2025-08-31T07:39:42Z,SA-0001505,sensor_irrigation,atk-0180,Sensor,ReadAudit,AuditLog,West,DENY,IDS_BLOCKED,True
2025-08-31T09:06:22Z,SA-0001506,sensor_irrigation,atk-0175,Sensor,ControlZone,IrrigationControl,South,DENY,ZONE_MISMATCH,True
2025-08-31T09:50:07Z,SA-0001507,sensor_irrigation,atk-0209,Sensor,ManageRoles,IrrigationControl,North,DENY,ROLE_INSUFFICIENT,True
2025-08-31T12:00:53Z,SA-0001508,sensor_irrigation,atk-0007,Sensor,ManageRoles,IrrigationControl,North,DENY,ROLE_INSUFFICIENT,True
2025-08-31T22:09:17Z,SA-0001509,sensor_irrigation,atk-0335,Sensor,ControlZone,RoleAssignment,North,DENY,IDS_BLOCKED,True
2025-08-31T22:20:47Z,SA-0001510,sensor_irrigation,atk-0474,Sensor,ReadAudit,RoleAssignment,South,DENY,IDS_BLOCKED,True
2025-08-31T22:57:06Z,SA-0001511,sensor_irrigation,atk-0484,Sensor,ReadAudit,RoleAssignment,South,DENY,ROLE_INSUFFICIENT,True
2025-09-01T00:10:17Z,SA-0001512,sensor_irrigation,atk-0286,Sensor,WriteSensor,IrrigationControl,East,DENY,POLICY_VIOLATION,True
2025-09-01T02:20:56Z,SA-0001513,sensor_irrigation,atk-0279,Sensor,ManageRoles,SensorData,West,DENY,ZONE_MISMATCH,True
2025-09-01T02:31:00Z,SA-0001514,sensor_irrigation,atk-0213,Sensor,ReadAudit,AuditLog,West,DENY,IDS_BLOCKED,True
2025-09-01T03:18:58Z,SA-0001515,sensor_irrigation,atk-0277,Sensor,WriteSensor,IrrigationControl,West,DENY,ZONE_MISMATCH,True
2025-09-01T04:28:53Z,SA-0001516,sensor_irrigation,atk-0443,Sensor,ManageRoles,SensorData,North,DENY,OP_NOT_PERMITTED,True
2025-09-01T05:06:26Z,SA-0001517,sensor_irrigation,atk-0480,Sensor,ReadAudit,RoleAssignment,North,DENY,ROLE_INSUFFICIENT,True
2025-09-01T05:39:11Z,SA-0001518,sensor_irrigation,atk-0201,Sensor,WriteSensor,IrrigationControl,South,DENY,POLICY_VIOLATION,True
2025-09-01T08:35:01Z,SA-0001519,sensor_irrigation,atk-0249,Sensor,WriteSensor,RoleAssignment,South,DENY,ROLE_INSUFFICIENT,True
2025-09-01T09:49:29Z,SA-0001520,sensor_irrigation,atk-0272,Sensor,ControlZone,RoleAssignment,North,DENY,ROLE_INSUFFICIENT,True
2025-09-01T11:37:31Z,SA-0001521,sensor_irrigation,atk-0202,Sensor,ReadAudit,IrrigationControl,East,DENY,CERT_REVOKED,True
2025-09-01T16:05:43Z,SA-0001522,sensor_irrigation,atk-0088,Sensor,ManageRoles,SensorData,West,DENY,OP_NOT_PERMITTED,True
2025-09-01T16:13:19Z,SA-0001523,sensor_irrigation,atk-0373,Sensor,ControlZone,SensorData,South,DENY,ROLE_INSUFFICIENT,True
2025-09-01T19:46:51Z,SA-0001524,sensor_irrigation,atk-0448,Sensor,ManageRoles,RoleAssignment,West,DENY,IDS_BLOCKED,True
2025-09-01T20:29:00Z,SA-0001525,sensor_irrigation,atk-0441,Sensor,ReadAll,IrrigationControl,South,DENY,ROLE_INSUFFICIENT,True
2025-09-01T21:22:17Z,SA-0001526,sensor_irrigation,atk-0121,Sensor,ControlZone,RoleAssignment,North,DENY,ROLE_INSUFFICIENT,True
2025-09-02T01:14:18Z,SA-0001527,sensor_irrigation,atk-0492,Sensor,ReadAudit,IrrigationControl,West,DENY,ROLE_INSUFFICIENT,True
2025-09-02T03:38:25Z,SA-0001528,sensor_irrigation,atk-0395,Sensor,WriteSensor,IrrigationControl,West,DENY,CERT_REVOKED,True
2025-09-02T08:05:40Z,SA-0001529,sensor_irrigation,atk-0427,Sensor,WriteSensor,SensorData,East,DENY,ZONE_MISMATCH,True
2025-09-02T08:25:33Z,SA-0001530,sensor_irrigation,atk-0189,Sensor,ManageRoles,RoleAssignment,West,DENY,IDS_BLOCKED,True
2025-09-02T08:39:43Z,SA-0001531,sensor_irrigation,atk-0097,Sensor,ControlZone,IrrigationControl,South,DENY,POLICY_VIOLATION,True
2025-09-02T09:17:50Z,SA-0001532,sensor_irrigation,atk-0061,Sensor,ReadAudit,RoleAssignment,West,DENY,IDS_BLOCKED,True
2025-09-02T12:20:44Z,SA-0001533,sensor_irrigation,atk-0159,Sensor,ControlZone,SensorData,East,DENY,CERT_REVOKED,True
2025-09-02T12:58:07Z,SA-0001534,sensor_irrigation,atk-0253,Sensor,ReadAudit,IrrigationControl,South,DENY,CERT_REVOKED,True
2025-09-02T14:48:25Z,SA-0001535,sensor_irrigation,atk-0225,Sensor,ReadAll,SensorData,West,DENY,OP_NOT_PERMITTED,True
2025-09-02T15:16:30Z,SA-0001536,sensor_irrigation,atk-0087,Sensor,ReadAll,SensorData,South,DENY,CERT_REVOKED,True
2025-09-02T15:59:22Z,SA-0001537,sensor_irrigation,atk-0450,Sensor,WriteSensor,SensorData,South,DENY,POLICY_VIOLATION,True
2025-09-02T17:20:33Z,SA-0001538,sensor_irrigation,atk-0322,Sensor,ManageRoles,IrrigationControl,West,DENY,ROLE_INSUFFICIENT,True
2025-09-02T17:48:10Z,SA-0001539,sensor_irrigation,atk-0309,Sensor,ReadAudit,SensorData,South,DENY,POLICY_VIOLATION,True
2025-09-02T18:15:26Z,SA-0001540,sensor_irrigation,atk-0170,Sensor,ReadAll,AuditLog,East,DENY,IDS_BLOCKED,True
2025-09-02T23:21:10Z,SA-0001541,sensor_irrigation,atk-0013,Sensor,ReadAll,SensorData,East,DENY,ROLE_INSUFFICIENT,True
2025-09-03T04:27:24Z,SA-0001542,sensor_irrigation,atk-0352,Sensor,ControlZone,IrrigationControl,East,DENY,ROLE_INSUFFICIENT,True
2025-09-03T09:28:10Z,SA-0001543,sensor_irrigation,atk-0244,Sensor,ReadAll,AuditLog,East,DENY,IDS_BLOCKED,True
2025-09-03T09:36:13Z,SA-0001544,sensor_irrigation,atk-0193,Sensor,ReadAudit,IrrigationControl,South,DENY,ZONE_MISMATCH,True
2025-09-03T12:10:30Z,SA-0001545,sensor_irrigation,atk-0313,Sensor,ReadAudit,IrrigationControl,West,DENY,OP_NOT_PERMITTED,True
2025-09-03T15:07:19Z,SA-0001546,sensor_irrigation,atk-0119,Sensor,ReadAudit,IrrigationControl,North,DENY,OP_NOT_PERMITTED,True
2025-09-03T22:17:23Z,SA-0001547,sensor_irrigation,atk-0168,Sensor,ReadAll,IrrigationControl,East,DENY,OP_NOT_PERMITTED,True
2025-09-04T00:49:53Z,SA-0001548,sensor_irrigation,atk-0301,Sensor,ReadAudit,RoleAssignment,East,DENY,ROLE_INSUFFICIENT,True
2025-09-04T04:50:31Z,SA-0001549,sensor_irrigation,atk-0288,Sensor,WriteSensor,RoleAssignment,East,DENY,CERT_REVOKED,True
2025-09-04T05:05:26Z,SA-0001550,sensor_irrigation,atk-0099,Sensor,ReadAudit,RoleAssignment,East,DENY,OP_NOT_PERMITTED,True
2025-09-04T05:30:47Z,SA-0001551,sensor_irrigation,atk-0012,Sensor,ControlZone,AuditLog,East,DENY,OP_NOT_PERMITTED,True
2025-09-04T09:22:25Z,SA-0001552,sensor_irrigation,atk-0454,Sensor,ManageRoles,SensorData,East,DENY,IDS_BLOCKED,True
2025-09-04T12:46:03Z,SA-0001553,sensor_irrigation,atk-0396,Sensor,ReadAudit,SensorData,North,DENY,CERT_REVOKED,True
2025-09-04T19:55:52Z,SA-0001554,sensor_irrigation,atk-0079,Sensor,ReadAll,AuditLog,West,DENY,CERT_REVOKED,True
2025-09-04T20:34:39Z,SA-0001555,sensor_irrigation,atk-0014,Sensor,ReadAll,SensorData,North,DENY,CERT_REVOKED,True
2025-09-04T21:17:55Z,SA-0001556,sensor_irrigation,atk-0072,Sensor,ControlZone,IrrigationControl,South,DENY,CERT_REVOKED,True
2025-09-04T21:36:42Z,SA-0001557,sensor_irrigation,atk-0463,Sensor,ManageRoles,IrrigationControl,South,DENY,CERT_REVOKED,True
2025-09-04T22:20:51Z,SA-0001558,sensor_irrigation,atk-0069,Sensor,ControlZone,RoleAssignment,West,DENY,ROLE_INSUFFICIENT,True
2025-09-04T22:42:51Z,SA-0001559,sensor_irrigation,atk-0103,Sensor,ReadAll,AuditLog,East,DENY,POLICY_VIOLATION,True
2025-09-04T23:31:32Z,SA-0001560,sensor_irrigation,atk-0086,Sensor,ReadAll,SensorData,West,DENY,ROLE_INSUFFICIENT,True
2025-09-05T00:54:31Z,SA-0001561,sensor_irrigation,atk-0075,Sensor,ManageRoles,AuditLog,East,DENY,OP_NOT_PERMITTED,True
2025-09-05T05:31:11Z,SA-0001562,sensor_irrigation,atk-0290,Sensor,WriteSensor,RoleAssignment,East,DENY,IDS_BLOCKED,True
2025-09-05T07:04:43Z,SA-0001563,sensor_irrigation,atk-0373,Sensor,ControlZone,AuditLog,North,DENY,ROLE_INSUFFICIENT,True
2025-09-05T09:50:45Z,SA-0001564,sensor_irrigation,atk-0136,Sensor,ControlZone,SensorData,North,DENY,OP_NOT_PERMITTED,True
2025-09-05T11:19:47Z,SA-0001565,sensor_irrigation,atk-0111,Sensor,ManageRoles,AuditLog,East,DENY,ZONE_MISMATCH,True
2025-09-05T11:32:43Z,SA-0001566,sensor_irrigation,atk-0429,Sensor,ReadAudit,IrrigationControl,East,DENY,CERT_REVOKED,True
2025-09-05T13:49:41Z,SA-0001567,sensor_irrigation,atk-0459,Sensor,WriteSensor,IrrigationControl,North,DENY,ZONE_MISMATCH,True
2025-09-05T14:40:32Z,SA-0001568,sensor_irrigation,atk-0173,Sensor,ReadAudit,RoleAssignment,South,DENY,ZONE_MISMATCH,True
2025-09-05T15:10:28Z,SA-0001569,sensor_irrigation,atk-0109,Sensor,ManageRoles,SensorData,North,DENY,OP_NOT_PERMITTED,True
2025-09-05T15:33:00Z,SA-0001570,sensor_irrigation,atk-0067,Sensor,WriteSensor,AuditLog,South,DENY,POLICY_VIOLATION,True
2025-09-05T16:24:52Z,SA-0001571,sensor_irrigation,atk-0432,Sensor,ControlZone,IrrigationControl,West,DENY,OP_NOT_PERMITTED,True
2025-09-05T16:59:34Z,SA-0001572,sensor_irrigation,atk-0045,Sensor,ControlZone,RoleAssignment,North,DENY,OP_NOT_PERMITTED,True
2025-09-06T02:14:55Z,SA-0001573,sensor_irrigation,atk-0447,Sensor,ReadAll,AuditLog,West,DENY,CERT_REVOKED,True
2025-09-06T03:09:32Z,SA-0001574,sensor_irrigation,atk-0207,Sensor,WriteSensor,RoleAssignment,East,DENY,ROLE_INSUFFICIENT,True
2025-09-06T03:56:42Z,SA-0001575,sensor_irrigation,atk-0419,Sensor,WriteSensor,IrrigationControl,North,DENY,ZONE_MISMATCH,True
2025-09-06T06:05:54Z,SA-0001576,sensor_irrigation,atk-0234,Sensor,ManageRoles,IrrigationControl,North,DENY,ROLE_INSUFFICIENT,True
2025-09-06T08:09:51Z,SA-0001577,sensor_irrigation,atk-0437,Sensor,ControlZone,IrrigationControl,West,DENY,POLICY_VIOLATION,True
2025-09-06T12:47:02Z,SA-0001578,sensor_irrigation,atk-0434,Sensor,ManageRoles,AuditLog,South,DENY,POLICY_VIOLATION,True
2025-09-06T13:30:13Z,SA-0001579,sensor_irrigation,atk-0154,Sensor,ReadAudit,IrrigationControl,North,DENY,POLICY_VIOLATION,True
2025-09-06T16:50:03Z,SA-0001580,sensor_irrigation,atk-0121,Sensor,ReadAudit,IrrigationControl,East,DENY,ROLE_INSUFFICIENT,True
2025-09-06T18:20:59Z,SA-0001581,sensor_irrigation,atk-0145,Sensor,ManageRoles,SensorData,West,DENY,ZONE_MISMATCH,True
2025-09-06T18:47:09Z,SA-0001582,sensor_irrigation,atk-0490,Sensor,WriteSensor,SensorData,North,DENY,OP_NOT_PERMITTED,True
2025-09-06T20:17:12Z,SA-0001583,sensor_irrigation,atk-0211,Sensor,ReadAudit,AuditLog,North,DENY,ZONE_MISMATCH,True
2025-09-06T20:53:56Z,SA-0001584,sensor_irrigation,atk-0218,Sensor,WriteSensor,RoleAssignment,East,DENY,ZONE_MISMATCH,True
2025-09-06T21:03:59Z,SA-0001585,sensor_irrigation,atk-0044,Sensor,ManageRoles,AuditLog,South,DENY,POLICY_VIOLATION,True
2025-09-06T21:15:15Z,SA-0001586,sensor_irrigation,atk-0283,Sensor,ReadAll,IrrigationControl,North,DENY,ZONE_MISMATCH,True
2025-09-06T21:49:09Z,SA-0001587,sensor_irrigation,atk-0293,Sensor,ReadAudit,IrrigationControl,South,DENY,CERT_REVOKED,True
2025-09-06T21:57:32Z,SA-0001588,sensor_irrigation,atk-0486,Sensor,ReadAll,IrrigationControl,North,DENY,CERT_REVOKED,True
2025-09-06T22:44:00Z,SA-0001589,sensor_irrigation,atk-0314,Sensor,ManageRoles,AuditLog,North,DENY,POLICY_VIOLATION,True
2025-09-06T23:19:52Z,SA-0001590,sensor_irrigation,atk-0453,Sensor,ReadAll,RoleAssignment,East,DENY,OP_NOT_PERMITTED,True
2025-09-07T02:22:50Z,SA-0001591,sensor_irrigation,atk-0321,Sensor,ControlZone,IrrigationControl,East,DENY,CERT_REVOKED,True
2025-09-07T02:55:49Z,SA-0001592,sensor_irrigation,atk-0044,Sensor,ReadAll,SensorData,North,DENY,CERT_REVOKED,True
2025-09-07T03:09:52Z,SA-0001593,sensor_irrigation,atk-0004,Sensor,WriteSensor,IrrigationControl,East,DENY,ZONE_MISMATCH,True
2025-09-07T03:11:28Z,SA-0001594,sensor_irrigation,atk-0096,Sensor,ReadAll,AuditLog,East,DENY,CERT_REVOKED,True
2025-09-07T07:20:03Z,SA-0001595,sensor_irrigation,atk-0448,Sensor,ReadAll,RoleAssignment,South,DENY,OP_NOT_PERMITTED,True
2025-09-07T07:25:13Z,SA-0001596,sensor_irrigation,atk-0326,Sensor,ControlZone,IrrigationControl,South,DENY,OP_NOT_PERMITTED,True
2025-09-07T08:23:09Z,SA-0001597,sensor_irrigation,atk-0465,Sensor,ReadAll,AuditLog,East,DENY,CERT_REVOKED,True
2025-09-07T09:23:44Z,SA-0001598,sensor_irrigation,atk-0497,Sensor,ControlZone,AuditLog,West,DENY,ZONE_MISMATCH,True
2025-09-07T10:33:03Z,SA-0001599,sensor_irrigation,atk-0188,Sensor,ManageRoles,AuditLog,South,DENY,POLICY_VIOLATION,True
2025-09-07T13:01:39Z,SA-0001600,sensor_irrigation,atk-0384,Sensor,WriteSensor,SensorData,East,DENY,CERT_REVOKED,True
2025-09-07T13:15:09Z,SA-0001601,sensor_irrigation,atk-0011,Sensor,ControlZone,IrrigationControl,North,DENY,OP_NOT_PERMITTED,True
2025-09-07T13:32:02Z,SA-0001602,sensor_irrigation,atk-0270,Sensor,ManageRoles,AuditLog,South,DENY,CERT_REVOKED,True
2025-09-07T13:47:02Z,SA-0001603,sensor_irrigation,atk-0138,Sensor,ReadAll,RoleAssignment,South,DENY,CERT_REVOKED,True
2025-09-07T14:30:25Z,SA-0001604,sensor_irrigation,atk-0090,Sensor,WriteSensor,RoleAssignment,South,DENY,POLICY_VIOLATION,True
2025-09-07T16:54:44Z,SA-0001605,sensor_irrigation,atk-0458,Sensor,ReadAll,AuditLog,East,DENY,IDS_BLOCKED,True
2025-09-07T17:06:46Z,SA-0001606,sensor_irrigation,atk-0464,Sensor,ManageRoles,AuditLog,West,DENY,OP_NOT_PERMITTED,True
2025-09-07T17:10:24Z,SA-0001607,sensor_irrigation,atk-0045,Sensor,ManageRoles,IrrigationControl,East,DENY,CERT_REVOKED,True
2025-09-07T17:37:36Z,SA-0001608,sensor_irrigation,atk-0299,Sensor,ReadAudit,IrrigationControl,West,DENY,IDS_BLOCKED,True
2025-09-07T18:44:28Z,SA-0001609,sensor_irrigation,atk-0272,Sensor,ReadAll,SensorData,East,DENY,CERT_REVOKED,True
2025-09-07T19:05:53Z,SA-0001610,sensor_irrigation,atk-0265,Sensor,ControlZone,IrrigationControl,North,DENY,CERT_REVOKED,True
2025-09-07T20:40:53Z,SA-0001611,sensor_irrigation,atk-0214,Sensor,ReadAll,IrrigationControl,West,DENY,CERT_REVOKED,True
2025-09-07T21:59:43Z,SA-0001612,sensor_irrigation,atk-0259,Sensor,ControlZone,AuditLog,North,DENY,ROLE_INSUFFICIENT,True
2025-09-08T00:38:27Z,SA-0001613,sensor_irrigation,atk-0349,Sensor,ControlZone,IrrigationControl,North,DENY,ZONE_MISMATCH,True
2025-09-08T02:31:21Z,SA-0001614,sensor_irrigation,atk-0009,Sensor,ManageRoles,RoleAssignment,South,DENY,ZONE_MISMATCH,True
2025-09-08T03:30:06Z,SA-0001615,sensor_irrigation,atk-0301,Sensor,ManageRoles,AuditLog,North,DENY,ZONE_MISMATCH,True
2025-09-08T05:52:34Z,SA-0001616,sensor_irrigation,atk-0099,Sensor,ManageRoles,RoleAssignment,South,DENY,CERT_REVOKED,True
2025-09-08T06:14:27Z,SA-0001617,sensor_irrigation,atk-0233,Sensor,WriteSensor,IrrigationControl,West,DENY,IDS_BLOCKED,True
2025-09-08T08:23:37Z,SA-0001618,sensor_irrigation,atk-0269,Sensor,ControlZone,AuditLog,West,DENY,CERT_REVOKED,True
2025-09-08T10:12:29Z,SA-0001619,sensor_irrigation,atk-0143,Sensor,WriteSensor,IrrigationControl,West,DENY,POLICY_VIOLATION,True
2025-09-08T11:59:03Z,SA-0001620,sensor_irrigation,atk-0230,Sensor,WriteSensor,AuditLog,North,DENY,OP_NOT_PERMITTED,True
2025-09-08T14:13:39Z,SA-0001621,sensor_irrigation,atk-0394,Sensor,ManageRoles,RoleAssignment,West,DENY,OP_NOT_PERMITTED,True
2025-09-08T14:55:09Z,SA-0001622,sensor_irrigation,atk-0322,Sensor,ControlZone,AuditLog,South,DENY,CERT_REVOKED,True
2025-09-08T15:25:40Z,SA-0001623,sensor_irrigation,atk-0254,Sensor,ReadAll,AuditLog,West,DENY,ZONE_MISMATCH,True
2025-09-08T16:55:11Z,SA-0001624,sensor_irrigation,atk-0149,Sensor,ReadAll,AuditLog,East,DENY,ROLE_INSUFFICIENT,True
2025-09-08T17:40:48Z,SA-0001625,sensor_irrigation,atk-0348,Sensor,ControlZone,RoleAssignment,West,DENY,OP_NOT_PERMITTED,True
2025-09-08T18:23:52Z,SA-0001626,sensor_irrigation,atk-0498,Sensor,ManageRoles,AuditLog,West,DENY,OP_NOT_PERMITTED,True
2025-09-08T18:56:12Z,SA-0001627,sensor_irrigation,atk-0374,Sensor,ManageRoles,SensorData,West,DENY,IDS_BLOCKED,True
2025-09-08T21:10:11Z,SA-0001628,sensor_irrigation,atk-0151,Sensor,WriteSensor,AuditLog,East,DENY,CERT_REVOKED,True
2025-09-09T01:47:17Z,SA-0001629,sensor_irrigation,atk-0452,Sensor,ManageRoles,AuditLog,East,DENY,CERT_REVOKED,True
2025-09-09T04:00:47Z,SA-0001630,sensor_irrigation,atk-0104,Sensor,ReadAudit,SensorData,West,DENY,POLICY_VIOLATION,True
2025-09-09T08:08:34Z,SA-0001631,sensor_irrigation,atk-0448,Sensor,ReadAll,AuditLog,West,DENY,OP_NOT_PERMITTED,True
2025-09-09T08:25:21Z,SA-0001632,sensor_irrigation,atk-0027,Sensor,ReadAll,IrrigationControl,East,DENY,CERT_REVOKED,True
2025-09-09T08:27:17Z,SA-0001633,sensor_irrigation,atk-0068,Sensor,WriteSensor,IrrigationControl,West,DENY,IDS_BLOCKED,True
2025-09-09T09:10:22Z,SA-0001634,sensor_irrigation,atk-0058,Sensor,ControlZone,SensorData,South,DENY,ROLE_INSUFFICIENT,True
2025-09-09T10:34:10Z,SA-0001635,sensor_irrigation,atk-0153,Sensor,ReadAudit,AuditLog,West,DENY,IDS_BLOCKED,True
2025-09-09T14:42:57Z,SA-0001636,sensor_irrigation,atk-0111,Sensor,ReadAll,SensorData,North,DENY,CERT_REVOKED,True
2025-09-09T18:11:53Z,SA-0001637,sensor_irrigation,atk-0388,Sensor,WriteSensor,AuditLog,West,DENY,POLICY_VIOLATION,True
2025-09-09T18:15:23Z,SA-0001638,sensor_irrigation,atk-0009,Sensor,ReadAll,RoleAssignment,East,DENY,OP_NOT_PERMITTED,True
2025-09-09T18:59:10Z,SA-0001639,sensor_irrigation,atk-0230,Sensor,WriteSensor,SensorData,East,DENY,ROLE_INSUFFICIENT,True
2025-09-09T19:38:12Z,SA-0001640,sensor_irrigation,atk-0321,Sensor,WriteSensor,AuditLog,East,DENY,ZONE_MISMATCH,True
2025-09-09T20:00:10Z,SA-0001641,sensor_irrigation,atk-0168,Sensor,ReadAudit,RoleAssignment,West,DENY,POLICY_VIOLATION,True
2025-09-09T22:21:15Z,SA-0001642,sensor_irrigation,atk-0429,Sensor,WriteSensor,AuditLog,North,DENY,CERT_REVOKED,True
2025-09-09T23:00:17Z,SA-0001643,sensor_irrigation,atk-0372,Sensor,ControlZone,IrrigationControl,East,DENY,OP_NOT_PERMITTED,True
2025-09-09T23:43:50Z,SA-0001644,sensor_irrigation,atk-0363,Sensor,ReadAudit,RoleAssignment,East,DENY,ZONE_MISMATCH,True
2025-09-10T01:13:23Z,SA-0001645,sensor_irrigation,atk-0346,Sensor,WriteSensor,AuditLog,West,DENY,CERT_REVOKED,True
2025-09-10T01:40:59Z,SA-0001646,sensor_irrigation,atk-0190,Sensor,ControlZone,SensorData,South,DENY,ROLE_INSUFFICIENT,True
2025-09-10T04:03:12Z,SA-0001647,sensor_irrigation,atk-0013,Sensor,ManageRoles,IrrigationControl,West,DENY,CERT_REVOKED,True
2025-09-10T06:16:19Z,SA-0001648,sensor_irrigation,atk-0183,Sensor,ReadAudit,SensorData,North,DENY,ZONE_MISMATCH,True
2025-09-10T07:40:24Z,SA-0001649,sensor_irrigation,atk-0236,Sensor,ControlZone,AuditLog,South,DENY,ZONE_MISMATCH,True
2025-09-10T08:35:10Z,SA-0001650,sensor_irrigation,atk-0321,Sensor,ReadAll,AuditLog,West,DENY,OP_NOT_PERMITTED,True
2025-09-10T10:28:21Z,SA-0001651,sensor_irrigation,atk-0124,Sensor,ControlZone,RoleAssignment,South,DENY,CERT_REVOKED,True
2025-09-10T15:37:44Z,SA-0001652,sensor_irrigation,atk-0152,Sensor,ControlZone,RoleAssignment,West,DENY,ROLE_INSUFFICIENT,True
2025-09-10T17:22:54Z,SA-0001653,sensor_irrigation,atk-0062,Sensor,ReadAudit,SensorData,West,DENY,OP_NOT_PERMITTED,True
2025-09-10T20:18:51Z,SA-0001654,sensor_irrigation,atk-0173,Sensor,ReadAll,RoleAssignment,East,DENY,CERT_REVOKED,True
2025-09-10T20:28:21Z,SA-0001655,sensor_irrigation,atk-0243,Sensor,ReadAudit,IrrigationControl,East,DENY,OP_NOT_PERMITTED,True
2025-09-10T23:08:03Z,SA-0001656,sensor_irrigation,atk-0153,Sensor,ControlZone,AuditLog,East,DENY,POLICY_VIOLATION,True
2025-09-10T23:08:49Z,SA-0001657,sensor_irrigation,atk-0054,Sensor,WriteSensor,IrrigationControl,North,DENY,ROLE_INSUFFICIENT,True
2025-09-10T23:44:46Z,SA-0001658,sensor_irrigation,atk-0349,Sensor,ManageRoles,IrrigationControl,North,DENY,POLICY_VIOLATION,True
2025-09-10T23:54:58Z,SA-0001659,sensor_irrigation,atk-0084,Sensor,ControlZone,IrrigationControl,North,DENY,POLICY_VIOLATION,True
2025-09-11T01:12:19Z,SA-0001660,sensor_irrigation,atk-0102,Sensor,WriteSensor,IrrigationControl,East,DENY,ZONE_MISMATCH,True
2025-09-11T02:39:28Z,SA-0001661,sensor_irrigation,atk-0065,Sensor,ReadAll,IrrigationControl,South,DENY,ZONE_MISMATCH,True
2025-09-11T03:06:56Z,SA-0001662,sensor_irrigation,atk-0167,Sensor,ReadAudit,RoleAssignment,West,DENY,POLICY_VIOLATION,True
2025-09-11T04:04:22Z,SA-0001663,sensor_irrigation,atk-0255,Sensor,WriteSensor,AuditLog,East,DENY,ROLE_INSUFFICIENT,True
2025-09-11T04:50:38Z,SA-0001664,sensor_irrigation,atk-0343,Sensor,ControlZone,IrrigationControl,North,DENY,CERT_REVOKED,True
2025-09-11T04:54:43Z,SA-0001665,sensor_irrigation,atk-0441,Sensor,ManageRoles,IrrigationControl,South,DENY,CERT_REVOKED,True
2025-09-11T06:18:34Z,SA-0001666,sensor_irrigation,atk-0227,Sensor,WriteSensor,RoleAssignment,East,DENY,OP_NOT_PERMITTED,True
2025-09-11T06:27:26Z,SA-0001667,sensor_irrigation,atk-0197,Sensor,WriteSensor,SensorData,South,DENY,ROLE_INSUFFICIENT,True
2025-09-11T08:54:09Z,SA-0001668,sensor_irrigation,atk-0093,Sensor,ReadAll,IrrigationControl,East,DENY,OP_NOT_PERMITTED,True
2025-09-11T11:07:21Z,SA-0001669,sensor_irrigation,atk-0313,Sensor,WriteSensor,RoleAssignment,South,DENY,POLICY_VIOLATION,True
2025-09-11T11:08:07Z,SA-0001670,sensor_irrigation,atk-0175,Sensor,ControlZone,RoleAssignment,South,DENY,CERT_REVOKED,True
2025-09-11T11:13:44Z,SA-0001671,sensor_irrigation,atk-0224,Sensor,ReadAll,RoleAssignment,West,DENY,ROLE_INSUFFICIENT,True
2025-09-11T12:45:16Z,SA-0001672,sensor_irrigation,atk-0026,Sensor,ReadAll,IrrigationControl,North,DENY,ZONE_MISMATCH,True
2025-09-11T15:33:45Z,SA-0001673,sensor_irrigation,atk-0337,Sensor,ManageRoles,SensorData,South,DENY,ROLE_INSUFFICIENT,True
2025-09-11T17:18:03Z,SA-0001674,sensor_irrigation,atk-0334,Sensor,ReadAll,SensorData,South,DENY,CERT_REVOKED,True
2025-09-11T17:20:10Z,SA-0001675,sensor_irrigation,atk-0445,Sensor,ControlZone,RoleAssignment,South,DENY,ZONE_MISMATCH,True
2025-09-11T19:38:02Z,SA-0001676,sensor_irrigation,atk-0322,Sensor,WriteSensor,RoleAssignment,North,DENY,CERT_REVOKED,True
2025-09-11T20:16:04Z,SA-0001677,sensor_irrigation,atk-0483,Sensor,ManageRoles,AuditLog,West,DENY,ROLE_INSUFFICIENT,True
2025-09-11T22:22:13Z,SA-0001678,sensor_irrigation,atk-0153,Sensor,ManageRoles,SensorData,North,DENY,CERT_REVOKED,True
2025-09-12T05:20:47Z,SA-0001679,sensor_irrigation,atk-0412,Sensor,ControlZone,RoleAssignment,South,DENY,IDS_BLOCKED,True
2025-09-12T11:39:05Z,SA-0001680,sensor_irrigation,atk-0283,Sensor,ControlZone,IrrigationControl,West,DENY,CERT_REVOKED,True
2025-09-12T14:41:24Z,SA-0001681,sensor_irrigation,atk-0369,Sensor,ControlZone,AuditLog,North,DENY,ROLE_INSUFFICIENT,True
2025-09-12T15:25:41Z,SA-0001682,sensor_irrigation,atk-0256,Sensor,ManageRoles,AuditLog,South,DENY,OP_NOT_PERMITTED,True
2025-09-12T15:32:28Z,SA-0001683,sensor_irrigation,atk-0121,Sensor,ControlZone,SensorData,East,DENY,CERT_REVOKED,True
2025-09-12T16:56:48Z,SA-0001684,sensor_irrigation,atk-0149,Sensor,WriteSensor,IrrigationControl,East,DENY,IDS_BLOCKED,True
2025-09-12T17:31:56Z,SA-0001685,sensor_irrigation,atk-0015,Sensor,ManageRoles,SensorData,South,DENY,OP_NOT_PERMITTED,True
2025-09-12T20:02:57Z,SA-0001686,sensor_irrigation,atk-0303,Sensor,WriteSensor,AuditLog,West,DENY,POLICY_VIOLATION,True
2025-09-12T20:15:31Z,SA-0001687,sensor_irrigation,atk-0228,Sensor,WriteSensor,RoleAssignment,North,DENY,CERT_REVOKED,True
2025-09-12T20:48:49Z,SA-0001688,sensor_irrigation,atk-0164,Sensor,ReadAll,SensorData,South,DENY,ROLE_INSUFFICIENT,True
2025-09-12T23:04:37Z,SA-0001689,sensor_irrigation,atk-0404,Sensor,WriteSensor,IrrigationControl,West,DENY,OP_NOT_PERMITTED,True
2025-09-12T23:24:15Z,SA-0001690,sensor_irrigation,atk-0342,Sensor,ReadAll,IrrigationControl,West,DENY,CERT_REVOKED,True
2025-09-13T00:21:26Z,SA-0001691,sensor_irrigation,atk-0270,Sensor,ManageRoles,SensorData,South,DENY,IDS_BLOCKED,True
2025-09-13T01:41:04Z,SA-0001692,sensor_irrigation,atk-0308,Sensor,ReadAll,AuditLog,North,DENY,IDS_BLOCKED,True
2025-09-13T02:48:51Z,SA-0001693,sensor_irrigation,atk-0366,Sensor,ReadAll,AuditLog,North,DENY,OP_NOT_PERMITTED,True
2025-09-13T03:48:28Z,SA-0001694,sensor_irrigation,atk-0402,Sensor,ReadAll,AuditLog,South,DENY,POLICY_VIOLATION,True
2025-09-13T09:10:07Z,SA-0001695,sensor_irrigation,atk-0210,Sensor,ReadAudit,RoleAssignment,West,DENY,CERT_REVOKED,True
2025-09-13T10:34:50Z,SA-0001696,sensor_irrigation,atk-0355,Sensor,ControlZone,SensorData,South,DENY,POLICY_VIOLATION,True
2025-09-13T10:39:54Z,SA-0001697,sensor_irrigation,atk-0139,Sensor,ReadAudit,RoleAssignment,East,DENY,IDS_BLOCKED,True
2025-09-13T11:15:23Z,SA-0001698,sensor_irrigation,atk-0362,Sensor,ManageRoles,SensorData,North,DENY,ROLE_INSUFFICIENT,True
2025-09-13T11:27:20Z,SA-0001699,sensor_irrigation,atk-0186,Sensor,ReadAudit,RoleAssignment,West,DENY,ROLE_INSUFFICIENT,True
2025-09-13T13:49:07Z,SA-0001700,sensor_irrigation,atk-0064,Sensor,ManageRoles,AuditLog,South,DENY,ROLE_INSUFFICIENT,True
2025-09-13T14:17:42Z,SA-0001701,sensor_irrigation,atk-0179,Sensor,ManageRoles,IrrigationControl,South,DENY,OP_NOT_PERMITTED,True
2025-09-13T14:27:06Z,SA-0001702,sensor_irrigation,atk-0388,Sensor,ReadAudit,IrrigationControl,South,DENY,ZONE_MISMATCH,True
2025-09-13T16:00:41Z,SA-0001703,sensor_irrigation,atk-0417,Sensor,WriteSensor,SensorData,West,DENY,POLICY_VIOLATION,True
2025-09-13T16:02:12Z,SA-0001704,sensor_irrigation,atk-0478,Sensor,ReadAll,RoleAssignment,North,DENY,IDS_BLOCKED,True
2025-09-13T17:52:15Z,SA-0001705,sensor_irrigation,atk-0094,Sensor,ReadAll,IrrigationControl,East,DENY,IDS_BLOCKED,True
2025-09-13T19:26:28Z,SA-0001706,sensor_irrigation,atk-0034,Sensor,ControlZone,SensorData,North,DENY,IDS_BLOCKED,True
2025-09-13T20:11:50Z,SA-0001707,sensor_irrigation,atk-0491,Sensor,ManageRoles,RoleAssignment,East,DENY,IDS_BLOCKED,True
2025-09-13T20:30:48Z,SA-0001708,sensor_irrigation,atk-0208,Sensor,WriteSensor,AuditLog,North,DENY,ZONE_MISMATCH,True
2025-09-13T21:09:36Z,SA-0001709,sensor_irrigation,atk-0418,Sensor,WriteSensor,AuditLog,East,DENY,OP_NOT_PERMITTED,True
2025-09-14T00:55:51Z,SA-0001710,sensor_irrigation,atk-0454,Sensor,ManageRoles,RoleAssignment,West,DENY,OP_NOT_PERMITTED,True
2025-09-14T05:06:00Z,SA-0001711,sensor_irrigation,atk-0311,Sensor,ReadAll,IrrigationControl,West,DENY,ZONE_MISMATCH,True
2025-09-14T05:06:51Z,SA-0001712,sensor_irrigation,atk-0266,Sensor,ReadAudit,IrrigationControl,North,DENY,ROLE_INSUFFICIENT,True
2025-09-14T07:29:39Z,SA-0001713,sensor_irrigation,atk-0154,Sensor,ControlZone,AuditLog,East,DENY,OP_NOT_PERMITTED,True
2025-09-14T08:11:12Z,SA-0001714,sensor_irrigation,atk-0148,Sensor,ReadAll,RoleAssignment,East,DENY,IDS_BLOCKED,True
2025-09-14T09:44:12Z,SA-0001715,sensor_irrigation,atk-0139,Sensor,ManageRoles,RoleAssignment,North,DENY,ROLE_INSUFFICIENT,True
2025-09-14T11:11:44Z,SA-0001716,sensor_irrigation,atk-0056,Sensor,WriteSensor,RoleAssignment,South,DENY,OP_NOT_PERMITTED,True
2025-09-14T13:27:20Z,SA-0001717,sensor_irrigation,atk-0052,Sensor,ControlZone,IrrigationControl,South,DENY,ROLE_INSUFFICIENT,True
2025-09-14T14:25:49Z,SA-0001718,sensor_irrigation,atk-0038,Sensor,ReadAudit,AuditLog,West,DENY,ZONE_MISMATCH,True
2025-09-14T17:44:29Z,SA-0001719,sensor_irrigation,atk-0399,Sensor,ReadAudit,IrrigationControl,South,DENY,CERT_REVOKED,True
2025-09-14T18:44:54Z,SA-0001720,sensor_irrigation,atk-0319,Sensor,ReadAudit,IrrigationControl,West,DENY,ROLE_INSUFFICIENT,True
2025-09-14T20:09:03Z,SA-0001721,sensor_irrigation,atk-0025,Sensor,ControlZone,RoleAssignment,North,DENY,OP_NOT_PERMITTED,True
2025-09-14T20:57:32Z,SA-0001722,sensor_irrigation,atk-0368,Sensor,ReadAll,AuditLog,West,DENY,ZONE_MISMATCH,True
2025-09-14T21:42:46Z,SA-0001723,sensor_irrigation,atk-0399,Sensor,WriteSensor,RoleAssignment,North,DENY,ROLE_INSUFFICIENT,True
2025-09-14T22:43:38Z,SA-0001724,sensor_irrigation,atk-0313,Sensor,ReadAudit,IrrigationControl,South,DENY,ZONE_MISMATCH,True
2025-09-14T22:54:19Z,SA-0001725,sensor_irrigation,atk-0101,Sensor,ReadAudit,RoleAssignment,West,DENY,POLICY_VIOLATION,True
2025-09-14T23:15:27Z,SA-0001726,sensor_irrigation,atk-0439,Sensor,ControlZone,IrrigationControl,East,DENY,ZONE_MISMATCH,True
2025-09-14T23:23:22Z,SA-0001727,sensor_irrigation,atk-0304,Sensor,ReadAudit,SensorData,South,DENY,ROLE_INSUFFICIENT,True
2025-09-15T00:11:07Z,SA-0001728,sensor_irrigation,atk-0409,Sensor,ManageRoles,SensorData,West,DENY,POLICY_VIOLATION,True
2025-09-15T00:37:57Z,SA-0001729,sensor_irrigation,atk-0299,Sensor,WriteSensor,RoleAssignment,South,DENY,IDS_BLOCKED,True
2025-09-15T01:28:33Z,SA-0001730,sensor_irrigation,atk-0345,Sensor,ReadAudit,IrrigationControl,North,DENY,CERT_REVOKED,True
2025-09-15T03:01:46Z,SA-0001731,sensor_irrigation,atk-0258,Sensor,WriteSensor,IrrigationControl,West,DENY,ZONE_MISMATCH,True
2025-09-15T04:55:02Z,SA-0001732,sensor_irrigation,atk-0133,Sensor,ReadAll,RoleAssignment,East,DENY,CERT_REVOKED,True
2025-09-15T11:49:07Z,SA-0001733,sensor_irrigation,atk-0260,Sensor,ReadAll,SensorData,South,DENY,OP_NOT_PERMITTED,True
2025-09-15T12:04:52Z,SA-0001734,sensor_irrigation,atk-0287,Sensor,WriteSensor,SensorData,North,DENY,ROLE_INSUFFICIENT,True
2025-09-15T14:20:46Z,SA-0001735,sensor_irrigation,atk-0009,Sensor,ReadAll,IrrigationControl,East,DENY,OP_NOT_PERMITTED,True
2025-09-15T16:39:15Z,SA-0001736,sensor_irrigation,atk-0167,Sensor,ReadAll,SensorData,South,DENY,ROLE_INSUFFICIENT,True
2025-09-15T16:43:22Z,SA-0001737,sensor_irrigation,atk-0382,Sensor,ControlZone,IrrigationControl,West,DENY,CERT_REVOKED,True
2025-09-15T17:28:10Z,SA-0001738,sensor_irrigation,atk-0383,Sensor,ReadAll,SensorData,East,DENY,ZONE_MISMATCH,True
2025-09-15T20:16:10Z,SA-0001739,sensor_irrigation,atk-0238,Sensor,ControlZone,AuditLog,North,DENY,OP_NOT_PERMITTED,True
2025-09-15T20:46:27Z,SA-0001740,sensor_irrigation,atk-0414,Sensor,ControlZone,SensorData,North,DENY,OP_NOT_PERMITTED,True
2025-09-15T21:34:58Z,SA-0001741,sensor_irrigation,atk-0234,Sensor,ReadAudit,IrrigationControl,South,DENY,OP_NOT_PERMITTED,True
2025-09-15T22:24:43Z,SA-0001742,sensor_irrigation,atk-0396,Sensor,ReadAudit,AuditLog,West,DENY,OP_NOT_PERMITTED,True
2025-09-15T23:12:01Z,SA-0001743,sensor_irrigation,atk-0041,Sensor,ControlZone,AuditLog,North,DENY,ZONE_MISMATCH,True
2025-09-16T01:21:55Z,SA-0001744,sensor_irrigation,atk-0309,Sensor,WriteSensor,RoleAssignment,South,DENY,CERT_REVOKED,True
2025-09-16T03:26:19Z,SA-0001745,sensor_irrigation,atk-0443,Sensor,WriteSensor,RoleAssignment,North,DENY,POLICY_VIOLATION,True
2025-09-16T03:36:34Z,SA-0001746,sensor_irrigation,atk-0341,Sensor,ManageRoles,IrrigationControl,West,DENY,ZONE_MISMATCH,True
2025-09-16T04:16:24Z,SA-0001747,sensor_irrigation,atk-0029,Sensor,WriteSensor,SensorData,East,DENY,ROLE_INSUFFICIENT,True
2025-09-16T04:27:02Z,SA-0001748,sensor_irrigation,atk-0063,Sensor,WriteSensor,RoleAssignment,South,DENY,OP_NOT_PERMITTED,True
2025-09-16T05:15:50Z,SA-0001749,sensor_irrigation,atk-0275,Sensor,ManageRoles,SensorData,East,DENY,ROLE_INSUFFICIENT,True
2025-09-16T05:49:32Z,SA-0001750,sensor_irrigation,atk-0108,Sensor,WriteSensor,AuditLog,North,DENY,ZONE_MISMATCH,True
2025-09-16T10:07:18Z,SA-0001751,sensor_irrigation,atk-0016,Sensor,ManageRoles,SensorData,West,DENY,ZONE_MISMATCH,True
2025-09-16T10:28:48Z,SA-0001752,sensor_irrigation,atk-0082,Sensor,ControlZone,SensorData,East,DENY,ZONE_MISMATCH,True
2025-09-16T10:45:45Z,SA-0001753,sensor_irrigation,atk-0241,Sensor,WriteSensor,SensorData,East,DENY,CERT_REVOKED,True
2025-09-16T12:36:23Z,SA-0001754,sensor_irrigation,atk-0233,Sensor,WriteSensor,SensorData,South,DENY,IDS_BLOCKED,True
2025-09-16T13:14:54Z,SA-0001755,sensor_irrigation,atk-0059,Sensor,ManageRoles,AuditLog,South,DENY,OP_NOT_PERMITTED,True
2025-09-16T15:59:01Z,SA-0001756,sensor_irrigation,atk-0071,Sensor,ControlZone,AuditLog,East,DENY,OP_NOT_PERMITTED,True
2025-09-16T16:12:23Z,SA-0001757,sensor_irrigation,atk-0361,Sensor,ReadAll,IrrigationControl,West,DENY,OP_NOT_PERMITTED,True
2025-09-16T17:45:11Z,SA-0001758,sensor_irrigation,atk-0416,Sensor,ManageRoles,RoleAssignment,North,DENY,CERT_REVOKED,True
2025-09-16T18:02:41Z,SA-0001759,sensor_irrigation,atk-0164,Sensor,ManageRoles,RoleAssignment,North,DENY,POLICY_VIOLATION,True
2025-09-16T21:14:18Z,SA-0001760,sensor_irrigation,atk-0330,Sensor,ReadAudit,SensorData,East,DENY,POLICY_VIOLATION,True
2025-09-16T23:55:32Z,SA-0001761,sensor_irrigation,atk-0227,Sensor,WriteSensor,RoleAssignment,East,DENY,ROLE_INSUFFICIENT,True
2025-09-17T00:16:22Z,SA-0001762,sensor_irrigation,atk-0022,Sensor,ReadAudit,AuditLog,North,DENY,POLICY_VIOLATION,True
2025-09-17T05:25:48Z,SA-0001763,sensor_irrigation,atk-0393,Sensor,ManageRoles,AuditLog,East,DENY,OP_NOT_PERMITTED,True
2025-09-17T06:10:19Z,SA-0001764,sensor_irrigation,atk-0253,Sensor,ControlZone,IrrigationControl,North,DENY,OP_NOT_PERMITTED,True
2025-09-17T08:51:11Z,SA-0001765,sensor_irrigation,atk-0391,Sensor,ControlZone,SensorData,North,DENY,CERT_REVOKED,True
2025-09-17T09:37:30Z,SA-0001766,sensor_irrigation,atk-0387,Sensor,ControlZone,SensorData,North,DENY,OP_NOT_PERMITTED,True
2025-09-17T10:01:22Z,SA-0001767,sensor_irrigation,atk-0215,Sensor,ReadAll,RoleAssignment,South,DENY,POLICY_VIOLATION,True
2025-09-17T10:04:14Z,SA-0001768,sensor_irrigation,atk-0287,Sensor,ManageRoles,IrrigationControl,North,DENY,CERT_REVOKED,True
2025-09-17T11:19:05Z,SA-0001769,sensor_irrigation,atk-0015,Sensor,WriteSensor,AuditLog,East,DENY,ZONE_MISMATCH,True
2025-09-17T11:23:26Z,SA-0001770,sensor_irrigation,atk-0080,Sensor,ReadAudit,SensorData,North,DENY,IDS_BLOCKED,True
2025-09-17T11:24:32Z,SA-0001771,sensor_irrigation,atk-0156,Sensor,ControlZone,AuditLog,South,DENY,IDS_BLOCKED,True
2025-09-17T13:09:00Z,SA-0001772,sensor_irrigation,atk-0418,Sensor,ReadAll,AuditLog,South,DENY,POLICY_VIOLATION,True
2025-09-17T14:19:26Z,SA-0001773,sensor_irrigation,atk-0084,Sensor,ReadAll,SensorData,East,DENY,IDS_BLOCKED,True
2025-09-17T16:39:45Z,SA-0001774,sensor_irrigation,atk-0010,Sensor,ManageRoles,SensorData,East,DENY,ZONE_MISMATCH,True
2025-09-17T17:08:49Z,SA-0001775,sensor_irrigation,atk-0252,Sensor,ManageRoles,SensorData,South,DENY,POLICY_VIOLATION,True
2025-09-17T17:31:20Z,SA-0001776,sensor_irrigation,atk-0401,Sensor,ReadAudit,RoleAssignment,South,DENY,ROLE_INSUFFICIENT,True
2025-09-17T18:36:15Z,SA-0001777,sensor_irrigation,atk-0456,Sensor,WriteSensor,SensorData,North,DENY,ROLE_INSUFFICIENT,True
2025-09-17T18:43:19Z,SA-0001778,sensor_irrigation,atk-0370,Sensor,ManageRoles,AuditLog,East,DENY,IDS_BLOCKED,True
2025-09-17T19:34:14Z,SA-0001779,sensor_irrigation,atk-0435,Sensor,ControlZone,RoleAssignment,South,DENY,CERT_REVOKED,True
2025-09-17T20:17:00Z,SA-0001780,sensor_irrigation,atk-0027,Sensor,ManageRoles,IrrigationControl,East,DENY,IDS_BLOCKED,True
2025-09-17T22:35:27Z,SA-0001781,sensor_irrigation,atk-0376,Sensor,ReadAll,IrrigationControl,North,DENY,OP_NOT_PERMITTED,True
2025-09-17T22:45:26Z,SA-0001782,sensor_irrigation,atk-0306,Sensor,ReadAll,SensorData,West,DENY,POLICY_VIOLATION,True
2025-09-17T22:49:03Z,SA-0001783,sensor_irrigation,atk-0184,Sensor,WriteSensor,RoleAssignment,West,DENY,ZONE_MISMATCH,True
2025-09-17T23:00:07Z,SA-0001784,sensor_irrigation,atk-0105,Sensor,ReadAudit,RoleAssignment,East,DENY,POLICY_VIOLATION,True
2025-09-18T01:50:58Z,SA-0001785,sensor_irrigation,atk-0322,Sensor,ReadAll,AuditLog,South,DENY,ZONE_MISMATCH,True
2025-09-18T02:10:15Z,SA-0001786,sensor_irrigation,atk-0189,Sensor,ControlZone,IrrigationControl,South,DENY,ROLE_INSUFFICIENT,True
2025-09-18T05:08:56Z,SA-0001787,sensor_irrigation,atk-0478,Sensor,ReadAudit,IrrigationControl,West,DENY,IDS_BLOCKED,True
2025-09-18T05:38:06Z,SA-0001788,sensor_irrigation,atk-0306,Sensor,ManageRoles,IrrigationControl,North,DENY,OP_NOT_PERMITTED,True
2025-09-18T08:34:07Z,SA-0001789,sensor_irrigation,atk-0370,Sensor,ReadAudit,RoleAssignment,West,DENY,ZONE_MISMATCH,True
2025-09-18T09:26:21Z,SA-0001790,sensor_irrigation,atk-0416,Sensor,WriteSensor,AuditLog,East,DENY,ROLE_INSUFFICIENT,True
2025-09-18T12:04:49Z,SA-0001791,sensor_irrigation,atk-0463,Sensor,ManageRoles,SensorData,West,DENY,ZONE_MISMATCH,True
2025-09-18T18:07:53Z,SA-0001792,sensor_irrigation,atk-0431,Sensor,ManageRoles,AuditLog,North,DENY,ROLE_INSUFFICIENT,True
2025-09-18T20:17:01Z,SA-0001793,sensor_irrigation,atk-0329,Sensor,ControlZone,RoleAssignment,West,DENY,CERT_REVOKED,True
2025-09-18T20:30:25Z,SA-0001794,sensor_irrigation,atk-0317,Sensor,ReadAll,RoleAssignment,North,DENY,POLICY_VIOLATION,True
2025-09-18T23:22:57Z,SA-0001795,sensor_irrigation,atk-0019,Sensor,ReadAudit,IrrigationControl,East,DENY,POLICY_VIOLATION,True
2025-09-19T00:19:00Z,SA-0001796,sensor_irrigation,atk-0370,Sensor,ControlZone,AuditLog,South,DENY,ROLE_INSUFFICIENT,True
2025-09-19T00:25:41Z,SA-0001797,sensor_irrigation,atk-0344,Sensor,ReadAudit,IrrigationControl,South,DENY,CERT_REVOKED,True
2025-09-19T00:57:19Z,SA-0001798,sensor_irrigation,atk-0266,Sensor,ControlZone,RoleAssignment,North,DENY,IDS_BLOCKED,True
2025-09-19T03:26:07Z,SA-0001799,sensor_irrigation,atk-0430,Sensor,ReadAudit,IrrigationControl,North,DENY,POLICY_VIOLATION,True
2025-09-19T03:52:50Z,SA-0001800,sensor_irrigation,atk-0159,Sensor,ManageRoles,AuditLog,West,DENY,IDS_BLOCKED,True
2025-09-19T05:21:22Z,SA-0001801,sensor_irrigation,atk-0319,Sensor,ControlZone,AuditLog,East,DENY,POLICY_VIOLATION,True
2025-09-19T08:52:11Z,SA-0001802,sensor_irrigation,atk-0184,Sensor,ReadAudit,IrrigationControl,North,DENY,ZONE_MISMATCH,True
2025-09-19T10:10:40Z,SA-0001803,sensor_irrigation,atk-0301,Sensor,ControlZone,AuditLog,South,DENY,ZONE_MISMATCH,True
2025-09-19T10:46:11Z,SA-0001804,sensor_irrigation,atk-0497,Sensor,ReadAll,SensorData,West,DENY,ROLE_INSUFFICIENT,True
2025-09-19T12:16:01Z,SA-0001805,sensor_irrigation,atk-0219,Sensor,ReadAll,AuditLog,North,DENY,IDS_BLOCKED,True
2025-09-19T13:11:27Z,SA-0001806,sensor_irrigation,atk-0170,Sensor,ControlZone,IrrigationControl,South,DENY,IDS_BLOCKED,True
2025-09-19T14:23:46Z,SA-0001807,sensor_irrigation,atk-0283,Sensor,ReadAudit,SensorData,East,DENY,CERT_REVOKED,True
2025-09-19T14:50:54Z,SA-0001808,sensor_irrigation,atk-0282,Sensor,ReadAll,SensorData,North,DENY,ROLE_INSUFFICIENT,True
2025-09-19T15:32:36Z,SA-0001809,sensor_irrigation,atk-0244,Sensor,ControlZone,IrrigationControl,South,DENY,IDS_BLOCKED,True
2025-09-19T15:35:31Z,SA-0001810,sensor_irrigation,atk-0093,Sensor,ControlZone,AuditLog,West,DENY,CERT_REVOKED,True
2025-09-19T17:26:34Z,SA-0001811,sensor_irrigation,atk-0289,Sensor,ControlZone,AuditLog,South,DENY,IDS_BLOCKED,True
2025-09-19T17:27:08Z,SA-0001812,sensor_irrigation,atk-0071,Sensor,WriteSensor,SensorData,North,DENY,ROLE_INSUFFICIENT,True
2025-09-19T18:49:49Z,SA-0001813,sensor_irrigation,atk-0376,Sensor,ManageRoles,IrrigationControl,South,DENY,ZONE_MISMATCH,True
2025-09-19T19:38:51Z,SA-0001814,sensor_irrigation,atk-0404,Sensor,ReadAudit,IrrigationControl,East,DENY,POLICY_VIOLATION,True
2025-09-19T20:57:39Z,SA-0001815,sensor_irrigation,atk-0167,Sensor,WriteSensor,IrrigationControl,South,DENY,CERT_REVOKED,True
2025-09-19T22:17:19Z,SA-0001816,sensor_irrigation,atk-0215,Sensor,ManageRoles,IrrigationControl,South,DENY,OP_NOT_PERMITTED,True
2025-09-19T23:43:44Z,SA-0001817,sensor_irrigation,atk-0258,Sensor,ReadAudit,SensorData,West,DENY,IDS_BLOCKED,True
2025-09-20T01:59:32Z,SA-0001818,sensor_irrigation,atk-0299,Sensor,ReadAll,RoleAssignment,East,DENY,CERT_REVOKED,True
2025-09-20T04:02:06Z,SA-0001819,sensor_irrigation,atk-0041,Sensor,ReadAudit,SensorData,West,DENY,POLICY_VIOLATION,True
2025-09-20T04:05:59Z,SA-0001820,sensor_irrigation,atk-0255,Sensor,ManageRoles,AuditLog,East,DENY,ZONE_MISMATCH,True
2025-09-20T06:58:55Z,SA-0001821,sensor_irrigation,atk-0118,Sensor,ReadAll,SensorData,West,DENY,CERT_REVOKED,True
2025-09-20T07:14:54Z,SA-0001822,sensor_irrigation,atk-0420,Sensor,ControlZone,AuditLog,West,DENY,CERT_REVOKED,True
2025-09-20T07:52:47Z,SA-0001823,sensor_irrigation,atk-0311,Sensor,WriteSensor,RoleAssignment,North,DENY,ROLE_INSUFFICIENT,True
2025-09-20T09:48:33Z,SA-0001824,sensor_irrigation,atk-0239,Sensor,ManageRoles,IrrigationControl,North,DENY,CERT_REVOKED,True
2025-09-20T11:50:30Z,SA-0001825,sensor_irrigation,atk-0111,Sensor,WriteSensor,SensorData,North,DENY,OP_NOT_PERMITTED,True
2025-09-20T12:40:54Z,SA-0001826,sensor_irrigation,atk-0482,Sensor,ManageRoles,IrrigationControl,West,DENY,OP_NOT_PERMITTED,True
2025-09-20T13:00:45Z,SA-0001827,sensor_irrigation,atk-0072,Sensor,WriteSensor,IrrigationControl,South,DENY,OP_NOT_PERMITTED,True
2025-09-20T13:07:57Z,SA-0001828,sensor_irrigation,atk-0095,Sensor,WriteSensor,RoleAssignment,South,DENY,OP_NOT_PERMITTED,True
2025-09-20T13:45:24Z,SA-0001829,sensor_irrigation,atk-0383,Sensor,WriteSensor,SensorData,West,DENY,ZONE_MISMATCH,True
2025-09-20T16:16:54Z,SA-0001830,sensor_irrigation,atk-0498,Sensor,ReadAll,IrrigationControl,South,DENY,CERT_REVOKED,True
2025-09-20T19:14:55Z,SA-0001831,sensor_irrigation,atk-0201,Sensor,ManageRoles,RoleAssignment,South,DENY,ZONE_MISMATCH,True
2025-09-20T19:42:19Z,SA-0001832,sensor_irrigation,atk-0362,Sensor,ReadAudit,IrrigationControl,West,DENY,OP_NOT_PERMITTED,True
2025-09-20T20:24:03Z,SA-0001833,sensor_irrigation,atk-0113,Sensor,ControlZone,SensorData,East,DENY,IDS_BLOCKED,True
2025-09-20T20:39:41Z,SA-0001834,sensor_irrigation,atk-0156,Sensor,ManageRoles,IrrigationControl,West,DENY,OP_NOT_PERMITTED,True
2025-09-21T00:40:06Z,SA-0001835,sensor_irrigation,atk-0419,Sensor,ReadAll,SensorData,North,DENY,POLICY_VIOLATION,True
2025-09-21T03:19:24Z,SA-0001836,sensor_irrigation,atk-0097,Sensor,WriteSensor,AuditLog,East,DENY,POLICY_VIOLATION,True
2025-09-21T03:25:27Z,SA-0001837,sensor_irrigation,atk-0107,Sensor,ControlZone,AuditLog,West,DENY,IDS_BLOCKED,True
2025-09-21T03:45:44Z,SA-0001838,sensor_irrigation,atk-0353,Sensor,ReadAudit,IrrigationControl,North,DENY,ROLE_INSUFFICIENT,True
2025-09-21T04:27:14Z,SA-0001839,sensor_irrigation,atk-0144,Sensor,ReadAudit,IrrigationControl,East,DENY,OP_NOT_PERMITTED,True
2025-09-21T05:12:13Z,SA-0001840,sensor_irrigation,atk-0352,Sensor,ControlZone,RoleAssignment,East,DENY,ZONE_MISMATCH,True
2025-09-21T05:27:17Z,SA-0001841,sensor_irrigation,atk-0256,Sensor,ManageRoles,SensorData,North,DENY,IDS_BLOCKED,True
2025-09-21T05:50:11Z,SA-0001842,sensor_irrigation,atk-0195,Sensor,ReadAudit,SensorData,South,DENY,CERT_REVOKED,True
2025-09-21T07:24:06Z,SA-0001843,sensor_irrigation,atk-0284,Sensor,WriteSensor,IrrigationControl,West,DENY,CERT_REVOKED,True
2025-09-21T12:06:16Z,SA-0001844,sensor_irrigation,atk-0180,Sensor,ControlZone,AuditLog,South,DENY,CERT_REVOKED,True
2025-09-21T12:44:44Z,SA-0001845,sensor_irrigation,atk-0026,Sensor,ManageRoles,SensorData,North,DENY,CERT_REVOKED,True
2025-09-21T13:13:35Z,SA-0001846,sensor_irrigation,atk-0120,Sensor,ControlZone,AuditLog,South,DENY,IDS_BLOCKED,True
2025-09-21T14:59:36Z,SA-0001847,sensor_irrigation,atk-0168,Sensor,ManageRoles,SensorData,South,DENY,OP_NOT_PERMITTED,True
2025-09-21T21:41:42Z,SA-0001848,sensor_irrigation,atk-0244,Sensor,ControlZone,IrrigationControl,East,DENY,IDS_BLOCKED,True
2025-09-21T21:59:22Z,SA-0001849,sensor_irrigation,atk-0445,Sensor,ReadAll,SensorData,West,DENY,IDS_BLOCKED,True
2025-09-21T22:16:58Z,SA-0001850,sensor_irrigation,atk-0398,Sensor,ReadAudit,IrrigationControl,South,DENY,OP_NOT_PERMITTED,True
2025-09-21T23:00:11Z,SA-0001851,sensor_irrigation,atk-0257,Sensor,ReadAll,AuditLog,North,DENY,POLICY_VIOLATION,True
2025-09-21T23:37:04Z,SA-0001852,sensor_irrigation,atk-0268,Sensor,ReadAll,RoleAssignment,North,DENY,ROLE_INSUFFICIENT,True
2025-09-22T01:38:36Z,SA-0001853,sensor_irrigation,atk-0476,Sensor,ReadAll,SensorData,West,DENY,ZONE_MISMATCH,True
2025-09-22T07:42:42Z,SA-0001854,sensor_irrigation,atk-0011,Sensor,ControlZone,RoleAssignment,East,DENY,ZONE_MISMATCH,True
2025-09-22T09:29:06Z,SA-0001855,sensor_irrigation,atk-0062,Sensor,ManageRoles,AuditLog,South,DENY,IDS_BLOCKED,True
2025-09-22T10:12:52Z,SA-0001856,sensor_irrigation,atk-0149,Sensor,ControlZone,SensorData,South,DENY,ROLE_INSUFFICIENT,True
2025-09-22T10:33:53Z,SA-0001857,sensor_irrigation,atk-0113,Sensor,ManageRoles,AuditLog,South,DENY,OP_NOT_PERMITTED,True
2025-09-22T11:19:52Z,SA-0001858,sensor_irrigation,atk-0340,Sensor,WriteSensor,AuditLog,North,DENY,POLICY_VIOLATION,True
2025-09-22T12:17:13Z,SA-0001859,sensor_irrigation,atk-0093,Sensor,ReadAll,IrrigationControl,West,DENY,OP_NOT_PERMITTED,True
2025-09-22T12:53:33Z,SA-0001860,sensor_irrigation,atk-0154,Sensor,WriteSensor,RoleAssignment,South,DENY,OP_NOT_PERMITTED,True
2025-09-22T14:32:15Z,SA-0001861,sensor_irrigation,atk-0167,Sensor,ReadAudit,RoleAssignment,South,DENY,ZONE_MISMATCH,True
2025-09-22T17:20:08Z,SA-0001862,sensor_irrigation,atk-0127,Sensor,ReadAudit,IrrigationControl,South,DENY,IDS_BLOCKED,True
2025-09-22T17:24:15Z,SA-0001863,sensor_irrigation,atk-0035,Sensor,ReadAll,RoleAssignment,East,DENY,OP_NOT_PERMITTED,True
2025-09-22T18:12:08Z,SA-0001864,sensor_irrigation,atk-0463,Sensor,ControlZone,AuditLog,East,DENY,ZONE_MISMATCH,True
2025-09-22T18:59:14Z,SA-0001865,sensor_irrigation,atk-0433,Sensor,ManageRoles,SensorData,West,DENY,POLICY_VIOLATION,True
2025-09-22T19:22:27Z,SA-0001866,sensor_irrigation,atk-0290,Sensor,ManageRoles,AuditLog,East,DENY,ZONE_MISMATCH,True
2025-09-22T20:40:56Z,SA-0001867,sensor_irrigation,atk-0182,Sensor,ManageRoles,IrrigationControl,North,DENY,ROLE_INSUFFICIENT,True
2025-09-22T22:58:47Z,SA-0001868,sensor_irrigation,atk-0002,Sensor,WriteSensor,SensorData,North,DENY,POLICY_VIOLATION,True
2025-09-23T00:10:23Z,SA-0001869,sensor_irrigation,atk-0137,Sensor,ManageRoles,SensorData,North,DENY,ROLE_INSUFFICIENT,True
2025-09-23T00:37:57Z,SA-0001870,sensor_irrigation,atk-0173,Sensor,WriteSensor,RoleAssignment,South,DENY,POLICY_VIOLATION,True
2025-09-23T01:00:51Z,SA-0001871,sensor_irrigation,atk-0188,Sensor,ManageRoles,IrrigationControl,West,DENY,ZONE_MISMATCH,True
2025-09-23T02:19:24Z,SA-0001872,sensor_irrigation,atk-0082,Sensor,ControlZone,RoleAssignment,South,DENY,ZONE_MISMATCH,True
2025-09-23T02:20:04Z,SA-0001873,sensor_irrigation,atk-0305,Sensor,WriteSensor,AuditLog,South,DENY,OP_NOT_PERMITTED,True
2025-09-23T03:00:33Z,SA-0001874,sensor_irrigation,atk-0141,Sensor,ReadAll,IrrigationControl,East,DENY,ZONE_MISMATCH,True
2025-09-23T03:46:08Z,SA-0001875,sensor_irrigation,atk-0467,Sensor,ReadAll,IrrigationControl,East,DENY,CERT_REVOKED,True
2025-09-23T07:47:44Z,SA-0001876,sensor_irrigation,atk-0138,Sensor,ControlZone,IrrigationControl,West,DENY,ZONE_MISMATCH,True
2025-09-23T08:20:08Z,SA-0001877,sensor_irrigation,atk-0125,Sensor,ControlZone,AuditLog,East,DENY,POLICY_VIOLATION,True
2025-09-23T10:40:26Z,SA-0001878,sensor_irrigation,atk-0417,Sensor,ManageRoles,RoleAssignment,South,DENY,IDS_BLOCKED,True
2025-09-23T12:10:06Z,SA-0001879,sensor_irrigation,atk-0232,Sensor,ControlZone,IrrigationControl,North,DENY,ZONE_MISMATCH,True
2025-09-23T12:21:53Z,SA-0001880,sensor_irrigation,atk-0028,Sensor,WriteSensor,SensorData,West,DENY,ROLE_INSUFFICIENT,True
2025-09-23T14:00:20Z,SA-0001881,sensor_irrigation,atk-0318,Sensor,ReadAll,IrrigationControl,East,DENY,ROLE_INSUFFICIENT,True
2025-09-23T14:49:34Z,SA-0001882,sensor_irrigation,atk-0069,Sensor,ReadAudit,IrrigationControl,South,DENY,ZONE_MISMATCH,True
2025-09-23T15:14:02Z,SA-0001883,sensor_irrigation,atk-0193,Sensor,ReadAll,IrrigationControl,East,DENY,CERT_REVOKED,True
2025-09-23T22:27:47Z,SA-0001884,sensor_irrigation,atk-0130,Sensor,ManageRoles,IrrigationControl,West,DENY,IDS_BLOCKED,True
2025-09-23T23:23:09Z,SA-0001885,sensor_irrigation,atk-0421,Sensor,ReadAudit,RoleAssignment,West,DENY,ROLE_INSUFFICIENT,True
2025-09-24T00:22:04Z,SA-0001886,sensor_irrigation,atk-0448,Sensor,ManageRoles,RoleAssignment,North,DENY,POLICY_VIOLATION,True
2025-09-24T02:11:09Z,SA-0001887,sensor_irrigation,atk-0058,Sensor,ReadAll,IrrigationControl,East,DENY,ROLE_INSUFFICIENT,True
2025-09-24T04:05:48Z,SA-0001888,sensor_irrigation,atk-0050,Sensor,ControlZone,AuditLog,North,DENY,IDS_BLOCKED,True
2025-09-24T04:10:54Z,SA-0001889,sensor_irrigation,atk-0432,Sensor,ReadAll,IrrigationControl,South,DENY,ROLE_INSUFFICIENT,True
2025-09-24T04:21:59Z,SA-0001890,sensor_irrigation,atk-0039,Sensor,ReadAudit,IrrigationControl,West,DENY,ROLE_INSUFFICIENT,True
2025-09-24T08:30:38Z,SA-0001891,sensor_irrigation,atk-0072,Sensor,ManageRoles,RoleAssignment,South,DENY,ROLE_INSUFFICIENT,True
2025-09-24T08:37:59Z,SA-0001892,sensor_irrigation,atk-0296,Sensor,WriteSensor,RoleAssignment,West,DENY,CERT_REVOKED,True
2025-09-24T09:22:38Z,SA-0001893,sensor_irrigation,atk-0257,Sensor,ReadAll,RoleAssignment,North,DENY,POLICY_VIOLATION,True
2025-09-24T11:55:35Z,SA-0001894,sensor_irrigation,atk-0262,Sensor,ControlZone,AuditLog,East,DENY,ROLE_INSUFFICIENT,True
2025-09-24T12:07:24Z,SA-0001895,sensor_irrigation,atk-0383,Sensor,WriteSensor,IrrigationControl,East,DENY,POLICY_VIOLATION,True
2025-09-24T12:21:08Z,SA-0001896,sensor_irrigation,atk-0080,Sensor,ReadAll,IrrigationControl,South,DENY,ZONE_MISMATCH,True
2025-09-24T13:23:00Z,SA-0001897,sensor_irrigation,atk-0227,Sensor,ManageRoles,SensorData,West,DENY,ROLE_INSUFFICIENT,True
2025-09-24T14:03:58Z,SA-0001898,sensor_irrigation,atk-0027,Sensor,ControlZone,IrrigationControl,North,DENY,OP_NOT_PERMITTED,True
2025-09-24T20:09:08Z,SA-0001899,sensor_irrigation,atk-0370,Sensor,ReadAudit,RoleAssignment,South,DENY,POLICY_VIOLATION,True
2025-09-24T22:13:37Z,SA-0001900,sensor_irrigation,atk-0246,Sensor,ReadAudit,AuditLog,South,DENY,OP_NOT_PERMITTED,True
2025-09-25T00:00:06Z,SA-0001901,sensor_irrigation,atk-0067,Sensor,ControlZone,IrrigationControl,East,DENY,ROLE_INSUFFICIENT,True
2025-09-25T02:14:01Z,SA-0001902,sensor_irrigation,atk-0090,Sensor,ReadAll,IrrigationControl,South,DENY,CERT_REVOKED,True
2025-09-25T06:07:11Z,SA-0001903,sensor_irrigation,atk-0140,Sensor,ManageRoles,IrrigationControl,North,DENY,IDS_BLOCKED,True
2025-09-25T07:02:10Z,SA-0001904,sensor_irrigation,atk-0340,Sensor,ControlZone,IrrigationControl,North,DENY,CERT_REVOKED,True
2025-09-25T08:05:01Z,SA-0001905,sensor_irrigation,atk-0039,Sensor,WriteSensor,SensorData,West,DENY,ZONE_MISMATCH,True
2025-09-25T09:04:43Z,SA-0001906,sensor_irrigation,atk-0147,Sensor,ReadAll,IrrigationControl,West,DENY,ROLE_INSUFFICIENT,True
2025-09-25T09:30:14Z,SA-0001907,sensor_irrigation,atk-0154,Sensor,ReadAudit,SensorData,North,DENY,CERT_REVOKED,True
2025-09-25T09:39:28Z,SA-0001908,sensor_irrigation,atk-0313,Sensor,ReadAudit,SensorData,South,DENY,OP_NOT_PERMITTED,True
2025-09-25T12:52:23Z,SA-0001909,sensor_irrigation,atk-0231,Sensor,ControlZone,IrrigationControl,West,DENY,POLICY_VIOLATION,True
2025-09-25T13:54:34Z,SA-0001910,sensor_irrigation,atk-0472,Sensor,ManageRoles,RoleAssignment,East,DENY,ROLE_INSUFFICIENT,True
2025-09-25T15:30:34Z,SA-0001911,sensor_irrigation,atk-0159,Sensor,ReadAll,RoleAssignment,West,DENY,OP_NOT_PERMITTED,True
2025-09-25T18:14:58Z,SA-0001912,sensor_irrigation,atk-0059,Sensor,ReadAudit,AuditLog,North,DENY,OP_NOT_PERMITTED,True
2025-09-25T23:46:25Z,SA-0001913,sensor_irrigation,atk-0229,Sensor,ReadAll,SensorData,South,DENY,CERT_REVOKED,True
2025-09-26T01:07:59Z,SA-0001914,sensor_irrigation,atk-0211,Sensor,ReadAll,AuditLog,South,DENY,ZONE_MISMATCH,True
2025-09-26T03:00:08Z,SA-0001915,sensor_irrigation,atk-0486,Sensor,ManageRoles,IrrigationControl,South,DENY,ZONE_MISMATCH,True
2025-09-26T03:34:44Z,SA-0001916,sensor_irrigation,atk-0228,Sensor,ControlZone,SensorData,East,DENY,CERT_REVOKED,True
2025-09-26T04:20:28Z,SA-0001917,sensor_irrigation,atk-0348,Sensor,WriteSensor,AuditLog,East,DENY,CERT_REVOKED,True
2025-09-26T04:44:59Z,SA-0001918,sensor_irrigation,atk-0348,Sensor,ControlZone,RoleAssignment,North,DENY,CERT_REVOKED,True
2025-09-26T04:48:34Z,SA-0001919,sensor_irrigation,atk-0312,Sensor,ReadAudit,RoleAssignment,East,DENY,OP_NOT_PERMITTED,True
2025-09-26T06:05:35Z,SA-0001920,sensor_irrigation,atk-0188,Sensor,ManageRoles,SensorData,South,DENY,POLICY_VIOLATION,True
2025-09-26T06:44:22Z,SA-0001921,sensor_irrigation,atk-0285,Sensor,ManageRoles,SensorData,East,DENY,POLICY_VIOLATION,True
2025-09-26T08:11:00Z,SA-0001922,sensor_irrigation,atk-0050,Sensor,ReadAll,IrrigationControl,South,DENY,CERT_REVOKED,True
2025-09-26T08:30:32Z,SA-0001923,sensor_irrigation,atk-0442,Sensor,ReadAll,RoleAssignment,North,DENY,ROLE_INSUFFICIENT,True
2025-09-26T09:14:39Z,SA-0001924,sensor_irrigation,atk-0322,Sensor,ReadAudit,RoleAssignment,North,DENY,IDS_BLOCKED,True
2025-09-26T11:27:07Z,SA-0001925,sensor_irrigation,atk-0239,Sensor,ManageRoles,RoleAssignment,South,DENY,ROLE_INSUFFICIENT,True
2025-09-26T12:37:50Z,SA-0001926,sensor_irrigation,atk-0017,Sensor,ReadAudit,IrrigationControl,South,DENY,ROLE_INSUFFICIENT,True
2025-09-26T13:54:17Z,SA-0001927,sensor_irrigation,atk-0103,Sensor,ReadAll,SensorData,South,DENY,ROLE_INSUFFICIENT,True
2025-09-26T15:29:01Z,SA-0001928,sensor_irrigation,atk-0399,Sensor,ReadAll,RoleAssignment,West,DENY,ZONE_MISMATCH,True
2025-09-26T16:01:02Z,SA-0001929,sensor_irrigation,atk-0373,Sensor,ReadAll,RoleAssignment,North,DENY,ROLE_INSUFFICIENT,True
2025-09-26T16:36:14Z,SA-0001930,sensor_irrigation,atk-0147,Sensor,ReadAudit,IrrigationControl,West,DENY,OP_NOT_PERMITTED,True
2025-09-26T18:26:56Z,SA-0001931,sensor_irrigation,atk-0331,Sensor,ManageRoles,IrrigationControl,West,DENY,POLICY_VIOLATION,True
2025-09-26T19:43:42Z,SA-0001932,sensor_irrigation,atk-0368,Sensor,ReadAudit,IrrigationControl,South,DENY,ZONE_MISMATCH,True
2025-09-26T19:48:33Z,SA-0001933,sensor_irrigation,atk-0117,Sensor,ReadAudit,RoleAssignment,East,DENY,POLICY_VIOLATION,True
2025-09-26T19:55:51Z,SA-0001934,sensor_irrigation,atk-0250,Sensor,ReadAudit,SensorData,West,DENY,ROLE_INSUFFICIENT,True
2025-09-26T20:09:25Z,SA-0001935,sensor_irrigation,atk-0215,Sensor,ControlZone,AuditLog,West,DENY,ROLE_INSUFFICIENT,True
2025-09-26T20:10:15Z,SA-0001936,sensor_irrigation,atk-0347,Sensor,ReadAudit,AuditLog,West,DENY,POLICY_VIOLATION,True
2025-09-26T23:01:38Z,SA-0001937,sensor_irrigation,atk-0387,Sensor,ReadAll,IrrigationControl,South,DENY,IDS_BLOCKED,True
2025-09-27T00:07:04Z,SA-0001938,sensor_irrigation,atk-0411,Sensor,ReadAudit,SensorData,South,DENY,ZONE_MISMATCH,True
2025-09-27T01:07:36Z,SA-0001939,sensor_irrigation,atk-0191,Sensor,ControlZone,SensorData,North,DENY,POLICY_VIOLATION,True
2025-09-27T02:20:29Z,SA-0001940,sensor_irrigation,atk-0044,Sensor,ReadAll,SensorData,North,DENY,POLICY_VIOLATION,True
2025-09-27T06:46:34Z,SA-0001941,sensor_irrigation,atk-0344,Sensor,ReadAudit,RoleAssignment,South,DENY,CERT_REVOKED,True
2025-09-27T10:48:13Z,SA-0001942,sensor_irrigation,atk-0495,Sensor,ReadAudit,RoleAssignment,South,DENY,ZONE_MISMATCH,True
2025-09-27T11:42:08Z,SA-0001943,sensor_irrigation,atk-0219,Sensor,WriteSensor,AuditLog,East,DENY,POLICY_VIOLATION,True
2025-09-27T15:04:32Z,SA-0001944,sensor_irrigation,atk-0339,Sensor,ManageRoles,SensorData,East,DENY,OP_NOT_PERMITTED,True
2025-09-27T15:26:20Z,SA-0001945,sensor_irrigation,atk-0087,Sensor,ReadAll,IrrigationControl,West,DENY,IDS_BLOCKED,True
2025-09-27T16:15:15Z,SA-0001946,sensor_irrigation,atk-0150,Sensor,ReadAudit,SensorData,South,DENY,CERT_REVOKED,True
2025-09-27T16:50:05Z,SA-0001947,sensor_irrigation,atk-0261,Sensor,WriteSensor,RoleAssignment,North,DENY,OP_NOT_PERMITTED,True
2025-09-27T18:54:35Z,SA-0001948,sensor_irrigation,atk-0343,Sensor,WriteSensor,IrrigationControl,North,DENY,IDS_BLOCKED,True
2025-09-27T20:52:37Z,SA-0001949,sensor_irrigation,atk-0308,Sensor,ControlZone,RoleAssignment,East,DENY,CERT_REVOKED,True
2025-09-27T22:20:36Z,SA-0001950,sensor_irrigation,atk-0221,Sensor,ReadAudit,IrrigationControl,North,DENY,CERT_REVOKED,True
2025-09-27T22:58:52Z,SA-0001951,sensor_irrigation,atk-0373,Sensor,ReadAll,IrrigationControl,South,DENY,ZONE_MISMATCH,True
2025-09-27T23:18:44Z,SA-0001952,sensor_irrigation,atk-0483,Sensor,ReadAll,RoleAssignment,East,DENY,CERT_REVOKED,True
2025-09-27T23:40:48Z,SA-0001953,sensor_irrigation,atk-0322,Sensor,ReadAudit,RoleAssignment,West,DENY,ZONE_MISMATCH,True
2025-09-28T01:57:31Z,SA-0001954,sensor_irrigation,atk-0203,Sensor,ManageRoles,RoleAssignment,South,DENY,POLICY_VIOLATION,True
2025-09-28T03:16:58Z,SA-0001955,sensor_irrigation,atk-0061,Sensor,ReadAll,IrrigationControl,East,DENY,POLICY_VIOLATION,True
2025-09-28T04:34:53Z,SA-0001956,sensor_irrigation,atk-0320,Sensor,ControlZone,SensorData,South,DENY,ROLE_INSUFFICIENT,True
2025-09-28T04:41:50Z,SA-0001957,sensor_irrigation,atk-0102,Sensor,ControlZone,RoleAssignment,South,DENY,ROLE_INSUFFICIENT,True
2025-09-28T05:28:27Z,SA-0001958,sensor_irrigation,atk-0318,Sensor,WriteSensor,RoleAssignment,East,DENY,IDS_BLOCKED,True
2025-09-28T07:54:03Z,SA-0001959,sensor_irrigation,atk-0354,Sensor,WriteSensor,AuditLog,West,DENY,ZONE_MISMATCH,True
2025-09-28T09:16:35Z,SA-0001960,sensor_irrigation,atk-0160,Sensor,ReadAll,SensorData,North,DENY,ROLE_INSUFFICIENT,True
2025-09-28T09:40:35Z,SA-0001961,sensor_irrigation,atk-0317,Sensor,ControlZone,IrrigationControl,West,DENY,POLICY_VIOLATION,True
2025-09-28T10:10:57Z,SA-0001962,sensor_irrigation,atk-0464,Sensor,WriteSensor,RoleAssignment,North,DENY,OP_NOT_PERMITTED,True
2025-09-28T10:19:28Z,SA-0001963,sensor_irrigation,atk-0183,Sensor,ReadAudit,AuditLog,South,DENY,ROLE_INSUFFICIENT,True
2025-09-28T11:56:05Z,SA-0001964,sensor_irrigation,atk-0035,Sensor,ManageRoles,RoleAssignment,South,DENY,IDS_BLOCKED,True
2025-09-28T19:45:31Z,SA-0001965,sensor_irrigation,atk-0420,Sensor,ManageRoles,SensorData,East,DENY,ROLE_INSUFFICIENT,True
2025-09-28T20:51:42Z,SA-0001966,sensor_irrigation,atk-0313,Sensor,ReadAudit,RoleAssignment,East,DENY,ZONE_MISMATCH,True
2025-09-28T21:35:11Z,SA-0001967,sensor_irrigation,atk-0449,Sensor,ControlZone,IrrigationControl,South,DENY,POLICY_VIOLATION,True
2025-09-28T21:37:19Z,SA-0001968,sensor_irrigation,atk-0099,Sensor,ManageRoles,IrrigationControl,East,DENY,ZONE_MISMATCH,True
2025-09-28T23:23:01Z,SA-0001969,sensor_irrigation,atk-0083,Sensor,ControlZone,SensorData,South,DENY,ZONE_MISMATCH,True
2025-09-29T03:03:00Z,SA-0001970,sensor_irrigation,atk-0392,Sensor,ReadAudit,SensorData,South,DENY,CERT_REVOKED,True
2025-09-29T06:42:08Z,SA-0001971,sensor_irrigation,atk-0192,Sensor,WriteSensor,IrrigationControl,North,DENY,IDS_BLOCKED,True
2025-09-29T09:06:05Z,SA-0001972,sensor_irrigation,atk-0147,Sensor,ReadAll,AuditLog,East,DENY,IDS_BLOCKED,True
2025-09-29T10:22:02Z,SA-0001973,sensor_irrigation,atk-0281,Sensor,ReadAll,AuditLog,West,DENY,CERT_REVOKED,True
2025-09-29T12:05:24Z,SA-0001974,sensor_irrigation,atk-0089,Sensor,ManageRoles,AuditLog,South,DENY,IDS_BLOCKED,True
2025-09-29T14:18:00Z,SA-0001975,sensor_irrigation,atk-0497,Sensor,ManageRoles,SensorData,North,DENY,CERT_REVOKED,True
2025-09-29T15:01:51Z,SA-0001976,sensor_irrigation,atk-0067,Sensor,ControlZone,RoleAssignment,South,DENY,CERT_REVOKED,True
2025-09-29T15:06:09Z,SA-0001977,sensor_irrigation,atk-0457,Sensor,ReadAudit,SensorData,South,DENY,ROLE_INSUFFICIENT,True
2025-09-29T15:33:12Z,SA-0001978,sensor_irrigation,atk-0028,Sensor,ControlZone,AuditLog,North,DENY,CERT_REVOKED,True
2025-09-29T19:55:33Z,SA-0001979,sensor_irrigation,atk-0074,Sensor,ReadAudit,IrrigationControl,South,DENY,ROLE_INSUFFICIENT,True
2025-09-29T19:58:07Z,SA-0001980,sensor_irrigation,atk-0467,Sensor,ReadAudit,IrrigationControl,East,DENY,OP_NOT_PERMITTED,True
2025-09-29T23:19:10Z,SA-0001981,sensor_irrigation,atk-0290,Sensor,WriteSensor,RoleAssignment,South,DENY,CERT_REVOKED,True
2025-09-29T23:26:36Z,SA-0001982,sensor_irrigation,atk-0470,Sensor,ControlZone,IrrigationControl,South,DENY,OP_NOT_PERMITTED,True
2025-09-30T01:03:06Z,SA-0001983,sensor_irrigation,atk-0066,Sensor,ControlZone,RoleAssignment,South,DENY,ZONE_MISMATCH,True
2025-09-30T02:35:19Z,SA-0001984,sensor_irrigation,atk-0106,Sensor,WriteSensor,IrrigationControl,South,DENY,OP_NOT_PERMITTED,True
2025-09-30T05:57:09Z,SA-0001985,sensor_irrigation,atk-0108,Sensor,ReadAudit,RoleAssignment,North,DENY,CERT_REVOKED,True
2025-09-30T07:17:19Z,SA-0001986,sensor_irrigation,atk-0392,Sensor,WriteSensor,AuditLog,North,DENY,IDS_BLOCKED,True
2025-09-30T09:30:57Z,SA-0001987,sensor_irrigation,atk-0133,Sensor,ReadAll,SensorData,West,DENY,IDS_BLOCKED,True
2025-09-30T10:05:46Z,SA-0001988,sensor_irrigation,atk-0083,Sensor,ReadAudit,AuditLog,East,DENY,IDS_BLOCKED,True
2025-09-30T12:18:09Z,SA-0001989,sensor_irrigation,atk-0113,Sensor,ReadAll,AuditLog,East,DENY,ROLE_INSUFFICIENT,True
2025-09-30T15:01:47Z,SA-0001990,sensor_irrigation,atk-0078,Sensor,ReadAll,SensorData,North,DENY,ROLE_INSUFFICIENT,True
2025-09-30T17:23:05Z,SA-0001991,sensor_irrigation,atk-0369,Sensor,ManageRoles,RoleAssignment,East,DENY,OP_NOT_PERMITTED,True
2025-09-30T17:29:29Z,SA-0001992,sensor_irrigation,atk-0079,Sensor,WriteSensor,SensorData,North,DENY,OP_NOT_PERMITTED,True
2025-09-30T18:15:35Z,SA-0001993,sensor_irrigation,atk-0005,Sensor,WriteSensor,AuditLog,South,DENY,CERT_REVOKED,True
2025-09-30T18:33:58Z,SA-0001994,sensor_irrigation,atk-0335,Sensor,ReadAudit,RoleAssignment,West,DENY,POLICY_VIOLATION,True
2025-09-30T18:47:41Z,SA-0001995,sensor_irrigation,atk-0244,Sensor,ReadAudit,SensorData,West,DENY,CERT_REVOKED,True
2025-09-30T18:47:57Z,SA-0001996,sensor_irrigation,atk-0221,Sensor,ControlZone,RoleAssignment,South,DENY,ZONE_MISMATCH,True
2025-09-30T18:53:20Z,SA-0001997,sensor_irrigation,atk-0109,Sensor,ControlZone,IrrigationControl,West,DENY,POLICY_VIOLATION,True
2025-09-30T19:57:57Z,SA-0001998,sensor_irrigation,atk-0009,Sensor,WriteSensor,SensorData,North,DENY,OP_NOT_PERMITTED,True
2025-09-30T21:08:35Z,SA-0001999,sensor_irrigation,atk-0427,Sensor,ManageRoles,IrrigationControl,South,DENY,CERT_REVOKED,True
2025-09-30T22:53:56Z,SA-0002000,sensor_irrigation,atk-0304,Sensor,ReadAudit,AuditLog,West,DENY,IDS_BLOCKED,True
2025-08-01T01:14:59Z,SA-0002001,gateway_wrong_zone,atk-0476,Gateway,ManageRoles,AuditLog,North,DENY,ZONE_MISMATCH,True
2025-08-01T03:35:48Z,SA-0002002,gateway_wrong_zone,atk-0070,Gateway,ReadAudit,IrrigationControl,West,DENY,OP_NOT_PERMITTED,True
2025-08-01T10:26:31Z,SA-0002003,gateway_wrong_zone,atk-0286,Gateway,ManageRoles,AuditLog,West,DENY,OP_NOT_PERMITTED,True
2025-08-01T11:01:32Z,SA-0002004,gateway_wrong_zone,atk-0293,Gateway,ControlZone,IrrigationControl,West,DENY,ZONE_MISMATCH,True
2025-08-01T11:56:44Z,SA-0002005,gateway_wrong_zone,atk-0026,Gateway,ManageRoles,RoleAssignment,North,DENY,CERT_REVOKED,True
2025-08-01T12:05:22Z,SA-0002006,gateway_wrong_zone,atk-0400,Gateway,ManageRoles,SensorData,West,DENY,ZONE_MISMATCH,True
2025-08-01T12:55:00Z,SA-0002007,gateway_wrong_zone,atk-0278,Gateway,WriteSensor,SensorData,South,DENY,POLICY_VIOLATION,True
2025-08-01T15:10:56Z,SA-0002008,gateway_wrong_zone,atk-0415,Gateway,ReadAll,RoleAssignment,East,DENY,IDS_BLOCKED,True
2025-08-01T19:50:00Z,SA-0002009,gateway_wrong_zone,atk-0422,Gateway,WriteSensor,AuditLog,West,DENY,OP_NOT_PERMITTED,True
2025-08-01T19:55:37Z,SA-0002010,gateway_wrong_zone,atk-0490,Gateway,WriteSensor,AuditLog,West,DENY,CERT_REVOKED,True
2025-08-01T20:36:46Z,SA-0002011,gateway_wrong_zone,atk-0189,Gateway,WriteSensor,SensorData,South,DENY,ZONE_MISMATCH,True
2025-08-01T20:51:27Z,SA-0002012,gateway_wrong_zone,atk-0028,Gateway,ReadAll,IrrigationControl,West,DENY,ROLE_INSUFFICIENT,True
2025-08-01T21:12:00Z,SA-0002013,gateway_wrong_zone,atk-0236,Gateway,WriteSensor,AuditLog,West,DENY,ZONE_MISMATCH,True
2025-08-01T22:17:13Z,SA-0002014,gateway_wrong_zone,atk-0378,Gateway,ManageRoles,AuditLog,South,DENY,ZONE_MISMATCH,True
2025-08-01T22:29:50Z,SA-0002015,gateway_wrong_zone,atk-0172,Gateway,ReadAudit,IrrigationControl,West,DENY,IDS_BLOCKED,True
2025-08-01T23:05:56Z,SA-0002016,gateway_wrong_zone,atk-0374,Gateway,ManageRoles,AuditLog,West,DENY,CERT_REVOKED,True
2025-08-01T23:21:26Z,SA-0002017,gateway_wrong_zone,atk-0445,Gateway,ManageRoles,AuditLog,South,DENY,CERT_REVOKED,True
2025-08-02T00:57:54Z,SA-0002018,gateway_wrong_zone,atk-0300,Gateway,ReadAll,IrrigationControl,North,DENY,CERT_REVOKED,True
2025-08-02T01:11:14Z,SA-0002019,gateway_wrong_zone,atk-0473,Gateway,ManageRoles,RoleAssignment,West,DENY,POLICY_VIOLATION,True
2025-08-02T03:05:10Z,SA-0002020,gateway_wrong_zone,atk-0057,Gateway,ReadAudit,IrrigationControl,East,DENY,ROLE_INSUFFICIENT,True
2025-08-02T03:45:03Z,SA-0002021,gateway_wrong_zone,atk-0440,Gateway,ManageRoles,RoleAssignment,South,DENY,OP_NOT_PERMITTED,True
2025-08-02T03:51:16Z,SA-0002022,gateway_wrong_zone,atk-0259,Gateway,ReadAll,IrrigationControl,East,DENY,POLICY_VIOLATION,True
2025-08-02T05:31:39Z,SA-0002023,gateway_wrong_zone,atk-0295,Gateway,ManageRoles,RoleAssignment,West,DENY,POLICY_VIOLATION,True
2025-08-02T07:52:15Z,SA-0002024,gateway_wrong_zone,atk-0287,Gateway,ManageRoles,RoleAssignment,South,DENY,POLICY_VIOLATION,True
2025-08-02T10:57:07Z,SA-0002025,gateway_wrong_zone,atk-0124,Gateway,WriteSensor,RoleAssignment,South,DENY,OP_NOT_PERMITTED,True
2025-08-02T14:38:44Z,SA-0002026,gateway_wrong_zone,atk-0008,Gateway,ReadAll,IrrigationControl,North,DENY,CERT_REVOKED,True
2025-08-02T18:27:07Z,SA-0002027,gateway_wrong_zone,atk-0218,Gateway,ReadAudit,IrrigationControl,South,DENY,ZONE_MISMATCH,True
2025-08-02T21:15:04Z,SA-0002028,gateway_wrong_zone,atk-0309,Gateway,ManageRoles,RoleAssignment,North,DENY,IDS_BLOCKED,True
2025-08-02T22:00:23Z,SA-0002029,gateway_wrong_zone,atk-0043,Gateway,ReadAudit,RoleAssignment,North,DENY,ROLE_INSUFFICIENT,True
2025-08-02T23:58:42Z,SA-0002030,gateway_wrong_zone,atk-0257,Gateway,ControlZone,AuditLog,East,DENY,ROLE_INSUFFICIENT,True
2025-08-03T03:07:16Z,SA-0002031,gateway_wrong_zone,atk-0285,Gateway,ManageRoles,IrrigationControl,South,DENY,IDS_BLOCKED,True
2025-08-03T06:34:07Z,SA-0002032,gateway_wrong_zone,atk-0198,Gateway,ManageRoles,RoleAssignment,East,DENY,OP_NOT_PERMITTED,True
2025-08-03T07:57:26Z,SA-0002033,gateway_wrong_zone,atk-0125,Gateway,ReadAll,RoleAssignment,North,DENY,ZONE_MISMATCH,True
2025-08-03T08:45:22Z,SA-0002034,gateway_wrong_zone,atk-0009,Gateway,WriteSensor,SensorData,South,DENY,POLICY_VIOLATION,True
2025-08-03T08:51:56Z,SA-0002035,gateway_wrong_zone,atk-0116,Gateway,ControlZone,SensorData,East,DENY,ROLE_INSUFFICIENT,True
2025-08-03T09:12:49Z,SA-0002036,gateway_wrong_zone,atk-0424,Gateway,ManageRoles,IrrigationControl,West,DENY,ROLE_INSUFFICIENT,True
2025-08-03T09:49:36Z,SA-0002037,gateway_wrong_zone,atk-0206,Gateway,ReadAudit,AuditLog,North,DENY,CERT_REVOKED,True
2025-08-03T10:41:53Z,SA-0002038,gateway_wrong_zone,atk-0323,Gateway,ReadAudit,RoleAssignment,West,DENY,IDS_BLOCKED,True
2025-08-03T10:58:57Z,SA-0002039,gateway_wrong_zone,atk-0020,Gateway,ControlZone,IrrigationControl,South,DENY,CERT_REVOKED,True
2025-08-03T12:57:23Z,SA-0002040,gateway_wrong_zone,atk-0290,Gateway,ReadAll,AuditLog,North,DENY,ZONE_MISMATCH,True
2025-08-03T13:48:46Z,SA-0002041,gateway_wrong_zone,atk-0221,Gateway,ReadAudit,RoleAssignment,North,DENY,POLICY_VIOLATION,True
2025-08-03T14:16:06Z,SA-0002042,gateway_wrong_zone,atk-0427,Gateway,ReadAll,RoleAssignment,East,DENY,CERT_REVOKED,True
2025-08-03T14:24:06Z,SA-0002043,gateway_wrong_zone,atk-0117,Gateway,ManageRoles,IrrigationControl,West,DENY,OP_NOT_PERMITTED,True
2025-08-03T16:44:14Z,SA-0002044,gateway_wrong_zone,atk-0046,Gateway,ManageRoles,SensorData,South,DENY,OP_NOT_PERMITTED,True
2025-08-03T17:35:49Z,SA-0002045,gateway_wrong_zone,atk-0153,Gateway,ManageRoles,RoleAssignment,West,DENY,POLICY_VIOLATION,True
2025-08-03T20:40:06Z,SA-0002046,gateway_wrong_zone,atk-0207,Gateway,ControlZone,RoleAssignment,West,DENY,ZONE_MISMATCH,True
2025-08-03T22:38:51Z,SA-0002047,gateway_wrong_zone,atk-0123,Gateway,ControlZone,IrrigationControl,North,DENY,ROLE_INSUFFICIENT,True
2025-08-03T23:11:57Z,SA-0002048,gateway_wrong_zone,atk-0294,Gateway,ManageRoles,IrrigationControl,East,DENY,ZONE_MISMATCH,True
2025-08-04T00:31:46Z,SA-0002049,gateway_wrong_zone,atk-0239,Gateway,ControlZone,RoleAssignment,East,DENY,CERT_REVOKED,True
2025-08-04T01:16:24Z,SA-0002050,gateway_wrong_zone,atk-0253,Gateway,ManageRoles,SensorData,East,DENY,CERT_REVOKED,True
2025-08-04T03:43:34Z,SA-0002051,gateway_wrong_zone,atk-0418,Gateway,ManageRoles,IrrigationControl,North,DENY,OP_NOT_PERMITTED,True
2025-08-04T04:35:11Z,SA-0002052,gateway_wrong_zone,atk-0473,Gateway,ReadAudit,RoleAssignment,East,DENY,IDS_BLOCKED,True
2025-08-04T08:12:13Z,SA-0002053,gateway_wrong_zone,atk-0099,Gateway,WriteSensor,SensorData,East,DENY,ROLE_INSUFFICIENT,True
2025-08-04T08:17:47Z,SA-0002054,gateway_wrong_zone,atk-0453,Gateway,WriteSensor,IrrigationControl,East,DENY,ROLE_INSUFFICIENT,True
2025-08-04T09:36:18Z,SA-0002055,gateway_wrong_zone,atk-0015,Gateway,WriteSensor,RoleAssignment,South,DENY,ROLE_INSUFFICIENT,True
2025-08-04T10:43:31Z,SA-0002056,gateway_wrong_zone,atk-0092,Gateway,ReadAll,IrrigationControl,East,DENY,IDS_BLOCKED,True
2025-08-04T14:05:19Z,SA-0002057,gateway_wrong_zone,atk-0455,Gateway,ControlZone,SensorData,North,DENY,ZONE_MISMATCH,True
2025-08-04T14:11:22Z,SA-0002058,gateway_wrong_zone,atk-0225,Gateway,ControlZone,IrrigationControl,West,DENY,OP_NOT_PERMITTED,True
2025-08-04T15:31:51Z,SA-0002059,gateway_wrong_zone,atk-0484,Gateway,ReadAudit,SensorData,West,DENY,ROLE_INSUFFICIENT,True
2025-08-04T18:00:22Z,SA-0002060,gateway_wrong_zone,atk-0298,Gateway,ManageRoles,SensorData,South,DENY,POLICY_VIOLATION,True
2025-08-04T18:47:20Z,SA-0002061,gateway_wrong_zone,atk-0406,Gateway,ManageRoles,RoleAssignment,South,DENY,ROLE_INSUFFICIENT,True
2025-08-04T19:09:13Z,SA-0002062,gateway_wrong_zone,atk-0303,Gateway,WriteSensor,RoleAssignment,North,DENY,ZONE_MISMATCH,True
2025-08-04T21:44:34Z,SA-0002063,gateway_wrong_zone,atk-0022,Gateway,WriteSensor,IrrigationControl,North,DENY,POLICY_VIOLATION,True
2025-08-04T22:05:22Z,SA-0002064,gateway_wrong_zone,atk-0242,Gateway,ControlZone,RoleAssignment,East,DENY,IDS_BLOCKED,True
2025-08-04T23:27:30Z,SA-0002065,gateway_wrong_zone,atk-0282,Gateway,ReadAudit,IrrigationControl,West,DENY,IDS_BLOCKED,True
2025-08-05T00:00:17Z,SA-0002066,gateway_wrong_zone,atk-0384,Gateway,ControlZone,AuditLog,North,DENY,IDS_BLOCKED,True
2025-08-05T00:05:41Z,SA-0002067,gateway_wrong_zone,atk-0317,Gateway,WriteSensor,IrrigationControl,North,DENY,IDS_BLOCKED,True
2025-08-05T01:07:23Z,SA-0002068,gateway_wrong_zone,atk-0472,Gateway,ControlZone,AuditLog,East,DENY,POLICY_VIOLATION,True
2025-08-05T05:09:29Z,SA-0002069,gateway_wrong_zone,atk-0399,Gateway,ReadAll,RoleAssignment,South,DENY,OP_NOT_PERMITTED,True
2025-08-05T06:14:36Z,SA-0002070,gateway_wrong_zone,atk-0078,Gateway,ManageRoles,AuditLog,West,DENY,CERT_REVOKED,True
2025-08-05T07:37:38Z,SA-0002071,gateway_wrong_zone,atk-0251,Gateway,ManageRoles,SensorData,North,DENY,POLICY_VIOLATION,True
2025-08-05T12:26:01Z,SA-0002072,gateway_wrong_zone,atk-0474,Gateway,WriteSensor,AuditLog,North,DENY,IDS_BLOCKED,True
2025-08-05T13:51:03Z,SA-0002073,gateway_wrong_zone,atk-0253,Gateway,WriteSensor,AuditLog,North,DENY,IDS_BLOCKED,True
2025-08-05T14:16:56Z,SA-0002074,gateway_wrong_zone,atk-0281,Gateway,WriteSensor,IrrigationControl,North,DENY,IDS_BLOCKED,True
2025-08-05T15:04:22Z,SA-0002075,gateway_wrong_zone,atk-0277,Gateway,ReadAll,AuditLog,South,DENY,ZONE_MISMATCH,True
2025-08-05T16:45:31Z,SA-0002076,gateway_wrong_zone,atk-0060,Gateway,ReadAudit,SensorData,South,DENY,IDS_BLOCKED,True
2025-08-05T17:50:11Z,SA-0002077,gateway_wrong_zone,atk-0383,Gateway,ManageRoles,RoleAssignment,West,DENY,ROLE_INSUFFICIENT,True
2025-08-05T19:26:14Z,SA-0002078,gateway_wrong_zone,atk-0067,Gateway,ReadAudit,RoleAssignment,East,DENY,POLICY_VIOLATION,True
2025-08-05T20:22:21Z,SA-0002079,gateway_wrong_zone,atk-0403,Gateway,ReadAll,SensorData,North,DENY,POLICY_VIOLATION,True
2025-08-06T06:41:34Z,SA-0002080,gateway_wrong_zone,atk-0338,Gateway,ReadAudit,RoleAssignment,South,DENY,ROLE_INSUFFICIENT,True
2025-08-06T10:28:04Z,SA-0002081,gateway_wrong_zone,atk-0177,Gateway,ControlZone,RoleAssignment,East,DENY,ZONE_MISMATCH,True
2025-08-06T10:54:02Z,SA-0002082,gateway_wrong_zone,atk-0282,Gateway,WriteSensor,RoleAssignment,South,DENY,CERT_REVOKED,True
2025-08-06T12:29:52Z,SA-0002083,gateway_wrong_zone,atk-0255,Gateway,ManageRoles,AuditLog,South,DENY,ROLE_INSUFFICIENT,True
2025-08-06T13:00:20Z,SA-0002084,gateway_wrong_zone,atk-0414,Gateway,ReadAudit,AuditLog,East,DENY,POLICY_VIOLATION,True
2025-08-06T13:28:54Z,SA-0002085,gateway_wrong_zone,atk-0280,Gateway,ManageRoles,IrrigationControl,West,DENY,ROLE_INSUFFICIENT,True
2025-08-06T14:18:39Z,SA-0002086,gateway_wrong_zone,atk-0154,Gateway,ReadAll,SensorData,North,DENY,ROLE_INSUFFICIENT,True
2025-08-06T18:06:37Z,SA-0002087,gateway_wrong_zone,atk-0410,Gateway,ReadAudit,SensorData,East,DENY,OP_NOT_PERMITTED,True
2025-08-06T20:11:27Z,SA-0002088,gateway_wrong_zone,atk-0036,Gateway,ManageRoles,IrrigationControl,North,DENY,IDS_BLOCKED,True
2025-08-06T20:28:15Z,SA-0002089,gateway_wrong_zone,atk-0030,Gateway,ControlZone,SensorData,North,DENY,ZONE_MISMATCH,True
2025-08-06T20:53:17Z,SA-0002090,gateway_wrong_zone,atk-0235,Gateway,ReadAll,IrrigationControl,North,DENY,ROLE_INSUFFICIENT,True
2025-08-06T23:28:16Z,SA-0002091,gateway_wrong_zone,atk-0014,Gateway,ReadAudit,SensorData,North,DENY,ROLE_INSUFFICIENT,True
2025-08-06T23:47:40Z,SA-0002092,gateway_wrong_zone,atk-0434,Gateway,WriteSensor,RoleAssignment,South,DENY,CERT_REVOKED,True
2025-08-07T00:26:14Z,SA-0002093,gateway_wrong_zone,atk-0477,Gateway,WriteSensor,SensorData,West,DENY,IDS_BLOCKED,True
2025-08-07T04:12:16Z,SA-0002094,gateway_wrong_zone,atk-0251,Gateway,ControlZone,SensorData,East,DENY,OP_NOT_PERMITTED,True
2025-08-07T07:01:14Z,SA-0002095,gateway_wrong_zone,atk-0121,Gateway,ReadAudit,SensorData,South,DENY,ZONE_MISMATCH,True
2025-08-07T07:15:27Z,SA-0002096,gateway_wrong_zone,atk-0021,Gateway,ControlZone,RoleAssignment,West,DENY,IDS_BLOCKED,True
2025-08-07T07:33:58Z,SA-0002097,gateway_wrong_zone,atk-0241,Gateway,WriteSensor,IrrigationControl,West,DENY,POLICY_VIOLATION,True
2025-08-07T08:52:49Z,SA-0002098,gateway_wrong_zone,atk-0323,Gateway,ControlZone,IrrigationControl,South,DENY,POLICY_VIOLATION,True
2025-08-07T09:40:29Z,SA-0002099,gateway_wrong_zone,atk-0494,Gateway,WriteSensor,IrrigationControl,North,DENY,POLICY_VIOLATION,True
2025-08-07T11:22:09Z,SA-0002100,gateway_wrong_zone,atk-0413,Gateway,ControlZone,IrrigationControl,West,DENY,IDS_BLOCKED,True
2025-08-07T12:18:27Z,SA-0002101,gateway_wrong_zone,atk-0376,Gateway,WriteSensor,RoleAssignment,East,DENY,CERT_REVOKED,True
2025-08-07T17:20:58Z,SA-0002102,gateway_wrong_zone,atk-0078,Gateway,ManageRoles,IrrigationControl,South,DENY,OP_NOT_PERMITTED,True
2025-08-07T18:00:45Z,SA-0002103,gateway_wrong_zone,atk-0492,Gateway,ReadAll,SensorData,North,DENY,ZONE_MISMATCH,True
2025-08-07T18:45:01Z,SA-0002104,gateway_wrong_zone,atk-0083,Gateway,WriteSensor,AuditLog,West,DENY,CERT_REVOKED,True
2025-08-07T21:25:11Z,SA-0002105,gateway_wrong_zone,atk-0272,Gateway,ReadAll,SensorData,South,DENY,IDS_BLOCKED,True
2025-08-07T23:15:19Z,SA-0002106,gateway_wrong_zone,atk-0132,Gateway,WriteSensor,AuditLog,East,DENY,OP_NOT_PERMITTED,True
2025-08-08T00:18:43Z,SA-0002107,gateway_wrong_zone,atk-0179,Gateway,ReadAudit,SensorData,South,DENY,CERT_REVOKED,True
2025-08-08T00:47:13Z,SA-0002108,gateway_wrong_zone,atk-0170,Gateway,ControlZone,IrrigationControl,North,DENY,POLICY_VIOLATION,True
2025-08-08T04:26:37Z,SA-0002109,gateway_wrong_zone,atk-0101,Gateway,WriteSensor,SensorData,South,DENY,POLICY_VIOLATION,True
2025-08-08T05:25:07Z,SA-0002110,gateway_wrong_zone,atk-0021,Gateway,WriteSensor,RoleAssignment,East,DENY,IDS_BLOCKED,True
2025-08-08T07:38:59Z,SA-0002111,gateway_wrong_zone,atk-0270,Gateway,ManageRoles,RoleAssignment,West,DENY,ZONE_MISMATCH,True
2025-08-08T09:30:48Z,SA-0002112,gateway_wrong_zone,atk-0078,Gateway,ReadAudit,SensorData,West,DENY,ZONE_MISMATCH,True
2025-08-08T10:13:43Z,SA-0002113,gateway_wrong_zone,atk-0455,Gateway,ControlZone,IrrigationControl,East,DENY,OP_NOT_PERMITTED,True
2025-08-08T12:28:26Z,SA-0002114,gateway_wrong_zone,atk-0302,Gateway,ReadAll,IrrigationControl,East,DENY,POLICY_VIOLATION,True
2025-08-08T14:08:13Z,SA-0002115,gateway_wrong_zone,atk-0206,Gateway,ReadAll,AuditLog,West,DENY,ZONE_MISMATCH,True
2025-08-08T15:48:19Z,SA-0002116,gateway_wrong_zone,atk-0332,Gateway,ReadAudit,SensorData,East,DENY,ROLE_INSUFFICIENT,True
2025-08-08T17:06:25Z,SA-0002117,gateway_wrong_zone,atk-0395,Gateway,WriteSensor,AuditLog,North,DENY,ROLE_INSUFFICIENT,True
2025-08-08T17:40:28Z,SA-0002118,gateway_wrong_zone,atk-0304,Gateway,WriteSensor,RoleAssignment,North,DENY,IDS_BLOCKED,True
2025-08-08T18:25:13Z,SA-0002119,gateway_wrong_zone,atk-0279,Gateway,ManageRoles,RoleAssignment,West,DENY,CERT_REVOKED,True
2025-08-08T18:30:12Z,SA-0002120,gateway_wrong_zone,atk-0135,Gateway,WriteSensor,SensorData,North,DENY,POLICY_VIOLATION,True
2025-08-08T19:08:05Z,SA-0002121,gateway_wrong_zone,atk-0128,Gateway,ManageRoles,AuditLog,South,DENY,IDS_BLOCKED,True
2025-08-08T19:14:10Z,SA-0002122,gateway_wrong_zone,atk-0086,Gateway,ReadAudit,IrrigationControl,East,DENY,ROLE_INSUFFICIENT,True
2025-08-08T19:29:12Z,SA-0002123,gateway_wrong_zone,atk-0038,Gateway,ReadAudit,SensorData,North,DENY,ZONE_MISMATCH,True
2025-08-08T20:07:18Z,SA-0002124,gateway_wrong_zone,atk-0381,Gateway,ReadAll,AuditLog,West,DENY,ZONE_MISMATCH,True
2025-08-08T21:50:28Z,SA-0002125,gateway_wrong_zone,atk-0493,Gateway,ReadAudit,RoleAssignment,North,DENY,POLICY_VIOLATION,True
2025-08-09T01:48:10Z,SA-0002126,gateway_wrong_zone,atk-0109,Gateway,ReadAudit,SensorData,South,DENY,ROLE_INSUFFICIENT,True
2025-08-09T04:33:59Z,SA-0002127,gateway_wrong_zone,atk-0256,Gateway,ReadAudit,RoleAssignment,West,DENY,POLICY_VIOLATION,True
2025-08-09T06:57:03Z,SA-0002128,gateway_wrong_zone,atk-0483,Gateway,ReadAll,IrrigationControl,West,DENY,OP_NOT_PERMITTED,True
2025-08-09T09:50:37Z,SA-0002129,gateway_wrong_zone,atk-0328,Gateway,ReadAll,SensorData,South,DENY,ZONE_MISMATCH,True
2025-08-09T12:12:37Z,SA-0002130,gateway_wrong_zone,atk-0123,Gateway,ManageRoles,AuditLog,East,DENY,ROLE_INSUFFICIENT,True
2025-08-09T15:46:01Z,SA-0002131,gateway_wrong_zone,atk-0113,Gateway,ManageRoles,AuditLog,South,DENY,ROLE_INSUFFICIENT,True
2025-08-09T18:54:04Z,SA-0002132,gateway_wrong_zone,atk-0490,Gateway,ManageRoles,AuditLog,South,DENY,POLICY_VIOLATION,True
2025-08-09T19:39:40Z,SA-0002133,gateway_wrong_zone,atk-0017,Gateway,ManageRoles,IrrigationControl,East,DENY,ROLE_INSUFFICIENT,True
2025-08-09T22:04:32Z,SA-0002134,gateway_wrong_zone,atk-0445,Gateway,ReadAll,RoleAssignment,East,DENY,ROLE_INSUFFICIENT,True
2025-08-10T00:04:54Z,SA-0002135,gateway_wrong_zone,atk-0214,Gateway,ReadAudit,SensorData,South,DENY,IDS_BLOCKED,True
2025-08-10T04:49:58Z,SA-0002136,gateway_wrong_zone,atk-0114,Gateway,ManageRoles,IrrigationControl,North,DENY,POLICY_VIOLATION,True
2025-08-10T06:57:06Z,SA-0002137,gateway_wrong_zone,atk-0302,Gateway,ManageRoles,IrrigationControl,South,DENY,IDS_BLOCKED,True
2025-08-10T08:46:08Z,SA-0002138,gateway_wrong_zone,atk-0137,Gateway,ControlZone,SensorData,East,DENY,CERT_REVOKED,True
2025-08-10T10:11:37Z,SA-0002139,gateway_wrong_zone,atk-0302,Gateway,ControlZone,SensorData,West,DENY,ROLE_INSUFFICIENT,True
2025-08-10T14:46:21Z,SA-0002140,gateway_wrong_zone,atk-0181,Gateway,ReadAudit,IrrigationControl,West,DENY,ROLE_INSUFFICIENT,True
2025-08-10T14:55:03Z,SA-0002141,gateway_wrong_zone,atk-0466,Gateway,ControlZone,IrrigationControl,East,DENY,ZONE_MISMATCH,True
2025-08-10T15:52:22Z,SA-0002142,gateway_wrong_zone,atk-0325,Gateway,ControlZone,IrrigationControl,West,DENY,OP_NOT_PERMITTED,True
2025-08-10T18:11:40Z,SA-0002143,gateway_wrong_zone,atk-0451,Gateway,ReadAll,RoleAssignment,South,DENY,CERT_REVOKED,True
2025-08-10T21:12:13Z,SA-0002144,gateway_wrong_zone,atk-0163,Gateway,ManageRoles,IrrigationControl,North,DENY,POLICY_VIOLATION,True
2025-08-10T22:27:29Z,SA-0002145,gateway_wrong_zone,atk-0498,Gateway,ControlZone,RoleAssignment,South,DENY,POLICY_VIOLATION,True
2025-08-10T23:20:16Z,SA-0002146,gateway_wrong_zone,atk-0079,Gateway,ReadAll,RoleAssignment,North,DENY,ROLE_INSUFFICIENT,True
2025-08-11T00:23:47Z,SA-0002147,gateway_wrong_zone,atk-0023,Gateway,WriteSensor,AuditLog,South,DENY,POLICY_VIOLATION,True
2025-08-11T01:31:48Z,SA-0002148,gateway_wrong_zone,atk-0329,Gateway,ManageRoles,AuditLog,North,DENY,POLICY_VIOLATION,True
2025-08-11T03:30:59Z,SA-0002149,gateway_wrong_zone,atk-0475,Gateway,ControlZone,AuditLog,North,DENY,ROLE_INSUFFICIENT,True
2025-08-11T05:34:37Z,SA-0002150,gateway_wrong_zone,atk-0290,Gateway,ControlZone,RoleAssignment,South,DENY,ZONE_MISMATCH,True
2025-08-11T05:51:49Z,SA-0002151,gateway_wrong_zone,atk-0126,Gateway,ControlZone,RoleAssignment,South,DENY,IDS_BLOCKED,True
2025-08-11T06:26:29Z,SA-0002152,gateway_wrong_zone,atk-0208,Gateway,ControlZone,SensorData,North,DENY,CERT_REVOKED,True
2025-08-11T07:53:15Z,SA-0002153,gateway_wrong_zone,atk-0423,Gateway,WriteSensor,SensorData,South,DENY,CERT_REVOKED,True
2025-08-11T09:00:21Z,SA-0002154,gateway_wrong_zone,atk-0265,Gateway,ManageRoles,RoleAssignment,East,DENY,ROLE_INSUFFICIENT,True
2025-08-11T11:58:47Z,SA-0002155,gateway_wrong_zone,atk-0232,Gateway,ManageRoles,IrrigationControl,South,DENY,POLICY_VIOLATION,True
2025-08-11T13:00:28Z,SA-0002156,gateway_wrong_zone,atk-0469,Gateway,ManageRoles,RoleAssignment,West,DENY,ROLE_INSUFFICIENT,True
2025-08-11T17:26:51Z,SA-0002157,gateway_wrong_zone,atk-0290,Gateway,ManageRoles,IrrigationControl,East,DENY,ZONE_MISMATCH,True
2025-08-11T17:36:25Z,SA-0002158,gateway_wrong_zone,atk-0277,Gateway,WriteSensor,RoleAssignment,East,DENY,CERT_REVOKED,True
2025-08-11T18:23:41Z,SA-0002159,gateway_wrong_zone,atk-0393,Gateway,ReadAudit,IrrigationControl,North,DENY,ZONE_MISMATCH,True
2025-08-11T19:25:33Z,SA-0002160,gateway_wrong_zone,atk-0237,Gateway,ReadAudit,SensorData,East,DENY,POLICY_VIOLATION,True
2025-08-11T21:59:11Z,SA-0002161,gateway_wrong_zone,atk-0161,Gateway,ControlZone,IrrigationControl,West,DENY,OP_NOT_PERMITTED,True
2025-08-11T22:41:29Z,SA-0002162,gateway_wrong_zone,atk-0452,Gateway,ManageRoles,RoleAssignment,West,DENY,ROLE_INSUFFICIENT,True
2025-08-11T22:54:31Z,SA-0002163,gateway_wrong_zone,atk-0076,Gateway,ReadAll,RoleAssignment,West,DENY,CERT_REVOKED,True
2025-08-11T23:09:05Z,SA-0002164,gateway_wrong_zone,atk-0078,Gateway,ReadAudit,IrrigationControl,West,DENY,CERT_REVOKED,True
2025-08-11T23:24:34Z,SA-0002165,gateway_wrong_zone,atk-0118,Gateway,ControlZone,RoleAssignment,North,DENY,CERT_REVOKED,True
2025-08-12T00:12:36Z,SA-0002166,gateway_wrong_zone,atk-0144,Gateway,WriteSensor,RoleAssignment,North,DENY,OP_NOT_PERMITTED,True
2025-08-12T01:04:45Z,SA-0002167,gateway_wrong_zone,atk-0238,Gateway,ControlZone,AuditLog,South,DENY,POLICY_VIOLATION,True
2025-08-12T01:56:36Z,SA-0002168,gateway_wrong_zone,atk-0304,Gateway,ManageRoles,IrrigationControl,West,DENY,OP_NOT_PERMITTED,True
2025-08-12T04:08:56Z,SA-0002169,gateway_wrong_zone,atk-0371,Gateway,ManageRoles,SensorData,South,DENY,IDS_BLOCKED,True
2025-08-12T10:18:23Z,SA-0002170,gateway_wrong_zone,atk-0480,Gateway,WriteSensor,AuditLog,West,DENY,CERT_REVOKED,True
2025-08-12T11:38:43Z,SA-0002171,gateway_wrong_zone,atk-0352,Gateway,ControlZone,RoleAssignment,West,DENY,IDS_BLOCKED,True
2025-08-12T12:18:08Z,SA-0002172,gateway_wrong_zone,atk-0394,Gateway,ManageRoles,IrrigationControl,South,DENY,POLICY_VIOLATION,True
2025-08-12T14:05:44Z,SA-0002173,gateway_wrong_zone,atk-0323,Gateway,ReadAudit,IrrigationControl,East,DENY,ZONE_MISMATCH,True
2025-08-12T17:16:40Z,SA-0002174,gateway_wrong_zone,atk-0138,Gateway,WriteSensor,AuditLog,East,DENY,IDS_BLOCKED,True
2025-08-12T17:36:20Z,SA-0002175,gateway_wrong_zone,atk-0133,Gateway,ReadAudit,IrrigationControl,North,DENY,ROLE_INSUFFICIENT,True
2025-08-12T18:54:27Z,SA-0002176,gateway_wrong_zone,atk-0096,Gateway,ReadAll,IrrigationControl,East,DENY,POLICY_VIOLATION,True
2025-08-12T19:08:36Z,SA-0002177,gateway_wrong_zone,atk-0038,Gateway,ReadAll,RoleAssignment,South,DENY,ZONE_MISMATCH,True
2025-08-12T20:18:19Z,SA-0002178,gateway_wrong_zone,atk-0041,Gateway,ManageRoles,IrrigationControl,West,DENY,ZONE_MISMATCH,True
2025-08-12T20:49:08Z,SA-0002179,gateway_wrong_zone,atk-0176,Gateway,ReadAll,IrrigationControl,West,DENY,ROLE_INSUFFICIENT,True
2025-08-13T01:23:50Z,SA-0002180,gateway_wrong_zone,atk-0196,Gateway,ReadAudit,IrrigationControl,South,DENY,CERT_REVOKED,True
2025-08-13T02:55:00Z,SA-0002181,gateway_wrong_zone,atk-0003,Gateway,ReadAudit,IrrigationControl,West,DENY,IDS_BLOCKED,True
2025-08-13T04:01:40Z,SA-0002182,gateway_wrong_zone,atk-0208,Gateway,ReadAudit,AuditLog,West,DENY,IDS_BLOCKED,True
2025-08-13T06:22:36Z,SA-0002183,gateway_wrong_zone,atk-0321,Gateway,WriteSensor,AuditLog,North,DENY,POLICY_VIOLATION,True
2025-08-13T07:14:57Z,SA-0002184,gateway_wrong_zone,atk-0265,Gateway,ReadAll,RoleAssignment,North,DENY,IDS_BLOCKED,True
2025-08-13T08:32:05Z,SA-0002185,gateway_wrong_zone,atk-0152,Gateway,ReadAudit,RoleAssignment,South,DENY,CERT_REVOKED,True
2025-08-13T09:31:31Z,SA-0002186,gateway_wrong_zone,atk-0119,Gateway,ReadAll,IrrigationControl,North,DENY,OP_NOT_PERMITTED,True
2025-08-13T09:42:05Z,SA-0002187,gateway_wrong_zone,atk-0297,Gateway,ReadAll,RoleAssignment,East,DENY,POLICY_VIOLATION,True
2025-08-13T11:37:06Z,SA-0002188,gateway_wrong_zone,atk-0268,Gateway,ManageRoles,IrrigationControl,East,DENY,CERT_REVOKED,True
2025-08-13T12:29:56Z,SA-0002189,gateway_wrong_zone,atk-0334,Gateway,ManageRoles,SensorData,North,DENY,CERT_REVOKED,True
2025-08-13T14:24:20Z,SA-0002190,gateway_wrong_zone,atk-0401,Gateway,WriteSensor,SensorData,West,DENY,IDS_BLOCKED,True
2025-08-13T14:45:59Z,SA-0002191,gateway_wrong_zone,atk-0199,Gateway,ControlZone,IrrigationControl,South,DENY,CERT_REVOKED,True
2025-08-13T15:14:55Z,SA-0002192,gateway_wrong_zone,atk-0343,Gateway,ManageRoles,RoleAssignment,East,DENY,CERT_REVOKED,True
2025-08-13T15:27:42Z,SA-0002193,gateway_wrong_zone,atk-0102,Gateway,ReadAudit,RoleAssignment,North,DENY,ROLE_INSUFFICIENT,True
2025-08-13T15:31:37Z,SA-0002194,gateway_wrong_zone,atk-0073,Gateway,ManageRoles,AuditLog,South,DENY,POLICY_VIOLATION,True
2025-08-13T15:41:26Z,SA-0002195,gateway_wrong_zone,atk-0467,Gateway,ReadAudit,SensorData,North,DENY,OP_NOT_PERMITTED,True
2025-08-13T15:50:03Z,SA-0002196,gateway_wrong_zone,atk-0125,Gateway,WriteSensor,RoleAssignment,South,DENY,ROLE_INSUFFICIENT,True
2025-08-13T18:58:49Z,SA-0002197,gateway_wrong_zone,atk-0457,Gateway,ReadAll,AuditLog,East,DENY,OP_NOT_PERMITTED,True
2025-08-13T21:57:15Z,SA-0002198,gateway_wrong_zone,atk-0201,Gateway,WriteSensor,IrrigationControl,South,DENY,POLICY_VIOLATION,True
2025-08-14T02:25:29Z,SA-0002199,gateway_wrong_zone,atk-0342,Gateway,ManageRoles,RoleAssignment,North,DENY,IDS_BLOCKED,True
2025-08-14T04:11:41Z,SA-0002200,gateway_wrong_zone,atk-0321,Gateway,ManageRoles,IrrigationControl,East,DENY,CERT_REVOKED,True
2025-08-14T05:05:51Z,SA-0002201,gateway_wrong_zone,atk-0164,Gateway,ReadAll,RoleAssignment,North,DENY,ROLE_INSUFFICIENT,True
2025-08-14T07:00:11Z,SA-0002202,gateway_wrong_zone,atk-0349,Gateway,ManageRoles,SensorData,South,DENY,POLICY_VIOLATION,True
2025-08-14T08:22:38Z,SA-0002203,gateway_wrong_zone,atk-0386,Gateway,WriteSensor,IrrigationControl,East,DENY,ROLE_INSUFFICIENT,True
2025-08-14T08:45:37Z,SA-0002204,gateway_wrong_zone,atk-0223,Gateway,WriteSensor,SensorData,North,DENY,OP_NOT_PERMITTED,True
2025-08-14T10:48:06Z,SA-0002205,gateway_wrong_zone,atk-0464,Gateway,ReadAudit,IrrigationControl,West,DENY,OP_NOT_PERMITTED,True
2025-08-14T12:44:03Z,SA-0002206,gateway_wrong_zone,atk-0143,Gateway,ReadAll,AuditLog,East,DENY,OP_NOT_PERMITTED,True
2025-08-14T13:14:45Z,SA-0002207,gateway_wrong_zone,atk-0162,Gateway,ReadAudit,IrrigationControl,North,DENY,IDS_BLOCKED,True
2025-08-14T13:42:49Z,SA-0002208,gateway_wrong_zone,atk-0287,Gateway,ReadAudit,AuditLog,North,DENY,ZONE_MISMATCH,True
2025-08-14T13:52:05Z,SA-0002209,gateway_wrong_zone,atk-0431,Gateway,ReadAll,SensorData,South,DENY,POLICY_VIOLATION,True
2025-08-14T17:33:33Z,SA-0002210,gateway_wrong_zone,atk-0355,Gateway,WriteSensor,AuditLog,East,DENY,POLICY_VIOLATION,True
2025-08-14T17:38:31Z,SA-0002211,gateway_wrong_zone,atk-0305,Gateway,ReadAudit,RoleAssignment,South,DENY,IDS_BLOCKED,True
2025-08-14T18:17:28Z,SA-0002212,gateway_wrong_zone,atk-0022,Gateway,ManageRoles,SensorData,East,DENY,CERT_REVOKED,True
2025-08-14T18:27:19Z,SA-0002213,gateway_wrong_zone,atk-0371,Gateway,ReadAudit,AuditLog,South,DENY,OP_NOT_PERMITTED,True
2025-08-14T18:55:02Z,SA-0002214,gateway_wrong_zone,atk-0434,Gateway,ReadAudit,AuditLog,South,DENY,ZONE_MISMATCH,True
2025-08-14T19:51:57Z,SA-0002215,gateway_wrong_zone,atk-0259,Gateway,ControlZone,AuditLog,North,DENY,OP_NOT_PERMITTED,True
2025-08-14T22:43:08Z,SA-0002216,gateway_wrong_zone,atk-0304,Gateway,ReadAudit,SensorData,South,DENY,OP_NOT_PERMITTED,True
2025-08-15T00:17:04Z,SA-0002217,gateway_wrong_zone,atk-0151,Gateway,ControlZone,SensorData,East,DENY,IDS_BLOCKED,True
2025-08-15T01:10:54Z,SA-0002218,gateway_wrong_zone,atk-0226,Gateway,WriteSensor,RoleAssignment,East,DENY,ROLE_INSUFFICIENT,True
2025-08-15T02:18:14Z,SA-0002219,gateway_wrong_zone,atk-0167,Gateway,ReadAudit,SensorData,North,DENY,ROLE_INSUFFICIENT,True
2025-08-15T04:04:52Z,SA-0002220,gateway_wrong_zone,atk-0302,Gateway,ManageRoles,AuditLog,South,DENY,ZONE_MISMATCH,True
2025-08-15T06:28:31Z,SA-0002221,gateway_wrong_zone,atk-0420,Gateway,ReadAll,AuditLog,North,DENY,ROLE_INSUFFICIENT,True
2025-08-15T08:43:23Z,SA-0002222,gateway_wrong_zone,atk-0222,Gateway,ControlZone,RoleAssignment,North,DENY,ROLE_INSUFFICIENT,True
2025-08-15T10:24:53Z,SA-0002223,gateway_wrong_zone,atk-0034,Gateway,ReadAll,AuditLog,East,DENY,ZONE_MISMATCH,True
2025-08-15T10:40:07Z,SA-0002224,gateway_wrong_zone,atk-0427,Gateway,ReadAudit,AuditLog,South,DENY,ZONE_MISMATCH,True
2025-08-15T12:16:25Z,SA-0002225,gateway_wrong_zone,atk-0108,Gateway,ManageRoles,RoleAssignment,North,DENY,POLICY_VIOLATION,True
2025-08-15T12:55:52Z,SA-0002226,gateway_wrong_zone,atk-0135,Gateway,ReadAudit,IrrigationControl,South,DENY,POLICY_VIOLATION,True
2025-08-15T13:05:09Z,SA-0002227,gateway_wrong_zone,atk-0141,Gateway,ManageRoles,AuditLog,North,DENY,POLICY_VIOLATION,True
2025-08-15T18:00:06Z,SA-0002228,gateway_wrong_zone,atk-0245,Gateway,ControlZone,IrrigationControl,East,DENY,CERT_REVOKED,True
2025-08-15T18:35:43Z,SA-0002229,gateway_wrong_zone,atk-0469,Gateway,ManageRoles,SensorData,South,DENY,POLICY_VIOLATION,True
2025-08-15T18:40:23Z,SA-0002230,gateway_wrong_zone,atk-0117,Gateway,ManageRoles,AuditLog,West,DENY,ZONE_MISMATCH,True
2025-08-15T19:18:40Z,SA-0002231,gateway_wrong_zone,atk-0355,Gateway,ReadAudit,IrrigationControl,East,DENY,ZONE_MISMATCH,True
2025-08-15T19:19:55Z,SA-0002232,gateway_wrong_zone,atk-0298,Gateway,ReadAudit,IrrigationControl,South,DENY,CERT_REVOKED,True
2025-08-15T20:43:26Z,SA-0002233,gateway_wrong_zone,atk-0029,Gateway,ReadAudit,RoleAssignment,South,DENY,IDS_BLOCKED,True
2025-08-15T23:09:12Z,SA-0002234,gateway_wrong_zone,atk-0110,Gateway,ManageRoles,IrrigationControl,East,DENY,OP_NOT_PERMITTED,True
2025-08-16T00:16:47Z,SA-0002235,gateway_wrong_zone,atk-0093,Gateway,ReadAudit,IrrigationControl,East,DENY,CERT_REVOKED,True
2025-08-16T00:17:19Z,SA-0002236,gateway_wrong_zone,atk-0334,Gateway,ReadAll,IrrigationControl,East,DENY,CERT_REVOKED,True
2025-08-16T01:47:40Z,SA-0002237,gateway_wrong_zone,atk-0375,Gateway,ControlZone,RoleAssignment,East,DENY,ZONE_MISMATCH,True
2025-08-16T03:19:31Z,SA-0002238,gateway_wrong_zone,atk-0085,Gateway,ReadAll,RoleAssignment,East,DENY,POLICY_VIOLATION,True
2025-08-16T05:21:19Z,SA-0002239,gateway_wrong_zone,atk-0337,Gateway,ReadAudit,SensorData,North,DENY,IDS_BLOCKED,True
2025-08-16T05:37:59Z,SA-0002240,gateway_wrong_zone,atk-0130,Gateway,ControlZone,SensorData,South,DENY,POLICY_VIOLATION,True
2025-08-16T08:25:09Z,SA-0002241,gateway_wrong_zone,atk-0453,Gateway,ReadAll,IrrigationControl,North,DENY,POLICY_VIOLATION,True
2025-08-16T12:56:10Z,SA-0002242,gateway_wrong_zone,atk-0499,Gateway,ReadAudit,SensorData,West,DENY,ZONE_MISMATCH,True
2025-08-16T13:00:03Z,SA-0002243,gateway_wrong_zone,atk-0397,Gateway,ManageRoles,AuditLog,East,DENY,OP_NOT_PERMITTED,True
2025-08-16T16:38:17Z,SA-0002244,gateway_wrong_zone,atk-0120,Gateway,WriteSensor,SensorData,North,DENY,POLICY_VIOLATION,True
2025-08-16T21:37:30Z,SA-0002245,gateway_wrong_zone,atk-0058,Gateway,ReadAudit,RoleAssignment,West,DENY,ROLE_INSUFFICIENT,True
2025-08-16T21:54:16Z,SA-0002246,gateway_wrong_zone,atk-0294,Gateway,ManageRoles,IrrigationControl,West,DENY,POLICY_VIOLATION,True
2025-08-16T22:38:26Z,SA-0002247,gateway_wrong_zone,atk-0260,Gateway,WriteSensor,AuditLog,North,DENY,ROLE_INSUFFICIENT,True
2025-08-17T01:02:05Z,SA-0002248,gateway_wrong_zone,atk-0035,Gateway,ManageRoles,IrrigationControl,West,DENY,POLICY_VIOLATION,True
2025-08-17T01:52:37Z,SA-0002249,gateway_wrong_zone,atk-0466,Gateway,ReadAll,AuditLog,South,DENY,IDS_BLOCKED,True
2025-08-17T02:21:26Z,SA-0002250,gateway_wrong_zone,atk-0489,Gateway,ReadAudit,AuditLog,East,DENY,ROLE_INSUFFICIENT,True
2025-08-17T03:07:30Z,SA-0002251,gateway_wrong_zone,atk-0332,Gateway,ManageRoles,AuditLog,South,DENY,POLICY_VIOLATION,True
2025-08-17T04:42:19Z,SA-0002252,gateway_wrong_zone,atk-0004,Gateway,ReadAudit,SensorData,North,DENY,CERT_REVOKED,True
2025-08-17T05:08:10Z,SA-0002253,gateway_wrong_zone,atk-0083,Gateway,ReadAll,IrrigationControl,West,DENY,POLICY_VIOLATION,True
2025-08-17T05:12:17Z,SA-0002254,gateway_wrong_zone,atk-0268,Gateway,ReadAll,IrrigationControl,East,DENY,ZONE_MISMATCH,True
2025-08-17T07:45:13Z,SA-0002255,gateway_wrong_zone,atk-0345,Gateway,ManageRoles,AuditLog,North,DENY,POLICY_VIOLATION,True
2025-08-17T07:49:24Z,SA-0002256,gateway_wrong_zone,atk-0405,Gateway,WriteSensor,AuditLog,West,DENY,ZONE_MISMATCH,True
2025-08-17T09:30:34Z,SA-0002257,gateway_wrong_zone,atk-0306,Gateway,ReadAll,IrrigationControl,East,DENY,POLICY_VIOLATION,True
2025-08-17T10:05:27Z,SA-0002258,gateway_wrong_zone,atk-0261,Gateway,WriteSensor,AuditLog,South,DENY,POLICY_VIOLATION,True
2025-08-17T14:25:24Z,SA-0002259,gateway_wrong_zone,atk-0406,Gateway,WriteSensor,IrrigationControl,West,DENY,ZONE_MISMATCH,True
2025-08-17T15:30:41Z,SA-0002260,gateway_wrong_zone,atk-0170,Gateway,WriteSensor,RoleAssignment,West,DENY,ROLE_INSUFFICIENT,True
2025-08-17T16:46:49Z,SA-0002261,gateway_wrong_zone,atk-0332,Gateway,ControlZone,RoleAssignment,South,DENY,CERT_REVOKED,True
2025-08-17T17:07:26Z,SA-0002262,gateway_wrong_zone,atk-0152,Gateway,WriteSensor,AuditLog,East,DENY,OP_NOT_PERMITTED,True
2025-08-17T20:49:40Z,SA-0002263,gateway_wrong_zone,atk-0419,Gateway,ReadAll,IrrigationControl,South,DENY,POLICY_VIOLATION,True
2025-08-17T22:35:11Z,SA-0002264,gateway_wrong_zone,atk-0265,Gateway,ReadAudit,RoleAssignment,South,DENY,CERT_REVOKED,True
2025-08-17T23:38:54Z,SA-0002265,gateway_wrong_zone,atk-0085,Gateway,ReadAll,AuditLog,South,DENY,ROLE_INSUFFICIENT,True
2025-08-18T00:04:59Z,SA-0002266,gateway_wrong_zone,atk-0263,Gateway,ControlZone,AuditLog,West,DENY,OP_NOT_PERMITTED,True
2025-08-18T02:30:59Z,SA-0002267,gateway_wrong_zone,atk-0155,Gateway,ReadAll,SensorData,South,DENY,ROLE_INSUFFICIENT,True
2025-08-18T04:41:36Z,SA-0002268,gateway_wrong_zone,atk-0079,Gateway,ReadAll,AuditLog,East,DENY,POLICY_VIOLATION,True
2025-08-18T07:20:55Z,SA-0002269,gateway_wrong_zone,atk-0449,Gateway,ReadAll,IrrigationControl,West,DENY,ROLE_INSUFFICIENT,True
2025-08-18T12:43:39Z,SA-0002270,gateway_wrong_zone,atk-0294,Gateway,ControlZone,RoleAssignment,West,DENY,POLICY_VIOLATION,True
2025-08-18T15:12:04Z,SA-0002271,gateway_wrong_zone,atk-0009,Gateway,WriteSensor,IrrigationControl,West,DENY,OP_NOT_PERMITTED,True
2025-08-18T15:28:04Z,SA-0002272,gateway_wrong_zone,atk-0071,Gateway,ReadAll,RoleAssignment,East,DENY,CERT_REVOKED,True
2025-08-18T18:16:35Z,SA-0002273,gateway_wrong_zone,atk-0032,Gateway,ManageRoles,SensorData,South,DENY,ZONE_MISMATCH,True
2025-08-18T20:28:50Z,SA-0002274,gateway_wrong_zone,atk-0269,Gateway,ControlZone,SensorData,East,DENY,IDS_BLOCKED,True
2025-08-18T21:29:21Z,SA-0002275,gateway_wrong_zone,atk-0434,Gateway,WriteSensor,SensorData,South,DENY,CERT_REVOKED,True
2025-08-19T02:33:50Z,SA-0002276,gateway_wrong_zone,atk-0120,Gateway,ReadAudit,AuditLog,East,DENY,CERT_REVOKED,True
2025-08-19T05:11:03Z,SA-0002277,gateway_wrong_zone,atk-0165,Gateway,WriteSensor,IrrigationControl,South,DENY,ZONE_MISMATCH,True
2025-08-19T05:35:48Z,SA-0002278,gateway_wrong_zone,atk-0479,Gateway,ReadAudit,AuditLog,West,DENY,OP_NOT_PERMITTED,True
2025-08-19T06:01:02Z,SA-0002279,gateway_wrong_zone,atk-0226,Gateway,ReadAudit,SensorData,East,DENY,POLICY_VIOLATION,True
2025-08-19T06:05:42Z,SA-0002280,gateway_wrong_zone,atk-0207,Gateway,ManageRoles,SensorData,West,DENY,IDS_BLOCKED,True
2025-08-19T06:23:52Z,SA-0002281,gateway_wrong_zone,atk-0206,Gateway,ManageRoles,RoleAssignment,South,DENY,IDS_BLOCKED,True
2025-08-19T08:51:12Z,SA-0002282,gateway_wrong_zone,atk-0285,Gateway,ManageRoles,SensorData,East,DENY,IDS_BLOCKED,True
2025-08-19T09:45:36Z,SA-0002283,gateway_wrong_zone,atk-0121,Gateway,ControlZone,SensorData,West,DENY,IDS_BLOCKED,True
2025-08-19T15:27:31Z,SA-0002284,gateway_wrong_zone,atk-0220,Gateway,ManageRoles,SensorData,West,DENY,OP_NOT_PERMITTED,True
2025-08-19T16:33:14Z,SA-0002285,gateway_wrong_zone,atk-0345,Gateway,ManageRoles,AuditLog,West,DENY,CERT_REVOKED,True
2025-08-19T17:09:00Z,SA-0002286,gateway_wrong_zone,atk-0134,Gateway,WriteSensor,IrrigationControl,South,DENY,OP_NOT_PERMITTED,True
2025-08-19T19:14:44Z,SA-0002287,gateway_wrong_zone,atk-0153,Gateway,ReadAudit,RoleAssignment,South,DENY,OP_NOT_PERMITTED,True
2025-08-19T21:30:40Z,SA-0002288,gateway_wrong_zone,atk-0119,Gateway,ReadAll,SensorData,East,DENY,OP_NOT_PERMITTED,True
2025-08-19T22:34:09Z,SA-0002289,gateway_wrong_zone,atk-0265,Gateway,WriteSensor,RoleAssignment,East,DENY,ROLE_INSUFFICIENT,True
2025-08-20T01:02:38Z,SA-0002290,gateway_wrong_zone,atk-0301,Gateway,ControlZone,SensorData,North,DENY,IDS_BLOCKED,True
2025-08-20T01:38:16Z,SA-0002291,gateway_wrong_zone,atk-0045,Gateway,ReadAudit,SensorData,East,DENY,POLICY_VIOLATION,True
2025-08-20T04:01:05Z,SA-0002292,gateway_wrong_zone,atk-0337,Gateway,ControlZone,SensorData,South,DENY,ROLE_INSUFFICIENT,True
2025-08-20T05:19:15Z,SA-0002293,gateway_wrong_zone,atk-0254,Gateway,WriteSensor,SensorData,East,DENY,OP_NOT_PERMITTED,True
2025-08-20T07:22:38Z,SA-0002294,gateway_wrong_zone,atk-0046,Gateway,ReadAll,SensorData,North,DENY,IDS_BLOCKED,True
2025-08-20T09:58:48Z,SA-0002295,gateway_wrong_zone,atk-0096,Gateway,WriteSensor,RoleAssignment,North,DENY,POLICY_VIOLATION,True
2025-08-20T10:59:28Z,SA-0002296,gateway_wrong_zone,atk-0128,Gateway,ReadAll,RoleAssignment,South,DENY,ROLE_INSUFFICIENT,True
2025-08-20T11:16:14Z,SA-0002297,gateway_wrong_zone,atk-0420,Gateway,ManageRoles,RoleAssignment,North,DENY,IDS_BLOCKED,True
2025-08-20T12:01:21Z,SA-0002298,gateway_wrong_zone,atk-0322,Gateway,ManageRoles,AuditLog,West,DENY,ZONE_MISMATCH,True
2025-08-20T12:14:52Z,SA-0002299,gateway_wrong_zone,atk-0266,Gateway,ControlZone,IrrigationControl,North,DENY,ROLE_INSUFFICIENT,True
2025-08-20T12:36:57Z,SA-0002300,gateway_wrong_zone,atk-0163,Gateway,ControlZone,AuditLog,North,DENY,ZONE_MISMATCH,True
2025-08-20T14:03:49Z,SA-0002301,gateway_wrong_zone,atk-0346,Gateway,WriteSensor,RoleAssignment,East,DENY,ZONE_MISMATCH,True
2025-08-20T17:42:01Z,SA-0002302,gateway_wrong_zone,atk-0017,Gateway,ReadAll,SensorData,North,DENY,CERT_REVOKED,True
2025-08-20T20:43:18Z,SA-0002303,gateway_wrong_zone,atk-0453,Gateway,ControlZone,SensorData,South,DENY,ROLE_INSUFFICIENT,True
2025-08-21T07:26:59Z,SA-0002304,gateway_wrong_zone,atk-0488,Gateway,ReadAudit,IrrigationControl,East,DENY,OP_NOT_PERMITTED,True
2025-08-21T10:10:32Z,SA-0002305,gateway_wrong_zone,atk-0010,Gateway,ManageRoles,RoleAssignment,West,DENY,ROLE_INSUFFICIENT,True
2025-08-21T10:27:16Z,SA-0002306,gateway_wrong_zone,atk-0270,Gateway,ManageRoles,SensorData,East,DENY,OP_NOT_PERMITTED,True
2025-08-21T13:00:04Z,SA-0002307,gateway_wrong_zone,atk-0251,Gateway,ControlZone,RoleAssignment,North,DENY,ROLE_INSUFFICIENT,True
2025-08-21T13:16:14Z,SA-0002308,gateway_wrong_zone,atk-0288,Gateway,ReadAll,RoleAssignment,North,DENY,ROLE_INSUFFICIENT,True
2025-08-21T13:31:07Z,SA-0002309,gateway_wrong_zone,atk-0087,Gateway,ReadAll,RoleAssignment,West,DENY,ZONE_MISMATCH,True
2025-08-21T15:15:35Z,SA-0002310,gateway_wrong_zone,atk-0485,Gateway,WriteSensor,RoleAssignment,North,DENY,CERT_REVOKED,True
2025-08-21T18:15:27Z,SA-0002311,gateway_wrong_zone,atk-0467,Gateway,ReadAudit,RoleAssignment,West,DENY,IDS_BLOCKED,True
2025-08-21T20:20:48Z,SA-0002312,gateway_wrong_zone,atk-0137,Gateway,WriteSensor,RoleAssignment,West,DENY,IDS_BLOCKED,True
2025-08-21T20:50:32Z,SA-0002313,gateway_wrong_zone,atk-0246,Gateway,ManageRoles,AuditLog,West,DENY,CERT_REVOKED,True
2025-08-21T22:22:03Z,SA-0002314,gateway_wrong_zone,atk-0105,Gateway,ReadAudit,RoleAssignment,North,DENY,ROLE_INSUFFICIENT,True
2025-08-22T00:11:46Z,SA-0002315,gateway_wrong_zone,atk-0134,Gateway,ControlZone,SensorData,North,DENY,CERT_REVOKED,True
2025-08-22T01:26:26Z,SA-0002316,gateway_wrong_zone,atk-0488,Gateway,ReadAudit,SensorData,West,DENY,IDS_BLOCKED,True
2025-08-22T01:51:46Z,SA-0002317,gateway_wrong_zone,atk-0189,Gateway,WriteSensor,RoleAssignment,East,DENY,IDS_BLOCKED,True
2025-08-22T03:14:08Z,SA-0002318,gateway_wrong_zone,atk-0266,Gateway,ReadAudit,AuditLog,West,DENY,POLICY_VIOLATION,True
2025-08-22T05:01:32Z,SA-0002319,gateway_wrong_zone,atk-0130,Gateway,ReadAudit,AuditLog,South,DENY,OP_NOT_PERMITTED,True
2025-08-22T06:42:50Z,SA-0002320,gateway_wrong_zone,atk-0133,Gateway,WriteSensor,AuditLog,South,DENY,IDS_BLOCKED,True
2025-08-22T08:34:27Z,SA-0002321,gateway_wrong_zone,atk-0205,Gateway,ReadAudit,IrrigationControl,North,DENY,CERT_REVOKED,True
2025-08-22T09:08:49Z,SA-0002322,gateway_wrong_zone,atk-0249,Gateway,ManageRoles,RoleAssignment,South,DENY,POLICY_VIOLATION,True
2025-08-22T09:21:29Z,SA-0002323,gateway_wrong_zone,atk-0484,Gateway,ManageRoles,IrrigationControl,West,DENY,CERT_REVOKED,True
2025-08-22T09:57:40Z,SA-0002324,gateway_wrong_zone,atk-0491,Gateway,ReadAudit,SensorData,South,DENY,POLICY_VIOLATION,True
2025-08-22T10:12:38Z,SA-0002325,gateway_wrong_zone,atk-0099,Gateway,ReadAll,AuditLog,East,DENY,OP_NOT_PERMITTED,True
2025-08-22T10:34:37Z,SA-0002326,gateway_wrong_zone,atk-0310,Gateway,ControlZone,RoleAssignment,East,DENY,IDS_BLOCKED,True
2025-08-22T12:57:16Z,SA-0002327,gateway_wrong_zone,atk-0483,Gateway,ManageRoles,RoleAssignment,North,DENY,CERT_REVOKED,True
2025-08-22T14:13:53Z,SA-0002328,gateway_wrong_zone,atk-0238,Gateway,WriteSensor,AuditLog,North,DENY,ZONE_MISMATCH,True
2025-08-22T15:14:08Z,SA-0002329,gateway_wrong_zone,atk-0454,Gateway,ReadAll,AuditLog,North,DENY,POLICY_VIOLATION,True
2025-08-22T15:41:47Z,SA-0002330,gateway_wrong_zone,atk-0469,Gateway,ManageRoles,RoleAssignment,East,DENY,POLICY_VIOLATION,True
2025-08-22T15:57:00Z,SA-0002331,gateway_wrong_zone,atk-0337,Gateway,WriteSensor,SensorData,West,DENY,OP_NOT_PERMITTED,True
2025-08-22T17:03:16Z,SA-0002332,gateway_wrong_zone,atk-0472,Gateway,ReadAll,SensorData,South,DENY,IDS_BLOCKED,True
2025-08-22T18:59:52Z,SA-0002333,gateway_wrong_zone,atk-0497,Gateway,ReadAll,RoleAssignment,South,DENY,IDS_BLOCKED,True
2025-08-22T20:36:14Z,SA-0002334,gateway_wrong_zone,atk-0081,Gateway,ReadAudit,RoleAssignment,West,DENY,CERT_REVOKED,True
2025-08-22T20:52:08Z,SA-0002335,gateway_wrong_zone,atk-0141,Gateway,ManageRoles,SensorData,West,DENY,ROLE_INSUFFICIENT,True
2025-08-22T21:04:21Z,SA-0002336,gateway_wrong_zone,atk-0092,Gateway,ManageRoles,SensorData,North,DENY,ZONE_MISMATCH,True
2025-08-22T21:45:38Z,SA-0002337,gateway_wrong_zone,atk-0494,Gateway,WriteSensor,IrrigationControl,South,DENY,ROLE_INSUFFICIENT,True
2025-08-22T23:57:55Z,SA-0002338,gateway_wrong_zone,atk-0243,Gateway,ReadAll,RoleAssignment,North,DENY,OP_NOT_PERMITTED,True
2025-08-23T00:18:58Z,SA-0002339,gateway_wrong_zone,atk-0341,Gateway,ReadAudit,RoleAssignment,West,DENY,CERT_REVOKED,True
2025-08-23T01:30:14Z,SA-0002340,gateway_wrong_zone,atk-0158,Gateway,ReadAudit,AuditLog,West,DENY,ZONE_MISMATCH,True
2025-08-23T02:20:03Z,SA-0002341,gateway_wrong_zone,atk-0253,Gateway,ManageRoles,SensorData,East,DENY,CERT_REVOKED,True
2025-08-23T03:09:35Z,SA-0002342,gateway_wrong_zone,atk-0026,Gateway,ManageRoles,AuditLog,South,DENY,CERT_REVOKED,True
2025-08-23T04:45:42Z,SA-0002343,gateway_wrong_zone,atk-0059,Gateway,WriteSensor,RoleAssignment,East,DENY,POLICY_VIOLATION,True
2025-08-23T05:09:34Z,SA-0002344,gateway_wrong_zone,atk-0361,Gateway,ManageRoles,IrrigationControl,North,DENY,IDS_BLOCKED,True
2025-08-23T06:26:51Z,SA-0002345,gateway_wrong_zone,atk-0497,Gateway,ControlZone,RoleAssignment,West,DENY,CERT_REVOKED,True
2025-08-23T07:32:52Z,SA-0002346,gateway_wrong_zone,atk-0269,Gateway,ManageRoles,RoleAssignment,West,DENY,OP_NOT_PERMITTED,True
2025-08-23T10:35:49Z,SA-0002347,gateway_wrong_zone,atk-0359,Gateway,ReadAudit,SensorData,East,DENY,ZONE_MISMATCH,True
2025-08-23T11:50:14Z,SA-0002348,gateway_wrong_zone,atk-0427,Gateway,WriteSensor,IrrigationControl,South,DENY,IDS_BLOCKED,True
2025-08-23T12:55:25Z,SA-0002349,gateway_wrong_zone,atk-0397,Gateway,ReadAudit,IrrigationControl,West,DENY,ZONE_MISMATCH,True
2025-08-23T16:48:07Z,SA-0002350,gateway_wrong_zone,atk-0370,Gateway,WriteSensor,SensorData,East,DENY,OP_NOT_PERMITTED,True
2025-08-23T17:43:14Z,SA-0002351,gateway_wrong_zone,atk-0341,Gateway,ControlZone,AuditLog,South,DENY,OP_NOT_PERMITTED,True
2025-08-23T19:46:28Z,SA-0002352,gateway_wrong_zone,atk-0205,Gateway,WriteSensor,SensorData,South,DENY,CERT_REVOKED,True
2025-08-23T19:54:45Z,SA-0002353,gateway_wrong_zone,atk-0274,Gateway,WriteSensor,AuditLog,East,DENY,CERT_REVOKED,True
2025-08-23T21:04:59Z,SA-0002354,gateway_wrong_zone,atk-0264,Gateway,ReadAudit,SensorData,South,DENY,IDS_BLOCKED,True
2025-08-23T21:18:20Z,SA-0002355,gateway_wrong_zone,atk-0252,Gateway,WriteSensor,RoleAssignment,South,DENY,OP_NOT_PERMITTED,True
2025-08-23T21:58:39Z,SA-0002356,gateway_wrong_zone,atk-0417,Gateway,ControlZone,SensorData,North,DENY,POLICY_VIOLATION,True
2025-08-23T22:44:40Z,SA-0002357,gateway_wrong_zone,atk-0401,Gateway,ManageRoles,RoleAssignment,West,DENY,OP_NOT_PERMITTED,True
2025-08-23T22:51:11Z,SA-0002358,gateway_wrong_zone,atk-0423,Gateway,WriteSensor,SensorData,West,DENY,CERT_REVOKED,True
2025-08-24T04:13:12Z,SA-0002359,gateway_wrong_zone,atk-0371,Gateway,WriteSensor,SensorData,South,DENY,IDS_BLOCKED,True
2025-08-24T04:15:44Z,SA-0002360,gateway_wrong_zone,atk-0042,Gateway,ControlZone,AuditLog,South,DENY,ROLE_INSUFFICIENT,True
2025-08-24T06:52:02Z,SA-0002361,gateway_wrong_zone,atk-0479,Gateway,ManageRoles,AuditLog,South,DENY,IDS_BLOCKED,True
2025-08-24T07:18:45Z,SA-0002362,gateway_wrong_zone,atk-0445,Gateway,ControlZone,SensorData,West,DENY,POLICY_VIOLATION,True
2025-08-24T09:23:56Z,SA-0002363,gateway_wrong_zone,atk-0431,Gateway,WriteSensor,AuditLog,South,DENY,OP_NOT_PERMITTED,True
2025-08-24T09:27:07Z,SA-0002364,gateway_wrong_zone,atk-0061,Gateway,ReadAll,IrrigationControl,North,DENY,OP_NOT_PERMITTED,True
2025-08-24T10:00:24Z,SA-0002365,gateway_wrong_zone,atk-0232,Gateway,ReadAll,RoleAssignment,East,DENY,CERT_REVOKED,True
2025-08-24T10:48:39Z,SA-0002366,gateway_wrong_zone,atk-0278,Gateway,ManageRoles,SensorData,East,DENY,ZONE_MISMATCH,True
2025-08-24T11:51:13Z,SA-0002367,gateway_wrong_zone,atk-0082,Gateway,ManageRoles,IrrigationControl,North,DENY,OP_NOT_PERMITTED,True
2025-08-24T13:13:35Z,SA-0002368,gateway_wrong_zone,atk-0403,Gateway,ReadAll,RoleAssignment,East,DENY,ZONE_MISMATCH,True
2025-08-24T16:51:34Z,SA-0002369,gateway_wrong_zone,atk-0008,Gateway,ReadAll,RoleAssignment,West,DENY,ZONE_MISMATCH,True
2025-08-24T18:14:02Z,SA-0002370,gateway_wrong_zone,atk-0044,Gateway,ManageRoles,RoleAssignment,East,DENY,OP_NOT_PERMITTED,True
2025-08-24T18:31:21Z,SA-0002371,gateway_wrong_zone,atk-0463,Gateway,ManageRoles,IrrigationControl,West,DENY,POLICY_VIOLATION,True
2025-08-24T19:37:33Z,SA-0002372,gateway_wrong_zone,atk-0357,Gateway,ManageRoles,AuditLog,South,DENY,ZONE_MISMATCH,True
2025-08-24T20:14:52Z,SA-0002373,gateway_wrong_zone,atk-0327,Gateway,ManageRoles,AuditLog,North,DENY,IDS_BLOCKED,True
2025-08-24T22:48:00Z,SA-0002374,gateway_wrong_zone,atk-0072,Gateway,ControlZone,AuditLog,West,DENY,CERT_REVOKED,True
2025-08-24T22:53:14Z,SA-0002375,gateway_wrong_zone,atk-0197,Gateway,ReadAudit,IrrigationControl,South,DENY,ZONE_MISMATCH,True
2025-08-25T00:19:07Z,SA-0002376,gateway_wrong_zone,atk-0362,Gateway,ControlZone,AuditLog,East,DENY,OP_NOT_PERMITTED,True
2025-08-25T02:35:01Z,SA-0002377,gateway_wrong_zone,atk-0145,Gateway,ReadAll,SensorData,East,DENY,OP_NOT_PERMITTED,True
2025-08-25T02:39:53Z,SA-0002378,gateway_wrong_zone,atk-0186,Gateway,WriteSensor,RoleAssignment,West,DENY,IDS_BLOCKED,True
2025-08-25T04:11:37Z,SA-0002379,gateway_wrong_zone,atk-0325,Gateway,ReadAll,IrrigationControl,West,DENY,ROLE_INSUFFICIENT,True
2025-08-25T04:51:04Z,SA-0002380,gateway_wrong_zone,atk-0197,Gateway,ReadAudit,SensorData,South,DENY,OP_NOT_PERMITTED,True
2025-08-25T05:23:23Z,SA-0002381,gateway_wrong_zone,atk-0399,Gateway,ControlZone,AuditLog,East,DENY,ROLE_INSUFFICIENT,True
2025-08-25T09:06:20Z,SA-0002382,gateway_wrong_zone,atk-0411,Gateway,ManageRoles,AuditLog,East,DENY,POLICY_VIOLATION,True
2025-08-25T09:36:16Z,SA-0002383,gateway_wrong_zone,atk-0238,Gateway,ManageRoles,RoleAssignment,South,DENY,OP_NOT_PERMITTED,True
2025-08-25T17:05:29Z,SA-0002384,gateway_wrong_zone,atk-0444,Gateway,ReadAll,AuditLog,West,DENY,CERT_REVOKED,True
2025-08-25T17:28:25Z,SA-0002385,gateway_wrong_zone,atk-0045,Gateway,ReadAudit,RoleAssignment,South,DENY,ZONE_MISMATCH,True
2025-08-25T20:36:01Z,SA-0002386,gateway_wrong_zone,atk-0319,Gateway,ReadAudit,IrrigationControl,South,DENY,CERT_REVOKED,True
2025-08-25T21:40:16Z,SA-0002387,gateway_wrong_zone,atk-0167,Gateway,ControlZone,RoleAssignment,South,DENY,POLICY_VIOLATION,True
2025-08-25T22:27:02Z,SA-0002388,gateway_wrong_zone,atk-0430,Gateway,ManageRoles,AuditLog,South,DENY,ZONE_MISMATCH,True
2025-08-26T03:10:53Z,SA-0002389,gateway_wrong_zone,atk-0176,Gateway,ControlZone,RoleAssignment,West,DENY,IDS_BLOCKED,True
2025-08-26T05:13:35Z,SA-0002390,gateway_wrong_zone,atk-0159,Gateway,ReadAudit,AuditLog,West,DENY,IDS_BLOCKED,True
2025-08-26T06:16:49Z,SA-0002391,gateway_wrong_zone,atk-0072,Gateway,ReadAll,AuditLog,North,DENY,IDS_BLOCKED,True
2025-08-26T07:53:26Z,SA-0002392,gateway_wrong_zone,atk-0496,Gateway,ManageRoles,IrrigationControl,East,DENY,POLICY_VIOLATION,True
2025-08-26T10:21:22Z,SA-0002393,gateway_wrong_zone,atk-0396,Gateway,WriteSensor,IrrigationControl,East,DENY,POLICY_VIOLATION,True
2025-08-26T11:19:54Z,SA-0002394,gateway_wrong_zone,atk-0336,Gateway,ControlZone,IrrigationControl,West,DENY,ROLE_INSUFFICIENT,True
2025-08-26T12:24:06Z,SA-0002395,gateway_wrong_zone,atk-0388,Gateway,ReadAudit,RoleAssignment,West,DENY,POLICY_VIOLATION,True
2025-08-26T12:31:15Z,SA-0002396,gateway_wrong_zone,atk-0203,Gateway,WriteSensor,AuditLog,North,DENY,ROLE_INSUFFICIENT,True
2025-08-26T14:41:17Z,SA-0002397,gateway_wrong_zone,atk-0468,Gateway,ControlZone,RoleAssignment,North,DENY,ZONE_MISMATCH,True
2025-08-26T15:55:26Z,SA-0002398,gateway_wrong_zone,atk-0242,Gateway,ReadAll,RoleAssignment,East,DENY,ROLE_INSUFFICIENT,True
2025-08-26T16:14:17Z,SA-0002399,gateway_wrong_zone,atk-0138,Gateway,WriteSensor,IrrigationControl,South,DENY,POLICY_VIOLATION,True
2025-08-26T19:10:06Z,SA-0002400,gateway_wrong_zone,atk-0302,Gateway,ReadAll,RoleAssignment,East,DENY,CERT_REVOKED,True
2025-08-26T19:20:33Z,SA-0002401,gateway_wrong_zone,atk-0113,Gateway,ManageRoles,RoleAssignment,West,DENY,ZONE_MISMATCH,True
2025-08-26T19:53:34Z,SA-0002402,gateway_wrong_zone,atk-0419,Gateway,ManageRoles,IrrigationControl,East,DENY,OP_NOT_PERMITTED,True
2025-08-27T01:56:02Z,SA-0002403,gateway_wrong_zone,atk-0209,Gateway,ManageRoles,RoleAssignment,West,DENY,IDS_BLOCKED,True
2025-08-27T02:10:24Z,SA-0002404,gateway_wrong_zone,atk-0477,Gateway,ReadAll,AuditLog,East,DENY,IDS_BLOCKED,True
2025-08-27T02:35:27Z,SA-0002405,gateway_wrong_zone,atk-0050,Gateway,WriteSensor,IrrigationControl,West,DENY,POLICY_VIOLATION,True
2025-08-27T02:44:22Z,SA-0002406,gateway_wrong_zone,atk-0166,Gateway,ReadAll,RoleAssignment,West,DENY,ROLE_INSUFFICIENT,True
2025-08-27T04:38:56Z,SA-0002407,gateway_wrong_zone,atk-0401,Gateway,ControlZone,SensorData,North,DENY,CERT_REVOKED,True
2025-08-27T04:57:00Z,SA-0002408,gateway_wrong_zone,atk-0334,Gateway,ReadAudit,RoleAssignment,South,DENY,OP_NOT_PERMITTED,True
2025-08-27T06:13:06Z,SA-0002409,gateway_wrong_zone,atk-0215,Gateway,ControlZone,SensorData,East,DENY,POLICY_VIOLATION,True
2025-08-27T09:52:11Z,SA-0002410,gateway_wrong_zone,atk-0417,Gateway,ReadAll,RoleAssignment,West,DENY,POLICY_VIOLATION,True
2025-08-27T10:51:20Z,SA-0002411,gateway_wrong_zone,atk-0492,Gateway,ReadAll,SensorData,South,DENY,ZONE_MISMATCH,True
2025-08-27T10:55:00Z,SA-0002412,gateway_wrong_zone,atk-0432,Gateway,ReadAudit,IrrigationControl,South,DENY,OP_NOT_PERMITTED,True
2025-08-27T13:02:27Z,SA-0002413,gateway_wrong_zone,atk-0012,Gateway,WriteSensor,RoleAssignment,South,DENY,OP_NOT_PERMITTED,True
2025-08-27T13:47:31Z,SA-0002414,gateway_wrong_zone,atk-0149,Gateway,ReadAudit,IrrigationControl,South,DENY,ROLE_INSUFFICIENT,True
2025-08-27T15:04:35Z,SA-0002415,gateway_wrong_zone,atk-0244,Gateway,ReadAudit,AuditLog,South,DENY,POLICY_VIOLATION,True
2025-08-27T15:06:59Z,SA-0002416,gateway_wrong_zone,atk-0214,Gateway,ReadAll,AuditLog,West,DENY,IDS_BLOCKED,True
2025-08-27T16:37:22Z,SA-0002417,gateway_wrong_zone,atk-0035,Gateway,ReadAll,AuditLog,West,DENY,OP_NOT_PERMITTED,True
2025-08-27T19:25:08Z,SA-0002418,gateway_wrong_zone,atk-0134,Gateway,ControlZone,SensorData,South,DENY,IDS_BLOCKED,True
2025-08-27T21:43:03Z,SA-0002419,gateway_wrong_zone,atk-0466,Gateway,ReadAll,RoleAssignment,North,DENY,OP_NOT_PERMITTED,True
2025-08-27T22:16:30Z,SA-0002420,gateway_wrong_zone,atk-0060,Gateway,ReadAll,SensorData,North,DENY,POLICY_VIOLATION,True
2025-08-27T22:18:43Z,SA-0002421,gateway_wrong_zone,atk-0042,Gateway,ControlZone,AuditLog,East,DENY,CERT_REVOKED,True
2025-08-27T22:33:42Z,SA-0002422,gateway_wrong_zone,atk-0244,Gateway,ManageRoles,IrrigationControl,West,DENY,POLICY_VIOLATION,True
2025-08-27T22:45:29Z,SA-0002423,gateway_wrong_zone,atk-0056,Gateway,ControlZone,RoleAssignment,North,DENY,IDS_BLOCKED,True
2025-08-27T23:08:31Z,SA-0002424,gateway_wrong_zone,atk-0252,Gateway,ManageRoles,IrrigationControl,West,DENY,ROLE_INSUFFICIENT,True
2025-08-27T23:27:18Z,SA-0002425,gateway_wrong_zone,atk-0472,Gateway,ReadAll,RoleAssignment,West,DENY,OP_NOT_PERMITTED,True
2025-08-28T01:17:14Z,SA-0002426,gateway_wrong_zone,atk-0099,Gateway,ManageRoles,RoleAssignment,North,DENY,IDS_BLOCKED,True
2025-08-28T01:41:42Z,SA-0002427,gateway_wrong_zone,atk-0133,Gateway,WriteSensor,IrrigationControl,West,DENY,ROLE_INSUFFICIENT,True
2025-08-28T02:10:01Z,SA-0002428,gateway_wrong_zone,atk-0367,Gateway,ControlZone,RoleAssignment,East,DENY,CERT_REVOKED,True
2025-08-28T03:06:44Z,SA-0002429,gateway_wrong_zone,atk-0318,Gateway,ControlZone,AuditLog,West,DENY,IDS_BLOCKED,True
2025-08-28T03:42:53Z,SA-0002430,gateway_wrong_zone,atk-0198,Gateway,ReadAll,SensorData,West,DENY,IDS_BLOCKED,True
2025-08-28T04:13:39Z,SA-0002431,gateway_wrong_zone,atk-0306,Gateway,ManageRoles,SensorData,North,DENY,ROLE_INSUFFICIENT,True
2025-08-28T06:11:28Z,SA-0002432,gateway_wrong_zone,atk-0172,Gateway,ManageRoles,SensorData,North,DENY,IDS_BLOCKED,True
2025-08-28T07:45:50Z,SA-0002433,gateway_wrong_zone,atk-0414,Gateway,ControlZone,SensorData,South,DENY,ZONE_MISMATCH,True
2025-08-28T08:19:45Z,SA-0002434,gateway_wrong_zone,atk-0441,Gateway,ReadAll,IrrigationControl,North,DENY,CERT_REVOKED,True
2025-08-28T11:17:07Z,SA-0002435,gateway_wrong_zone,atk-0171,Gateway,ReadAll,RoleAssignment,East,DENY,OP_NOT_PERMITTED,True
2025-08-28T11:50:37Z,SA-0002436,gateway_wrong_zone,atk-0074,Gateway,ControlZone,SensorData,West,DENY,CERT_REVOKED,True
2025-08-28T13:02:31Z,SA-0002437,gateway_wrong_zone,atk-0237,Gateway,ReadAudit,SensorData,South,DENY,POLICY_VIOLATION,True
2025-08-28T13:12:57Z,SA-0002438,gateway_wrong_zone,atk-0004,Gateway,ReadAll,RoleAssignment,North,DENY,ZONE_MISMATCH,True
2025-08-28T13:45:58Z,SA-0002439,gateway_wrong_zone,atk-0441,Gateway,ControlZone,SensorData,North,DENY,CERT_REVOKED,True
2025-08-28T17:03:12Z,SA-0002440,gateway_wrong_zone,atk-0383,Gateway,ControlZone,AuditLog,West,DENY,OP_NOT_PERMITTED,True
2025-08-28T18:55:46Z,SA-0002441,gateway_wrong_zone,atk-0355,Gateway,ControlZone,SensorData,East,DENY,ZONE_MISMATCH,True
2025-08-29T00:43:59Z,SA-0002442,gateway_wrong_zone,atk-0064,Gateway,ControlZone,AuditLog,East,DENY,POLICY_VIOLATION,True
2025-08-29T01:15:27Z,SA-0002443,gateway_wrong_zone,atk-0255,Gateway,ControlZone,SensorData,East,DENY,ZONE_MISMATCH,True
2025-08-29T01:35:08Z,SA-0002444,gateway_wrong_zone,atk-0497,Gateway,WriteSensor,AuditLog,South,DENY,POLICY_VIOLATION,True
2025-08-29T05:13:28Z,SA-0002445,gateway_wrong_zone,atk-0330,Gateway,ControlZone,AuditLog,North,DENY,OP_NOT_PERMITTED,True
2025-08-29T09:53:16Z,SA-0002446,gateway_wrong_zone,atk-0410,Gateway,ManageRoles,IrrigationControl,South,DENY,OP_NOT_PERMITTED,True
2025-08-29T10:19:31Z,SA-0002447,gateway_wrong_zone,atk-0211,Gateway,ManageRoles,AuditLog,North,DENY,CERT_REVOKED,True
2025-08-29T12:01:12Z,SA-0002448,gateway_wrong_zone,atk-0474,Gateway,ReadAll,SensorData,South,DENY,ROLE_INSUFFICIENT,True
2025-08-29T12:29:21Z,SA-0002449,gateway_wrong_zone,atk-0421,Gateway,ControlZone,SensorData,West,DENY,ROLE_INSUFFICIENT,True
2025-08-29T12:34:53Z,SA-0002450,gateway_wrong_zone,atk-0181,Gateway,ControlZone,IrrigationControl,East,DENY,CERT_REVOKED,True
2025-08-29T12:50:01Z,SA-0002451,gateway_wrong_zone,atk-0311,Gateway,ControlZone,IrrigationControl,South,DENY,CERT_REVOKED,True
2025-08-29T13:08:28Z,SA-0002452,gateway_wrong_zone,atk-0356,Gateway,ReadAll,IrrigationControl,East,DENY,IDS_BLOCKED,True
2025-08-29T15:31:48Z,SA-0002453,gateway_wrong_zone,atk-0469,Gateway,ManageRoles,AuditLog,South,DENY,OP_NOT_PERMITTED,True
2025-08-29T18:32:30Z,SA-0002454,gateway_wrong_zone,atk-0187,Gateway,ReadAudit,RoleAssignment,West,DENY,ZONE_MISMATCH,True
2025-08-29T19:48:36Z,SA-0002455,gateway_wrong_zone,atk-0354,Gateway,ManageRoles,AuditLog,East,DENY,IDS_BLOCKED,True
2025-08-29T21:21:10Z,SA-0002456,gateway_wrong_zone,atk-0356,Gateway,ControlZone,IrrigationControl,South,DENY,POLICY_VIOLATION,True
2025-08-29T21:42:24Z,SA-0002457,gateway_wrong_zone,atk-0248,Gateway,ReadAll,SensorData,East,DENY,POLICY_VIOLATION,True
2025-08-29T22:59:33Z,SA-0002458,gateway_wrong_zone,atk-0234,Gateway,ManageRoles,AuditLog,West,DENY,CERT_REVOKED,True
2025-08-30T00:03:25Z,SA-0002459,gateway_wrong_zone,atk-0460,Gateway,ReadAudit,IrrigationControl,North,DENY,POLICY_VIOLATION,True
2025-08-30T01:15:41Z,SA-0002460,gateway_wrong_zone,atk-0484,Gateway,ReadAll,IrrigationControl,West,DENY,POLICY_VIOLATION,True
2025-08-30T02:01:56Z,SA-0002461,gateway_wrong_zone,atk-0335,Gateway,ReadAudit,SensorData,West,DENY,IDS_BLOCKED,True
2025-08-30T02:27:23Z,SA-0002462,gateway_wrong_zone,atk-0162,Gateway,ReadAudit,RoleAssignment,South,DENY,OP_NOT_PERMITTED,True
2025-08-30T04:34:39Z,SA-0002463,gateway_wrong_zone,atk-0314,Gateway,ReadAll,SensorData,West,DENY,CERT_REVOKED,True
2025-08-30T05:24:31Z,SA-0002464,gateway_wrong_zone,atk-0101,Gateway,WriteSensor,IrrigationControl,North,DENY,ROLE_INSUFFICIENT,True
2025-08-30T05:48:15Z,SA-0002465,gateway_wrong_zone,atk-0389,Gateway,ReadAll,SensorData,West,DENY,OP_NOT_PERMITTED,True
2025-08-30T07:34:49Z,SA-0002466,gateway_wrong_zone,atk-0242,Gateway,ReadAudit,SensorData,East,DENY,ROLE_INSUFFICIENT,True
2025-08-30T07:51:09Z,SA-0002467,gateway_wrong_zone,atk-0305,Gateway,ReadAudit,AuditLog,West,DENY,ZONE_MISMATCH,True
2025-08-30T09:23:14Z,SA-0002468,gateway_wrong_zone,atk-0487,Gateway,WriteSensor,AuditLog,South,DENY,OP_NOT_PERMITTED,True
2025-08-30T12:39:44Z,SA-0002469,gateway_wrong_zone,atk-0221,Gateway,ReadAudit,RoleAssignment,East,DENY,ZONE_MISMATCH,True
2025-08-30T12:40:55Z,SA-0002470,gateway_wrong_zone,atk-0478,Gateway,ReadAll,AuditLog,South,DENY,POLICY_VIOLATION,True
2025-08-30T13:13:18Z,SA-0002471,gateway_wrong_zone,atk-0211,Gateway,ManageRoles,SensorData,West,DENY,POLICY_VIOLATION,True
2025-08-30T14:47:41Z,SA-0002472,gateway_wrong_zone,atk-0165,Gateway,ReadAudit,AuditLog,West,DENY,OP_NOT_PERMITTED,True
2025-08-30T15:38:29Z,SA-0002473,gateway_wrong_zone,atk-0031,Gateway,ReadAudit,RoleAssignment,South,DENY,POLICY_VIOLATION,True
2025-08-30T15:43:33Z,SA-0002474,gateway_wrong_zone,atk-0278,Gateway,ManageRoles,RoleAssignment,North,DENY,IDS_BLOCKED,True
2025-08-30T16:07:44Z,SA-0002475,gateway_wrong_zone,atk-0152,Gateway,ManageRoles,RoleAssignment,North,DENY,OP_NOT_PERMITTED,True
2025-08-30T16:16:21Z,SA-0002476,gateway_wrong_zone,atk-0243,Gateway,WriteSensor,SensorData,East,DENY,OP_NOT_PERMITTED,True
2025-08-30T18:41:49Z,SA-0002477,gateway_wrong_zone,atk-0165,Gateway,ManageRoles,SensorData,East,DENY,OP_NOT_PERMITTED,True
2025-08-30T19:08:57Z,SA-0002478,gateway_wrong_zone,atk-0330,Gateway,WriteSensor,RoleAssignment,South,DENY,POLICY_VIOLATION,True
2025-08-30T22:08:38Z,SA-0002479,gateway_wrong_zone,atk-0230,Gateway,ReadAudit,SensorData,West,DENY,ROLE_INSUFFICIENT,True
2025-08-30T22:09:41Z,SA-0002480,gateway_wrong_zone,atk-0465,Gateway,WriteSensor,IrrigationControl,South,DENY,OP_NOT_PERMITTED,True
2025-08-31T00:10:03Z,SA-0002481,gateway_wrong_zone,atk-0075,Gateway,ReadAudit,AuditLog,West,DENY,POLICY_VIOLATION,True
2025-08-31T01:15:46Z,SA-0002482,gateway_wrong_zone,atk-0307,Gateway,ReadAudit,IrrigationControl,South,DENY,ROLE_INSUFFICIENT,True
2025-08-31T01:43:43Z,SA-0002483,gateway_wrong_zone,atk-0197,Gateway,ReadAudit,AuditLog,West,DENY,OP_NOT_PERMITTED,True
2025-08-31T02:22:54Z,SA-0002484,gateway_wrong_zone,atk-0368,Gateway,ControlZone,AuditLog,South,DENY,CERT_REVOKED,True
2025-08-31T02:37:11Z,SA-0002485,gateway_wrong_zone,atk-0111,Gateway,ReadAudit,SensorData,West,DENY,ZONE_MISMATCH,True
2025-08-31T03:36:20Z,SA-0002486,gateway_wrong_zone,atk-0381,Gateway,ManageRoles,RoleAssignment,North,DENY,CERT_REVOKED,True
2025-08-31T04:22:52Z,SA-0002487,gateway_wrong_zone,atk-0165,Gateway,ControlZone,IrrigationControl,South,DENY,POLICY_VIOLATION,True
2025-08-31T04:31:06Z,SA-0002488,gateway_wrong_zone,atk-0351,Gateway,WriteSensor,AuditLog,East,DENY,OP_NOT_PERMITTED,True
2025-08-31T05:30:39Z,SA-0002489,gateway_wrong_zone,atk-0143,Gateway,ReadAudit,RoleAssignment,South,DENY,OP_NOT_PERMITTED,True
2025-08-31T05:51:45Z,SA-0002490,gateway_wrong_zone,atk-0487,Gateway,ReadAll,AuditLog,South,DENY,OP_NOT_PERMITTED,True
2025-08-31T06:26:16Z,SA-0002491,gateway_wrong_zone,atk-0211,Gateway,ControlZone,SensorData,South,DENY,ZONE_MISMATCH,True
2025-08-31T08:44:33Z,SA-0002492,gateway_wrong_zone,atk-0258,Gateway,ReadAudit,IrrigationControl,North,DENY,IDS_BLOCKED,True
2025-08-31T09:26:32Z,SA-0002493,gateway_wrong_zone,atk-0284,Gateway,ReadAll,SensorData,South,DENY,CERT_REVOKED,True
2025-08-31T13:02:59Z,SA-0002494,gateway_wrong_zone,atk-0441,Gateway,ReadAudit,RoleAssignment,West,DENY,OP_NOT_PERMITTED,True
2025-08-31T15:27:56Z,SA-0002495,gateway_wrong_zone,atk-0052,Gateway,ReadAudit,RoleAssignment,West,DENY,OP_NOT_PERMITTED,True
2025-08-31T16:51:29Z,SA-0002496,gateway_wrong_zone,atk-0091,Gateway,ControlZone,IrrigationControl,East,DENY,ROLE_INSUFFICIENT,True
2025-08-31T20:22:41Z,SA-0002497,gateway_wrong_zone,atk-0086,Gateway,WriteSensor,SensorData,West,DENY,POLICY_VIOLATION,True
2025-08-31T20:48:12Z,SA-0002498,gateway_wrong_zone,atk-0253,Gateway,ReadAll,AuditLog,West,DENY,OP_NOT_PERMITTED,True
2025-08-31T22:38:52Z,SA-0002499,gateway_wrong_zone,atk-0149,Gateway,ReadAudit,AuditLog,North,DENY,CERT_REVOKED,True
2025-09-01T02:35:56Z,SA-0002500,gateway_wrong_zone,atk-0492,Gateway,ManageRoles,SensorData,North,DENY,IDS_BLOCKED,True
2025-09-01T02:40:13Z,SA-0002501,gateway_wrong_zone,atk-0215,Gateway,ReadAudit,RoleAssignment,North,DENY,OP_NOT_PERMITTED,True
2025-09-01T06:22:37Z,SA-0002502,gateway_wrong_zone,atk-0110,Gateway,WriteSensor,AuditLog,North,DENY,IDS_BLOCKED,True
2025-09-01T06:54:57Z,SA-0002503,gateway_wrong_zone,atk-0424,Gateway,ReadAll,SensorData,North,DENY,ROLE_INSUFFICIENT,True
2025-09-01T07:20:52Z,SA-0002504,gateway_wrong_zone,atk-0225,Gateway,WriteSensor,RoleAssignment,North,DENY,CERT_REVOKED,True
2025-09-01T07:36:56Z,SA-0002505,gateway_wrong_zone,atk-0159,Gateway,ManageRoles,SensorData,South,DENY,ZONE_MISMATCH,True
2025-09-01T08:06:11Z,SA-0002506,gateway_wrong_zone,atk-0220,Gateway,ManageRoles,SensorData,North,DENY,OP_NOT_PERMITTED,True
2025-09-01T12:26:26Z,SA-0002507,gateway_wrong_zone,atk-0243,Gateway,WriteSensor,SensorData,South,DENY,ZONE_MISMATCH,True
2025-09-01T13:46:38Z,SA-0002508,gateway_wrong_zone,atk-0417,Gateway,WriteSensor,IrrigationControl,West,DENY,CERT_REVOKED,True
2025-09-01T13:54:03Z,SA-0002509,gateway_wrong_zone,atk-0380,Gateway,ReadAll,RoleAssignment,South,DENY,CERT_REVOKED,True
2025-09-01T14:39:27Z,SA-0002510,gateway_wrong_zone,atk-0185,Gateway,ReadAudit,SensorData,South,DENY,ZONE_MISMATCH,True
2025-09-01T15:29:20Z,SA-0002511,gateway_wrong_zone,atk-0090,Gateway,WriteSensor,IrrigationControl,East,DENY,OP_NOT_PERMITTED,True
2025-09-01T19:35:40Z,SA-0002512,gateway_wrong_zone,atk-0265,Gateway,ControlZone,RoleAssignment,North,DENY,POLICY_VIOLATION,True
2025-09-01T21:20:03Z,SA-0002513,gateway_wrong_zone,atk-0004,Gateway,ReadAudit,IrrigationControl,North,DENY,ZONE_MISMATCH,True
2025-09-01T21:34:04Z,SA-0002514,gateway_wrong_zone,atk-0205,Gateway,ReadAll,IrrigationControl,East,DENY,CERT_REVOKED,True
2025-09-01T21:48:57Z,SA-0002515,gateway_wrong_zone,atk-0392,Gateway,ReadAudit,RoleAssignment,East,DENY,ZONE_MISMATCH,True
2025-09-02T04:25:45Z,SA-0002516,gateway_wrong_zone,atk-0260,Gateway,ManageRoles,RoleAssignment,East,DENY,ROLE_INSUFFICIENT,True
2025-09-02T06:29:29Z,SA-0002517,gateway_wrong_zone,atk-0218,Gateway,ReadAll,AuditLog,North,DENY,ROLE_INSUFFICIENT,True
2025-09-02T06:53:06Z,SA-0002518,gateway_wrong_zone,atk-0288,Gateway,WriteSensor,RoleAssignment,West,DENY,ZONE_MISMATCH,True
2025-09-02T06:55:28Z,SA-0002519,gateway_wrong_zone,atk-0350,Gateway,WriteSensor,SensorData,East,DENY,OP_NOT_PERMITTED,True
2025-09-02T07:04:03Z,SA-0002520,gateway_wrong_zone,atk-0203,Gateway,ManageRoles,AuditLog,East,DENY,POLICY_VIOLATION,True
2025-09-02T09:30:44Z,SA-0002521,gateway_wrong_zone,atk-0483,Gateway,ManageRoles,SensorData,North,DENY,ROLE_INSUFFICIENT,True
2025-09-02T10:39:03Z,SA-0002522,gateway_wrong_zone,atk-0067,Gateway,ControlZone,AuditLog,North,DENY,POLICY_VIOLATION,True
2025-09-02T13:29:14Z,SA-0002523,gateway_wrong_zone,atk-0229,Gateway,WriteSensor,IrrigationControl,South,DENY,ZONE_MISMATCH,True
2025-09-02T19:41:40Z,SA-0002524,gateway_wrong_zone,atk-0377,Gateway,ReadAll,RoleAssignment,North,DENY,OP_NOT_PERMITTED,True
2025-09-02T21:31:09Z,SA-0002525,gateway_wrong_zone,atk-0337,Gateway,ReadAll,AuditLog,North,DENY,OP_NOT_PERMITTED,True
2025-09-02T21:42:12Z,SA-0002526,gateway_wrong_zone,atk-0085,Gateway,WriteSensor,IrrigationControl,North,DENY,POLICY_VIOLATION,True
2025-09-02T21:50:00Z,SA-0002527,gateway_wrong_zone,atk-0274,Gateway,ControlZone,AuditLog,East,DENY,ZONE_MISMATCH,True
2025-09-02T22:21:41Z,SA-0002528,gateway_wrong_zone,atk-0006,Gateway,ManageRoles,IrrigationControl,South,DENY,ZONE_MISMATCH,True
2025-09-03T01:54:17Z,SA-0002529,gateway_wrong_zone,atk-0457,Gateway,ReadAudit,AuditLog,South,DENY,OP_NOT_PERMITTED,True
2025-09-03T06:19:29Z,SA-0002530,gateway_wrong_zone,atk-0210,Gateway,WriteSensor,AuditLog,South,DENY,OP_NOT_PERMITTED,True
2025-09-03T12:03:42Z,SA-0002531,gateway_wrong_zone,atk-0045,Gateway,ManageRoles,SensorData,South,DENY,ZONE_MISMATCH,True
2025-09-03T14:18:23Z,SA-0002532,gateway_wrong_zone,atk-0202,Gateway,ManageRoles,SensorData,East,DENY,CERT_REVOKED,True
2025-09-03T19:18:39Z,SA-0002533,gateway_wrong_zone,atk-0011,Gateway,ReadAudit,IrrigationControl,East,DENY,POLICY_VIOLATION,True
2025-09-03T21:16:29Z,SA-0002534,gateway_wrong_zone,atk-0095,Gateway,ControlZone,SensorData,West,DENY,OP_NOT_PERMITTED,True
2025-09-04T03:08:34Z,SA-0002535,gateway_wrong_zone,atk-0163,Gateway,ReadAudit,AuditLog,East,DENY,OP_NOT_PERMITTED,True
2025-09-04T03:33:57Z,SA-0002536,gateway_wrong_zone,atk-0273,Gateway,ControlZone,AuditLog,East,DENY,ZONE_MISMATCH,True
2025-09-04T05:06:13Z,SA-0002537,gateway_wrong_zone,atk-0243,Gateway,ReadAll,SensorData,East,DENY,CERT_REVOKED,True
2025-09-04T06:43:01Z,SA-0002538,gateway_wrong_zone,atk-0466,Gateway,ManageRoles,IrrigationControl,North,DENY,OP_NOT_PERMITTED,True
2025-09-04T06:59:29Z,SA-0002539,gateway_wrong_zone,atk-0411,Gateway,ReadAll,RoleAssignment,North,DENY,ZONE_MISMATCH,True
2025-09-04T07:06:47Z,SA-0002540,gateway_wrong_zone,atk-0007,Gateway,WriteSensor,IrrigationControl,North,DENY,OP_NOT_PERMITTED,True
2025-09-04T08:11:09Z,SA-0002541,gateway_wrong_zone,atk-0439,Gateway,ManageRoles,SensorData,West,DENY,POLICY_VIOLATION,True
2025-09-04T08:59:10Z,SA-0002542,gateway_wrong_zone,atk-0442,Gateway,ManageRoles,RoleAssignment,North,DENY,OP_NOT_PERMITTED,True
2025-09-04T09:49:40Z,SA-0002543,gateway_wrong_zone,atk-0454,Gateway,ReadAudit,RoleAssignment,East,DENY,IDS_BLOCKED,True
2025-09-04T12:52:00Z,SA-0002544,gateway_wrong_zone,atk-0416,Gateway,WriteSensor,IrrigationControl,South,DENY,OP_NOT_PERMITTED,True
2025-09-04T13:46:20Z,SA-0002545,gateway_wrong_zone,atk-0220,Gateway,ManageRoles,RoleAssignment,South,DENY,IDS_BLOCKED,True
2025-09-04T14:54:55Z,SA-0002546,gateway_wrong_zone,atk-0448,Gateway,ManageRoles,RoleAssignment,South,DENY,ZONE_MISMATCH,True
2025-09-04T14:58:50Z,SA-0002547,gateway_wrong_zone,atk-0185,Gateway,WriteSensor,SensorData,South,DENY,OP_NOT_PERMITTED,True
2025-09-04T15:00:54Z,SA-0002548,gateway_wrong_zone,atk-0412,Gateway,ControlZone,SensorData,North,DENY,ZONE_MISMATCH,True
2025-09-04T15:59:21Z,SA-0002549,gateway_wrong_zone,atk-0283,Gateway,ManageRoles,AuditLog,North,DENY,OP_NOT_PERMITTED,True
2025-09-04T21:50:18Z,SA-0002550,gateway_wrong_zone,atk-0210,Gateway,ReadAudit,AuditLog,South,DENY,ZONE_MISMATCH,True
2025-09-05T01:52:38Z,SA-0002551,gateway_wrong_zone,atk-0178,Gateway,ManageRoles,IrrigationControl,North,DENY,CERT_REVOKED,True
2025-09-05T02:12:08Z,SA-0002552,gateway_wrong_zone,atk-0495,Gateway,ReadAll,RoleAssignment,North,DENY,ZONE_MISMATCH,True
2025-09-05T04:07:02Z,SA-0002553,gateway_wrong_zone,atk-0298,Gateway,WriteSensor,IrrigationControl,North,DENY,POLICY_VIOLATION,True
2025-09-05T05:18:16Z,SA-0002554,gateway_wrong_zone,atk-0246,Gateway,ControlZone,SensorData,East,DENY,IDS_BLOCKED,True
2025-09-05T06:22:24Z,SA-0002555,gateway_wrong_zone,atk-0125,Gateway,ControlZone,RoleAssignment,South,DENY,POLICY_VIOLATION,True
2025-09-05T07:12:23Z,SA-0002556,gateway_wrong_zone,atk-0484,Gateway,ReadAudit,AuditLog,East,DENY,POLICY_VIOLATION,True
2025-09-05T08:21:56Z,SA-0002557,gateway_wrong_zone,atk-0131,Gateway,ReadAudit,SensorData,West,DENY,OP_NOT_PERMITTED,True
2025-09-05T09:50:08Z,SA-0002558,gateway_wrong_zone,atk-0076,Gateway,ReadAll,RoleAssignment,East,DENY,POLICY_VIOLATION,True
2025-09-05T10:03:51Z,SA-0002559,gateway_wrong_zone,atk-0111,Gateway,ReadAll,AuditLog,North,DENY,OP_NOT_PERMITTED,True
2025-09-05T12:31:41Z,SA-0002560,gateway_wrong_zone,atk-0016,Gateway,WriteSensor,AuditLog,South,DENY,IDS_BLOCKED,True
2025-09-05T12:39:52Z,SA-0002561,gateway_wrong_zone,atk-0350,Gateway,ManageRoles,AuditLog,West,DENY,ROLE_INSUFFICIENT,True
2025-09-05T16:23:02Z,SA-0002562,gateway_wrong_zone,atk-0228,Gateway,ControlZone,SensorData,West,DENY,ZONE_MISMATCH,True
2025-09-05T16:36:24Z,SA-0002563,gateway_wrong_zone,atk-0269,Gateway,ControlZone,AuditLog,North,DENY,CERT_REVOKED,True
2025-09-05T18:08:13Z,SA-0002564,gateway_wrong_zone,atk-0337,Gateway,ReadAll,SensorData,South,DENY,ZONE_MISMATCH,True
2025-09-05T19:40:34Z,SA-0002565,gateway_wrong_zone,atk-0057,Gateway,ReadAll,AuditLog,West,DENY,IDS_BLOCKED,True
2025-09-05T20:10:38Z,SA-0002566,gateway_wrong_zone,atk-0114,Gateway,ReadAudit,IrrigationControl,East,DENY,IDS_BLOCKED,True
2025-09-05T22:19:22Z,SA-0002567,gateway_wrong_zone,atk-0199,Gateway,ReadAll,AuditLog,East,DENY,OP_NOT_PERMITTED,True
2025-09-06T01:43:42Z,SA-0002568,gateway_wrong_zone,atk-0440,Gateway,ControlZone,SensorData,West,DENY,ROLE_INSUFFICIENT,True
2025-09-06T04:36:32Z,SA-0002569,gateway_wrong_zone,atk-0191,Gateway,ReadAudit,RoleAssignment,West,DENY,POLICY_VIOLATION,True
2025-09-06T06:04:18Z,SA-0002570,gateway_wrong_zone,atk-0021,Gateway,ControlZone,IrrigationControl,South,DENY,ZONE_MISMATCH,True
2025-09-06T09:53:31Z,SA-0002571,gateway_wrong_zone,atk-0070,Gateway,ReadAudit,SensorData,South,DENY,ZONE_MISMATCH,True
2025-09-06T10:10:44Z,SA-0002572,gateway_wrong_zone,atk-0070,Gateway,ReadAll,IrrigationControl,North,DENY,POLICY_VIOLATION,True
2025-09-06T12:47:07Z,SA-0002573,gateway_wrong_zone,atk-0300,Gateway,WriteSensor,AuditLog,South,DENY,OP_NOT_PERMITTED,True
2025-09-06T13:18:50Z,SA-0002574,gateway_wrong_zone,atk-0292,Gateway,ControlZone,IrrigationControl,East,DENY,CERT_REVOKED,True
2025-09-06T15:08:11Z,SA-0002575,gateway_wrong_zone,atk-0492,Gateway,WriteSensor,SensorData,East,DENY,ROLE_INSUFFICIENT,True
2025-09-06T15:11:47Z,SA-0002576,gateway_wrong_zone,atk-0496,Gateway,ReadAudit,SensorData,South,DENY,ZONE_MISMATCH,True
2025-09-06T16:13:42Z,SA-0002577,gateway_wrong_zone,atk-0222,Gateway,ReadAudit,RoleAssignment,West,DENY,ZONE_MISMATCH,True
2025-09-06T17:05:24Z,SA-0002578,gateway_wrong_zone,atk-0153,Gateway,WriteSensor,AuditLog,West,DENY,POLICY_VIOLATION,True
2025-09-06T18:25:46Z,SA-0002579,gateway_wrong_zone,atk-0430,Gateway,ControlZone,IrrigationControl,West,DENY,IDS_BLOCKED,True
2025-09-06T20:11:46Z,SA-0002580,gateway_wrong_zone,atk-0432,Gateway,ControlZone,SensorData,South,DENY,IDS_BLOCKED,True
2025-09-06T21:12:33Z,SA-0002581,gateway_wrong_zone,atk-0011,Gateway,ReadAll,SensorData,East,DENY,CERT_REVOKED,True
2025-09-06T22:30:04Z,SA-0002582,gateway_wrong_zone,atk-0262,Gateway,WriteSensor,AuditLog,East,DENY,CERT_REVOKED,True
2025-09-06T22:58:18Z,SA-0002583,gateway_wrong_zone,atk-0101,Gateway,ReadAudit,AuditLog,East,DENY,OP_NOT_PERMITTED,True
2025-09-06T23:34:32Z,SA-0002584,gateway_wrong_zone,atk-0244,Gateway,ReadAudit,IrrigationControl,South,DENY,ZONE_MISMATCH,True
2025-09-06T23:59:36Z,SA-0002585,gateway_wrong_zone,atk-0125,Gateway,WriteSensor,IrrigationControl,South,DENY,ROLE_INSUFFICIENT,True
2025-09-07T00:29:53Z,SA-0002586,gateway_wrong_zone,atk-0250,Gateway,WriteSensor,SensorData,North,DENY,POLICY_VIOLATION,True
2025-09-07T00:34:59Z,SA-0002587,gateway_wrong_zone,atk-0135,Gateway,ControlZone,IrrigationControl,North,DENY,CERT_REVOKED,True
2025-09-07T03:00:04Z,SA-0002588,gateway_wrong_zone,atk-0057,Gateway,ManageRoles,RoleAssignment,South,DENY,POLICY_VIOLATION,True
2025-09-07T03:26:47Z,SA-0002589,gateway_wrong_zone,atk-0148,Gateway,ReadAll,AuditLog,West,DENY,POLICY_VIOLATION,True
2025-09-07T05:04:48Z,SA-0002590,gateway_wrong_zone,atk-0441,Gateway,ManageRoles,IrrigationControl,East,DENY,CERT_REVOKED,True
2025-09-07T05:49:20Z,SA-0002591,gateway_wrong_zone,atk-0371,Gateway,WriteSensor,SensorData,West,DENY,IDS_BLOCKED,True
2025-09-07T05:59:42Z,SA-0002592,gateway_wrong_zone,atk-0337,Gateway,ReadAudit,SensorData,North,DENY,IDS_BLOCKED,True
2025-09-07T06:14:50Z,SA-0002593,gateway_wrong_zone,atk-0131,Gateway,WriteSensor,SensorData,South,DENY,CERT_REVOKED,True
2025-09-07T06:34:52Z,SA-0002594,gateway_wrong_zone,atk-0148,Gateway,ManageRoles,SensorData,West,DENY,IDS_BLOCKED,True
2025-09-07T10:06:39Z,SA-0002595,gateway_wrong_zone,atk-0169,Gateway,WriteSensor,SensorData,North,DENY,ROLE_INSUFFICIENT,True
2025-09-07T11:22:53Z,SA-0002596,gateway_wrong_zone,atk-0340,Gateway,ReadAll,RoleAssignment,West,DENY,CERT_REVOKED,True
2025-09-07T11:58:40Z,SA-0002597,gateway_wrong_zone,atk-0495,Gateway,WriteSensor,AuditLog,East,DENY,IDS_BLOCKED,True
2025-09-07T15:12:52Z,SA-0002598,gateway_wrong_zone,atk-0473,Gateway,WriteSensor,AuditLog,East,DENY,IDS_BLOCKED,True
2025-09-07T17:50:39Z,SA-0002599,gateway_wrong_zone,atk-0198,Gateway,ReadAll,SensorData,East,DENY,CERT_REVOKED,True
2025-09-07T18:00:02Z,SA-0002600,gateway_wrong_zone,atk-0481,Gateway,WriteSensor,IrrigationControl,South,DENY,IDS_BLOCKED,True
2025-09-07T18:10:08Z,SA-0002601,gateway_wrong_zone,atk-0132,Gateway,WriteSensor,AuditLog,South,DENY,CERT_REVOKED,True
2025-09-07T20:38:12Z,SA-0002602,gateway_wrong_zone,atk-0374,Gateway,ReadAll,SensorData,West,DENY,ROLE_INSUFFICIENT,True
2025-09-07T22:57:33Z,SA-0002603,gateway_wrong_zone,atk-0128,Gateway,WriteSensor,IrrigationControl,East,DENY,OP_NOT_PERMITTED,True
2025-09-07T23:47:21Z,SA-0002604,gateway_wrong_zone,atk-0276,Gateway,ManageRoles,SensorData,North,DENY,ROLE_INSUFFICIENT,True
2025-09-08T00:19:13Z,SA-0002605,gateway_wrong_zone,atk-0479,Gateway,ReadAll,RoleAssignment,South,DENY,IDS_BLOCKED,True
2025-09-08T00:25:24Z,SA-0002606,gateway_wrong_zone,atk-0285,Gateway,ControlZone,SensorData,West,DENY,POLICY_VIOLATION,True
2025-09-08T04:00:29Z,SA-0002607,gateway_wrong_zone,atk-0147,Gateway,ControlZone,RoleAssignment,North,DENY,ROLE_INSUFFICIENT,True
2025-09-08T04:49:29Z,SA-0002608,gateway_wrong_zone,atk-0309,Gateway,WriteSensor,AuditLog,South,DENY,OP_NOT_PERMITTED,True
2025-09-08T07:13:36Z,SA-0002609,gateway_wrong_zone,atk-0220,Gateway,WriteSensor,SensorData,North,DENY,OP_NOT_PERMITTED,True
2025-09-08T07:56:39Z,SA-0002610,gateway_wrong_zone,atk-0035,Gateway,ManageRoles,SensorData,East,DENY,CERT_REVOKED,True
2025-09-08T08:00:16Z,SA-0002611,gateway_wrong_zone,atk-0126,Gateway,ManageRoles,IrrigationControl,South,DENY,ROLE_INSUFFICIENT,True
2025-09-08T08:57:24Z,SA-0002612,gateway_wrong_zone,atk-0343,Gateway,ReadAudit,RoleAssignment,North,DENY,OP_NOT_PERMITTED,True
2025-09-08T09:09:46Z,SA-0002613,gateway_wrong_zone,atk-0256,Gateway,ManageRoles,AuditLog,North,DENY,POLICY_VIOLATION,True
2025-09-08T09:37:11Z,SA-0002614,gateway_wrong_zone,atk-0242,Gateway,ReadAudit,SensorData,West,DENY,POLICY_VIOLATION,True
2025-09-08T10:17:02Z,SA-0002615,gateway_wrong_zone,atk-0253,Gateway,ReadAll,IrrigationControl,North,DENY,ZONE_MISMATCH,True
2025-09-08T10:32:08Z,SA-0002616,gateway_wrong_zone,atk-0144,Gateway,ManageRoles,AuditLog,North,DENY,ZONE_MISMATCH,True
2025-09-08T10:46:25Z,SA-0002617,gateway_wrong_zone,atk-0402,Gateway,ReadAll,IrrigationControl,North,DENY,OP_NOT_PERMITTED,True
2025-09-08T12:02:55Z,SA-0002618,gateway_wrong_zone,atk-0033,Gateway,ControlZone,SensorData,West,DENY,OP_NOT_PERMITTED,True
2025-09-08T12:30:14Z,SA-0002619,gateway_wrong_zone,atk-0074,Gateway,ReadAudit,RoleAssignment,South,DENY,ZONE_MISMATCH,True
2025-09-08T13:46:24Z,SA-0002620,gateway_wrong_zone,atk-0351,Gateway,ManageRoles,SensorData,East,DENY,POLICY_VIOLATION,True
2025-09-08T13:56:07Z,SA-0002621,gateway_wrong_zone,atk-0132,Gateway,ReadAudit,AuditLog,East,DENY,ROLE_INSUFFICIENT,True
2025-09-08T14:16:54Z,SA-0002622,gateway_wrong_zone,atk-0401,Gateway,ReadAudit,SensorData,North,DENY,OP_NOT_PERMITTED,True
2025-09-08T14:54:45Z,SA-0002623,gateway_wrong_zone,atk-0330,Gateway,ManageRoles,SensorData,East,DENY,ZONE_MISMATCH,True
2025-09-08T15:06:46Z,SA-0002624,gateway_wrong_zone,atk-0061,Gateway,WriteSensor,AuditLog,South,DENY,IDS_BLOCKED,True
2025-09-08T16:15:29Z,SA-0002625,gateway_wrong_zone,atk-0296,Gateway,ManageRoles,IrrigationControl,East,DENY,IDS_BLOCKED,True
2025-09-08T18:22:07Z,SA-0002626,gateway_wrong_zone,atk-0251,Gateway,ReadAll,SensorData,East,DENY,OP_NOT_PERMITTED,True
2025-09-08T18:52:55Z,SA-0002627,gateway_wrong_zone,atk-0389,Gateway,ManageRoles,IrrigationControl,North,DENY,POLICY_VIOLATION,True
2025-09-08T19:29:11Z,SA-0002628,gateway_wrong_zone,atk-0142,Gateway,ManageRoles,RoleAssignment,North,DENY,OP_NOT_PERMITTED,True
2025-09-08T20:19:20Z,SA-0002629,gateway_wrong_zone,atk-0198,Gateway,WriteSensor,IrrigationControl,West,DENY,POLICY_VIOLATION,True
2025-09-09T00:03:15Z,SA-0002630,gateway_wrong_zone,atk-0188,Gateway,ReadAudit,IrrigationControl,South,DENY,ZONE_MISMATCH,True
2025-09-09T01:58:49Z,SA-0002631,gateway_wrong_zone,atk-0189,Gateway,WriteSensor,IrrigationControl,East,DENY,OP_NOT_PERMITTED,True
2025-09-09T09:39:28Z,SA-0002632,gateway_wrong_zone,atk-0498,Gateway,ControlZone,IrrigationControl,West,DENY,POLICY_VIOLATION,True
2025-09-09T10:12:51Z,SA-0002633,gateway_wrong_zone,atk-0359,Gateway,ReadAll,SensorData,West,DENY,POLICY_VIOLATION,True
2025-09-09T11:21:20Z,SA-0002634,gateway_wrong_zone,atk-0455,Gateway,ReadAudit,RoleAssignment,East,DENY,CERT_REVOKED,True
2025-09-09T13:36:11Z,SA-0002635,gateway_wrong_zone,atk-0152,Gateway,ReadAll,AuditLog,South,DENY,OP_NOT_PERMITTED,True
2025-09-09T13:50:33Z,SA-0002636,gateway_wrong_zone,atk-0275,Gateway,ReadAudit,IrrigationControl,South,DENY,CERT_REVOKED,True
2025-09-09T14:50:47Z,SA-0002637,gateway_wrong_zone,atk-0147,Gateway,WriteSensor,IrrigationControl,South,DENY,ZONE_MISMATCH,True
2025-09-09T18:35:13Z,SA-0002638,gateway_wrong_zone,atk-0137,Gateway,ReadAll,RoleAssignment,North,DENY,ZONE_MISMATCH,True
2025-09-09T18:47:16Z,SA-0002639,gateway_wrong_zone,atk-0357,Gateway,ReadAll,SensorData,South,DENY,CERT_REVOKED,True
2025-09-09T20:19:48Z,SA-0002640,gateway_wrong_zone,atk-0016,Gateway,ManageRoles,RoleAssignment,South,DENY,ROLE_INSUFFICIENT,True
2025-09-09T21:00:26Z,SA-0002641,gateway_wrong_zone,atk-0113,Gateway,ControlZone,RoleAssignment,East,DENY,POLICY_VIOLATION,True
2025-09-09T21:53:56Z,SA-0002642,gateway_wrong_zone,atk-0003,Gateway,ReadAll,RoleAssignment,South,DENY,POLICY_VIOLATION,True
2025-09-09T22:55:22Z,SA-0002643,gateway_wrong_zone,atk-0045,Gateway,ManageRoles,RoleAssignment,East,DENY,OP_NOT_PERMITTED,True
2025-09-09T23:42:11Z,SA-0002644,gateway_wrong_zone,atk-0166,Gateway,WriteSensor,SensorData,East,DENY,CERT_REVOKED,True
2025-09-10T02:19:02Z,SA-0002645,gateway_wrong_zone,atk-0297,Gateway,ManageRoles,IrrigationControl,North,DENY,ZONE_MISMATCH,True
2025-09-10T02:57:46Z,SA-0002646,gateway_wrong_zone,atk-0387,Gateway,ManageRoles,SensorData,North,DENY,IDS_BLOCKED,True
2025-09-10T03:22:10Z,SA-0002647,gateway_wrong_zone,atk-0445,Gateway,ReadAudit,RoleAssignment,West,DENY,ZONE_MISMATCH,True
2025-09-10T07:05:23Z,SA-0002648,gateway_wrong_zone,atk-0116,Gateway,WriteSensor,AuditLog,South,DENY,CERT_REVOKED,True
2025-09-10T07:33:17Z,SA-0002649,gateway_wrong_zone,atk-0496,Gateway,ControlZone,RoleAssignment,South,DENY,POLICY_VIOLATION,True
2025-09-10T07:59:07Z,SA-0002650,gateway_wrong_zone,atk-0001,Gateway,ReadAll,AuditLog,West,DENY,POLICY_VIOLATION,True
2025-09-10T08:32:05Z,SA-0002651,gateway_wrong_zone,atk-0289,Gateway,ManageRoles,SensorData,West,DENY,CERT_REVOKED,True
2025-09-10T08:44:20Z,SA-0002652,gateway_wrong_zone,atk-0285,Gateway,ReadAll,AuditLog,East,DENY,CERT_REVOKED,True
2025-09-10T12:09:57Z,SA-0002653,gateway_wrong_zone,atk-0009,Gateway,ControlZone,RoleAssignment,North,DENY,CERT_REVOKED,True
2025-09-10T14:13:56Z,SA-0002654,gateway_wrong_zone,atk-0460,Gateway,ManageRoles,IrrigationControl,West,DENY,IDS_BLOCKED,True
2025-09-10T14:54:46Z,SA-0002655,gateway_wrong_zone,atk-0252,Gateway,ManageRoles,RoleAssignment,West,DENY,CERT_REVOKED,True
2025-09-10T16:25:57Z,SA-0002656,gateway_wrong_zone,atk-0254,Gateway,ManageRoles,SensorData,South,DENY,OP_NOT_PERMITTED,True
2025-09-10T17:09:48Z,SA-0002657,gateway_wrong_zone,atk-0418,Gateway,WriteSensor,SensorData,East,DENY,IDS_BLOCKED,True
2025-09-10T19:17:25Z,SA-0002658,gateway_wrong_zone,atk-0244,Gateway,ReadAll,RoleAssignment,South,DENY,IDS_BLOCKED,True
2025-09-10T22:22:14Z,SA-0002659,gateway_wrong_zone,atk-0197,Gateway,WriteSensor,SensorData,North,DENY,CERT_REVOKED,True
2025-09-10T22:40:09Z,SA-0002660,gateway_wrong_zone,atk-0467,Gateway,WriteSensor,SensorData,South,DENY,ROLE_INSUFFICIENT,True
2025-09-10T22:54:46Z,SA-0002661,gateway_wrong_zone,atk-0161,Gateway,ControlZone,SensorData,West,DENY,IDS_BLOCKED,True
2025-09-10T23:03:52Z,SA-0002662,gateway_wrong_zone,atk-0152,Gateway,ReadAudit,SensorData,West,DENY,OP_NOT_PERMITTED,True
2025-09-11T00:46:18Z,SA-0002663,gateway_wrong_zone,atk-0435,Gateway,WriteSensor,RoleAssignment,South,DENY,ROLE_INSUFFICIENT,True
2025-09-11T03:04:07Z,SA-0002664,gateway_wrong_zone,atk-0266,Gateway,ControlZone,RoleAssignment,East,DENY,OP_NOT_PERMITTED,True
2025-09-11T03:14:23Z,SA-0002665,gateway_wrong_zone,atk-0212,Gateway,ManageRoles,SensorData,North,DENY,ZONE_MISMATCH,True
2025-09-11T04:19:50Z,SA-0002666,gateway_wrong_zone,atk-0251,Gateway,ControlZone,SensorData,North,DENY,ZONE_MISMATCH,True
2025-09-11T05:28:34Z,SA-0002667,gateway_wrong_zone,atk-0144,Gateway,ReadAll,SensorData,South,DENY,CERT_REVOKED,True
2025-09-11T07:04:39Z,SA-0002668,gateway_wrong_zone,atk-0005,Gateway,ManageRoles,SensorData,North,DENY,ROLE_INSUFFICIENT,True
2025-09-11T07:16:51Z,SA-0002669,gateway_wrong_zone,atk-0454,Gateway,WriteSensor,RoleAssignment,West,DENY,OP_NOT_PERMITTED,True
2025-09-11T07:24:57Z,SA-0002670,gateway_wrong_zone,atk-0025,Gateway,ReadAll,AuditLog,East,DENY,IDS_BLOCKED,True
2025-09-11T11:08:42Z,SA-0002671,gateway_wrong_zone,atk-0298,Gateway,WriteSensor,IrrigationControl,North,DENY,ROLE_INSUFFICIENT,True
2025-09-11T13:36:13Z,SA-0002672,gateway_wrong_zone,atk-0042,Gateway,ControlZone,RoleAssignment,West,DENY,IDS_BLOCKED,True
2025-09-11T14:38:16Z,SA-0002673,gateway_wrong_zone,atk-0360,Gateway,ControlZone,SensorData,West,DENY,ROLE_INSUFFICIENT,True
2025-09-11T14:52:55Z,SA-0002674,gateway_wrong_zone,atk-0203,Gateway,WriteSensor,SensorData,West,DENY,CERT_REVOKED,True
2025-09-11T15:25:04Z,SA-0002675,gateway_wrong_zone,atk-0425,Gateway,ReadAudit,RoleAssignment,North,DENY,ZONE_MISMATCH,True
2025-09-11T16:52:36Z,SA-0002676,gateway_wrong_zone,atk-0432,Gateway,ControlZone,RoleAssignment,West,DENY,ZONE_MISMATCH,True
2025-09-11T17:10:46Z,SA-0002677,gateway_wrong_zone,atk-0235,Gateway,ReadAudit,IrrigationControl,East,DENY,ROLE_INSUFFICIENT,True
2025-09-11T18:02:38Z,SA-0002678,gateway_wrong_zone,atk-0329,Gateway,ManageRoles,RoleAssignment,East,DENY,ROLE_INSUFFICIENT,True
2025-09-11T19:29:14Z,SA-0002679,gateway_wrong_zone,atk-0218,Gateway,ManageRoles,IrrigationControl,South,DENY,ROLE_INSUFFICIENT,True
2025-09-11T19:52:38Z,SA-0002680,gateway_wrong_zone,atk-0250,Gateway,ControlZone,AuditLog,East,DENY,OP_NOT_PERMITTED,True
2025-09-11T20:25:27Z,SA-0002681,gateway_wrong_zone,atk-0375,Gateway,ReadAll,RoleAssignment,North,DENY,ZONE_MISMATCH,True
2025-09-11T21:37:03Z,SA-0002682,gateway_wrong_zone,atk-0426,Gateway,WriteSensor,AuditLog,West,DENY,CERT_REVOKED,True
2025-09-11T22:50:34Z,SA-0002683,gateway_wrong_zone,atk-0307,Gateway,WriteSensor,AuditLog,West,DENY,ZONE_MISMATCH,True
2025-09-12T02:29:14Z,SA-0002684,gateway_wrong_zone,atk-0037,Gateway,ReadAudit,IrrigationControl,North,DENY,POLICY_VIOLATION,True
2025-09-12T03:08:40Z,SA-0002685,gateway_wrong_zone,atk-0465,Gateway,ManageRoles,RoleAssignment,East,DENY,POLICY_VIOLATION,True
2025-09-12T03:46:58Z,SA-0002686,gateway_wrong_zone,atk-0258,Gateway,ManageRoles,RoleAssignment,West,DENY,ROLE_INSUFFICIENT,True
2025-09-12T05:09:14Z,SA-0002687,gateway_wrong_zone,atk-0371,Gateway,ReadAudit,IrrigationControl,West,DENY,ZONE_MISMATCH,True
2025-09-12T05:24:29Z,SA-0002688,gateway_wrong_zone,atk-0130,Gateway,ReadAll,SensorData,North,DENY,CERT_REVOKED,True
2025-09-12T05:39:40Z,SA-0002689,gateway_wrong_zone,atk-0073,Gateway,WriteSensor,SensorData,South,DENY,ROLE_INSUFFICIENT,True
2025-09-12T11:00:01Z,SA-0002690,gateway_wrong_zone,atk-0248,Gateway,ControlZone,SensorData,East,DENY,POLICY_VIOLATION,True
2025-09-12T12:47:14Z,SA-0002691,gateway_wrong_zone,atk-0146,Gateway,ManageRoles,IrrigationControl,South,DENY,OP_NOT_PERMITTED,True
2025-09-12T13:37:14Z,SA-0002692,gateway_wrong_zone,atk-0068,Gateway,ReadAudit,RoleAssignment,West,DENY,POLICY_VIOLATION,True
2025-09-12T14:07:16Z,SA-0002693,gateway_wrong_zone,atk-0329,Gateway,ReadAll,RoleAssignment,North,DENY,POLICY_VIOLATION,True
2025-09-12T14:57:53Z,SA-0002694,gateway_wrong_zone,atk-0173,Gateway,ManageRoles,IrrigationControl,East,DENY,IDS_BLOCKED,True
2025-09-12T14:57:56Z,SA-0002695,gateway_wrong_zone,atk-0119,Gateway,ManageRoles,RoleAssignment,West,DENY,ROLE_INSUFFICIENT,True
2025-09-12T16:25:04Z,SA-0002696,gateway_wrong_zone,atk-0315,Gateway,ManageRoles,SensorData,North,DENY,CERT_REVOKED,True
2025-09-12T16:33:55Z,SA-0002697,gateway_wrong_zone,atk-0040,Gateway,WriteSensor,RoleAssignment,South,DENY,CERT_REVOKED,True
2025-09-12T21:55:23Z,SA-0002698,gateway_wrong_zone,atk-0492,Gateway,ReadAudit,SensorData,East,DENY,POLICY_VIOLATION,True
2025-09-13T00:13:04Z,SA-0002699,gateway_wrong_zone,atk-0194,Gateway,ManageRoles,RoleAssignment,South,DENY,CERT_REVOKED,True
2025-09-13T00:38:39Z,SA-0002700,gateway_wrong_zone,atk-0466,Gateway,WriteSensor,SensorData,East,DENY,ROLE_INSUFFICIENT,True
2025-09-13T00:40:12Z,SA-0002701,gateway_wrong_zone,atk-0057,Gateway,ManageRoles,RoleAssignment,East,DENY,POLICY_VIOLATION,True
2025-09-13T02:32:27Z,SA-0002702,gateway_wrong_zone,atk-0487,Gateway,ControlZone,RoleAssignment,West,DENY,POLICY_VIOLATION,True
2025-09-13T03:08:25Z,SA-0002703,gateway_wrong_zone,atk-0177,Gateway,WriteSensor,AuditLog,South,DENY,ROLE_INSUFFICIENT,True
2025-09-13T04:24:39Z,SA-0002704,gateway_wrong_zone,atk-0047,Gateway,ReadAll,IrrigationControl,South,DENY,IDS_BLOCKED,True
2025-09-13T05:12:17Z,SA-0002705,gateway_wrong_zone,atk-0431,Gateway,ControlZone,RoleAssignment,South,DENY,OP_NOT_PERMITTED,True
2025-09-13T05:43:07Z,SA-0002706,gateway_wrong_zone,atk-0064,Gateway,ReadAudit,SensorData,West,DENY,ZONE_MISMATCH,True
2025-09-13T08:02:47Z,SA-0002707,gateway_wrong_zone,atk-0391,Gateway,ReadAudit,RoleAssignment,North,DENY,OP_NOT_PERMITTED,True
2025-09-13T11:23:25Z,SA-0002708,gateway_wrong_zone,atk-0096,Gateway,ManageRoles,IrrigationControl,West,DENY,OP_NOT_PERMITTED,True
2025-09-13T11:30:17Z,SA-0002709,gateway_wrong_zone,atk-0489,Gateway,ReadAll,IrrigationControl,South,DENY,ROLE_INSUFFICIENT,True
2025-09-13T11:31:41Z,SA-0002710,gateway_wrong_zone,atk-0283,Gateway,ReadAll,RoleAssignment,East,DENY,OP_NOT_PERMITTED,True
2025-09-13T12:08:27Z,SA-0002711,gateway_wrong_zone,atk-0442,Gateway,WriteSensor,AuditLog,West,DENY,IDS_BLOCKED,True
2025-09-13T13:22:55Z,SA-0002712,gateway_wrong_zone,atk-0177,Gateway,ReadAll,RoleAssignment,South,DENY,OP_NOT_PERMITTED,True
2025-09-13T13:38:26Z,SA-0002713,gateway_wrong_zone,atk-0407,Gateway,ControlZone,IrrigationControl,North,DENY,CERT_REVOKED,True
2025-09-13T14:30:08Z,SA-0002714,gateway_wrong_zone,atk-0158,Gateway,ControlZone,AuditLog,West,DENY,ZONE_MISMATCH,True
2025-09-13T15:29:49Z,SA-0002715,gateway_wrong_zone,atk-0282,Gateway,ReadAll,IrrigationControl,North,DENY,CERT_REVOKED,True
2025-09-13T17:18:40Z,SA-0002716,gateway_wrong_zone,atk-0472,Gateway,ControlZone,SensorData,East,DENY,POLICY_VIOLATION,True
2025-09-13T19:40:16Z,SA-0002717,gateway_wrong_zone,atk-0493,Gateway,ControlZone,SensorData,North,DENY,POLICY_VIOLATION,True
2025-09-13T21:55:08Z,SA-0002718,gateway_wrong_zone,atk-0226,Gateway,WriteSensor,RoleAssignment,North,DENY,IDS_BLOCKED,True
2025-09-14T01:23:01Z,SA-0002719,gateway_wrong_zone,atk-0140,Gateway,WriteSensor,IrrigationControl,West,DENY,OP_NOT_PERMITTED,True
2025-09-14T06:28:14Z,SA-0002720,gateway_wrong_zone,atk-0220,Gateway,ManageRoles,SensorData,North,DENY,ROLE_INSUFFICIENT,True
2025-09-14T06:49:54Z,SA-0002721,gateway_wrong_zone,atk-0089,Gateway,ReadAll,AuditLog,North,DENY,IDS_BLOCKED,True
2025-09-14T07:40:47Z,SA-0002722,gateway_wrong_zone,atk-0284,Gateway,ReadAll,RoleAssignment,East,DENY,ROLE_INSUFFICIENT,True
2025-09-14T08:38:29Z,SA-0002723,gateway_wrong_zone,atk-0405,Gateway,ReadAudit,RoleAssignment,East,DENY,OP_NOT_PERMITTED,True
2025-09-14T10:28:23Z,SA-0002724,gateway_wrong_zone,atk-0401,Gateway,ManageRoles,RoleAssignment,East,DENY,ZONE_MISMATCH,True
2025-09-14T11:54:16Z,SA-0002725,gateway_wrong_zone,atk-0237,Gateway,ReadAudit,RoleAssignment,South,DENY,ZONE_MISMATCH,True
2025-09-14T13:03:33Z,SA-0002726,gateway_wrong_zone,atk-0411,Gateway,ReadAudit,AuditLog,North,DENY,POLICY_VIOLATION,True
2025-09-14T16:58:37Z,SA-0002727,gateway_wrong_zone,atk-0274,Gateway,WriteSensor,SensorData,West,DENY,ROLE_INSUFFICIENT,True
2025-09-14T18:09:28Z,SA-0002728,gateway_wrong_zone,atk-0002,Gateway,ReadAll,RoleAssignment,East,DENY,POLICY_VIOLATION,True
2025-09-14T21:27:35Z,SA-0002729,gateway_wrong_zone,atk-0214,Gateway,ControlZone,RoleAssignment,East,DENY,ROLE_INSUFFICIENT,True
2025-09-14T21:29:42Z,SA-0002730,gateway_wrong_zone,atk-0363,Gateway,WriteSensor,RoleAssignment,South,DENY,ZONE_MISMATCH,True
2025-09-14T21:54:23Z,SA-0002731,gateway_wrong_zone,atk-0461,Gateway,ManageRoles,AuditLog,East,DENY,ZONE_MISMATCH,True
2025-09-14T22:37:25Z,SA-0002732,gateway_wrong_zone,atk-0341,Gateway,ManageRoles,IrrigationControl,West,DENY,ROLE_INSUFFICIENT,True
2025-09-14T22:40:38Z,SA-0002733,gateway_wrong_zone,atk-0400,Gateway,ManageRoles,IrrigationControl,South,DENY,CERT_REVOKED,True
2025-09-15T01:59:41Z,SA-0002734,gateway_wrong_zone,atk-0083,Gateway,ReadAudit,AuditLog,North,DENY,POLICY_VIOLATION,True
2025-09-15T03:19:51Z,SA-0002735,gateway_wrong_zone,atk-0087,Gateway,WriteSensor,AuditLog,North,DENY,CERT_REVOKED,True
2025-09-15T04:30:45Z,SA-0002736,gateway_wrong_zone,atk-0137,Gateway,ReadAudit,IrrigationControl,East,DENY,POLICY_VIOLATION,True
2025-09-15T04:49:09Z,SA-0002737,gateway_wrong_zone,atk-0417,Gateway,ControlZone,SensorData,West,DENY,IDS_BLOCKED,True
2025-09-15T05:27:40Z,SA-0002738,gateway_wrong_zone,atk-0279,Gateway,WriteSensor,SensorData,West,DENY,OP_NOT_PERMITTED,True
2025-09-15T07:01:49Z,SA-0002739,gateway_wrong_zone,atk-0395,Gateway,ReadAudit,RoleAssignment,East,DENY,ROLE_INSUFFICIENT,True
2025-09-15T07:56:39Z,SA-0002740,gateway_wrong_zone,atk-0153,Gateway,WriteSensor,RoleAssignment,North,DENY,ROLE_INSUFFICIENT,True
2025-09-15T08:50:32Z,SA-0002741,gateway_wrong_zone,atk-0077,Gateway,WriteSensor,RoleAssignment,East,DENY,IDS_BLOCKED,True
2025-09-15T11:25:00Z,SA-0002742,gateway_wrong_zone,atk-0338,Gateway,ManageRoles,RoleAssignment,East,DENY,ZONE_MISMATCH,True
2025-09-15T11:49:33Z,SA-0002743,gateway_wrong_zone,atk-0290,Gateway,ControlZone,SensorData,East,DENY,POLICY_VIOLATION,True
2025-09-15T12:34:36Z,SA-0002744,gateway_wrong_zone,atk-0299,Gateway,WriteSensor,RoleAssignment,South,DENY,IDS_BLOCKED,True
2025-09-15T12:45:58Z,SA-0002745,gateway_wrong_zone,atk-0050,Gateway,WriteSensor,AuditLog,North,DENY,ZONE_MISMATCH,True
2025-09-15T13:56:45Z,SA-0002746,gateway_wrong_zone,atk-0061,Gateway,ReadAll,IrrigationControl,South,DENY,ROLE_INSUFFICIENT,True
2025-09-15T16:02:50Z,SA-0002747,gateway_wrong_zone,atk-0381,Gateway,WriteSensor,AuditLog,West,DENY,ROLE_INSUFFICIENT,True
2025-09-15T17:26:54Z,SA-0002748,gateway_wrong_zone,atk-0237,Gateway,ControlZone,RoleAssignment,South,DENY,POLICY_VIOLATION,True
2025-09-15T17:38:09Z,SA-0002749,gateway_wrong_zone,atk-0045,Gateway,WriteSensor,IrrigationControl,South,DENY,CERT_REVOKED,True
2025-09-15T19:15:48Z,SA-0002750,gateway_wrong_zone,atk-0187,Gateway,ReadAll,AuditLog,West,DENY,OP_NOT_PERMITTED,True
2025-09-15T21:35:59Z,SA-0002751,gateway_wrong_zone,atk-0241,Gateway,ManageRoles,IrrigationControl,South,DENY,ZONE_MISMATCH,True
2025-09-15T22:15:40Z,SA-0002752,gateway_wrong_zone,atk-0422,Gateway,ReadAudit,AuditLog,South,DENY,IDS_BLOCKED,True
2025-09-15T23:22:43Z,SA-0002753,gateway_wrong_zone,atk-0332,Gateway,ReadAll,SensorData,East,DENY,OP_NOT_PERMITTED,True
2025-09-16T02:28:10Z,SA-0002754,gateway_wrong_zone,atk-0351,Gateway,ManageRoles,AuditLog,West,DENY,OP_NOT_PERMITTED,True
2025-09-16T02:58:29Z,SA-0002755,gateway_wrong_zone,atk-0469,Gateway,ControlZone,AuditLog,South,DENY,CERT_REVOKED,True
2025-09-16T03:45:48Z,SA-0002756,gateway_wrong_zone,atk-0254,Gateway,WriteSensor,IrrigationControl,East,DENY,ROLE_INSUFFICIENT,True
2025-09-16T11:17:54Z,SA-0002757,gateway_wrong_zone,atk-0363,Gateway,ReadAll,RoleAssignment,North,DENY,ZONE_MISMATCH,True
2025-09-16T11:38:06Z,SA-0002758,gateway_wrong_zone,atk-0153,Gateway,ManageRoles,IrrigationControl,East,DENY,POLICY_VIOLATION,True
2025-09-16T11:48:57Z,SA-0002759,gateway_wrong_zone,atk-0060,Gateway,ReadAudit,AuditLog,North,DENY,ROLE_INSUFFICIENT,True
2025-09-16T12:17:51Z,SA-0002760,gateway_wrong_zone,atk-0489,Gateway,ReadAll,SensorData,North,DENY,ROLE_INSUFFICIENT,True
2025-09-16T13:14:33Z,SA-0002761,gateway_wrong_zone,atk-0478,Gateway,WriteSensor,IrrigationControl,East,DENY,ZONE_MISMATCH,True
2025-09-16T13:55:57Z,SA-0002762,gateway_wrong_zone,atk-0438,Gateway,ControlZone,SensorData,South,DENY,CERT_REVOKED,True
2025-09-16T14:09:03Z,SA-0002763,gateway_wrong_zone,atk-0284,Gateway,ManageRoles,RoleAssignment,West,DENY,POLICY_VIOLATION,True
2025-09-16T16:13:34Z,SA-0002764,gateway_wrong_zone,atk-0084,Gateway,ReadAll,RoleAssignment,West,DENY,ZONE_MISMATCH,True
2025-09-16T16:58:04Z,SA-0002765,gateway_wrong_zone,atk-0154,Gateway,ReadAll,AuditLog,South,DENY,ROLE_INSUFFICIENT,True
2025-09-16T17:09:30Z,SA-0002766,gateway_wrong_zone,atk-0411,Gateway,ManageRoles,IrrigationControl,North,DENY,ZONE_MISMATCH,True
2025-09-16T17:09:47Z,SA-0002767,gateway_wrong_zone,atk-0020,Gateway,WriteSensor,IrrigationControl,East,DENY,ZONE_MISMATCH,True
2025-09-16T17:58:52Z,SA-0002768,gateway_wrong_zone,atk-0362,Gateway,ReadAll,IrrigationControl,South,DENY,OP_NOT_PERMITTED,True
2025-09-16T18:18:24Z,SA-0002769,gateway_wrong_zone,atk-0305,Gateway,WriteSensor,SensorData,West,DENY,POLICY_VIOLATION,True
2025-09-16T22:06:28Z,SA-0002770,gateway_wrong_zone,atk-0418,Gateway,ManageRoles,RoleAssignment,West,DENY,IDS_BLOCKED,True
2025-09-17T00:02:29Z,SA-0002771,gateway_wrong_zone,atk-0059,Gateway,ReadAll,AuditLog,North,DENY,CERT_REVOKED,True
2025-09-17T03:20:31Z,SA-0002772,gateway_wrong_zone,atk-0103,Gateway,ManageRoles,IrrigationControl,South,DENY,OP_NOT_PERMITTED,True
2025-09-17T07:11:08Z,SA-0002773,gateway_wrong_zone,atk-0479,Gateway,ManageRoles,AuditLog,West,DENY,OP_NOT_PERMITTED,True
2025-09-17T07:43:24Z,SA-0002774,gateway_wrong_zone,atk-0497,Gateway,ReadAudit,AuditLog,North,DENY,IDS_BLOCKED,True
2025-09-17T07:45:32Z,SA-0002775,gateway_wrong_zone,atk-0048,Gateway,ReadAudit,IrrigationControl,South,DENY,ZONE_MISMATCH,True
2025-09-17T09:42:44Z,SA-0002776,gateway_wrong_zone,atk-0104,Gateway,ManageRoles,SensorData,East,DENY,ROLE_INSUFFICIENT,True
2025-09-17T11:09:03Z,SA-0002777,gateway_wrong_zone,atk-0373,Gateway,ReadAll,IrrigationControl,West,DENY,ZONE_MISMATCH,True
2025-09-17T13:11:47Z,SA-0002778,gateway_wrong_zone,atk-0381,Gateway,ReadAll,SensorData,West,DENY,OP_NOT_PERMITTED,True
2025-09-17T13:29:16Z,SA-0002779,gateway_wrong_zone,atk-0150,Gateway,ControlZone,SensorData,West,DENY,IDS_BLOCKED,True
2025-09-17T14:23:22Z,SA-0002780,gateway_wrong_zone,atk-0150,Gateway,WriteSensor,SensorData,East,DENY,OP_NOT_PERMITTED,True
2025-09-17T15:40:12Z,SA-0002781,gateway_wrong_zone,atk-0319,Gateway,ControlZone,AuditLog,South,DENY,IDS_BLOCKED,True
2025-09-17T19:09:38Z,SA-0002782,gateway_wrong_zone,atk-0275,Gateway,ControlZone,IrrigationControl,West,DENY,CERT_REVOKED,True
2025-09-18T01:16:10Z,SA-0002783,gateway_wrong_zone,atk-0484,Gateway,WriteSensor,AuditLog,East,DENY,POLICY_VIOLATION,True
2025-09-18T02:18:21Z,SA-0002784,gateway_wrong_zone,atk-0010,Gateway,WriteSensor,SensorData,North,DENY,CERT_REVOKED,True
2025-09-18T02:21:10Z,SA-0002785,gateway_wrong_zone,atk-0453,Gateway,WriteSensor,SensorData,East,DENY,POLICY_VIOLATION,True
2025-09-18T03:04:00Z,SA-0002786,gateway_wrong_zone,atk-0215,Gateway,ControlZone,RoleAssignment,East,DENY,IDS_BLOCKED,True
2025-09-18T06:07:31Z,SA-0002787,gateway_wrong_zone,atk-0292,Gateway,ControlZone,AuditLog,North,DENY,ZONE_MISMATCH,True
2025-09-18T06:43:37Z,SA-0002788,gateway_wrong_zone,atk-0016,Gateway,ControlZone,AuditLog,South,DENY,ZONE_MISMATCH,True
2025-09-18T09:13:41Z,SA-0002789,gateway_wrong_zone,atk-0161,Gateway,ControlZone,RoleAssignment,West,DENY,IDS_BLOCKED,True
2025-09-18T09:52:42Z,SA-0002790,gateway_wrong_zone,atk-0490,Gateway,ControlZone,SensorData,East,DENY,IDS_BLOCKED,True
2025-09-18T10:53:04Z,SA-0002791,gateway_wrong_zone,atk-0475,Gateway,WriteSensor,SensorData,West,DENY,ROLE_INSUFFICIENT,True
2025-09-18T12:08:38Z,SA-0002792,gateway_wrong_zone,atk-0325,Gateway,WriteSensor,SensorData,West,DENY,OP_NOT_PERMITTED,True
2025-09-18T17:25:37Z,SA-0002793,gateway_wrong_zone,atk-0346,Gateway,ReadAll,IrrigationControl,West,DENY,IDS_BLOCKED,True
2025-09-18T19:46:16Z,SA-0002794,gateway_wrong_zone,atk-0427,Gateway,ManageRoles,IrrigationControl,North,DENY,CERT_REVOKED,True
2025-09-18T22:21:19Z,SA-0002795,gateway_wrong_zone,atk-0035,Gateway,ControlZone,SensorData,West,DENY,ROLE_INSUFFICIENT,True
2025-09-18T23:33:23Z,SA-0002796,gateway_wrong_zone,atk-0168,Gateway,ManageRoles,SensorData,West,DENY,ROLE_INSUFFICIENT,True
2025-09-19T01:52:18Z,SA-0002797,gateway_wrong_zone,atk-0499,Gateway,ManageRoles,SensorData,West,DENY,ZONE_MISMATCH,True
2025-09-19T02:40:29Z,SA-0002798,gateway_wrong_zone,atk-0064,Gateway,ReadAll,AuditLog,West,DENY,CERT_REVOKED,True
2025-09-19T04:24:35Z,SA-0002799,gateway_wrong_zone,atk-0094,Gateway,ManageRoles,RoleAssignment,East,DENY,ZONE_MISMATCH,True
2025-09-19T05:12:22Z,SA-0002800,gateway_wrong_zone,atk-0067,Gateway,ControlZone,IrrigationControl,West,DENY,CERT_REVOKED,True
2025-09-19T06:29:28Z,SA-0002801,gateway_wrong_zone,atk-0043,Gateway,WriteSensor,RoleAssignment,West,DENY,ROLE_INSUFFICIENT,True
2025-09-19T07:58:38Z,SA-0002802,gateway_wrong_zone,atk-0112,Gateway,ReadAudit,IrrigationControl,East,DENY,OP_NOT_PERMITTED,True
2025-09-19T11:27:28Z,SA-0002803,gateway_wrong_zone,atk-0303,Gateway,ControlZone,IrrigationControl,North,DENY,OP_NOT_PERMITTED,True
2025-09-19T11:46:36Z,SA-0002804,gateway_wrong_zone,atk-0278,Gateway,WriteSensor,IrrigationControl,South,DENY,POLICY_VIOLATION,True
2025-09-19T13:02:44Z,SA-0002805,gateway_wrong_zone,atk-0048,Gateway,WriteSensor,SensorData,West,DENY,ZONE_MISMATCH,True
2025-09-19T14:43:01Z,SA-0002806,gateway_wrong_zone,atk-0297,Gateway,ControlZone,AuditLog,North,DENY,ZONE_MISMATCH,True
2025-09-19T15:50:40Z,SA-0002807,gateway_wrong_zone,atk-0303,Gateway,ControlZone,RoleAssignment,North,DENY,OP_NOT_PERMITTED,True
2025-09-19T16:07:30Z,SA-0002808,gateway_wrong_zone,atk-0084,Gateway,WriteSensor,IrrigationControl,East,DENY,OP_NOT_PERMITTED,True
2025-09-19T16:26:20Z,SA-0002809,gateway_wrong_zone,atk-0260,Gateway,ReadAll,RoleAssignment,West,DENY,POLICY_VIOLATION,True
2025-09-19T18:17:37Z,SA-0002810,gateway_wrong_zone,atk-0080,Gateway,ReadAll,SensorData,West,DENY,POLICY_VIOLATION,True
2025-09-19T18:22:02Z,SA-0002811,gateway_wrong_zone,atk-0362,Gateway,ManageRoles,SensorData,East,DENY,OP_NOT_PERMITTED,True
2025-09-19T18:59:04Z,SA-0002812,gateway_wrong_zone,atk-0269,Gateway,ReadAll,IrrigationControl,West,DENY,IDS_BLOCKED,True
2025-09-19T20:42:03Z,SA-0002813,gateway_wrong_zone,atk-0080,Gateway,ManageRoles,RoleAssignment,East,DENY,POLICY_VIOLATION,True
2025-09-19T20:52:20Z,SA-0002814,gateway_wrong_zone,atk-0146,Gateway,ReadAll,IrrigationControl,North,DENY,ROLE_INSUFFICIENT,True
2025-09-19T22:23:35Z,SA-0002815,gateway_wrong_zone,atk-0074,Gateway,WriteSensor,IrrigationControl,South,DENY,ROLE_INSUFFICIENT,True
2025-09-19T23:15:11Z,SA-0002816,gateway_wrong_zone,atk-0111,Gateway,WriteSensor,AuditLog,South,DENY,OP_NOT_PERMITTED,True
2025-09-19T23:52:04Z,SA-0002817,gateway_wrong_zone,atk-0300,Gateway,ReadAll,AuditLog,South,DENY,POLICY_VIOLATION,True
2025-09-20T00:22:32Z,SA-0002818,gateway_wrong_zone,atk-0365,Gateway,ControlZone,IrrigationControl,South,DENY,ZONE_MISMATCH,True
2025-09-20T03:03:37Z,SA-0002819,gateway_wrong_zone,atk-0061,Gateway,ReadAll,SensorData,South,DENY,ROLE_INSUFFICIENT,True
2025-09-20T03:16:00Z,SA-0002820,gateway_wrong_zone,atk-0350,Gateway,ReadAll,AuditLog,North,DENY,ROLE_INSUFFICIENT,True
2025-09-20T03:47:12Z,SA-0002821,gateway_wrong_zone,atk-0044,Gateway,ControlZone,IrrigationControl,North,DENY,ZONE_MISMATCH,True
2025-09-20T04:17:11Z,SA-0002822,gateway_wrong_zone,atk-0087,Gateway,ReadAudit,SensorData,West,DENY,ZONE_MISMATCH,True
2025-09-20T06:07:10Z,SA-0002823,gateway_wrong_zone,atk-0382,Gateway,WriteSensor,SensorData,South,DENY,POLICY_VIOLATION,True
2025-09-20T07:22:21Z,SA-0002824,gateway_wrong_zone,atk-0395,Gateway,ReadAudit,AuditLog,South,DENY,CERT_REVOKED,True
2025-09-20T10:36:43Z,SA-0002825,gateway_wrong_zone,atk-0023,Gateway,WriteSensor,SensorData,West,DENY,ROLE_INSUFFICIENT,True
2025-09-20T10:49:47Z,SA-0002826,gateway_wrong_zone,atk-0460,Gateway,ManageRoles,RoleAssignment,West,DENY,ROLE_INSUFFICIENT,True
2025-09-20T12:25:34Z,SA-0002827,gateway_wrong_zone,atk-0473,Gateway,ManageRoles,RoleAssignment,East,DENY,ROLE_INSUFFICIENT,True
2025-09-20T12:45:37Z,SA-0002828,gateway_wrong_zone,atk-0156,Gateway,ReadAudit,AuditLog,East,DENY,OP_NOT_PERMITTED,True
2025-09-20T13:26:42Z,SA-0002829,gateway_wrong_zone,atk-0076,Gateway,ManageRoles,SensorData,North,DENY,ROLE_INSUFFICIENT,True
2025-09-20T14:08:37Z,SA-0002830,gateway_wrong_zone,atk-0139,Gateway,ControlZone,IrrigationControl,North,DENY,ROLE_INSUFFICIENT,True
2025-09-20T14:23:47Z,SA-0002831,gateway_wrong_zone,atk-0467,Gateway,ReadAudit,RoleAssignment,South,DENY,CERT_REVOKED,True
2025-09-20T15:11:01Z,SA-0002832,gateway_wrong_zone,atk-0392,Gateway,ControlZone,AuditLog,West,DENY,CERT_REVOKED,True
2025-09-20T19:30:10Z,SA-0002833,gateway_wrong_zone,atk-0175,Gateway,ControlZone,AuditLog,East,DENY,ROLE_INSUFFICIENT,True
2025-09-20T19:42:45Z,SA-0002834,gateway_wrong_zone,atk-0271,Gateway,ReadAll,IrrigationControl,North,DENY,CERT_REVOKED,True
2025-09-20T23:36:00Z,SA-0002835,gateway_wrong_zone,atk-0124,Gateway,ReadAudit,AuditLog,North,DENY,ROLE_INSUFFICIENT,True
2025-09-20T23:58:55Z,SA-0002836,gateway_wrong_zone,atk-0181,Gateway,ManageRoles,RoleAssignment,South,DENY,OP_NOT_PERMITTED,True
2025-09-21T00:30:49Z,SA-0002837,gateway_wrong_zone,atk-0086,Gateway,ReadAudit,RoleAssignment,East,DENY,CERT_REVOKED,True
2025-09-21T00:55:02Z,SA-0002838,gateway_wrong_zone,atk-0189,Gateway,ReadAudit,AuditLog,West,DENY,OP_NOT_PERMITTED,True
2025-09-21T02:35:07Z,SA-0002839,gateway_wrong_zone,atk-0147,Gateway,ReadAudit,SensorData,East,DENY,ROLE_INSUFFICIENT,True
2025-09-21T02:54:00Z,SA-0002840,gateway_wrong_zone,atk-0497,Gateway,ReadAudit,RoleAssignment,East,DENY,ZONE_MISMATCH,True
2025-09-21T02:55:23Z,SA-0002841,gateway_wrong_zone,atk-0102,Gateway,ReadAudit,RoleAssignment,East,DENY,CERT_REVOKED,True
2025-09-21T03:02:54Z,SA-0002842,gateway_wrong_zone,atk-0476,Gateway,WriteSensor,RoleAssignment,West,DENY,ROLE_INSUFFICIENT,True
2025-09-21T06:20:33Z,SA-0002843,gateway_wrong_zone,atk-0447,Gateway,WriteSensor,SensorData,North,DENY,IDS_BLOCKED,True
2025-09-21T07:39:56Z,SA-0002844,gateway_wrong_zone,atk-0452,Gateway,ReadAudit,RoleAssignment,North,DENY,IDS_BLOCKED,True
2025-09-21T08:08:12Z,SA-0002845,gateway_wrong_zone,atk-0360,Gateway,ControlZone,SensorData,South,DENY,POLICY_VIOLATION,True
2025-09-21T08:29:17Z,SA-0002846,gateway_wrong_zone,atk-0243,Gateway,ManageRoles,IrrigationControl,South,DENY,OP_NOT_PERMITTED,True
2025-09-21T10:00:13Z,SA-0002847,gateway_wrong_zone,atk-0023,Gateway,ControlZone,SensorData,West,DENY,IDS_BLOCKED,True
2025-09-21T11:47:07Z,SA-0002848,gateway_wrong_zone,atk-0180,Gateway,ReadAudit,RoleAssignment,East,DENY,ROLE_INSUFFICIENT,True
2025-09-21T11:56:10Z,SA-0002849,gateway_wrong_zone,atk-0378,Gateway,ReadAudit,RoleAssignment,West,DENY,IDS_BLOCKED,True
2025-09-21T13:00:55Z,SA-0002850,gateway_wrong_zone,atk-0113,Gateway,ManageRoles,AuditLog,West,DENY,OP_NOT_PERMITTED,True
2025-09-21T14:15:15Z,SA-0002851,gateway_wrong_zone,atk-0471,Gateway,ReadAudit,RoleAssignment,West,DENY,IDS_BLOCKED,True
2025-09-21T14:50:30Z,SA-0002852,gateway_wrong_zone,atk-0171,Gateway,ManageRoles,RoleAssignment,North,DENY,POLICY_VIOLATION,True
2025-09-21T14:52:27Z,SA-0002853,gateway_wrong_zone,atk-0120,Gateway,ControlZone,AuditLog,South,DENY,ROLE_INSUFFICIENT,True
2025-09-21T14:53:23Z,SA-0002854,gateway_wrong_zone,atk-0010,Gateway,ManageRoles,AuditLog,East,DENY,ZONE_MISMATCH,True
2025-09-21T15:26:21Z,SA-0002855,gateway_wrong_zone,atk-0319,Gateway,ReadAudit,SensorData,North,DENY,OP_NOT_PERMITTED,True
2025-09-21T15:31:07Z,SA-0002856,gateway_wrong_zone,atk-0394,Gateway,ReadAudit,RoleAssignment,East,DENY,IDS_BLOCKED,True
2025-09-21T15:31:33Z,SA-0002857,gateway_wrong_zone,atk-0171,Gateway,ReadAll,AuditLog,East,DENY,IDS_BLOCKED,True
2025-09-21T15:46:14Z,SA-0002858,gateway_wrong_zone,atk-0229,Gateway,ReadAll,AuditLog,South,DENY,OP_NOT_PERMITTED,True
2025-09-21T18:46:38Z,SA-0002859,gateway_wrong_zone,atk-0170,Gateway,ManageRoles,RoleAssignment,North,DENY,ZONE_MISMATCH,True
2025-09-21T20:53:41Z,SA-0002860,gateway_wrong_zone,atk-0239,Gateway,ReadAll,IrrigationControl,East,DENY,ZONE_MISMATCH,True
2025-09-21T21:11:34Z,SA-0002861,gateway_wrong_zone,atk-0256,Gateway,ControlZone,RoleAssignment,West,DENY,ROLE_INSUFFICIENT,True
2025-09-22T00:08:35Z,SA-0002862,gateway_wrong_zone,atk-0054,Gateway,ReadAll,IrrigationControl,South,DENY,CERT_REVOKED,True
2025-09-22T00:24:31Z,SA-0002863,gateway_wrong_zone,atk-0186,Gateway,WriteSensor,IrrigationControl,South,DENY,ZONE_MISMATCH,True
2025-09-22T01:30:55Z,SA-0002864,gateway_wrong_zone,atk-0025,Gateway,ControlZone,AuditLog,North,DENY,OP_NOT_PERMITTED,True
2025-09-22T02:27:52Z,SA-0002865,gateway_wrong_zone,atk-0491,Gateway,ManageRoles,IrrigationControl,East,DENY,IDS_BLOCKED,True
2025-09-22T04:51:57Z,SA-0002866,gateway_wrong_zone,atk-0333,Gateway,ReadAll,AuditLog,East,DENY,OP_NOT_PERMITTED,True
2025-09-22T05:45:35Z,SA-0002867,gateway_wrong_zone,atk-0218,Gateway,ReadAudit,AuditLog,East,DENY,ZONE_MISMATCH,True
2025-09-22T06:41:21Z,SA-0002868,gateway_wrong_zone,atk-0343,Gateway,ControlZone,SensorData,East,DENY,ZONE_MISMATCH,True
2025-09-22T07:32:25Z,SA-0002869,gateway_wrong_zone,atk-0349,Gateway,ReadAll,RoleAssignment,South,DENY,ROLE_INSUFFICIENT,True
2025-09-22T09:11:17Z,SA-0002870,gateway_wrong_zone,atk-0134,Gateway,ReadAll,RoleAssignment,East,DENY,ROLE_INSUFFICIENT,True
2025-09-22T09:26:58Z,SA-0002871,gateway_wrong_zone,atk-0142,Gateway,WriteSensor,SensorData,North,DENY,IDS_BLOCKED,True
2025-09-22T09:58:29Z,SA-0002872,gateway_wrong_zone,atk-0380,Gateway,ReadAudit,SensorData,South,DENY,ROLE_INSUFFICIENT,True
2025-09-22T10:04:59Z,SA-0002873,gateway_wrong_zone,atk-0214,Gateway,WriteSensor,AuditLog,West,DENY,ROLE_INSUFFICIENT,True
2025-09-22T10:17:43Z,SA-0002874,gateway_wrong_zone,atk-0332,Gateway,ReadAudit,AuditLog,South,DENY,POLICY_VIOLATION,True
2025-09-22T12:20:14Z,SA-0002875,gateway_wrong_zone,atk-0414,Gateway,WriteSensor,IrrigationControl,South,DENY,OP_NOT_PERMITTED,True
2025-09-22T12:20:31Z,SA-0002876,gateway_wrong_zone,atk-0082,Gateway,WriteSensor,IrrigationControl,West,DENY,ZONE_MISMATCH,True
2025-09-22T12:30:40Z,SA-0002877,gateway_wrong_zone,atk-0104,Gateway,WriteSensor,RoleAssignment,East,DENY,OP_NOT_PERMITTED,True
2025-09-22T17:38:59Z,SA-0002878,gateway_wrong_zone,atk-0456,Gateway,ReadAll,SensorData,East,DENY,CERT_REVOKED,True
2025-09-22T18:25:05Z,SA-0002879,gateway_wrong_zone,atk-0235,Gateway,ControlZone,AuditLog,South,DENY,IDS_BLOCKED,True
2025-09-22T18:30:30Z,SA-0002880,gateway_wrong_zone,atk-0406,Gateway,ReadAll,RoleAssignment,West,DENY,IDS_BLOCKED,True
2025-09-22T18:45:53Z,SA-0002881,gateway_wrong_zone,atk-0185,Gateway,ReadAll,RoleAssignment,South,DENY,OP_NOT_PERMITTED,True
2025-09-22T19:49:24Z,SA-0002882,gateway_wrong_zone,atk-0364,Gateway,ReadAudit,RoleAssignment,North,DENY,OP_NOT_PERMITTED,True
2025-09-22T20:41:22Z,SA-0002883,gateway_wrong_zone,atk-0016,Gateway,ControlZone,AuditLog,South,DENY,CERT_REVOKED,True
2025-09-22T21:24:08Z,SA-0002884,gateway_wrong_zone,atk-0247,Gateway,ReadAll,AuditLog,North,DENY,POLICY_VIOLATION,True
2025-09-22T23:48:13Z,SA-0002885,gateway_wrong_zone,atk-0157,Gateway,ManageRoles,RoleAssignment,South,DENY,POLICY_VIOLATION,True
2025-09-23T00:32:56Z,SA-0002886,gateway_wrong_zone,atk-0013,Gateway,ManageRoles,IrrigationControl,West,DENY,POLICY_VIOLATION,True
2025-09-23T00:33:50Z,SA-0002887,gateway_wrong_zone,atk-0447,Gateway,ReadAll,SensorData,North,DENY,ROLE_INSUFFICIENT,True
2025-09-23T01:32:41Z,SA-0002888,gateway_wrong_zone,atk-0441,Gateway,ManageRoles,RoleAssignment,North,DENY,ROLE_INSUFFICIENT,True
2025-09-23T03:10:19Z,SA-0002889,gateway_wrong_zone,atk-0244,Gateway,ReadAudit,RoleAssignment,West,DENY,CERT_REVOKED,True
2025-09-23T05:14:43Z,SA-0002890,gateway_wrong_zone,atk-0192,Gateway,WriteSensor,RoleAssignment,North,DENY,IDS_BLOCKED,True
2025-09-23T06:24:18Z,SA-0002891,gateway_wrong_zone,atk-0296,Gateway,ReadAudit,RoleAssignment,East,DENY,IDS_BLOCKED,True
2025-09-23T10:23:40Z,SA-0002892,gateway_wrong_zone,atk-0436,Gateway,ReadAll,SensorData,West,DENY,CERT_REVOKED,True
2025-09-23T12:43:44Z,SA-0002893,gateway_wrong_zone,atk-0123,Gateway,ReadAudit,SensorData,West,DENY,ROLE_INSUFFICIENT,True
2025-09-23T15:19:30Z,SA-0002894,gateway_wrong_zone,atk-0274,Gateway,ControlZone,RoleAssignment,North,DENY,POLICY_VIOLATION,True
2025-09-23T16:29:48Z,SA-0002895,gateway_wrong_zone,atk-0349,Gateway,ReadAll,RoleAssignment,East,DENY,IDS_BLOCKED,True
2025-09-23T16:41:42Z,SA-0002896,gateway_wrong_zone,atk-0326,Gateway,ReadAudit,SensorData,East,DENY,POLICY_VIOLATION,True
2025-09-23T17:05:45Z,SA-0002897,gateway_wrong_zone,atk-0295,Gateway,ReadAll,RoleAssignment,North,DENY,IDS_BLOCKED,True
2025-09-23T18:49:26Z,SA-0002898,gateway_wrong_zone,atk-0123,Gateway,ControlZone,AuditLog,East,DENY,POLICY_VIOLATION,True
2025-09-23T21:00:30Z,SA-0002899,gateway_wrong_zone,atk-0044,Gateway,ReadAll,SensorData,West,DENY,ZONE_MISMATCH,True
2025-09-23T23:42:46Z,SA-0002900,gateway_wrong_zone,atk-0293,Gateway,ManageRoles,RoleAssignment,East,DENY,ROLE_INSUFFICIENT,True
2025-09-24T01:11:52Z,SA-0002901,gateway_wrong_zone,atk-0157,Gateway,ReadAll,RoleAssignment,West,DENY,IDS_BLOCKED,True
2025-09-24T01:22:38Z,SA-0002902,gateway_wrong_zone,atk-0310,Gateway,ReadAudit,AuditLog,North,DENY,CERT_REVOKED,True
2025-09-24T02:42:19Z,SA-0002903,gateway_wrong_zone,atk-0408,Gateway,ManageRoles,AuditLog,East,DENY,ROLE_INSUFFICIENT,True
2025-09-24T05:48:39Z,SA-0002904,gateway_wrong_zone,atk-0236,Gateway,ManageRoles,AuditLog,West,DENY,ZONE_MISMATCH,True
2025-09-24T05:56:33Z,SA-0002905,gateway_wrong_zone,atk-0378,Gateway,ReadAudit,RoleAssignment,North,DENY,ZONE_MISMATCH,True
2025-09-24T06:57:50Z,SA-0002906,gateway_wrong_zone,atk-0267,Gateway,ReadAudit,RoleAssignment,South,DENY,POLICY_VIOLATION,True
2025-09-24T10:50:02Z,SA-0002907,gateway_wrong_zone,atk-0444,Gateway,ManageRoles,RoleAssignment,West,DENY,IDS_BLOCKED,True
2025-09-24T14:09:39Z,SA-0002908,gateway_wrong_zone,atk-0157,Gateway,ControlZone,IrrigationControl,East,DENY,IDS_BLOCKED,True
2025-09-24T15:32:19Z,SA-0002909,gateway_wrong_zone,atk-0240,Gateway,ManageRoles,AuditLog,South,DENY,IDS_BLOCKED,True
2025-09-24T16:07:37Z,SA-0002910,gateway_wrong_zone,atk-0118,Gateway,ControlZone,RoleAssignment,South,DENY,OP_NOT_PERMITTED,True
2025-09-24T16:51:28Z,SA-0002911,gateway_wrong_zone,atk-0214,Gateway,ManageRoles,RoleAssignment,North,DENY,ROLE_INSUFFICIENT,True
2025-09-24T17:17:02Z,SA-0002912,gateway_wrong_zone,atk-0038,Gateway,WriteSensor,RoleAssignment,North,DENY,ROLE_INSUFFICIENT,True
2025-09-24T18:45:11Z,SA-0002913,gateway_wrong_zone,atk-0422,Gateway,WriteSensor,RoleAssignment,West,DENY,ZONE_MISMATCH,True
2025-09-24T20:39:07Z,SA-0002914,gateway_wrong_zone,atk-0457,Gateway,ReadAll,IrrigationControl,North,DENY,OP_NOT_PERMITTED,True
2025-09-24T20:55:28Z,SA-0002915,gateway_wrong_zone,atk-0299,Gateway,WriteSensor,IrrigationControl,North,DENY,CERT_REVOKED,True
2025-09-25T01:13:00Z,SA-0002916,gateway_wrong_zone,atk-0463,Gateway,ReadAudit,AuditLog,South,DENY,ROLE_INSUFFICIENT,True
2025-09-25T03:37:21Z,SA-0002917,gateway_wrong_zone,atk-0400,Gateway,WriteSensor,SensorData,East,DENY,IDS_BLOCKED,True
2025-09-25T04:13:45Z,SA-0002918,gateway_wrong_zone,atk-0263,Gateway,ReadAudit,AuditLog,South,DENY,OP_NOT_PERMITTED,True
2025-09-25T07:26:57Z,SA-0002919,gateway_wrong_zone,atk-0022,Gateway,ControlZone,SensorData,West,DENY,ROLE_INSUFFICIENT,True
2025-09-25T07:53:09Z,SA-0002920,gateway_wrong_zone,atk-0253,Gateway,ManageRoles,RoleAssignment,South,DENY,IDS_BLOCKED,True
2025-09-25T09:45:21Z,SA-0002921,gateway_wrong_zone,atk-0164,Gateway,ControlZone,RoleAssignment,North,DENY,IDS_BLOCKED,True
2025-09-25T11:24:14Z,SA-0002922,gateway_wrong_zone,atk-0084,Gateway,ReadAll,IrrigationControl,West,DENY,IDS_BLOCKED,True
2025-09-25T11:28:02Z,SA-0002923,gateway_wrong_zone,atk-0458,Gateway,ReadAll,SensorData,North,DENY,IDS_BLOCKED,True
2025-09-25T15:04:01Z,SA-0002924,gateway_wrong_zone,atk-0379,Gateway,ManageRoles,IrrigationControl,North,DENY,IDS_BLOCKED,True
2025-09-25T16:09:34Z,SA-0002925,gateway_wrong_zone,atk-0155,Gateway,WriteSensor,RoleAssignment,South,DENY,POLICY_VIOLATION,True
2025-09-25T16:19:04Z,SA-0002926,gateway_wrong_zone,atk-0146,Gateway,ReadAudit,SensorData,North,DENY,CERT_REVOKED,True
2025-09-25T16:54:26Z,SA-0002927,gateway_wrong_zone,atk-0368,Gateway,ReadAudit,SensorData,West,DENY,POLICY_VIOLATION,True
2025-09-25T17:15:01Z,SA-0002928,gateway_wrong_zone,atk-0329,Gateway,ReadAll,AuditLog,South,DENY,IDS_BLOCKED,True
2025-09-25T18:09:45Z,SA-0002929,gateway_wrong_zone,atk-0386,Gateway,ReadAll,AuditLog,North,DENY,OP_NOT_PERMITTED,True
2025-09-25T18:39:55Z,SA-0002930,gateway_wrong_zone,atk-0099,Gateway,ControlZone,RoleAssignment,East,DENY,CERT_REVOKED,True
2025-09-25T23:24:47Z,SA-0002931,gateway_wrong_zone,atk-0169,Gateway,WriteSensor,IrrigationControl,North,DENY,ZONE_MISMATCH,True
2025-09-25T23:58:24Z,SA-0002932,gateway_wrong_zone,atk-0036,Gateway,ReadAudit,SensorData,East,DENY,ROLE_INSUFFICIENT,True
2025-09-26T07:49:19Z,SA-0002933,gateway_wrong_zone,atk-0415,Gateway,ReadAll,AuditLog,South,DENY,OP_NOT_PERMITTED,True
2025-09-26T07:57:31Z,SA-0002934,gateway_wrong_zone,atk-0235,Gateway,ManageRoles,RoleAssignment,South,DENY,IDS_BLOCKED,True
2025-09-26T08:11:24Z,SA-0002935,gateway_wrong_zone,atk-0272,Gateway,WriteSensor,RoleAssignment,North,DENY,OP_NOT_PERMITTED,True
2025-09-26T08:19:16Z,SA-0002936,gateway_wrong_zone,atk-0487,Gateway,WriteSensor,RoleAssignment,West,DENY,POLICY_VIOLATION,True
2025-09-26T14:21:13Z,SA-0002937,gateway_wrong_zone,atk-0218,Gateway,ReadAll,RoleAssignment,North,DENY,CERT_REVOKED,True
2025-09-26T14:24:46Z,SA-0002938,gateway_wrong_zone,atk-0255,Gateway,ManageRoles,IrrigationControl,East,DENY,ROLE_INSUFFICIENT,True
2025-09-26T16:55:49Z,SA-0002939,gateway_wrong_zone,atk-0036,Gateway,ControlZone,AuditLog,East,DENY,ZONE_MISMATCH,True
2025-09-26T18:00:24Z,SA-0002940,gateway_wrong_zone,atk-0414,Gateway,ReadAudit,SensorData,South,DENY,ROLE_INSUFFICIENT,True
2025-09-26T19:17:04Z,SA-0002941,gateway_wrong_zone,atk-0346,Gateway,ManageRoles,IrrigationControl,West,DENY,IDS_BLOCKED,True
2025-09-26T20:07:55Z,SA-0002942,gateway_wrong_zone,atk-0393,Gateway,WriteSensor,IrrigationControl,South,DENY,OP_NOT_PERMITTED,True
2025-09-26T21:31:14Z,SA-0002943,gateway_wrong_zone,atk-0429,Gateway,ControlZone,IrrigationControl,West,DENY,POLICY_VIOLATION,True
2025-09-27T02:48:05Z,SA-0002944,gateway_wrong_zone,atk-0244,Gateway,ReadAudit,AuditLog,East,DENY,CERT_REVOKED,True
2025-09-27T03:48:33Z,SA-0002945,gateway_wrong_zone,atk-0362,Gateway,ManageRoles,SensorData,South,DENY,ROLE_INSUFFICIENT,True
2025-09-27T04:34:59Z,SA-0002946,gateway_wrong_zone,atk-0013,Gateway,ControlZone,AuditLog,South,DENY,ZONE_MISMATCH,True
2025-09-27T04:55:42Z,SA-0002947,gateway_wrong_zone,atk-0148,Gateway,WriteSensor,RoleAssignment,South,DENY,IDS_BLOCKED,True
2025-09-27T06:19:43Z,SA-0002948,gateway_wrong_zone,atk-0486,Gateway,ReadAll,RoleAssignment,North,DENY,ZONE_MISMATCH,True
2025-09-27T07:18:11Z,SA-0002949,gateway_wrong_zone,atk-0150,Gateway,ReadAll,AuditLog,North,DENY,ZONE_MISMATCH,True
2025-09-27T08:07:20Z,SA-0002950,gateway_wrong_zone,atk-0014,Gateway,ReadAll,SensorData,West,DENY,ZONE_MISMATCH,True
2025-09-27T09:44:47Z,SA-0002951,gateway_wrong_zone,atk-0337,Gateway,ReadAll,SensorData,East,DENY,OP_NOT_PERMITTED,True
2025-09-27T11:30:05Z,SA-0002952,gateway_wrong_zone,atk-0260,Gateway,WriteSensor,IrrigationControl,West,DENY,OP_NOT_PERMITTED,True
2025-09-27T13:59:31Z,SA-0002953,gateway_wrong_zone,atk-0130,Gateway,ReadAll,SensorData,South,DENY,CERT_REVOKED,True
2025-09-27T14:30:34Z,SA-0002954,gateway_wrong_zone,atk-0479,Gateway,WriteSensor,AuditLog,North,DENY,CERT_REVOKED,True
2025-09-27T15:49:08Z,SA-0002955,gateway_wrong_zone,atk-0052,Gateway,WriteSensor,AuditLog,East,DENY,IDS_BLOCKED,True
2025-09-27T18:44:18Z,SA-0002956,gateway_wrong_zone,atk-0239,Gateway,ControlZone,SensorData,South,DENY,IDS_BLOCKED,True
2025-09-27T21:32:33Z,SA-0002957,gateway_wrong_zone,atk-0357,Gateway,ControlZone,SensorData,North,DENY,CERT_REVOKED,True
2025-09-27T21:41:40Z,SA-0002958,gateway_wrong_zone,atk-0121,Gateway,ReadAudit,AuditLog,South,DENY,POLICY_VIOLATION,True
2025-09-27T22:21:48Z,SA-0002959,gateway_wrong_zone,atk-0376,Gateway,ControlZone,RoleAssignment,East,DENY,IDS_BLOCKED,True
2025-09-27T23:34:54Z,SA-0002960,gateway_wrong_zone,atk-0281,Gateway,ManageRoles,RoleAssignment,South,DENY,ZONE_MISMATCH,True
2025-09-28T00:12:09Z,SA-0002961,gateway_wrong_zone,atk-0099,Gateway,ManageRoles,AuditLog,South,DENY,CERT_REVOKED,True
2025-09-28T01:36:49Z,SA-0002962,gateway_wrong_zone,atk-0240,Gateway,ControlZone,RoleAssignment,North,DENY,ZONE_MISMATCH,True
2025-09-28T03:10:13Z,SA-0002963,gateway_wrong_zone,atk-0061,Gateway,ReadAll,RoleAssignment,East,DENY,OP_NOT_PERMITTED,True
2025-09-28T04:00:06Z,SA-0002964,gateway_wrong_zone,atk-0235,Gateway,WriteSensor,SensorData,East,DENY,IDS_BLOCKED,True
2025-09-28T04:56:14Z,SA-0002965,gateway_wrong_zone,atk-0398,Gateway,ControlZone,AuditLog,South,DENY,OP_NOT_PERMITTED,True
2025-09-28T06:52:59Z,SA-0002966,gateway_wrong_zone,atk-0066,Gateway,ReadAll,RoleAssignment,West,DENY,CERT_REVOKED,True
2025-09-28T07:36:45Z,SA-0002967,gateway_wrong_zone,atk-0496,Gateway,ReadAudit,SensorData,East,DENY,OP_NOT_PERMITTED,True
2025-09-28T08:20:20Z,SA-0002968,gateway_wrong_zone,atk-0173,Gateway,ReadAudit,IrrigationControl,East,DENY,OP_NOT_PERMITTED,True
2025-09-28T09:18:23Z,SA-0002969,gateway_wrong_zone,atk-0433,Gateway,ManageRoles,RoleAssignment,North,DENY,ZONE_MISMATCH,True
2025-09-28T10:27:58Z,SA-0002970,gateway_wrong_zone,atk-0172,Gateway,ControlZone,IrrigationControl,North,DENY,ROLE_INSUFFICIENT,True
2025-09-28T11:10:37Z,SA-0002971,gateway_wrong_zone,atk-0290,Gateway,WriteSensor,IrrigationControl,West,DENY,CERT_REVOKED,True
2025-09-28T15:30:07Z,SA-0002972,gateway_wrong_zone,atk-0113,Gateway,ReadAll,AuditLog,West,DENY,POLICY_VIOLATION,True
2025-09-28T17:43:51Z,SA-0002973,gateway_wrong_zone,atk-0168,Gateway,ReadAudit,SensorData,East,DENY,IDS_BLOCKED,True
2025-09-28T21:22:50Z,SA-0002974,gateway_wrong_zone,atk-0114,Gateway,ControlZone,SensorData,East,DENY,POLICY_VIOLATION,True
2025-09-28T21:36:01Z,SA-0002975,gateway_wrong_zone,atk-0343,Gateway,ReadAudit,RoleAssignment,North,DENY,ZONE_MISMATCH,True
2025-09-28T21:58:01Z,SA-0002976,gateway_wrong_zone,atk-0248,Gateway,ReadAudit,RoleAssignment,East,DENY,OP_NOT_PERMITTED,True
2025-09-28T23:28:06Z,SA-0002977,gateway_wrong_zone,atk-0141,Gateway,ControlZone,SensorData,East,DENY,POLICY_VIOLATION,True
2025-09-28T23:57:31Z,SA-0002978,gateway_wrong_zone,atk-0067,Gateway,WriteSensor,IrrigationControl,West,DENY,CERT_REVOKED,True
2025-09-29T01:09:08Z,SA-0002979,gateway_wrong_zone,atk-0335,Gateway,ReadAll,SensorData,West,DENY,ZONE_MISMATCH,True
2025-09-29T07:10:21Z,SA-0002980,gateway_wrong_zone,atk-0320,Gateway,ReadAudit,RoleAssignment,West,DENY,OP_NOT_PERMITTED,True
2025-09-29T11:33:37Z,SA-0002981,gateway_wrong_zone,atk-0407,Gateway,ReadAll,AuditLog,East,DENY,ROLE_INSUFFICIENT,True
2025-09-29T12:25:26Z,SA-0002982,gateway_wrong_zone,atk-0436,Gateway,ControlZone,RoleAssignment,South,DENY,OP_NOT_PERMITTED,True
2025-09-29T12:31:36Z,SA-0002983,gateway_wrong_zone,atk-0269,Gateway,ReadAll,AuditLog,South,DENY,ROLE_INSUFFICIENT,True
2025-09-29T13:09:07Z,SA-0002984,gateway_wrong_zone,atk-0218,Gateway,ReadAll,IrrigationControl,North,DENY,CERT_REVOKED,True
2025-09-29T13:44:03Z,SA-0002985,gateway_wrong_zone,atk-0394,Gateway,WriteSensor,SensorData,North,DENY,POLICY_VIOLATION,True
2025-09-29T15:08:05Z,SA-0002986,gateway_wrong_zone,atk-0194,Gateway,ReadAudit,AuditLog,East,DENY,CERT_REVOKED,True
2025-09-29T16:05:35Z,SA-0002987,gateway_wrong_zone,atk-0082,Gateway,ReadAudit,RoleAssignment,West,DENY,ZONE_MISMATCH,True
2025-09-29T21:54:18Z,SA-0002988,gateway_wrong_zone,atk-0008,Gateway,ReadAll,IrrigationControl,South,DENY,OP_NOT_PERMITTED,True
2025-09-30T08:07:26Z,SA-0002989,gateway_wrong_zone,atk-0040,Gateway,ManageRoles,IrrigationControl,East,DENY,CERT_REVOKED,True
2025-09-30T08:45:53Z,SA-0002990,gateway_wrong_zone,atk-0115,Gateway,WriteSensor,RoleAssignment,North,DENY,ROLE_INSUFFICIENT,True
2025-09-30T11:00:34Z,SA-0002991,gateway_wrong_zone,atk-0152,Gateway,ReadAll,AuditLog,South,DENY,POLICY_VIOLATION,True
2025-09-30T11:33:05Z,SA-0002992,gateway_wrong_zone,atk-0024,Gateway,ManageRoles,RoleAssignment,North,DENY,ROLE_INSUFFICIENT,True
2025-09-30T11:55:30Z,SA-0002993,gateway_wrong_zone,atk-0179,Gateway,ReadAll,IrrigationControl,West,DENY,CERT_REVOKED,True
2025-09-30T16:13:25Z,SA-0002994,gateway_wrong_zone,atk-0356,Gateway,ReadAudit,SensorData,South,DENY,OP_NOT_PERMITTED,True
2025-09-30T17:14:27Z,SA-0002995,gateway_wrong_zone,atk-0499,Gateway,WriteSensor,SensorData,North,DENY,ZONE_MISMATCH,True
2025-09-30T18:27:39Z,SA-0002996,gateway_wrong_zone,atk-0090,Gateway,ControlZone,RoleAssignment,East,DENY,ROLE_INSUFFICIENT,True
2025-09-30T18:31:31Z,SA-0002997,gateway_wrong_zone,atk-0130,Gateway,ReadAudit,SensorData,South,DENY,ZONE_MISMATCH,True
2025-09-30T18:48:16Z,SA-0002998,gateway_wrong_zone,atk-0213,Gateway,ManageRoles,SensorData,North,DENY,POLICY_VIOLATION,True
2025-09-30T20:18:35Z,SA-0002999,gateway_wrong_zone,atk-0016,Gateway,ControlZone,AuditLog,North,DENY,POLICY_VIOLATION,True
2025-09-30T21:24:07Z,SA-0003000,gateway_wrong_zone,atk-0299,Gateway,ReadAll,RoleAssignment,East,DENY,POLICY_VIOLATION,True
2025-08-01T01:05:27Z,SA-0003001,farmer_assign_role,atk-0022,Farmer,ControlZone,AuditLog,West,DENY,POLICY_VIOLATION,True
2025-08-01T03:49:28Z,SA-0003002,farmer_assign_role,atk-0466,Farmer,ControlZone,SensorData,North,DENY,ROLE_INSUFFICIENT,True
2025-08-01T04:37:25Z,SA-0003003,farmer_assign_role,atk-0475,Farmer,ControlZone,RoleAssignment,East,DENY,ZONE_MISMATCH,True
2025-08-01T05:48:54Z,SA-0003004,farmer_assign_role,atk-0259,Farmer,ManageRoles,SensorData,East,DENY,ROLE_INSUFFICIENT,True
2025-08-01T06:40:16Z,SA-0003005,farmer_assign_role,atk-0470,Farmer,ReadAll,SensorData,East,DENY,ROLE_INSUFFICIENT,True
2025-08-01T08:51:46Z,SA-0003006,farmer_assign_role,atk-0408,Farmer,ReadAll,SensorData,North,DENY,IDS_BLOCKED,True
2025-08-01T08:59:26Z,SA-0003007,farmer_assign_role,atk-0384,Farmer,ReadAudit,RoleAssignment,East,DENY,CERT_REVOKED,True
2025-08-01T12:17:44Z,SA-0003008,farmer_assign_role,atk-0175,Farmer,ReadAudit,AuditLog,South,DENY,ZONE_MISMATCH,True
2025-08-01T13:43:26Z,SA-0003009,farmer_assign_role,atk-0109,Farmer,ReadAll,RoleAssignment,East,DENY,OP_NOT_PERMITTED,True
2025-08-01T14:16:39Z,SA-0003010,farmer_assign_role,atk-0235,Farmer,ControlZone,SensorData,South,DENY,ZONE_MISMATCH,True
2025-08-01T16:46:35Z,SA-0003011,farmer_assign_role,atk-0069,Farmer,WriteSensor,SensorData,South,DENY,IDS_BLOCKED,True
2025-08-01T17:04:10Z,SA-0003012,farmer_assign_role,atk-0203,Farmer,ManageRoles,SensorData,North,DENY,ROLE_INSUFFICIENT,True
2025-08-01T18:53:37Z,SA-0003013,farmer_assign_role,atk-0076,Farmer,ReadAudit,RoleAssignment,South,DENY,CERT_REVOKED,True
2025-08-01T20:46:05Z,SA-0003014,farmer_assign_role,atk-0257,Farmer,WriteSensor,AuditLog,North,DENY,POLICY_VIOLATION,True
2025-08-02T01:28:59Z,SA-0003015,farmer_assign_role,atk-0138,Farmer,ReadAudit,RoleAssignment,East,DENY,ZONE_MISMATCH,True
2025-08-02T02:28:46Z,SA-0003016,farmer_assign_role,atk-0278,Farmer,ReadAll,RoleAssignment,West,DENY,ROLE_INSUFFICIENT,True
2025-08-02T03:36:57Z,SA-0003017,farmer_assign_role,atk-0371,Farmer,ReadAll,AuditLog,North,DENY,ZONE_MISMATCH,True
2025-08-02T05:07:48Z,SA-0003018,farmer_assign_role,atk-0487,Farmer,ManageRoles,SensorData,North,DENY,CERT_REVOKED,True
2025-08-02T05:51:49Z,SA-0003019,farmer_assign_role,atk-0217,Farmer,ManageRoles,SensorData,West,DENY,IDS_BLOCKED,True
2025-08-02T09:40:10Z,SA-0003020,farmer_assign_role,atk-0290,Farmer,ControlZone,RoleAssignment,North,DENY,ROLE_INSUFFICIENT,True
2025-08-02T09:53:57Z,SA-0003021,farmer_assign_role,atk-0257,Farmer,ReadAudit,RoleAssignment,South,DENY,CERT_REVOKED,True
2025-08-02T09:58:47Z,SA-0003022,farmer_assign_role,atk-0261,Farmer,ManageRoles,AuditLog,West,DENY,ZONE_MISMATCH,True
2025-08-02T11:46:05Z,SA-0003023,farmer_assign_role,atk-0470,Farmer,ReadAll,SensorData,South,DENY,IDS_BLOCKED,True
2025-08-02T13:21:15Z,SA-0003024,farmer_assign_role,atk-0492,Farmer,WriteSensor,AuditLog,South,DENY,ROLE_INSUFFICIENT,True
2025-08-02T14:03:35Z,SA-0003025,farmer_assign_role,atk-0131,Farmer,WriteSensor,RoleAssignment,South,DENY,POLICY_VIOLATION,True
2025-08-02T15:54:24Z,SA-0003026,farmer_assign_role,atk-0238,Farmer,ReadAll,SensorData,South,DENY,OP_NOT_PERMITTED,True
2025-08-02T16:10:17Z,SA-0003027,farmer_assign_role,atk-0302,Farmer,ManageRoles,SensorData,South,DENY,ZONE_MISMATCH,True
2025-08-02T17:12:14Z,SA-0003028,farmer_assign_role,atk-0055,Farmer,ReadAudit,IrrigationControl,East,DENY,CERT_REVOKED,True
2025-08-02T20:40:45Z,SA-0003029,farmer_assign_role,atk-0033,Farmer,ManageRoles,AuditLog,East,DENY,POLICY_VIOLATION,True
2025-08-02T21:06:03Z,SA-0003030,farmer_assign_role,atk-0432,Farmer,WriteSensor,AuditLog,North,DENY,ROLE_INSUFFICIENT,True
2025-08-02T21:35:04Z,SA-0003031,farmer_assign_role,atk-0415,Farmer,ControlZone,IrrigationControl,East,DENY,ZONE_MISMATCH,True
2025-08-02T22:34:02Z,SA-0003032,farmer_assign_role,atk-0069,Farmer,ReadAudit,SensorData,West,DENY,CERT_REVOKED,True
2025-08-03T02:20:15Z,SA-0003033,farmer_assign_role,atk-0026,Farmer,ReadAll,AuditLog,North,DENY,CERT_REVOKED,True
2025-08-03T03:23:56Z,SA-0003034,farmer_assign_role,atk-0017,Farmer,ReadAudit,SensorData,South,DENY,ROLE_INSUFFICIENT,True
2025-08-03T04:18:22Z,SA-0003035,farmer_assign_role,atk-0370,Farmer,ReadAll,RoleAssignment,East,DENY,CERT_REVOKED,True
2025-08-03T08:23:21Z,SA-0003036,farmer_assign_role,atk-0155,Farmer,WriteSensor,RoleAssignment,West,DENY,OP_NOT_PERMITTED,True
2025-08-03T10:21:57Z,SA-0003037,farmer_assign_role,atk-0043,Farmer,ReadAll,AuditLog,South,DENY,IDS_BLOCKED,True
2025-08-03T14:07:03Z,SA-0003038,farmer_assign_role,atk-0283,Farmer,ControlZone,IrrigationControl,South,DENY,POLICY_VIOLATION,True
2025-08-03T14:27:57Z,SA-0003039,farmer_assign_role,atk-0300,Farmer,ReadAll,SensorData,East,DENY,OP_NOT_PERMITTED,True
2025-08-03T14:40:47Z,SA-0003040,farmer_assign_role,atk-0355,Farmer,ManageRoles,SensorData,South,DENY,ZONE_MISMATCH,True
2025-08-03T15:17:06Z,SA-0003041,farmer_assign_role,atk-0314,Farmer,ReadAll,RoleAssignment,North,DENY,ZONE_MISMATCH,True
2025-08-03T15:58:56Z,SA-0003042,farmer_assign_role,atk-0044,Farmer,ReadAudit,SensorData,West,DENY,POLICY_VIOLATION,True
2025-08-03T16:12:21Z,SA-0003043,farmer_assign_role,atk-0485,Farmer,WriteSensor,SensorData,East,DENY,POLICY_VIOLATION,True
2025-08-03T16:57:15Z,SA-0003044,farmer_assign_role,atk-0294,Farmer,ReadAll,IrrigationControl,West,DENY,POLICY_VIOLATION,True
2025-08-03T18:50:52Z,SA-0003045,farmer_assign_role,atk-0325,Farmer,ControlZone,AuditLog,North,DENY,POLICY_VIOLATION,True
2025-08-03T20:31:04Z,SA-0003046,farmer_assign_role,atk-0300,Farmer,ControlZone,IrrigationControl,North,DENY,CERT_REVOKED,True
2025-08-03T22:46:20Z,SA-0003047,farmer_assign_role,atk-0134,Farmer,ReadAll,SensorData,East,DENY,CERT_REVOKED,True
2025-08-04T00:35:10Z,SA-0003048,farmer_assign_role,atk-0121,Farmer,ReadAll,SensorData,East,DENY,OP_NOT_PERMITTED,True
2025-08-04T02:03:08Z,SA-0003049,farmer_assign_role,atk-0054,Farmer,WriteSensor,SensorData,North,DENY,ZONE_MISMATCH,True
2025-08-04T03:57:32Z,SA-0003050,farmer_assign_role,atk-0368,Farmer,ReadAll,IrrigationControl,West,DENY,IDS_BLOCKED,True
2025-08-04T06:43:48Z,SA-0003051,farmer_assign_role,atk-0429,Farmer,ManageRoles,AuditLog,South,DENY,ROLE_INSUFFICIENT,True
2025-08-04T07:02:47Z,SA-0003052,farmer_assign_role,atk-0010,Farmer,ControlZone,SensorData,East,DENY,POLICY_VIOLATION,True
2025-08-04T07:14:52Z,SA-0003053,farmer_assign_role,atk-0270,Farmer,ReadAll,AuditLog,East,DENY,CERT_REVOKED,True
2025-08-04T07:27:48Z,SA-0003054,farmer_assign_role,atk-0216,Farmer,ControlZone,RoleAssignment,North,DENY,OP_NOT_PERMITTED,True
2025-08-04T08:26:50Z,SA-0003055,farmer_assign_role,atk-0471,Farmer,WriteSensor,IrrigationControl,East,DENY,IDS_BLOCKED,True
2025-08-04T09:10:45Z,SA-0003056,farmer_assign_role,atk-0481,Farmer,ManageRoles,AuditLog,East,DENY,IDS_BLOCKED,True
2025-08-04T12:54:43Z,SA-0003057,farmer_assign_role,atk-0433,Farmer,WriteSensor,AuditLog,South,DENY,ROLE_INSUFFICIENT,True
2025-08-04T14:19:48Z,SA-0003058,farmer_assign_role,atk-0476,Farmer,ManageRoles,SensorData,East,DENY,IDS_BLOCKED,True
2025-08-04T17:16:47Z,SA-0003059,farmer_assign_role,atk-0037,Farmer,ManageRoles,AuditLog,North,DENY,IDS_BLOCKED,True
2025-08-04T17:21:07Z,SA-0003060,farmer_assign_role,atk-0252,Farmer,WriteSensor,AuditLog,West,DENY,ZONE_MISMATCH,True
2025-08-04T18:10:36Z,SA-0003061,farmer_assign_role,atk-0443,Farmer,ManageRoles,SensorData,North,DENY,POLICY_VIOLATION,True
2025-08-04T18:34:23Z,SA-0003062,farmer_assign_role,atk-0344,Farmer,ReadAll,IrrigationControl,North,DENY,POLICY_VIOLATION,True
2025-08-04T19:12:57Z,SA-0003063,farmer_assign_role,atk-0428,Farmer,ReadAll,SensorData,South,DENY,ROLE_INSUFFICIENT,True
2025-08-04T19:24:58Z,SA-0003064,farmer_assign_role,atk-0217,Farmer,ReadAudit,AuditLog,East,DENY,OP_NOT_PERMITTED,True
2025-08-04T22:25:21Z,SA-0003065,farmer_assign_role,atk-0016,Farmer,ManageRoles,IrrigationControl,East,DENY,ROLE_INSUFFICIENT,True
2025-08-04T23:40:31Z,SA-0003066,farmer_assign_role,atk-0465,Farmer,WriteSensor,AuditLog,South,DENY,IDS_BLOCKED,True
2025-08-04T23:43:39Z,SA-0003067,farmer_assign_role,atk-0087,Farmer,WriteSensor,SensorData,South,DENY,ZONE_MISMATCH,True
2025-08-05T00:59:45Z,SA-0003068,farmer_assign_role,atk-0051,Farmer,ReadAudit,IrrigationControl,South,DENY,POLICY_VIOLATION,True
2025-08-05T01:11:51Z,SA-0003069,farmer_assign_role,atk-0056,Farmer,ControlZone,AuditLog,South,DENY,OP_NOT_PERMITTED,True
2025-08-05T01:39:07Z,SA-0003070,farmer_assign_role,atk-0410,Farmer,ReadAll,SensorData,North,DENY,OP_NOT_PERMITTED,True
2025-08-05T02:35:54Z,SA-0003071,farmer_assign_role,atk-0191,Farmer,ManageRoles,AuditLog,South,DENY,ROLE_INSUFFICIENT,True
2025-08-05T03:24:06Z,SA-0003072,farmer_assign_role,atk-0026,Farmer,ReadAudit,AuditLog,South,DENY,POLICY_VIOLATION,True
2025-08-05T08:41:24Z,SA-0003073,farmer_assign_role,atk-0105,Farmer,ReadAudit,SensorData,East,DENY,POLICY_VIOLATION,True
2025-08-05T09:36:33Z,SA-0003074,farmer_assign_role,atk-0111,Farmer,ReadAll,IrrigationControl,South,DENY,POLICY_VIOLATION,True
2025-08-05T09:55:52Z,SA-0003075,farmer_assign_role,atk-0479,Farmer,ControlZone,SensorData,South,DENY,ROLE_INSUFFICIENT,True
2025-08-05T10:13:30Z,SA-0003076,farmer_assign_role,atk-0421,Farmer,ControlZone,SensorData,East,DENY,CERT_REVOKED,True
2025-08-05T11:49:47Z,SA-0003077,farmer_assign_role,atk-0430,Farmer,ControlZone,IrrigationControl,South,DENY,ROLE_INSUFFICIENT,True
2025-08-05T12:09:57Z,SA-0003078,farmer_assign_role,atk-0092,Farmer,ReadAudit,SensorData,South,DENY,POLICY_VIOLATION,True
2025-08-05T16:30:59Z,SA-0003079,farmer_assign_role,atk-0282,Farmer,ReadAudit,AuditLog,West,DENY,POLICY_VIOLATION,True
2025-08-05T17:45:37Z,SA-0003080,farmer_assign_role,atk-0067,Farmer,ManageRoles,RoleAssignment,North,DENY,ZONE_MISMATCH,True
2025-08-05T21:06:03Z,SA-0003081,farmer_assign_role,atk-0105,Farmer,ReadAudit,AuditLog,West,DENY,CERT_REVOKED,True
2025-08-05T21:09:38Z,SA-0003082,farmer_assign_role,atk-0394,Farmer,WriteSensor,RoleAssignment,North,DENY,ZONE_MISMATCH,True
2025-08-05T22:41:54Z,SA-0003083,farmer_assign_role,atk-0249,Farmer,ControlZone,SensorData,North,DENY,IDS_BLOCKED,True
2025-08-05T23:56:12Z,SA-0003084,farmer_assign_role,atk-0278,Farmer,ReadAudit,AuditLog,North,DENY,ROLE_INSUFFICIENT,True
2025-08-06T00:40:35Z,SA-0003085,farmer_assign_role,atk-0389,Farmer,ManageRoles,RoleAssignment,North,DENY,CERT_REVOKED,True
2025-08-06T01:27:06Z,SA-0003086,farmer_assign_role,atk-0294,Farmer,ControlZone,AuditLog,North,DENY,ZONE_MISMATCH,True
2025-08-06T05:37:56Z,SA-0003087,farmer_assign_role,atk-0048,Farmer,ControlZone,RoleAssignment,West,DENY,ROLE_INSUFFICIENT,True
2025-08-06T06:15:59Z,SA-0003088,farmer_assign_role,atk-0261,Farmer,ManageRoles,RoleAssignment,East,DENY,ROLE_INSUFFICIENT,True
2025-08-06T06:23:39Z,SA-0003089,farmer_assign_role,atk-0011,Farmer,WriteSensor,AuditLog,West,DENY,POLICY_VIOLATION,True
2025-08-06T07:25:36Z,SA-0003090,farmer_assign_role,atk-0052,Farmer,WriteSensor,SensorData,West,DENY,ROLE_INSUFFICIENT,True
2025-08-06T09:45:29Z,SA-0003091,farmer_assign_role,atk-0200,Farmer,WriteSensor,SensorData,West,DENY,ROLE_INSUFFICIENT,True
2025-08-06T11:25:04Z,SA-0003092,farmer_assign_role,atk-0332,Farmer,ManageRoles,RoleAssignment,South,DENY,ROLE_INSUFFICIENT,True
2025-08-06T15:37:15Z,SA-0003093,farmer_assign_role,atk-0139,Farmer,ControlZone,RoleAssignment,West,DENY,CERT_REVOKED,True
2025-08-06T16:16:01Z,SA-0003094,farmer_assign_role,atk-0344,Farmer,ReadAll,IrrigationControl,East,DENY,OP_NOT_PERMITTED,True
2025-08-06T17:51:27Z,SA-0003095,farmer_assign_role,atk-0382,Farmer,WriteSensor,AuditLog,East,DENY,IDS_BLOCKED,True
2025-08-06T18:26:23Z,SA-0003096,farmer_assign_role,atk-0083,Farmer,ReadAll,IrrigationControl,West,DENY,OP_NOT_PERMITTED,True
2025-08-06T19:37:00Z,SA-0003097,farmer_assign_role,atk-0129,Farmer,ManageRoles,SensorData,South,DENY,ROLE_INSUFFICIENT,True
2025-08-06T19:55:35Z,SA-0003098,farmer_assign_role,atk-0205,Farmer,ReadAudit,AuditLog,West,DENY,CERT_REVOKED,True
2025-08-06T20:23:24Z,SA-0003099,farmer_assign_role,atk-0011,Farmer,ReadAudit,IrrigationControl,East,DENY,OP_NOT_PERMITTED,True
2025-08-06T21:19:02Z,SA-0003100,farmer_assign_role,atk-0304,Farmer,WriteSensor,SensorData,North,DENY,POLICY_VIOLATION,True
2025-08-06T21:40:56Z,SA-0003101,farmer_assign_role,atk-0288,Farmer,ReadAudit,RoleAssignment,West,DENY,POLICY_VIOLATION,True
2025-08-06T22:14:59Z,SA-0003102,farmer_assign_role,atk-0266,Farmer,ReadAll,IrrigationControl,South,DENY,OP_NOT_PERMITTED,True
2025-08-06T23:36:09Z,SA-0003103,farmer_assign_role,atk-0164,Farmer,ControlZone,SensorData,South,DENY,POLICY_VIOLATION,True
2025-08-07T00:21:42Z,SA-0003104,farmer_assign_role,atk-0067,Farmer,ManageRoles,SensorData,South,DENY,ZONE_MISMATCH,True
2025-08-07T03:54:11Z,SA-0003105,farmer_assign_role,atk-0327,Farmer,ControlZone,AuditLog,East,DENY,ZONE_MISMATCH,True
2025-08-07T04:09:10Z,SA-0003106,farmer_assign_role,atk-0168,Farmer,ManageRoles,SensorData,South,DENY,ZONE_MISMATCH,True
2025-08-07T07:21:38Z,SA-0003107,farmer_assign_role,atk-0481,Farmer,ReadAudit,IrrigationControl,North,DENY,ROLE_INSUFFICIENT,True
2025-08-07T08:20:22Z,SA-0003108,farmer_assign_role,atk-0006,Farmer,WriteSensor,RoleAssignment,East,DENY,ZONE_MISMATCH,True
2025-08-07T08:36:57Z,SA-0003109,farmer_assign_role,atk-0414,Farmer,ReadAll,RoleAssignment,East,DENY,OP_NOT_PERMITTED,True
2025-08-07T08:47:31Z,SA-0003110,farmer_assign_role,atk-0219,Farmer,WriteSensor,AuditLog,North,DENY,ROLE_INSUFFICIENT,True
2025-08-07T09:34:55Z,SA-0003111,farmer_assign_role,atk-0009,Farmer,ManageRoles,IrrigationControl,East,DENY,ROLE_INSUFFICIENT,True
2025-08-07T12:18:15Z,SA-0003112,farmer_assign_role,atk-0457,Farmer,WriteSensor,RoleAssignment,East,DENY,POLICY_VIOLATION,True
2025-08-07T13:02:17Z,SA-0003113,farmer_assign_role,atk-0165,Farmer,WriteSensor,IrrigationControl,South,DENY,ROLE_INSUFFICIENT,True
2025-08-07T14:26:48Z,SA-0003114,farmer_assign_role,atk-0323,Farmer,ReadAudit,RoleAssignment,West,DENY,ROLE_INSUFFICIENT,True
2025-08-07T14:38:10Z,SA-0003115,farmer_assign_role,atk-0173,Farmer,ReadAll,RoleAssignment,East,DENY,IDS_BLOCKED,True
2025-08-07T17:13:34Z,SA-0003116,farmer_assign_role,atk-0307,Farmer,ReadAudit,RoleAssignment,North,DENY,ROLE_INSUFFICIENT,True
2025-08-07T17:15:24Z,SA-0003117,farmer_assign_role,atk-0180,Farmer,ReadAudit,RoleAssignment,North,DENY,POLICY_VIOLATION,True
2025-08-07T18:11:53Z,SA-0003118,farmer_assign_role,atk-0291,Farmer,ReadAll,IrrigationControl,West,DENY,ZONE_MISMATCH,True
2025-08-07T18:40:18Z,SA-0003119,farmer_assign_role,atk-0132,Farmer,ManageRoles,RoleAssignment,East,DENY,ROLE_INSUFFICIENT,True
2025-08-07T18:41:10Z,SA-0003120,farmer_assign_role,atk-0154,Farmer,ManageRoles,SensorData,East,DENY,ZONE_MISMATCH,True
2025-08-07T18:43:28Z,SA-0003121,farmer_assign_role,atk-0246,Farmer,ReadAll,RoleAssignment,West,DENY,POLICY_VIOLATION,True
2025-08-07T20:40:50Z,SA-0003122,farmer_assign_role,atk-0454,Farmer,ManageRoles,RoleAssignment,North,DENY,OP_NOT_PERMITTED,True
2025-08-07T22:12:48Z,SA-0003123,farmer_assign_role,atk-0169,Farmer,ReadAudit,AuditLog,North,DENY,POLICY_VIOLATION,True
2025-08-07T22:20:27Z,SA-0003124,farmer_assign_role,atk-0441,Farmer,ReadAudit,IrrigationControl,South,DENY,ROLE_INSUFFICIENT,True
2025-08-08T04:23:01Z,SA-0003125,farmer_assign_role,atk-0020,Farmer,ManageRoles,RoleAssignment,South,DENY,ZONE_MISMATCH,True
2025-08-08T07:08:19Z,SA-0003126,farmer_assign_role,atk-0347,Farmer,ControlZone,IrrigationControl,South,DENY,ROLE_INSUFFICIENT,True
2025-08-08T07:29:35Z,SA-0003127,farmer_assign_role,atk-0178,Farmer,WriteSensor,SensorData,North,DENY,IDS_BLOCKED,True
2025-08-08T07:40:07Z,SA-0003128,farmer_assign_role,atk-0453,Farmer,ManageRoles,RoleAssignment,North,DENY,CERT_REVOKED,True
2025-08-08T07:42:52Z,SA-0003129,farmer_assign_role,atk-0157,Farmer,WriteSensor,AuditLog,South,DENY,POLICY_VIOLATION,True
2025-08-08T09:58:10Z,SA-0003130,farmer_assign_role,atk-0353,Farmer,ManageRoles,SensorData,West,DENY,ZONE_MISMATCH,True
2025-08-08T11:36:41Z,SA-0003131,farmer_assign_role,atk-0022,Farmer,ReadAudit,IrrigationControl,North,DENY,CERT_REVOKED,True
2025-08-08T12:32:55Z,SA-0003132,farmer_assign_role,atk-0312,Farmer,ReadAll,SensorData,North,DENY,CERT_REVOKED,True
2025-08-08T13:36:40Z,SA-0003133,farmer_assign_role,atk-0285,Farmer,ReadAll,IrrigationControl,East,DENY,OP_NOT_PERMITTED,True
2025-08-08T17:29:18Z,SA-0003134,farmer_assign_role,atk-0332,Farmer,WriteSensor,AuditLog,North,DENY,ROLE_INSUFFICIENT,True
2025-08-08T17:33:11Z,SA-0003135,farmer_assign_role,atk-0309,Farmer,ControlZone,IrrigationControl,North,DENY,ROLE_INSUFFICIENT,True
2025-08-08T18:07:55Z,SA-0003136,farmer_assign_role,atk-0403,Farmer,ReadAudit,RoleAssignment,West,DENY,POLICY_VIOLATION,True
2025-08-08T19:46:26Z,SA-0003137,farmer_assign_role,atk-0013,Farmer,ControlZone,AuditLog,North,DENY,POLICY_VIOLATION,True
2025-08-08T20:37:23Z,SA-0003138,farmer_assign_role,atk-0039,Farmer,ControlZone,RoleAssignment,North,DENY,ZONE_MISMATCH,True
2025-08-08T21:53:05Z,SA-0003139,farmer_assign_role,atk-0458,Farmer,ReadAudit,AuditLog,East,DENY,IDS_BLOCKED,True
2025-08-08T22:14:58Z,SA-0003140,farmer_assign_role,atk-0446,Farmer,ReadAudit,RoleAssignment,West,DENY,OP_NOT_PERMITTED,True
2025-08-09T00:00:43Z,SA-0003141,farmer_assign_role,atk-0452,Farmer,ManageRoles,RoleAssignment,South,DENY,CERT_REVOKED,True
2025-08-09T00:52:46Z,SA-0003142,farmer_assign_role,atk-0434,Farmer,ManageRoles,RoleAssignment,East,DENY,ROLE_INSUFFICIENT,True
2025-08-09T05:31:59Z,SA-0003143,farmer_assign_role,atk-0186,Farmer,ControlZone,IrrigationControl,East,DENY,POLICY_VIOLATION,True
2025-08-09T06:52:20Z,SA-0003144,farmer_assign_role,atk-0389,Farmer,ControlZone,AuditLog,West,DENY,ROLE_INSUFFICIENT,True
2025-08-09T07:33:00Z,SA-0003145,farmer_assign_role,atk-0377,Farmer,WriteSensor,SensorData,East,DENY,ZONE_MISMATCH,True
2025-08-09T12:21:36Z,SA-0003146,farmer_assign_role,atk-0057,Farmer,ControlZone,SensorData,West,DENY,CERT_REVOKED,True
2025-08-09T14:10:32Z,SA-0003147,farmer_assign_role,atk-0427,Farmer,WriteSensor,RoleAssignment,South,DENY,IDS_BLOCKED,True
2025-08-09T17:10:14Z,SA-0003148,farmer_assign_role,atk-0157,Farmer,ReadAudit,RoleAssignment,South,DENY,POLICY_VIOLATION,True
2025-08-09T19:24:05Z,SA-0003149,farmer_assign_role,atk-0494,Farmer,ManageRoles,AuditLog,East,DENY,ROLE_INSUFFICIENT,True
2025-08-09T19:48:08Z,SA-0003150,farmer_assign_role,atk-0065,Farmer,ManageRoles,IrrigationControl,West,DENY,OP_NOT_PERMITTED,True
2025-08-09T21:49:57Z,SA-0003151,farmer_assign_role,atk-0461,Farmer,ReadAudit,SensorData,North,DENY,CERT_REVOKED,True
2025-08-09T22:17:59Z,SA-0003152,farmer_assign_role,atk-0260,Farmer,ManageRoles,SensorData,North,DENY,OP_NOT_PERMITTED,True
2025-08-09T22:25:01Z,SA-0003153,farmer_assign_role,atk-0438,Farmer,ReadAudit,RoleAssignment,North,DENY,CERT_REVOKED,True
2025-08-09T22:30:21Z,SA-0003154,farmer_assign_role,atk-0292,Farmer,ReadAll,AuditLog,West,DENY,POLICY_VIOLATION,True
2025-08-10T00:49:01Z,SA-0003155,farmer_assign_role,atk-0424,Farmer,WriteSensor,SensorData,West,DENY,ROLE_INSUFFICIENT,True
2025-08-10T01:10:52Z,SA-0003156,farmer_assign_role,atk-0416,Farmer,ManageRoles,IrrigationControl,East,DENY,POLICY_VIOLATION,True
2025-08-10T03:10:33Z,SA-0003157,farmer_assign_role,atk-0108,Farmer,ReadAll,IrrigationControl,West,DENY,OP_NOT_PERMITTED,True
2025-08-10T03:25:27Z,SA-0003158,farmer_assign_role,atk-0106,Farmer,WriteSensor,IrrigationControl,West,DENY,CERT_REVOKED,True
2025-08-10T03:36:47Z,SA-0003159,farmer_assign_role,atk-0368,Farmer,ReadAudit,SensorData,West,DENY,IDS_BLOCKED,True
2025-08-10T04:14:17Z,SA-0003160,farmer_assign_role,atk-0438,Farmer,ReadAll,SensorData,South,DENY,ZONE_MISMATCH,True
2025-08-10T05:18:05Z,SA-0003161,farmer_assign_role,atk-0217,Farmer,ReadAll,RoleAssignment,South,DENY,ZONE_MISMATCH,True
2025-08-10T05:18:32Z,SA-0003162,farmer_assign_role,atk-0431,Farmer,ControlZone,IrrigationControl,South,DENY,CERT_REVOKED,True
2025-08-10T06:45:21Z,SA-0003163,farmer_assign_role,atk-0106,Farmer,WriteSensor,RoleAssignment,East,DENY,ROLE_INSUFFICIENT,True
2025-08-10T07:22:56Z,SA-0003164,farmer_assign_role,atk-0268,Farmer,ReadAudit,IrrigationControl,East,DENY,OP_NOT_PERMITTED,True
2025-08-10T07:31:50Z,SA-0003165,farmer_assign_role,atk-0233,Farmer,ManageRoles,AuditLog,East,DENY,ZONE_MISMATCH,True
2025-08-10T10:25:53Z,SA-0003166,farmer_assign_role,atk-0497,Farmer,ReadAll,IrrigationControl,South,DENY,CERT_REVOKED,True
2025-08-10T12:44:22Z,SA-0003167,farmer_assign_role,atk-0255,Farmer,ManageRoles,RoleAssignment,East,DENY,IDS_BLOCKED,True
2025-08-10T14:09:40Z,SA-0003168,farmer_assign_role,atk-0357,Farmer,ReadAll,AuditLog,South,DENY,ZONE_MISMATCH,True
2025-08-10T15:05:38Z,SA-0003169,farmer_assign_role,atk-0201,Farmer,ReadAll,SensorData,West,DENY,OP_NOT_PERMITTED,True
2025-08-10T16:52:10Z,SA-0003170,farmer_assign_role,atk-0279,Farmer,ControlZone,IrrigationControl,East,DENY,IDS_BLOCKED,True
2025-08-10T17:58:27Z,SA-0003171,farmer_assign_role,atk-0236,Farmer,ReadAudit,RoleAssignment,West,DENY,ROLE_INSUFFICIENT,True
2025-08-10T18:46:55Z,SA-0003172,farmer_assign_role,atk-0278,Farmer,WriteSensor,SensorData,South,DENY,ZONE_MISMATCH,True
2025-08-10T19:44:42Z,SA-0003173,farmer_assign_role,atk-0055,Farmer,ReadAll,AuditLog,South,DENY,OP_NOT_PERMITTED,True
2025-08-10T21:12:51Z,SA-0003174,farmer_assign_role,atk-0331,Farmer,ReadAll,SensorData,North,DENY,ROLE_INSUFFICIENT,True
2025-08-10T21:23:27Z,SA-0003175,farmer_assign_role,atk-0291,Farmer,ManageRoles,AuditLog,West,DENY,OP_NOT_PERMITTED,True
2025-08-10T21:54:11Z,SA-0003176,farmer_assign_role,atk-0209,Farmer,WriteSensor,RoleAssignment,East,DENY,CERT_REVOKED,True
2025-08-10T22:50:55Z,SA-0003177,farmer_assign_role,atk-0098,Farmer,ControlZone,IrrigationControl,South,DENY,POLICY_VIOLATION,True
2025-08-10T23:26:35Z,SA-0003178,farmer_assign_role,atk-0155,Farmer,ControlZone,RoleAssignment,East,DENY,ROLE_INSUFFICIENT,True
2025-08-11T01:53:34Z,SA-0003179,farmer_assign_role,atk-0081,Farmer,ControlZone,RoleAssignment,West,DENY,POLICY_VIOLATION,True
2025-08-11T03:06:00Z,SA-0003180,farmer_assign_role,atk-0096,Farmer,ManageRoles,AuditLog,North,DENY,ROLE_INSUFFICIENT,True
2025-08-11T03:31:47Z,SA-0003181,farmer_assign_role,atk-0310,Farmer,ReadAll,AuditLog,North,DENY,ROLE_INSUFFICIENT,True
2025-08-11T05:13:21Z,SA-0003182,farmer_assign_role,atk-0254,Farmer,WriteSensor,SensorData,South,DENY,IDS_BLOCKED,True
2025-08-11T05:30:57Z,SA-0003183,farmer_assign_role,atk-0457,Farmer,ManageRoles,SensorData,South,DENY,CERT_REVOKED,True
2025-08-11T07:11:51Z,SA-0003184,farmer_assign_role,atk-0179,Farmer,ReadAll,AuditLog,South,DENY,ZONE_MISMATCH,True
2025-08-11T07:36:09Z,SA-0003185,farmer_assign_role,atk-0416,Farmer,ReadAudit,RoleAssignment,North,DENY,ROLE_INSUFFICIENT,True
2025-08-11T07:54:59Z,SA-0003186,farmer_assign_role,atk-0134,Farmer,ControlZone,RoleAssignment,South,DENY,CERT_REVOKED,True
2025-08-11T08:52:59Z,SA-0003187,farmer_assign_role,atk-0201,Farmer,ReadAll,AuditLog,East,DENY,IDS_BLOCKED,True
2025-08-11T09:25:38Z,SA-0003188,farmer_assign_role,atk-0212,Farmer,WriteSensor,IrrigationControl,North,DENY,POLICY_VIOLATION,True
2025-08-11T10:28:45Z,SA-0003189,farmer_assign_role,atk-0010,Farmer,ManageRoles,SensorData,North,DENY,ROLE_INSUFFICIENT,True
2025-08-11T11:17:54Z,SA-0003190,farmer_assign_role,atk-0092,Farmer,WriteSensor,AuditLog,West,DENY,IDS_BLOCKED,True
2025-08-11T11:19:42Z,SA-0003191,farmer_assign_role,atk-0242,Farmer,ControlZone,SensorData,West,DENY,OP_NOT_PERMITTED,True
2025-08-11T13:58:38Z,SA-0003192,farmer_assign_role,atk-0221,Farmer,ControlZone,RoleAssignment,East,DENY,ZONE_MISMATCH,True
2025-08-11T15:26:54Z,SA-0003193,farmer_assign_role,atk-0298,Farmer,ControlZone,IrrigationControl,South,DENY,IDS_BLOCKED,True
2025-08-11T17:25:36Z,SA-0003194,farmer_assign_role,atk-0464,Farmer,ReadAll,IrrigationControl,East,DENY,OP_NOT_PERMITTED,True
2025-08-11T18:02:36Z,SA-0003195,farmer_assign_role,atk-0124,Farmer,ReadAudit,RoleAssignment,South,DENY,CERT_REVOKED,True
2025-08-11T18:31:21Z,SA-0003196,farmer_assign_role,atk-0334,Farmer,ReadAudit,RoleAssignment,East,DENY,ZONE_MISMATCH,True
2025-08-11T19:44:07Z,SA-0003197,farmer_assign_role,atk-0299,Farmer,ManageRoles,AuditLog,East,DENY,IDS_BLOCKED,True
2025-08-11T19:55:44Z,SA-0003198,farmer_assign_role,atk-0207,Farmer,ManageRoles,IrrigationControl,East,DENY,OP_NOT_PERMITTED,True
2025-08-11T20:35:53Z,SA-0003199,farmer_assign_role,atk-0426,Farmer,ManageRoles,SensorData,South,DENY,IDS_BLOCKED,True
2025-08-11T20:41:35Z,SA-0003200,farmer_assign_role,atk-0398,Farmer,ManageRoles,RoleAssignment,South,DENY,POLICY_VIOLATION,True
2025-08-11T23:12:57Z,SA-0003201,farmer_assign_role,atk-0331,Farmer,ReadAudit,IrrigationControl,South,DENY,IDS_BLOCKED,True
2025-08-11T23:18:43Z,SA-0003202,farmer_assign_role,atk-0462,Farmer,ManageRoles,IrrigationControl,West,DENY,CERT_REVOKED,True
2025-08-11T23:24:41Z,SA-0003203,farmer_assign_role,atk-0131,Farmer,ControlZone,IrrigationControl,North,DENY,ZONE_MISMATCH,True
2025-08-11T23:47:31Z,SA-0003204,farmer_assign_role,atk-0059,Farmer,ReadAll,IrrigationControl,West,DENY,POLICY_VIOLATION,True
2025-08-12T00:50:13Z,SA-0003205,farmer_assign_role,atk-0134,Farmer,ManageRoles,AuditLog,West,DENY,ZONE_MISMATCH,True
2025-08-12T01:22:23Z,SA-0003206,farmer_assign_role,atk-0139,Farmer,ReadAudit,AuditLog,North,DENY,OP_NOT_PERMITTED,True
2025-08-12T03:17:21Z,SA-0003207,farmer_assign_role,atk-0306,Farmer,ReadAll,RoleAssignment,West,DENY,ZONE_MISMATCH,True
2025-08-12T03:45:33Z,SA-0003208,farmer_assign_role,atk-0197,Farmer,ManageRoles,IrrigationControl,North,DENY,ROLE_INSUFFICIENT,True
2025-08-12T04:11:25Z,SA-0003209,farmer_assign_role,atk-0116,Farmer,ReadAudit,RoleAssignment,North,DENY,ROLE_INSUFFICIENT,True
2025-08-12T05:30:10Z,SA-0003210,farmer_assign_role,atk-0269,Farmer,ReadAll,AuditLog,East,DENY,CERT_REVOKED,True
2025-08-12T06:47:07Z,SA-0003211,farmer_assign_role,atk-0220,Farmer,WriteSensor,RoleAssignment,North,DENY,POLICY_VIOLATION,True
2025-08-12T07:14:16Z,SA-0003212,farmer_assign_role,atk-0058,Farmer,ManageRoles,SensorData,East,DENY,ROLE_INSUFFICIENT,True
2025-08-12T07:22:38Z,SA-0003213,farmer_assign_role,atk-0129,Farmer,ReadAudit,IrrigationControl,West,DENY,ZONE_MISMATCH,True
2025-08-12T07:23:47Z,SA-0003214,farmer_assign_role,atk-0162,Farmer,WriteSensor,AuditLog,South,DENY,ROLE_INSUFFICIENT,True
2025-08-12T09:03:55Z,SA-0003215,farmer_assign_role,atk-0290,Farmer,ReadAudit,IrrigationControl,North,DENY,CERT_REVOKED,True
2025-08-12T11:02:17Z,SA-0003216,farmer_assign_role,atk-0105,Farmer,ControlZone,AuditLog,East,DENY,POLICY_VIOLATION,True
2025-08-12T11:53:32Z,SA-0003217,farmer_assign_role,atk-0020,Farmer,ReadAudit,AuditLog,South,DENY,OP_NOT_PERMITTED,True
2025-08-12T12:08:34Z,SA-0003218,farmer_assign_role,atk-0339,Farmer,WriteSensor,AuditLog,East,DENY,POLICY_VIOLATION,True
2025-08-12T14:45:32Z,SA-0003219,farmer_assign_role,atk-0030,Farmer,ReadAll,RoleAssignment,North,DENY,POLICY_VIOLATION,True
2025-08-12T15:51:16Z,SA-0003220,farmer_assign_role,atk-0146,Farmer,WriteSensor,RoleAssignment,North,DENY,IDS_BLOCKED,True
2025-08-12T16:04:12Z,SA-0003221,farmer_assign_role,atk-0225,Farmer,WriteSensor,RoleAssignment,South,DENY,ROLE_INSUFFICIENT,True
2025-08-12T16:59:26Z,SA-0003222,farmer_assign_role,atk-0182,Farmer,ReadAll,IrrigationControl,East,DENY,OP_NOT_PERMITTED,True
2025-08-12T21:45:31Z,SA-0003223,farmer_assign_role,atk-0416,Farmer,ReadAll,SensorData,West,DENY,ROLE_INSUFFICIENT,True
2025-08-12T23:14:51Z,SA-0003224,farmer_assign_role,atk-0139,Farmer,ControlZone,RoleAssignment,East,DENY,IDS_BLOCKED,True
2025-08-13T01:20:35Z,SA-0003225,farmer_assign_role,atk-0144,Farmer,WriteSensor,RoleAssignment,South,DENY,POLICY_VIOLATION,True
2025-08-13T03:16:31Z,SA-0003226,farmer_assign_role,atk-0059,Farmer,ReadAll,AuditLog,East,DENY,ZONE_MISMATCH,True
2025-08-13T04:40:40Z,SA-0003227,farmer_assign_role,atk-0469,Farmer,WriteSensor,RoleAssignment,West,DENY,CERT_REVOKED,True
2025-08-13T05:04:50Z,SA-0003228,farmer_assign_role,atk-0187,Farmer,WriteSensor,IrrigationControl,West,DENY,ROLE_INSUFFICIENT,True
2025-08-13T05:15:30Z,SA-0003229,farmer_assign_role,atk-0401,Farmer,ManageRoles,SensorData,West,DENY,CERT_REVOKED,True
2025-08-13T05:26:27Z,SA-0003230,farmer_assign_role,atk-0233,Farmer,ReadAudit,IrrigationControl,West,DENY,CERT_REVOKED,True
2025-08-13T05:50:53Z,SA-0003231,farmer_assign_role,atk-0004,Farmer,ReadAudit,RoleAssignment,North,DENY,ZONE_MISMATCH,True
2025-08-13T05:54:20Z,SA-0003232,farmer_assign_role,atk-0217,Farmer,ReadAll,IrrigationControl,West,DENY,IDS_BLOCKED,True
2025-08-13T06:32:27Z,SA-0003233,farmer_assign_role,atk-0483,Farmer,ControlZone,AuditLog,East,DENY,IDS_BLOCKED,True
2025-08-13T06:53:32Z,SA-0003234,farmer_assign_role,atk-0311,Farmer,WriteSensor,SensorData,West,DENY,IDS_BLOCKED,True
2025-08-13T08:17:02Z,SA-0003235,farmer_assign_role,atk-0091,Farmer,ReadAudit,RoleAssignment,South,DENY,OP_NOT_PERMITTED,True
2025-08-13T14:47:55Z,SA-0003236,farmer_assign_role,atk-0089,Farmer,ReadAll,IrrigationControl,South,DENY,CERT_REVOKED,True
2025-08-13T17:48:17Z,SA-0003237,farmer_assign_role,atk-0177,Farmer,WriteSensor,RoleAssignment,East,DENY,POLICY_VIOLATION,True
2025-08-13T18:13:09Z,SA-0003238,farmer_assign_role,atk-0107,Farmer,ManageRoles,RoleAssignment,South,DENY,CERT_REVOKED,True
2025-08-13T18:30:22Z,SA-0003239,farmer_assign_role,atk-0093,Farmer,WriteSensor,RoleAssignment,North,DENY,ROLE_INSUFFICIENT,True
2025-08-13T19:33:41Z,SA-0003240,farmer_assign_role,atk-0459,Farmer,ReadAll,IrrigationControl,South,DENY,CERT_REVOKED,True
2025-08-13T19:38:37Z,SA-0003241,farmer_assign_role,atk-0037,Farmer,ManageRoles,SensorData,South,DENY,POLICY_VIOLATION,True
2025-08-13T19:44:40Z,SA-0003242,farmer_assign_role,atk-0420,Farmer,ManageRoles,IrrigationControl,East,DENY,POLICY_VIOLATION,True
2025-08-13T21:44:58Z,SA-0003243,farmer_assign_role,atk-0151,Farmer,ReadAll,AuditLog,East,DENY,ZONE_MISMATCH,True
2025-08-14T01:06:07Z,SA-0003244,farmer_assign_role,atk-0441,Farmer,ManageRoles,RoleAssignment,North,DENY,POLICY_VIOLATION,True
2025-08-14T04:04:01Z,SA-0003245,farmer_assign_role,atk-0160,Farmer,ControlZone,AuditLog,South,DENY,IDS_BLOCKED,True
2025-08-14T04:34:17Z,SA-0003246,farmer_assign_role,atk-0390,Farmer,ManageRoles,IrrigationControl,North,DENY,CERT_REVOKED,True
2025-08-14T04:36:43Z,SA-0003247,farmer_assign_role,atk-0189,Farmer,ManageRoles,AuditLog,East,DENY,IDS_BLOCKED,True
2025-08-14T04:51:19Z,SA-0003248,farmer_assign_role,atk-0250,Farmer,ControlZone,SensorData,South,DENY,ROLE_INSUFFICIENT,True
2025-08-14T07:30:16Z,SA-0003249,farmer_assign_role,atk-0446,Farmer,ManageRoles,RoleAssignment,North,DENY,POLICY_VIOLATION,True
2025-08-14T08:40:11Z,SA-0003250,farmer_assign_role,atk-0072,Farmer,ReadAll,AuditLog,North,DENY,ROLE_INSUFFICIENT,True
2025-08-14T13:48:12Z,SA-0003251,farmer_assign_role,atk-0025,Farmer,ControlZone,IrrigationControl,South,DENY,IDS_BLOCKED,True
2025-08-14T14:38:54Z,SA-0003252,farmer_assign_role,atk-0172,Farmer,ReadAll,AuditLog,East,DENY,CERT_REVOKED,True
2025-08-14T16:37:53Z,SA-0003253,farmer_assign_role,atk-0273,Farmer,ReadAll,AuditLog,South,DENY,ROLE_INSUFFICIENT,True
2025-08-14T19:00:29Z,SA-0003254,farmer_assign_role,atk-0044,Farmer,ReadAudit,RoleAssignment,South,DENY,OP_NOT_PERMITTED,True
2025-08-14T19:10:14Z,SA-0003255,farmer_assign_role,atk-0044,Farmer,ControlZone,AuditLog,West,DENY,ZONE_MISMATCH,True
2025-08-14T20:00:40Z,SA-0003256,farmer_assign_role,atk-0113,Farmer,ControlZone,RoleAssignment,North,DENY,CERT_REVOKED,True
2025-08-14T22:25:58Z,SA-0003257,farmer_assign_role,atk-0195,Farmer,ManageRoles,IrrigationControl,South,DENY,OP_NOT_PERMITTED,True
2025-08-14T22:39:32Z,SA-0003258,farmer_assign_role,atk-0235,Farmer,ReadAll,RoleAssignment,South,DENY,ZONE_MISMATCH,True
2025-08-15T00:13:28Z,SA-0003259,farmer_assign_role,atk-0298,Farmer,ManageRoles,IrrigationControl,East,DENY,CERT_REVOKED,True
2025-08-15T00:28:53Z,SA-0003260,farmer_assign_role,atk-0496,Farmer,ReadAll,RoleAssignment,North,DENY,IDS_BLOCKED,True
2025-08-15T01:29:17Z,SA-0003261,farmer_assign_role,atk-0482,Farmer,ControlZone,SensorData,South,DENY,IDS_BLOCKED,True
2025-08-15T02:12:00Z,SA-0003262,farmer_assign_role,atk-0224,Farmer,ControlZone,SensorData,East,DENY,IDS_BLOCKED,True
2025-08-15T03:25:04Z,SA-0003263,farmer_assign_role,atk-0107,Farmer,ReadAll,RoleAssignment,South,DENY,POLICY_VIOLATION,True
2025-08-15T04:37:52Z,SA-0003264,farmer_assign_role,atk-0368,Farmer,WriteSensor,RoleAssignment,North,DENY,CERT_REVOKED,True
2025-08-15T05:18:25Z,SA-0003265,farmer_assign_role,atk-0161,Farmer,ControlZone,IrrigationControl,South,DENY,ROLE_INSUFFICIENT,True
2025-08-15T07:28:48Z,SA-0003266,farmer_assign_role,atk-0041,Farmer,ControlZone,IrrigationControl,South,DENY,POLICY_VIOLATION,True
2025-08-15T09:23:27Z,SA-0003267,farmer_assign_role,atk-0123,Farmer,WriteSensor,IrrigationControl,North,DENY,POLICY_VIOLATION,True
2025-08-15T10:30:27Z,SA-0003268,farmer_assign_role,atk-0280,Farmer,WriteSensor,RoleAssignment,North,DENY,OP_NOT_PERMITTED,True
2025-08-15T11:07:59Z,SA-0003269,farmer_assign_role,atk-0234,Farmer,WriteSensor,AuditLog,West,DENY,IDS_BLOCKED,True
2025-08-15T15:39:38Z,SA-0003270,farmer_assign_role,atk-0359,Farmer,ControlZone,RoleAssignment,South,DENY,OP_NOT_PERMITTED,True
2025-08-15T18:39:23Z,SA-0003271,farmer_assign_role,atk-0200,Farmer,ManageRoles,AuditLog,West,DENY,CERT_REVOKED,True
2025-08-15T19:10:59Z,SA-0003272,farmer_assign_role,atk-0217,Farmer,ControlZone,SensorData,South,DENY,ZONE_MISMATCH,True
2025-08-15T19:54:08Z,SA-0003273,farmer_assign_role,atk-0363,Farmer,ManageRoles,RoleAssignment,East,DENY,CERT_REVOKED,True
2025-08-15T19:59:47Z,SA-0003274,farmer_assign_role,atk-0391,Farmer,WriteSensor,IrrigationControl,South,DENY,ROLE_INSUFFICIENT,True
2025-08-15T20:25:28Z,SA-0003275,farmer_assign_role,atk-0161,Farmer,ReadAudit,AuditLog,North,DENY,OP_NOT_PERMITTED,True
2025-08-15T21:04:06Z,SA-0003276,farmer_assign_role,atk-0095,Farmer,WriteSensor,IrrigationControl,East,DENY,IDS_BLOCKED,True
2025-08-15T21:40:16Z,SA-0003277,farmer_assign_role,atk-0488,Farmer,ReadAudit,SensorData,North,DENY,OP_NOT_PERMITTED,True
2025-08-15T23:33:21Z,SA-0003278,farmer_assign_role,atk-0237,Farmer,WriteSensor,AuditLog,West,DENY,ROLE_INSUFFICIENT,True
2025-08-16T00:00:17Z,SA-0003279,farmer_assign_role,atk-0152,Farmer,ManageRoles,AuditLog,South,DENY,CERT_REVOKED,True
2025-08-16T00:21:56Z,SA-0003280,farmer_assign_role,atk-0385,Farmer,ReadAll,SensorData,North,DENY,ROLE_INSUFFICIENT,True
2025-08-16T00:32:57Z,SA-0003281,farmer_assign_role,atk-0200,Farmer,ManageRoles,AuditLog,South,DENY,OP_NOT_PERMITTED,True
2025-08-16T03:40:23Z,SA-0003282,farmer_assign_role,atk-0247,Farmer,ControlZone,AuditLog,North,DENY,OP_NOT_PERMITTED,True
2025-08-16T03:52:26Z,SA-0003283,farmer_assign_role,atk-0276,Farmer,ReadAll,RoleAssignment,West,DENY,CERT_REVOKED,True
2025-08-16T06:58:42Z,SA-0003284,farmer_assign_role,atk-0015,Farmer,ReadAll,IrrigationControl,South,DENY,ZONE_MISMATCH,True
2025-08-16T08:02:27Z,SA-0003285,farmer_assign_role,atk-0304,Farmer,ReadAudit,RoleAssignment,South,DENY,ZONE_MISMATCH,True
2025-08-16T11:29:10Z,SA-0003286,farmer_assign_role,atk-0208,Farmer,ControlZone,RoleAssignment,North,DENY,ROLE_INSUFFICIENT,True
2025-08-16T14:13:55Z,SA-0003287,farmer_assign_role,atk-0291,Farmer,WriteSensor,IrrigationControl,South,DENY,OP_NOT_PERMITTED,True
2025-08-16T15:15:37Z,SA-0003288,farmer_assign_role,atk-0170,Farmer,WriteSensor,IrrigationControl,East,DENY,POLICY_VIOLATION,True
2025-08-16T15:55:25Z,SA-0003289,farmer_assign_role,atk-0290,Farmer,WriteSensor,IrrigationControl,South,DENY,CERT_REVOKED,True
2025-08-16T17:53:29Z,SA-0003290,farmer_assign_role,atk-0434,Farmer,ManageRoles,RoleAssignment,South,DENY,ROLE_INSUFFICIENT,True
2025-08-16T18:20:23Z,SA-0003291,farmer_assign_role,atk-0349,Farmer,ReadAll,AuditLog,North,DENY,ZONE_MISMATCH,True
2025-08-17T00:31:31Z,SA-0003292,farmer_assign_role,atk-0399,Farmer,ControlZone,AuditLog,East,DENY,POLICY_VIOLATION,True
2025-08-17T00:34:05Z,SA-0003293,farmer_assign_role,atk-0165,Farmer,ControlZone,RoleAssignment,North,DENY,IDS_BLOCKED,True
2025-08-17T07:38:35Z,SA-0003294,farmer_assign_role,atk-0478,Farmer,ReadAudit,AuditLog,South,DENY,POLICY_VIOLATION,True
2025-08-17T08:31:30Z,SA-0003295,farmer_assign_role,atk-0281,Farmer,ReadAudit,RoleAssignment,South,DENY,ROLE_INSUFFICIENT,True
2025-08-17T10:11:26Z,SA-0003296,farmer_assign_role,atk-0449,Farmer,ControlZone,AuditLog,East,DENY,IDS_BLOCKED,True
2025-08-17T10:22:17Z,SA-0003297,farmer_assign_role,atk-0078,Farmer,WriteSensor,RoleAssignment,East,DENY,CERT_REVOKED,True
2025-08-17T11:59:53Z,SA-0003298,farmer_assign_role,atk-0375,Farmer,ReadAll,SensorData,South,DENY,IDS_BLOCKED,True
2025-08-17T12:34:27Z,SA-0003299,farmer_assign_role,atk-0145,Farmer,ControlZone,IrrigationControl,North,DENY,OP_NOT_PERMITTED,True
2025-08-17T14:47:47Z,SA-0003300,farmer_assign_role,atk-0136,Farmer,ReadAudit,IrrigationControl,West,DENY,ROLE_INSUFFICIENT,True
2025-08-17T16:44:45Z,SA-0003301,farmer_assign_role,atk-0094,Farmer,WriteSensor,AuditLog,South,DENY,CERT_REVOKED,True
2025-08-17T17:04:16Z,SA-0003302,farmer_assign_role,atk-0023,Farmer,ReadAudit,AuditLog,North,DENY,POLICY_VIOLATION,True
2025-08-17T20:38:38Z,SA-0003303,farmer_assign_role,atk-0365,Farmer,ReadAll,SensorData,North,DENY,IDS_BLOCKED,True
2025-08-17T22:02:28Z,SA-0003304,farmer_assign_role,atk-0004,Farmer,ReadAudit,RoleAssignment,East,DENY,ZONE_MISMATCH,True
2025-08-17T23:12:53Z,SA-0003305,farmer_assign_role,atk-0265,Farmer,ManageRoles,RoleAssignment,East,DENY,ZONE_MISMATCH,True
2025-08-17T23:56:44Z,SA-0003306,farmer_assign_role,atk-0161,Farmer,ReadAudit,RoleAssignment,East,DENY,IDS_BLOCKED,True
2025-08-18T02:11:34Z,SA-0003307,farmer_assign_role,atk-0269,Farmer,WriteSensor,RoleAssignment,South,DENY,POLICY_VIOLATION,True
2025-08-18T05:53:47Z,SA-0003308,farmer_assign_role,atk-0128,Farmer,ReadAudit,SensorData,North,DENY,CERT_REVOKED,True
2025-08-18T06:14:14Z,SA-0003309,farmer_assign_role,atk-0344,Farmer,ControlZone,SensorData,South,DENY,ROLE_INSUFFICIENT,True
2025-08-18T06:25:20Z,SA-0003310,farmer_assign_role,atk-0490,Farmer,WriteSensor,SensorData,West,DENY,ROLE_INSUFFICIENT,True
2025-08-18T07:48:08Z,SA-0003311,farmer_assign_role,atk-0432,Farmer,ReadAll,RoleAssignment,East,DENY,CERT_REVOKED,True
2025-08-18T10:53:10Z,SA-0003312,farmer_assign_role,atk-0477,Farmer,ManageRoles,IrrigationControl,North,DENY,OP_NOT_PERMITTED,True
2025-08-18T11:31:30Z,SA-0003313,farmer_assign_role,atk-0096,Farmer,ManageRoles,SensorData,South,DENY,OP_NOT_PERMITTED,True
2025-08-18T12:24:30Z,SA-0003314,farmer_assign_role,atk-0101,Farmer,ReadAll,IrrigationControl,West,DENY,ROLE_INSUFFICIENT,True
2025-08-18T12:36:16Z,SA-0003315,farmer_assign_role,atk-0306,Farmer,ControlZone,AuditLog,East,DENY,ROLE_INSUFFICIENT,True
2025-08-18T13:01:07Z,SA-0003316,farmer_assign_role,atk-0278,Farmer,ReadAudit,RoleAssignment,West,DENY,IDS_BLOCKED,True
2025-08-18T14:58:44Z,SA-0003317,farmer_assign_role,atk-0347,Farmer,ReadAudit,IrrigationControl,East,DENY,CERT_REVOKED,True
2025-08-18T19:25:45Z,SA-0003318,farmer_assign_role,atk-0073,Farmer,ReadAll,RoleAssignment,West,DENY,ROLE_INSUFFICIENT,True
2025-08-18T19:44:29Z,SA-0003319,farmer_assign_role,atk-0205,Farmer,WriteSensor,IrrigationControl,East,DENY,OP_NOT_PERMITTED,True
2025-08-18T23:27:01Z,SA-0003320,farmer_assign_role,atk-0231,Farmer,ControlZone,IrrigationControl,North,DENY,ROLE_INSUFFICIENT,True
2025-08-19T00:34:30Z,SA-0003321,farmer_assign_role,atk-0139,Farmer,ReadAudit,SensorData,South,DENY,ZONE_MISMATCH,True
2025-08-19T01:02:20Z,SA-0003322,farmer_assign_role,atk-0130,Farmer,ReadAll,IrrigationControl,West,DENY,CERT_REVOKED,True
2025-08-19T03:06:40Z,SA-0003323,farmer_assign_role,atk-0360,Farmer,ReadAudit,IrrigationControl,West,DENY,POLICY_VIOLATION,True
2025-08-19T03:52:04Z,SA-0003324,farmer_assign_role,atk-0104,Farmer,ManageRoles,SensorData,North,DENY,IDS_BLOCKED,True
2025-08-19T04:42:26Z,SA-0003325,farmer_assign_role,atk-0213,Farmer,ReadAll,AuditLog,West,DENY,POLICY_VIOLATION,True
2025-08-19T06:46:38Z,SA-0003326,farmer_assign_role,atk-0193,Farmer,ControlZone,IrrigationControl,South,DENY,ZONE_MISMATCH,True
2025-08-19T08:08:26Z,SA-0003327,farmer_assign_role,atk-0206,Farmer,WriteSensor,SensorData,East,DENY,IDS_BLOCKED,True
2025-08-19T10:10:16Z,SA-0003328,farmer_assign_role,atk-0490,Farmer,WriteSensor,SensorData,North,DENY,POLICY_VIOLATION,True
2025-08-19T10:23:35Z,SA-0003329,farmer_assign_role,atk-0277,Farmer,ReadAll,RoleAssignment,West,DENY,CERT_REVOKED,True
2025-08-19T10:46:06Z,SA-0003330,farmer_assign_role,atk-0193,Farmer,WriteSensor,IrrigationControl,East,DENY,IDS_BLOCKED,True
2025-08-19T13:20:53Z,SA-0003331,farmer_assign_role,atk-0345,Farmer,WriteSensor,IrrigationControl,East,DENY,ROLE_INSUFFICIENT,True
2025-08-19T14:30:44Z,SA-0003332,farmer_assign_role,atk-0018,Farmer,ReadAll,IrrigationControl,North,DENY,OP_NOT_PERMITTED,True
2025-08-19T15:56:07Z,SA-0003333,farmer_assign_role,atk-0168,Farmer,ControlZone,AuditLog,South,DENY,POLICY_VIOLATION,True
2025-08-19T17:31:53Z,SA-0003334,farmer_assign_role,atk-0407,Farmer,ControlZone,RoleAssignment,West,DENY,POLICY_VIOLATION,True
2025-08-19T18:32:21Z,SA-0003335,farmer_assign_role,atk-0049,Farmer,ReadAll,RoleAssignment,North,DENY,IDS_BLOCKED,True
2025-08-19T19:09:13Z,SA-0003336,farmer_assign_role,atk-0143,Farmer,WriteSensor,IrrigationControl,East,DENY,CERT_REVOKED,True
2025-08-19T20:15:04Z,SA-0003337,farmer_assign_role,atk-0323,Farmer,ControlZone,SensorData,North,DENY,CERT_REVOKED,True
2025-08-19T21:43:59Z,SA-0003338,farmer_assign_role,atk-0444,Farmer,ReadAudit,SensorData,East,DENY,OP_NOT_PERMITTED,True
2025-08-19T21:54:41Z,SA-0003339,farmer_assign_role,atk-0195,Farmer,ManageRoles,SensorData,North,DENY,ROLE_INSUFFICIENT,True
2025-08-19T23:21:44Z,SA-0003340,farmer_assign_role,atk-0252,Farmer,ControlZone,IrrigationControl,South,DENY,ZONE_MISMATCH,True
2025-08-20T01:49:48Z,SA-0003341,farmer_assign_role,atk-0023,Farmer,ReadAudit,IrrigationControl,East,DENY,CERT_REVOKED,True
2025-08-20T03:24:33Z,SA-0003342,farmer_assign_role,atk-0436,Farmer,WriteSensor,RoleAssignment,South,DENY,POLICY_VIOLATION,True
2025-08-20T03:34:41Z,SA-0003343,farmer_assign_role,atk-0103,Farmer,ReadAudit,SensorData,West,DENY,IDS_BLOCKED,True
2025-08-20T07:50:22Z,SA-0003344,farmer_assign_role,atk-0131,Farmer,ManageRoles,SensorData,South,DENY,CERT_REVOKED,True
2025-08-20T08:15:41Z,SA-0003345,farmer_assign_role,atk-0155,Farmer,WriteSensor,IrrigationControl,South,DENY,CERT_REVOKED,True
2025-08-20T08:39:02Z,SA-0003346,farmer_assign_role,atk-0451,Farmer,ReadAll,IrrigationControl,South,DENY,ZONE_MISMATCH,True
2025-08-20T10:37:18Z,SA-0003347,farmer_assign_role,atk-0054,Farmer,WriteSensor,IrrigationControl,West,DENY,IDS_BLOCKED,True
2025-08-20T14:51:11Z,SA-0003348,farmer_assign_role,atk-0138,Farmer,ReadAudit,SensorData,South,DENY,CERT_REVOKED,True
2025-08-20T16:20:07Z,SA-0003349,farmer_assign_role,atk-0470,Farmer,ReadAudit,SensorData,East,DENY,CERT_REVOKED,True
2025-08-20T17:54:00Z,SA-0003350,farmer_assign_role,atk-0126,Farmer,ManageRoles,AuditLog,West,DENY,OP_NOT_PERMITTED,True
2025-08-20T18:08:31Z,SA-0003351,farmer_assign_role,atk-0420,Farmer,WriteSensor,RoleAssignment,East,DENY,ROLE_INSUFFICIENT,True
2025-08-20T19:23:40Z,SA-0003352,farmer_assign_role,atk-0165,Farmer,ManageRoles,RoleAssignment,South,DENY,CERT_REVOKED,True
2025-08-20T21:57:14Z,SA-0003353,farmer_assign_role,atk-0215,Farmer,ControlZone,IrrigationControl,West,DENY,IDS_BLOCKED,True
2025-08-20T23:35:14Z,SA-0003354,farmer_assign_role,atk-0346,Farmer,ReadAudit,SensorData,North,DENY,CERT_REVOKED,True
2025-08-21T02:42:23Z,SA-0003355,farmer_assign_role,atk-0409,Farmer,ControlZone,IrrigationControl,East,DENY,CERT_REVOKED,True
2025-08-21T02:55:16Z,SA-0003356,farmer_assign_role,atk-0398,Farmer,ManageRoles,SensorData,North,DENY,CERT_REVOKED,True
2025-08-21T03:18:21Z,SA-0003357,farmer_assign_role,atk-0401,Farmer,ReadAudit,RoleAssignment,South,DENY,POLICY_VIOLATION,True
2025-08-21T10:01:48Z,SA-0003358,farmer_assign_role,atk-0464,Farmer,WriteSensor,AuditLog,North,DENY,CERT_REVOKED,True
2025-08-21T13:43:15Z,SA-0003359,farmer_assign_role,atk-0452,Farmer,ReadAll,RoleAssignment,South,DENY,POLICY_VIOLATION,True
2025-08-21T14:35:33Z,SA-0003360,farmer_assign_role,atk-0064,Farmer,WriteSensor,AuditLog,West,DENY,ZONE_MISMATCH,True
2025-08-21T14:44:15Z,SA-0003361,farmer_assign_role,atk-0266,Farmer,ReadAudit,AuditLog,South,DENY,ROLE_INSUFFICIENT,True
2025-08-21T16:16:37Z,SA-0003362,farmer_assign_role,atk-0344,Farmer,WriteSensor,AuditLog,North,DENY,CERT_REVOKED,True
2025-08-21T17:43:55Z,SA-0003363,farmer_assign_role,atk-0235,Farmer,WriteSensor,RoleAssignment,South,DENY,OP_NOT_PERMITTED,True
2025-08-21T17:46:01Z,SA-0003364,farmer_assign_role,atk-0410,Farmer,ControlZone,RoleAssignment,East,DENY,IDS_BLOCKED,True
2025-08-22T00:57:13Z,SA-0003365,farmer_assign_role,atk-0313,Farmer,WriteSensor,SensorData,West,DENY,CERT_REVOKED,True
2025-08-22T05:08:11Z,SA-0003366,farmer_assign_role,atk-0085,Farmer,ReadAll,SensorData,West,DENY,POLICY_VIOLATION,True
2025-08-22T11:21:34Z,SA-0003367,farmer_assign_role,atk-0273,Farmer,ReadAudit,SensorData,South,DENY,ZONE_MISMATCH,True
2025-08-22T12:33:06Z,SA-0003368,farmer_assign_role,atk-0110,Farmer,ReadAll,AuditLog,West,DENY,ZONE_MISMATCH,True
2025-08-22T12:57:30Z,SA-0003369,farmer_assign_role,atk-0083,Farmer,ControlZone,SensorData,West,DENY,ZONE_MISMATCH,True
2025-08-22T15:02:55Z,SA-0003370,farmer_assign_role,atk-0494,Farmer,ControlZone,AuditLog,West,DENY,POLICY_VIOLATION,True
2025-08-22T15:34:25Z,SA-0003371,farmer_assign_role,atk-0229,Farmer,ControlZone,AuditLog,North,DENY,OP_NOT_PERMITTED,True
2025-08-22T17:39:31Z,SA-0003372,farmer_assign_role,atk-0452,Farmer,ReadAll,IrrigationControl,East,DENY,POLICY_VIOLATION,True
2025-08-22T17:57:54Z,SA-0003373,farmer_assign_role,atk-0388,Farmer,WriteSensor,RoleAssignment,North,DENY,IDS_BLOCKED,True
2025-08-22T18:19:25Z,SA-0003374,farmer_assign_role,atk-0099,Farmer,ControlZone,SensorData,East,DENY,OP_NOT_PERMITTED,True
2025-08-22T19:49:06Z,SA-0003375,farmer_assign_role,atk-0412,Farmer,ReadAll,RoleAssignment,East,DENY,IDS_BLOCKED,True
2025-08-22T20:21:55Z,SA-0003376,farmer_assign_role,atk-0453,Farmer,ControlZone,RoleAssignment,East,DENY,CERT_REVOKED,True
2025-08-22T20:38:27Z,SA-0003377,farmer_assign_role,atk-0463,Farmer,ManageRoles,RoleAssignment,West,DENY,OP_NOT_PERMITTED,True
2025-08-22T22:43:17Z,SA-0003378,farmer_assign_role,atk-0177,Farmer,WriteSensor,AuditLog,North,DENY,CERT_REVOKED,True
2025-08-22T22:44:03Z,SA-0003379,farmer_assign_role,atk-0217,Farmer,ReadAudit,SensorData,North,DENY,POLICY_VIOLATION,True
2025-08-22T23:31:15Z,SA-0003380,farmer_assign_role,atk-0160,Farmer,ControlZone,IrrigationControl,North,DENY,IDS_BLOCKED,True
2025-08-23T00:53:40Z,SA-0003381,farmer_assign_role,atk-0457,Farmer,WriteSensor,SensorData,West,DENY,OP_NOT_PERMITTED,True
2025-08-23T01:49:10Z,SA-0003382,farmer_assign_role,atk-0368,Farmer,WriteSensor,IrrigationControl,North,DENY,ZONE_MISMATCH,True
2025-08-23T02:06:01Z,SA-0003383,farmer_assign_role,atk-0386,Farmer,ControlZone,AuditLog,West,DENY,ROLE_INSUFFICIENT,True
2025-08-23T03:13:24Z,SA-0003384,farmer_assign_role,atk-0437,Farmer,ReadAudit,RoleAssignment,East,DENY,ZONE_MISMATCH,True
2025-08-23T03:43:29Z,SA-0003385,farmer_assign_role,atk-0166,Farmer,ManageRoles,IrrigationControl,South,DENY,POLICY_VIOLATION,True
2025-08-23T04:47:57Z,SA-0003386,farmer_assign_role,atk-0085,Farmer,WriteSensor,IrrigationControl,East,DENY,ROLE_INSUFFICIENT,True
2025-08-23T08:10:00Z,SA-0003387,farmer_assign_role,atk-0161,Farmer,ReadAll,SensorData,East,DENY,POLICY_VIOLATION,True
2025-08-23T08:14:58Z,SA-0003388,farmer_assign_role,atk-0108,Farmer,ReadAudit,SensorData,North,DENY,IDS_BLOCKED,True
2025-08-23T08:48:08Z,SA-0003389,farmer_assign_role,atk-0177,Farmer,WriteSensor,RoleAssignment,West,DENY,IDS_BLOCKED,True
2025-08-23T08:55:50Z,SA-0003390,farmer_assign_role,atk-0250,Farmer,ManageRoles,IrrigationControl,North,DENY,POLICY_VIOLATION,True
2025-08-23T11:26:39Z,SA-0003391,farmer_assign_role,atk-0126,Farmer,ReadAll,SensorData,South,DENY,CERT_REVOKED,True
2025-08-23T12:37:39Z,SA-0003392,farmer_assign_role,atk-0244,Farmer,ControlZone,RoleAssignment,North,DENY,ROLE_INSUFFICIENT,True
2025-08-23T14:54:59Z,SA-0003393,farmer_assign_role,atk-0181,Farmer,ReadAll,SensorData,North,DENY,OP_NOT_PERMITTED,True
2025-08-23T20:58:54Z,SA-0003394,farmer_assign_role,atk-0177,Farmer,WriteSensor,IrrigationControl,East,DENY,IDS_BLOCKED,True
2025-08-23T21:32:35Z,SA-0003395,farmer_assign_role,atk-0242,Farmer,ManageRoles,RoleAssignment,East,DENY,ROLE_INSUFFICIENT,True
2025-08-23T21:56:02Z,SA-0003396,farmer_assign_role,atk-0368,Farmer,ControlZone,AuditLog,East,DENY,ZONE_MISMATCH,True
2025-08-23T22:53:48Z,SA-0003397,farmer_assign_role,atk-0083,Farmer,ReadAudit,IrrigationControl,West,DENY,OP_NOT_PERMITTED,True
2025-08-24T00:22:42Z,SA-0003398,farmer_assign_role,atk-0498,Farmer,ReadAll,RoleAssignment,East,DENY,ROLE_INSUFFICIENT,True
2025-08-24T02:34:15Z,SA-0003399,farmer_assign_role,atk-0098,Farmer,ReadAudit,SensorData,North,DENY,OP_NOT_PERMITTED,True
2025-08-24T03:03:48Z,SA-0003400,farmer_assign_role,atk-0202,Farmer,ReadAudit,AuditLog,South,DENY,POLICY_VIOLATION,True
2025-08-24T04:32:09Z,SA-0003401,farmer_assign_role,atk-0338,Farmer,ManageRoles,RoleAssignment,South,DENY,ZONE_MISMATCH,True
2025-08-24T06:21:38Z,SA-0003402,farmer_assign_role,atk-0101,Farmer,ControlZone,AuditLog,South,DENY,CERT_REVOKED,True
2025-08-24T07:37:21Z,SA-0003403,farmer_assign_role,atk-0296,Farmer,ManageRoles,RoleAssignment,North,DENY,ZONE_MISMATCH,True
2025-08-24T08:34:33Z,SA-0003404,farmer_assign_role,atk-0110,Farmer,ReadAudit,SensorData,North,DENY,CERT_REVOKED,True
2025-08-24T10:49:10Z,SA-0003405,farmer_assign_role,atk-0335,Farmer,ReadAudit,AuditLog,South,DENY,ZONE_MISMATCH,True
2025-08-24T12:37:29Z,SA-0003406,farmer_assign_role,atk-0228,Farmer,ReadAll,IrrigationControl,East,DENY,ROLE_INSUFFICIENT,True
2025-08-24T12:58:33Z,SA-0003407,farmer_assign_role,atk-0337,Farmer,ReadAll,RoleAssignment,West,DENY,CERT_REVOKED,True
2025-08-24T13:55:29Z,SA-0003408,farmer_assign_role,atk-0475,Farmer,ManageRoles,AuditLog,West,DENY,POLICY_VIOLATION,True
2025-08-24T13:57:11Z,SA-0003409,farmer_assign_role,atk-0179,Farmer,ReadAudit,IrrigationControl,East,DENY,IDS_BLOCKED,True
2025-08-24T14:06:27Z,SA-0003410,farmer_assign_role,atk-0379,Farmer,WriteSensor,AuditLog,West,DENY,ZONE_MISMATCH,True
2025-08-24T14:56:23Z,SA-0003411,farmer_assign_role,atk-0423,Farmer,WriteSensor,RoleAssignment,North,DENY,POLICY_VIOLATION,True
2025-08-24T16:03:58Z,SA-0003412,farmer_assign_role,atk-0224,Farmer,ReadAudit,RoleAssignment,North,DENY,POLICY_VIOLATION,True
2025-08-24T20:02:40Z,SA-0003413,farmer_assign_role,atk-0431,Farmer,ReadAll,IrrigationControl,South,DENY,ROLE_INSUFFICIENT,True
2025-08-24T20:39:42Z,SA-0003414,farmer_assign_role,atk-0145,Farmer,ReadAudit,AuditLog,South,DENY,IDS_BLOCKED,True
2025-08-24T23:08:41Z,SA-0003415,farmer_assign_role,atk-0491,Farmer,WriteSensor,SensorData,North,DENY,CERT_REVOKED,True
2025-08-25T01:15:38Z,SA-0003416,farmer_assign_role,atk-0435,Farmer,ManageRoles,AuditLog,North,DENY,OP_NOT_PERMITTED,True
2025-08-25T03:18:42Z,SA-0003417,farmer_assign_role,atk-0411,Farmer,ReadAudit,SensorData,North,DENY,ZONE_MISMATCH,True
2025-08-25T04:32:59Z,SA-0003418,farmer_assign_role,atk-0493,Farmer,WriteSensor,SensorData,West,DENY,ZONE_MISMATCH,True
2025-08-25T05:47:06Z,SA-0003419,farmer_assign_role,atk-0331,Farmer,ControlZone,RoleAssignment,North,DENY,OP_NOT_PERMITTED,True
2025-08-25T06:19:25Z,SA-0003420,farmer_assign_role,atk-0373,Farmer,WriteSensor,AuditLog,North,DENY,POLICY_VIOLATION,True
2025-08-25T06:32:40Z,SA-0003421,farmer_assign_role,atk-0474,Farmer,WriteSensor,SensorData,West,DENY,OP_NOT_PERMITTED,True
2025-08-25T09:09:30Z,SA-0003422,farmer_assign_role,atk-0333,Farmer,ReadAudit,IrrigationControl,North,DENY,CERT_REVOKED,True
2025-08-25T13:36:01Z,SA-0003423,farmer_assign_role,atk-0434,Farmer,ControlZone,RoleAssignment,West,DENY,IDS_BLOCKED,True
2025-08-25T15:12:44Z,SA-0003424,farmer_assign_role,atk-0172,Farmer,ManageRoles,IrrigationControl,West,DENY,OP_NOT_PERMITTED,True
2025-08-25T15:22:58Z,SA-0003425,farmer_assign_role,atk-0294,Farmer,ReadAudit,AuditLog,East,DENY,POLICY_VIOLATION,True
2025-08-25T15:40:09Z,SA-0003426,farmer_assign_role,atk-0040,Farmer,ControlZone,AuditLog,West,DENY,ROLE_INSUFFICIENT,True
2025-08-25T15:57:06Z,SA-0003427,farmer_assign_role,atk-0299,Farmer,ReadAll,IrrigationControl,North,DENY,IDS_BLOCKED,True
2025-08-25T16:31:21Z,SA-0003428,farmer_assign_role,atk-0115,Farmer,ControlZone,SensorData,East,DENY,IDS_BLOCKED,True
2025-08-25T17:37:57Z,SA-0003429,farmer_assign_role,atk-0140,Farmer,ControlZone,SensorData,North,DENY,ZONE_MISMATCH,True
2025-08-25T18:13:21Z,SA-0003430,farmer_assign_role,atk-0219,Farmer,WriteSensor,IrrigationControl,West,DENY,POLICY_VIOLATION,True
2025-08-25T18:46:02Z,SA-0003431,farmer_assign_role,atk-0386,Farmer,ReadAudit,RoleAssignment,East,DENY,CERT_REVOKED,True
2025-08-25T18:54:16Z,SA-0003432,farmer_assign_role,atk-0292,Farmer,ReadAll,SensorData,East,DENY,ROLE_INSUFFICIENT,True
2025-08-25T19:21:01Z,SA-0003433,farmer_assign_role,atk-0255,Farmer,WriteSensor,IrrigationControl,East,DENY,IDS_BLOCKED,True
2025-08-25T21:16:17Z,SA-0003434,farmer_assign_role,atk-0138,Farmer,ReadAll,AuditLog,East,DENY,CERT_REVOKED,True
2025-08-25T22:46:41Z,SA-0003435,farmer_assign_role,atk-0391,Farmer,ControlZone,RoleAssignment,South,DENY,IDS_BLOCKED,True
2025-08-26T00:35:18Z,SA-0003436,farmer_assign_role,atk-0081,Farmer,ControlZone,SensorData,North,DENY,POLICY_VIOLATION,True
2025-08-26T01:51:24Z,SA-0003437,farmer_assign_role,atk-0385,Farmer,ManageRoles,AuditLog,South,DENY,ROLE_INSUFFICIENT,True
2025-08-26T03:40:32Z,SA-0003438,farmer_assign_role,atk-0168,Farmer,ReadAll,IrrigationControl,West,DENY,CERT_REVOKED,True
2025-08-26T04:02:31Z,SA-0003439,farmer_assign_role,atk-0067,Farmer,ControlZone,SensorData,West,DENY,ROLE_INSUFFICIENT,True
2025-08-26T05:14:28Z,SA-0003440,farmer_assign_role,atk-0219,Farmer,ControlZone,AuditLog,South,DENY,CERT_REVOKED,True
2025-08-26T05:45:08Z,SA-0003441,farmer_assign_role,atk-0321,Farmer,ReadAll,AuditLog,South,DENY,ZONE_MISMATCH,True
2025-08-26T06:35:15Z,SA-0003442,farmer_assign_role,atk-0402,Farmer,ReadAudit,IrrigationControl,West,DENY,ZONE_MISMATCH,True
2025-08-26T06:39:43Z,SA-0003443,farmer_assign_role,atk-0025,Farmer,WriteSensor,AuditLog,North,DENY,POLICY_VIOLATION,True
2025-08-26T13:45:16Z,SA-0003444,farmer_assign_role,atk-0115,Farmer,ManageRoles,IrrigationControl,East,DENY,IDS_BLOCKED,True
2025-08-26T14:10:52Z,SA-0003445,farmer_assign_role,atk-0482,Farmer,ControlZone,RoleAssignment,West,DENY,POLICY_VIOLATION,True
2025-08-26T14:31:53Z,SA-0003446,farmer_assign_role,atk-0056,Farmer,ReadAll,IrrigationControl,West,DENY,OP_NOT_PERMITTED,True
2025-08-26T15:17:04Z,SA-0003447,farmer_assign_role,atk-0314,Farmer,WriteSensor,RoleAssignment,North,DENY,POLICY_VIOLATION,True
2025-08-26T15:28:29Z,SA-0003448,farmer_assign_role,atk-0194,Farmer,ReadAudit,RoleAssignment,West,DENY,CERT_REVOKED,True
2025-08-26T16:19:41Z,SA-0003449,farmer_assign_role,atk-0293,Farmer,ReadAudit,SensorData,South,DENY,OP_NOT_PERMITTED,True
2025-08-26T16:55:01Z,SA-0003450,farmer_assign_role,atk-0371,Farmer,ManageRoles,RoleAssignment,South,DENY,POLICY_VIOLATION,True
2025-08-26T18:30:27Z,SA-0003451,farmer_assign_role,atk-0466,Farmer,ReadAudit,SensorData,West,DENY,ROLE_INSUFFICIENT,True
2025-08-26T18:39:07Z,SA-0003452,farmer_assign_role,atk-0064,Farmer,WriteSensor,AuditLog,East,DENY,CERT_REVOKED,True
2025-08-26T19:58:17Z,SA-0003453,farmer_assign_role,atk-0223,Farmer,ReadAll,AuditLog,East,DENY,POLICY_VIOLATION,True
2025-08-26T21:51:38Z,SA-0003454,farmer_assign_role,atk-0232,Farmer,ControlZone,RoleAssignment,West,DENY,ROLE_INSUFFICIENT,True
2025-08-26T22:11:00Z,SA-0003455,farmer_assign_role,atk-0136,Farmer,ControlZone,AuditLog,North,DENY,IDS_BLOCKED,True
2025-08-26T22:36:38Z,SA-0003456,farmer_assign_role,atk-0401,Farmer,ReadAudit,RoleAssignment,North,DENY,ZONE_MISMATCH,True
2025-08-26T23:45:05Z,SA-0003457,farmer_assign_role,atk-0220,Farmer,WriteSensor,SensorData,East,DENY,ZONE_MISMATCH,True
2025-08-27T01:39:31Z,SA-0003458,farmer_assign_role,atk-0163,Farmer,ControlZone,RoleAssignment,East,DENY,ZONE_MISMATCH,True
2025-08-27T02:30:39Z,SA-0003459,farmer_assign_role,atk-0173,Farmer,WriteSensor,AuditLog,North,DENY,ROLE_INSUFFICIENT,True
2025-08-27T03:58:59Z,SA-0003460,farmer_assign_role,atk-0257,Farmer,WriteSensor,AuditLog,North,DENY,POLICY_VIOLATION,True
2025-08-27T07:26:14Z,SA-0003461,farmer_assign_role,atk-0050,Farmer,ReadAll,IrrigationControl,East,DENY,ROLE_INSUFFICIENT,True
2025-08-27T07:27:40Z,SA-0003462,farmer_assign_role,atk-0258,Farmer,ReadAudit,AuditLog,West,DENY,OP_NOT_PERMITTED,True
2025-08-27T08:19:33Z,SA-0003463,farmer_assign_role,atk-0067,Farmer,ControlZone,RoleAssignment,East,DENY,OP_NOT_PERMITTED,True
2025-08-27T10:40:11Z,SA-0003464,farmer_assign_role,atk-0029,Farmer,ReadAudit,RoleAssignment,South,DENY,CERT_REVOKED,True
2025-08-27T12:17:12Z,SA-0003465,farmer_assign_role,atk-0130,Farmer,ReadAudit,SensorData,West,DENY,POLICY_VIOLATION,True
2025-08-27T12:28:31Z,SA-0003466,farmer_assign_role,atk-0008,Farmer,ControlZone,IrrigationControl,East,DENY,CERT_REVOKED,True
2025-08-27T12:35:14Z,SA-0003467,farmer_assign_role,atk-0345,Farmer,ReadAll,IrrigationControl,South,DENY,CERT_REVOKED,True
2025-08-27T13:21:27Z,SA-0003468,farmer_assign_role,atk-0067,Farmer,ReadAudit,SensorData,East,DENY,CERT_REVOKED,True
2025-08-27T13:42:47Z,SA-0003469,farmer_assign_role,atk-0140,Farmer,ReadAudit,SensorData,West,DENY,IDS_BLOCKED,True
2025-08-27T14:23:41Z,SA-0003470,farmer_assign_role,atk-0400,Farmer,ManageRoles,IrrigationControl,South,DENY,CERT_REVOKED,True
2025-08-27T17:45:12Z,SA-0003471,farmer_assign_role,atk-0140,Farmer,WriteSensor,SensorData,South,DENY,OP_NOT_PERMITTED,True
2025-08-27T21:14:30Z,SA-0003472,farmer_assign_role,atk-0412,Farmer,ManageRoles,SensorData,East,DENY,IDS_BLOCKED,True
2025-08-27T23:34:52Z,SA-0003473,farmer_assign_role,atk-0298,Farmer,ControlZone,SensorData,East,DENY,OP_NOT_PERMITTED,True
2025-08-28T00:03:55Z,SA-0003474,farmer_assign_role,atk-0294,Farmer,ReadAudit,SensorData,East,DENY,ROLE_INSUFFICIENT,True
2025-08-28T01:48:48Z,SA-0003475,farmer_assign_role,atk-0454,Farmer,ManageRoles,RoleAssignment,North,DENY,POLICY_VIOLATION,True
2025-08-28T02:46:07Z,SA-0003476,farmer_assign_role,atk-0065,Farmer,ReadAll,IrrigationControl,West,DENY,ROLE_INSUFFICIENT,True
2025-08-28T04:51:23Z,SA-0003477,farmer_assign_role,atk-0363,Farmer,ReadAll,RoleAssignment,East,DENY,IDS_BLOCKED,True
2025-08-28T05:48:52Z,SA-0003478,farmer_assign_role,atk-0349,Farmer,ControlZone,SensorData,South,DENY,IDS_BLOCKED,True
2025-08-28T06:18:53Z,SA-0003479,farmer_assign_role,atk-0237,Farmer,ManageRoles,RoleAssignment,West,DENY,ZONE_MISMATCH,True
2025-08-28T06:24:04Z,SA-0003480,farmer_assign_role,atk-0219,Farmer,ControlZone,RoleAssignment,West,DENY,ZONE_MISMATCH,True
2025-08-28T08:58:03Z,SA-0003481,farmer_assign_role,atk-0153,Farmer,ReadAudit,AuditLog,North,DENY,ZONE_MISMATCH,True
2025-08-28T09:30:22Z,SA-0003482,farmer_assign_role,atk-0470,Farmer,ManageRoles,AuditLog,West,DENY,ROLE_INSUFFICIENT,True
2025-08-28T11:47:37Z,SA-0003483,farmer_assign_role,atk-0242,Farmer,ControlZone,SensorData,North,DENY,CERT_REVOKED,True
2025-08-28T12:22:35Z,SA-0003484,farmer_assign_role,atk-0277,Farmer,ReadAudit,IrrigationControl,East,DENY,IDS_BLOCKED,True
2025-08-28T13:39:17Z,SA-0003485,farmer_assign_role,atk-0360,Farmer,WriteSensor,AuditLog,East,DENY,ZONE_MISMATCH,True
2025-08-28T13:45:44Z,SA-0003486,farmer_assign_role,atk-0178,Farmer,ManageRoles,RoleAssignment,West,DENY,ZONE_MISMATCH,True
2025-08-28T14:04:23Z,SA-0003487,farmer_assign_role,atk-0242,Farmer,WriteSensor,AuditLog,West,DENY,IDS_BLOCKED,True
2025-08-28T15:12:34Z,SA-0003488,farmer_assign_role,atk-0448,Farmer,ReadAll,RoleAssignment,West,DENY,OP_NOT_PERMITTED,True
2025-08-28T16:49:24Z,SA-0003489,farmer_assign_role,atk-0412,Farmer,ReadAll,AuditLog,East,DENY,CERT_REVOKED,True
2025-08-28T17:13:10Z,SA-0003490,farmer_assign_role,atk-0109,Farmer,ReadAll,SensorData,North,DENY,ZONE_MISMATCH,True
2025-08-28T17:21:25Z,SA-0003491,farmer_assign_role,atk-0383,Farmer,ReadAll,IrrigationControl,East,DENY,POLICY_VIOLATION,True
2025-08-28T22:14:17Z,SA-0003492,farmer_assign_role,atk-0447,Farmer,ManageRoles,IrrigationControl,South,DENY,OP_NOT_PERMITTED,True
2025-08-29T03:17:37Z,SA-0003493,farmer_assign_role,atk-0284,Farmer,ReadAudit,IrrigationControl,East,DENY,OP_NOT_PERMITTED,True
2025-08-29T04:57:42Z,SA-0003494,farmer_assign_role,atk-0338,Farmer,WriteSensor,SensorData,East,DENY,OP_NOT_PERMITTED,True
2025-08-29T07:51:54Z,SA-0003495,farmer_assign_role,atk-0298,Farmer,ReadAudit,IrrigationControl,South,DENY,IDS_BLOCKED,True
2025-08-29T08:44:55Z,SA-0003496,farmer_assign_role,atk-0263,Farmer,WriteSensor,RoleAssignment,South,DENY,POLICY_VIOLATION,True
2025-08-29T11:04:54Z,SA-0003497,farmer_assign_role,atk-0175,Farmer,ReadAll,AuditLog,West,DENY,OP_NOT_PERMITTED,True
2025-08-29T11:06:20Z,SA-0003498,farmer_assign_role,atk-0051,Farmer,ReadAudit,SensorData,West,DENY,IDS_BLOCKED,True
2025-08-29T12:28:42Z,SA-0003499,farmer_assign_role,atk-0277,Farmer,ControlZone,SensorData,East,DENY,IDS_BLOCKED,True
2025-08-29T12:57:04Z,SA-0003500,farmer_assign_role,atk-0446,Farmer,ReadAudit,RoleAssignment,North,DENY,POLICY_VIOLATION,True
2025-08-29T14:52:20Z,SA-0003501,farmer_assign_role,atk-0381,Farmer,ReadAll,IrrigationControl,North,DENY,IDS_BLOCKED,True
2025-08-29T22:48:49Z,SA-0003502,farmer_assign_role,atk-0153,Farmer,ManageRoles,SensorData,West,DENY,OP_NOT_PERMITTED,True
2025-08-30T01:22:20Z,SA-0003503,farmer_assign_role,atk-0185,Farmer,WriteSensor,IrrigationControl,West,DENY,ZONE_MISMATCH,True
2025-08-30T06:17:25Z,SA-0003504,farmer_assign_role,atk-0248,Farmer,ReadAll,SensorData,North,DENY,IDS_BLOCKED,True
2025-08-30T06:30:54Z,SA-0003505,farmer_assign_role,atk-0425,Farmer,ReadAudit,RoleAssignment,West,DENY,ZONE_MISMATCH,True
2025-08-30T07:32:41Z,SA-0003506,farmer_assign_role,atk-0447,Farmer,ManageRoles,SensorData,East,DENY,ZONE_MISMATCH,True
2025-08-30T07:54:28Z,SA-0003507,farmer_assign_role,atk-0026,Farmer,WriteSensor,RoleAssignment,East,DENY,IDS_BLOCKED,True
2025-08-30T08:19:42Z,SA-0003508,farmer_assign_role,atk-0009,Farmer,ReadAudit,IrrigationControl,South,DENY,CERT_REVOKED,True
2025-08-30T12:07:55Z,SA-0003509,farmer_assign_role,atk-0378,Farmer,ReadAll,AuditLog,West,DENY,OP_NOT_PERMITTED,True
2025-08-30T12:43:09Z,SA-0003510,farmer_assign_role,atk-0407,Farmer,ControlZone,SensorData,North,DENY,POLICY_VIOLATION,True
2025-08-30T13:02:23Z,SA-0003511,farmer_assign_role,atk-0007,Farmer,WriteSensor,RoleAssignment,South,DENY,ROLE_INSUFFICIENT,True
2025-08-30T13:06:31Z,SA-0003512,farmer_assign_role,atk-0103,Farmer,ManageRoles,SensorData,West,DENY,CERT_REVOKED,True
2025-08-30T13:58:54Z,SA-0003513,farmer_assign_role,atk-0249,Farmer,ManageRoles,AuditLog,West,DENY,OP_NOT_PERMITTED,True
2025-08-30T15:15:53Z,SA-0003514,farmer_assign_role,atk-0013,Farmer,WriteSensor,IrrigationControl,South,DENY,POLICY_VIOLATION,True
2025-08-30T17:36:49Z,SA-0003515,farmer_assign_role,atk-0478,Farmer,ControlZone,SensorData,South,DENY,ZONE_MISMATCH,True
2025-08-30T18:41:35Z,SA-0003516,farmer_assign_role,atk-0039,Farmer,WriteSensor,RoleAssignment,East,DENY,IDS_BLOCKED,True
2025-08-30T20:54:55Z,SA-0003517,farmer_assign_role,atk-0108,Farmer,ManageRoles,AuditLog,East,DENY,IDS_BLOCKED,True
2025-08-30T21:12:46Z,SA-0003518,farmer_assign_role,atk-0024,Farmer,ManageRoles,RoleAssignment,North,DENY,ROLE_INSUFFICIENT,True
2025-08-31T02:07:51Z,SA-0003519,farmer_assign_role,atk-0473,Farmer,ReadAudit,RoleAssignment,North,DENY,OP_NOT_PERMITTED,True
2025-08-31T05:12:15Z,SA-0003520,farmer_assign_role,atk-0476,Farmer,WriteSensor,IrrigationControl,West,DENY,IDS_BLOCKED,True
2025-08-31T05:52:59Z,SA-0003521,farmer_assign_role,atk-0194,Farmer,ReadAll,AuditLog,North,DENY,CERT_REVOKED,True
2025-08-31T06:48:44Z,SA-0003522,farmer_assign_role,atk-0229,Farmer,ControlZone,IrrigationControl,North,DENY,POLICY_VIOLATION,True
2025-08-31T06:55:00Z,SA-0003523,farmer_assign_role,atk-0407,Farmer,ReadAll,IrrigationControl,East,DENY,ZONE_MISMATCH,True
2025-08-31T08:04:56Z,SA-0003524,farmer_assign_role,atk-0212,Farmer,WriteSensor,SensorData,West,DENY,ROLE_INSUFFICIENT,True
2025-08-31T08:20:01Z,SA-0003525,farmer_assign_role,atk-0481,Farmer,ReadAll,RoleAssignment,East,DENY,IDS_BLOCKED,True
2025-08-31T08:37:23Z,SA-0003526,farmer_assign_role,atk-0149,Farmer,WriteSensor,AuditLog,East,DENY,CERT_REVOKED,True
2025-08-31T11:47:13Z,SA-0003527,farmer_assign_role,atk-0064,Farmer,ReadAll,AuditLog,West,DENY,POLICY_VIOLATION,True
2025-08-31T13:31:24Z,SA-0003528,farmer_assign_role,atk-0279,Farmer,ManageRoles,SensorData,West,DENY,IDS_BLOCKED,True
2025-08-31T13:50:18Z,SA-0003529,farmer_assign_role,atk-0041,Farmer,ReadAll,IrrigationControl,North,DENY,OP_NOT_PERMITTED,True
2025-08-31T15:46:40Z,SA-0003530,farmer_assign_role,atk-0269,Farmer,WriteSensor,AuditLog,North,DENY,IDS_BLOCKED,True
2025-08-31T17:28:34Z,SA-0003531,farmer_assign_role,atk-0242,Farmer,ManageRoles,IrrigationControl,West,DENY,ROLE_INSUFFICIENT,True
2025-08-31T17:36:56Z,SA-0003532,farmer_assign_role,atk-0041,Farmer,ManageRoles,SensorData,East,DENY,IDS_BLOCKED,True
2025-08-31T20:19:10Z,SA-0003533,farmer_assign_role,atk-0271,Farmer,ControlZone,SensorData,South,DENY,POLICY_VIOLATION,True
2025-08-31T21:41:52Z,SA-0003534,farmer_assign_role,atk-0018,Farmer,ControlZone,RoleAssignment,North,DENY,ZONE_MISMATCH,True
2025-08-31T21:43:11Z,SA-0003535,farmer_assign_role,atk-0173,Farmer,WriteSensor,AuditLog,West,DENY,OP_NOT_PERMITTED,True
2025-09-01T00:50:01Z,SA-0003536,farmer_assign_role,atk-0418,Farmer,ControlZone,SensorData,East,DENY,ZONE_MISMATCH,True
2025-09-01T01:25:14Z,SA-0003537,farmer_assign_role,atk-0287,Farmer,WriteSensor,SensorData,West,DENY,ZONE_MISMATCH,True
2025-09-01T04:33:09Z,SA-0003538,farmer_assign_role,atk-0093,Farmer,ControlZone,RoleAssignment,East,DENY,IDS_BLOCKED,True
2025-09-01T05:06:58Z,SA-0003539,farmer_assign_role,atk-0351,Farmer,ManageRoles,AuditLog,South,DENY,OP_NOT_PERMITTED,True
2025-09-01T06:15:07Z,SA-0003540,farmer_assign_role,atk-0216,Farmer,ReadAudit,RoleAssignment,West,DENY,CERT_REVOKED,True
2025-09-01T11:27:48Z,SA-0003541,farmer_assign_role,atk-0169,Farmer,ManageRoles,IrrigationControl,South,DENY,CERT_REVOKED,True
2025-09-01T12:56:03Z,SA-0003542,farmer_assign_role,atk-0271,Farmer,WriteSensor,RoleAssignment,South,DENY,CERT_REVOKED,True
2025-09-01T13:20:42Z,SA-0003543,farmer_assign_role,atk-0067,Farmer,ReadAll,IrrigationControl,East,DENY,CERT_REVOKED,True
2025-09-01T13:44:38Z,SA-0003544,farmer_assign_role,atk-0424,Farmer,WriteSensor,IrrigationControl,West,DENY,POLICY_VIOLATION,True
2025-09-01T16:27:59Z,SA-0003545,farmer_assign_role,atk-0231,Farmer,WriteSensor,RoleAssignment,North,DENY,OP_NOT_PERMITTED,True
2025-09-01T19:38:08Z,SA-0003546,farmer_assign_role,atk-0218,Farmer,WriteSensor,AuditLog,East,DENY,ZONE_MISMATCH,True
2025-09-01T22:54:46Z,SA-0003547,farmer_assign_role,atk-0047,Farmer,ControlZone,IrrigationControl,North,DENY,CERT_REVOKED,True
2025-09-01T23:27:42Z,SA-0003548,farmer_assign_role,atk-0448,Farmer,ManageRoles,AuditLog,South,DENY,POLICY_VIOLATION,True
2025-09-02T00:15:27Z,SA-0003549,farmer_assign_role,atk-0055,Farmer,WriteSensor,SensorData,North,DENY,ROLE_INSUFFICIENT,True
2025-09-02T02:28:29Z,SA-0003550,farmer_assign_role,atk-0423,Farmer,ControlZone,SensorData,North,DENY,ZONE_MISMATCH,True
2025-09-02T04:44:39Z,SA-0003551,farmer_assign_role,atk-0481,Farmer,ManageRoles,AuditLog,South,DENY,CERT_REVOKED,True
2025-09-02T09:00:05Z,SA-0003552,farmer_assign_role,atk-0087,Farmer,ReadAudit,RoleAssignment,West,DENY,OP_NOT_PERMITTED,True
2025-09-02T09:51:52Z,SA-0003553,farmer_assign_role,atk-0354,Farmer,WriteSensor,SensorData,North,DENY,OP_NOT_PERMITTED,True
2025-09-02T10:09:15Z,SA-0003554,farmer_assign_role,atk-0265,Farmer,ManageRoles,SensorData,East,DENY,ZONE_MISMATCH,True
2025-09-02T10:15:45Z,SA-0003555,farmer_assign_role,atk-0198,Farmer,ReadAudit,SensorData,West,DENY,ROLE_INSUFFICIENT,True
2025-09-02T10:28:28Z,SA-0003556,farmer_assign_role,atk-0053,Farmer,ReadAudit,AuditLog,South,DENY,ROLE_INSUFFICIENT,True
2025-09-02T11:28:32Z,SA-0003557,farmer_assign_role,atk-0350,Farmer,ManageRoles,RoleAssignment,North,DENY,ROLE_INSUFFICIENT,True
2025-09-02T17:17:23Z,SA-0003558,farmer_assign_role,atk-0175,Farmer,ReadAll,AuditLog,South,DENY,ROLE_INSUFFICIENT,True
2025-09-02T18:05:53Z,SA-0003559,farmer_assign_role,atk-0297,Farmer,ReadAudit,SensorData,West,DENY,POLICY_VIOLATION,True
2025-09-02T18:45:32Z,SA-0003560,farmer_assign_role,atk-0323,Farmer,ManageRoles,SensorData,South,DENY,ZONE_MISMATCH,True
2025-09-02T19:49:59Z,SA-0003561,farmer_assign_role,atk-0045,Farmer,ReadAudit,AuditLog,South,DENY,CERT_REVOKED,True
2025-09-02T22:26:07Z,SA-0003562,farmer_assign_role,atk-0381,Farmer,ReadAll,SensorData,North,DENY,POLICY_VIOLATION,True
2025-09-02T23:34:06Z,SA-0003563,farmer_assign_role,atk-0369,Farmer,ReadAll,AuditLog,East,DENY,IDS_BLOCKED,True
2025-09-03T04:08:19Z,SA-0003564,farmer_assign_role,atk-0173,Farmer,ManageRoles,IrrigationControl,East,DENY,IDS_BLOCKED,True
2025-09-03T06:04:35Z,SA-0003565,farmer_assign_role,atk-0222,Farmer,WriteSensor,RoleAssignment,North,DENY,ROLE_INSUFFICIENT,True
2025-09-03T11:44:51Z,SA-0003566,farmer_assign_role,atk-0034,Farmer,ReadAll,SensorData,West,DENY,IDS_BLOCKED,True
2025-09-03T13:59:20Z,SA-0003567,farmer_assign_role,atk-0369,Farmer,ReadAudit,IrrigationControl,East,DENY,ROLE_INSUFFICIENT,True
2025-09-03T20:42:31Z,SA-0003568,farmer_assign_role,atk-0028,Farmer,ReadAudit,IrrigationControl,West,DENY,CERT_REVOKED,True
2025-09-03T23:01:12Z,SA-0003569,farmer_assign_role,atk-0421,Farmer,ManageRoles,SensorData,East,DENY,IDS_BLOCKED,True
2025-09-04T02:37:32Z,SA-0003570,farmer_assign_role,atk-0326,Farmer,ReadAll,RoleAssignment,West,DENY,CERT_REVOKED,True
2025-09-04T05:13:57Z,SA-0003571,farmer_assign_role,atk-0332,Farmer,ControlZone,RoleAssignment,West,DENY,OP_NOT_PERMITTED,True
2025-09-04T05:21:54Z,SA-0003572,farmer_assign_role,atk-0271,Farmer,ControlZone,SensorData,North,DENY,IDS_BLOCKED,True
2025-09-04T06:35:39Z,SA-0003573,farmer_assign_role,atk-0413,Farmer,ControlZone,RoleAssignment,North,DENY,POLICY_VIOLATION,True
2025-09-04T08:29:11Z,SA-0003574,farmer_assign_role,atk-0347,Farmer,ManageRoles,RoleAssignment,North,DENY,OP_NOT_PERMITTED,True
2025-09-04T12:03:17Z,SA-0003575,farmer_assign_role,atk-0459,Farmer,ManageRoles,IrrigationControl,North,DENY,IDS_BLOCKED,True
2025-09-04T13:50:32Z,SA-0003576,farmer_assign_role,atk-0472,Farmer,ControlZone,SensorData,South,DENY,POLICY_VIOLATION,True
2025-09-04T15:51:03Z,SA-0003577,farmer_assign_role,atk-0298,Farmer,WriteSensor,IrrigationControl,West,DENY,IDS_BLOCKED,True
2025-09-04T16:29:41Z,SA-0003578,farmer_assign_role,atk-0003,Farmer,WriteSensor,AuditLog,South,DENY,IDS_BLOCKED,True
2025-09-04T19:43:32Z,SA-0003579,farmer_assign_role,atk-0095,Farmer,ManageRoles,RoleAssignment,South,DENY,POLICY_VIOLATION,True
2025-09-04T20:26:17Z,SA-0003580,farmer_assign_role,atk-0063,Farmer,ReadAudit,AuditLog,West,DENY,POLICY_VIOLATION,True
2025-09-04T20:26:44Z,SA-0003581,farmer_assign_role,atk-0254,Farmer,ControlZone,RoleAssignment,East,DENY,ROLE_INSUFFICIENT,True
2025-09-04T22:38:55Z,SA-0003582,farmer_assign_role,atk-0118,Farmer,ReadAudit,AuditLog,East,DENY,POLICY_VIOLATION,True
2025-09-04T22:46:07Z,SA-0003583,farmer_assign_role,atk-0466,Farmer,ManageRoles,IrrigationControl,East,DENY,CERT_REVOKED,True
2025-09-04T23:18:04Z,SA-0003584,farmer_assign_role,atk-0353,Farmer,ReadAudit,SensorData,North,DENY,CERT_REVOKED,True
2025-09-04T23:51:40Z,SA-0003585,farmer_assign_role,atk-0197,Farmer,ManageRoles,RoleAssignment,South,DENY,POLICY_VIOLATION,True
2025-09-05T01:39:06Z,SA-0003586,farmer_assign_role,atk-0178,Farmer,ReadAll,SensorData,South,DENY,POLICY_VIOLATION,True
2025-09-05T02:30:54Z,SA-0003587,farmer_assign_role,atk-0362,Farmer,ManageRoles,SensorData,East,DENY,ROLE_INSUFFICIENT,True
2025-09-05T02:40:56Z,SA-0003588,farmer_assign_role,atk-0030,Farmer,ManageRoles,IrrigationControl,South,DENY,CERT_REVOKED,True
2025-09-05T05:58:55Z,SA-0003589,farmer_assign_role,atk-0023,Farmer,ReadAll,IrrigationControl,West,DENY,ZONE_MISMATCH,True
2025-09-05T10:55:21Z,SA-0003590,farmer_assign_role,atk-0474,Farmer,ControlZone,RoleAssignment,East,DENY,ROLE_INSUFFICIENT,True
2025-09-05T13:25:21Z,SA-0003591,farmer_assign_role,atk-0112,Farmer,WriteSensor,SensorData,South,DENY,OP_NOT_PERMITTED,True
2025-09-05T13:36:09Z,SA-0003592,farmer_assign_role,atk-0433,Farmer,ManageRoles,IrrigationControl,West,DENY,POLICY_VIOLATION,True
2025-09-05T13:53:24Z,SA-0003593,farmer_assign_role,atk-0016,Farmer,ManageRoles,RoleAssignment,West,DENY,POLICY_VIOLATION,True
2025-09-05T14:26:44Z,SA-0003594,farmer_assign_role,atk-0461,Farmer,ReadAll,AuditLog,West,DENY,OP_NOT_PERMITTED,True
2025-09-05T14:52:27Z,SA-0003595,farmer_assign_role,atk-0307,Farmer,ManageRoles,IrrigationControl,North,DENY,IDS_BLOCKED,True
2025-09-05T15:41:20Z,SA-0003596,farmer_assign_role,atk-0448,Farmer,ControlZone,RoleAssignment,East,DENY,IDS_BLOCKED,True
2025-09-05T18:06:36Z,SA-0003597,farmer_assign_role,atk-0372,Farmer,ManageRoles,SensorData,West,DENY,IDS_BLOCKED,True
2025-09-05T20:50:10Z,SA-0003598,farmer_assign_role,atk-0286,Farmer,ManageRoles,AuditLog,East,DENY,IDS_BLOCKED,True
2025-09-05T21:35:16Z,SA-0003599,farmer_assign_role,atk-0133,Farmer,ReadAll,IrrigationControl,North,DENY,IDS_BLOCKED,True
2025-09-05T23:13:56Z,SA-0003600,farmer_assign_role,atk-0367,Farmer,ReadAll,IrrigationControl,North,DENY,ZONE_MISMATCH,True
2025-09-06T00:09:19Z,SA-0003601,farmer_assign_role,atk-0178,Farmer,ControlZone,AuditLog,North,DENY,ROLE_INSUFFICIENT,True
2025-09-06T01:34:27Z,SA-0003602,farmer_assign_role,atk-0175,Farmer,ReadAll,SensorData,South,DENY,OP_NOT_PERMITTED,True
2025-09-06T02:01:30Z,SA-0003603,farmer_assign_role,atk-0085,Farmer,ReadAll,IrrigationControl,North,DENY,ZONE_MISMATCH,True
2025-09-06T03:41:18Z,SA-0003604,farmer_assign_role,atk-0407,Farmer,ReadAudit,RoleAssignment,North,DENY,IDS_BLOCKED,True
2025-09-06T04:52:23Z,SA-0003605,farmer_assign_role,atk-0177,Farmer,ReadAudit,AuditLog,South,DENY,CERT_REVOKED,True
2025-09-06T07:10:38Z,SA-0003606,farmer_assign_role,atk-0269,Farmer,ControlZone,IrrigationControl,East,DENY,POLICY_VIOLATION,True
2025-09-06T07:51:48Z,SA-0003607,farmer_assign_role,atk-0395,Farmer,ControlZone,SensorData,West,DENY,OP_NOT_PERMITTED,True
2025-09-06T09:43:52Z,SA-0003608,farmer_assign_role,atk-0367,Farmer,ControlZone,RoleAssignment,East,DENY,ZONE_MISMATCH,True
2025-09-06T10:27:52Z,SA-0003609,farmer_assign_role,atk-0207,Farmer,ReadAudit,RoleAssignment,East,DENY,IDS_BLOCKED,True
2025-09-06T10:35:15Z,SA-0003610,farmer_assign_role,atk-0396,Farmer,ManageRoles,SensorData,North,DENY,OP_NOT_PERMITTED,True
2025-09-06T11:30:53Z,SA-0003611,farmer_assign_role,atk-0342,Farmer,ControlZone,AuditLog,East,DENY,CERT_REVOKED,True
2025-09-06T12:16:44Z,SA-0003612,farmer_assign_role,atk-0063,Farmer,ControlZone,IrrigationControl,South,DENY,POLICY_VIOLATION,True
2025-09-06T13:30:27Z,SA-0003613,farmer_assign_role,atk-0057,Farmer,ManageRoles,IrrigationControl,West,DENY,ROLE_INSUFFICIENT,True
2025-09-06T13:49:32Z,SA-0003614,farmer_assign_role,atk-0341,Farmer,WriteSensor,IrrigationControl,East,DENY,OP_NOT_PERMITTED,True
2025-09-06T14:16:25Z,SA-0003615,farmer_assign_role,atk-0233,Farmer,ControlZone,IrrigationControl,North,DENY,OP_NOT_PERMITTED,True
2025-09-06T17:24:59Z,SA-0003616,farmer_assign_role,atk-0461,Farmer,ControlZone,RoleAssignment,East,DENY,OP_NOT_PERMITTED,True
2025-09-06T17:45:29Z,SA-0003617,farmer_assign_role,atk-0277,Farmer,ControlZone,IrrigationControl,North,DENY,ZONE_MISMATCH,True
2025-09-06T19:54:14Z,SA-0003618,farmer_assign_role,atk-0100,Farmer,ReadAll,AuditLog,North,DENY,ROLE_INSUFFICIENT,True
2025-09-06T21:34:08Z,SA-0003619,farmer_assign_role,atk-0338,Farmer,ManageRoles,SensorData,North,DENY,ROLE_INSUFFICIENT,True
2025-09-06T21:41:18Z,SA-0003620,farmer_assign_role,atk-0014,Farmer,ReadAudit,RoleAssignment,North,DENY,IDS_BLOCKED,True
2025-09-06T23:34:37Z,SA-0003621,farmer_assign_role,atk-0454,Farmer,ManageRoles,SensorData,North,DENY,ZONE_MISMATCH,True
2025-09-06T23:56:47Z,SA-0003622,farmer_assign_role,atk-0478,Farmer,ControlZone,AuditLog,South,DENY,OP_NOT_PERMITTED,True
2025-09-07T00:36:55Z,SA-0003623,farmer_assign_role,atk-0478,Farmer,ControlZone,RoleAssignment,North,DENY,ZONE_MISMATCH,True
2025-09-07T01:18:55Z,SA-0003624,farmer_assign_role,atk-0276,Farmer,ReadAll,SensorData,North,DENY,CERT_REVOKED,True
2025-09-07T01:43:41Z,SA-0003625,farmer_assign_role,atk-0095,Farmer,ReadAll,RoleAssignment,South,DENY,CERT_REVOKED,True
2025-09-07T02:48:49Z,SA-0003626,farmer_assign_role,atk-0152,Farmer,ReadAudit,RoleAssignment,South,DENY,IDS_BLOCKED,True
2025-09-07T03:55:09Z,SA-0003627,farmer_assign_role,atk-0157,Farmer,WriteSensor,RoleAssignment,East,DENY,OP_NOT_PERMITTED,True
2025-09-07T05:07:00Z,SA-0003628,farmer_assign_role,atk-0268,Farmer,WriteSensor,AuditLog,South,DENY,CERT_REVOKED,True
2025-09-07T05:11:32Z,SA-0003629,farmer_assign_role,atk-0354,Farmer,ReadAudit,IrrigationControl,West,DENY,IDS_BLOCKED,True
2025-09-07T05:23:42Z,SA-0003630,farmer_assign_role,atk-0273,Farmer,ControlZone,AuditLog,South,DENY,POLICY_VIOLATION,True
2025-09-07T06:22:47Z,SA-0003631,farmer_assign_role,atk-0379,Farmer,ReadAll,AuditLog,South,DENY,ZONE_MISMATCH,True
2025-09-07T07:46:07Z,SA-0003632,farmer_assign_role,atk-0375,Farmer,ReadAll,RoleAssignment,South,DENY,ZONE_MISMATCH,True
2025-09-07T08:38:27Z,SA-0003633,farmer_assign_role,atk-0444,Farmer,ReadAll,SensorData,North,DENY,ZONE_MISMATCH,True
2025-09-07T09:42:35Z,SA-0003634,farmer_assign_role,atk-0317,Farmer,ReadAll,IrrigationControl,North,DENY,OP_NOT_PERMITTED,True
2025-09-07T10:37:05Z,SA-0003635,farmer_assign_role,atk-0490,Farmer,WriteSensor,AuditLog,South,DENY,IDS_BLOCKED,True
2025-09-07T11:58:31Z,SA-0003636,farmer_assign_role,atk-0489,Farmer,ManageRoles,SensorData,North,DENY,POLICY_VIOLATION,True
2025-09-07T13:17:54Z,SA-0003637,farmer_assign_role,atk-0174,Farmer,ReadAll,AuditLog,North,DENY,CERT_REVOKED,True
2025-09-07T13:55:59Z,SA-0003638,farmer_assign_role,atk-0443,Farmer,ReadAll,RoleAssignment,West,DENY,OP_NOT_PERMITTED,True
2025-09-07T13:58:14Z,SA-0003639,farmer_assign_role,atk-0170,Farmer,ControlZone,SensorData,West,DENY,ROLE_INSUFFICIENT,True
2025-09-07T17:25:03Z,SA-0003640,farmer_assign_role,atk-0222,Farmer,WriteSensor,AuditLog,North,DENY,CERT_REVOKED,True
2025-09-07T18:10:11Z,SA-0003641,farmer_assign_role,atk-0205,Farmer,ReadAudit,SensorData,North,DENY,POLICY_VIOLATION,True
2025-09-07T19:17:37Z,SA-0003642,farmer_assign_role,atk-0002,Farmer,ReadAudit,SensorData,West,DENY,ZONE_MISMATCH,True
2025-09-07T23:25:42Z,SA-0003643,farmer_assign_role,atk-0394,Farmer,ControlZone,AuditLog,North,DENY,POLICY_VIOLATION,True
2025-09-08T00:49:43Z,SA-0003644,farmer_assign_role,atk-0191,Farmer,ReadAll,IrrigationControl,South,DENY,ROLE_INSUFFICIENT,True
2025-09-08T01:20:04Z,SA-0003645,farmer_assign_role,atk-0104,Farmer,WriteSensor,AuditLog,East,DENY,ROLE_INSUFFICIENT,True
2025-09-08T01:52:47Z,SA-0003646,farmer_assign_role,atk-0476,Farmer,ReadAudit,RoleAssignment,West,DENY,OP_NOT_PERMITTED,True
2025-09-08T02:35:50Z,SA-0003647,farmer_assign_role,atk-0272,Farmer,ReadAll,SensorData,North,DENY,POLICY_VIOLATION,True
2025-09-08T02:50:41Z,SA-0003648,farmer_assign_role,atk-0201,Farmer,WriteSensor,AuditLog,South,DENY,ROLE_INSUFFICIENT,True
2025-09-08T03:35:39Z,SA-0003649,farmer_assign_role,atk-0195,Farmer,ReadAudit,RoleAssignment,West,DENY,CERT_REVOKED,True
2025-09-08T05:30:39Z,SA-0003650,farmer_assign_role,atk-0101,Farmer,ReadAll,SensorData,South,DENY,CERT_REVOKED,True
2025-09-08T05:44:45Z,SA-0003651,farmer_assign_role,atk-0329,Farmer,ControlZone,AuditLog,East,DENY,IDS_BLOCKED,True
2025-09-08T09:19:16Z,SA-0003652,farmer_assign_role,atk-0423,Farmer,ReadAll,IrrigationControl,West,DENY,ROLE_INSUFFICIENT,True
2025-09-08T10:30:26Z,SA-0003653,farmer_assign_role,atk-0113,Farmer,ReadAudit,RoleAssignment,North,DENY,POLICY_VIOLATION,True
2025-09-08T11:11:12Z,SA-0003654,farmer_assign_role,atk-0370,Farmer,ReadAll,RoleAssignment,West,DENY,POLICY_VIOLATION,True
2025-09-08T12:32:17Z,SA-0003655,farmer_assign_role,atk-0035,Farmer,ReadAudit,AuditLog,East,DENY,ZONE_MISMATCH,True
2025-09-08T12:35:38Z,SA-0003656,farmer_assign_role,atk-0226,Farmer,ManageRoles,AuditLog,North,DENY,POLICY_VIOLATION,True
2025-09-08T12:58:58Z,SA-0003657,farmer_assign_role,atk-0348,Farmer,ManageRoles,SensorData,North,DENY,OP_NOT_PERMITTED,True
2025-09-08T13:05:40Z,SA-0003658,farmer_assign_role,atk-0426,Farmer,ManageRoles,RoleAssignment,West,DENY,IDS_BLOCKED,True
2025-09-08T14:28:12Z,SA-0003659,farmer_assign_role,atk-0226,Farmer,ReadAll,RoleAssignment,West,DENY,OP_NOT_PERMITTED,True
2025-09-08T14:34:42Z,SA-0003660,farmer_assign_role,atk-0290,Farmer,ManageRoles,SensorData,West,DENY,IDS_BLOCKED,True
2025-09-08T18:35:04Z,SA-0003661,farmer_assign_role,atk-0355,Farmer,ReadAudit,SensorData,East,DENY,IDS_BLOCKED,True
2025-09-08T18:55:39Z,SA-0003662,farmer_assign_role,atk-0316,Farmer,WriteSensor,AuditLog,East,DENY,OP_NOT_PERMITTED,True
2025-09-08T21:31:22Z,SA-0003663,farmer_assign_role,atk-0226,Farmer,WriteSensor,RoleAssignment,East,DENY,OP_NOT_PERMITTED,True
2025-09-09T00:19:25Z,SA-0003664,farmer_assign_role,atk-0340,Farmer,ReadAll,IrrigationControl,West,DENY,ROLE_INSUFFICIENT,True
2025-09-09T01:22:44Z,SA-0003665,farmer_assign_role,atk-0107,Farmer,ReadAll,RoleAssignment,East,DENY,ZONE_MISMATCH,True
2025-09-09T01:29:00Z,SA-0003666,farmer_assign_role,atk-0013,Farmer,ManageRoles,AuditLog,North,DENY,POLICY_VIOLATION,True
2025-09-09T05:02:38Z,SA-0003667,farmer_assign_role,atk-0356,Farmer,ReadAll,SensorData,West,DENY,POLICY_VIOLATION,True
2025-09-09T05:59:30Z,SA-0003668,farmer_assign_role,atk-0136,Farmer,ManageRoles,AuditLog,South,DENY,CERT_REVOKED,True
2025-09-09T07:19:38Z,SA-0003669,farmer_assign_role,atk-0254,Farmer,WriteSensor,SensorData,West,DENY,ROLE_INSUFFICIENT,True
2025-09-09T12:45:45Z,SA-0003670,farmer_assign_role,atk-0123,Farmer,ControlZone,AuditLog,North,DENY,CERT_REVOKED,True
2025-09-09T12:51:07Z,SA-0003671,farmer_assign_role,atk-0479,Farmer,ReadAudit,IrrigationControl,West,DENY,CERT_REVOKED,True
2025-09-09T13:31:14Z,SA-0003672,farmer_assign_role,atk-0484,Farmer,ManageRoles,IrrigationControl,South,DENY,CERT_REVOKED,True
2025-09-09T16:51:34Z,SA-0003673,farmer_assign_role,atk-0101,Farmer,ReadAudit,RoleAssignment,South,DENY,ZONE_MISMATCH,True
2025-09-09T17:54:27Z,SA-0003674,farmer_assign_role,atk-0154,Farmer,ReadAll,RoleAssignment,West,DENY,ROLE_INSUFFICIENT,True
2025-09-09T19:36:50Z,SA-0003675,farmer_assign_role,atk-0210,Farmer,ManageRoles,IrrigationControl,South,DENY,CERT_REVOKED,True
2025-09-09T20:38:25Z,SA-0003676,farmer_assign_role,atk-0290,Farmer,ControlZone,AuditLog,North,DENY,CERT_REVOKED,True
2025-09-09T20:39:00Z,SA-0003677,farmer_assign_role,atk-0289,Farmer,ReadAll,AuditLog,North,DENY,IDS_BLOCKED,True
2025-09-09T22:12:10Z,SA-0003678,farmer_assign_role,atk-0483,Farmer,ReadAudit,AuditLog,North,DENY,ROLE_INSUFFICIENT,True
2025-09-09T23:44:45Z,SA-0003679,farmer_assign_role,atk-0077,Farmer,ManageRoles,IrrigationControl,East,DENY,CERT_REVOKED,True
2025-09-10T00:10:17Z,SA-0003680,farmer_assign_role,atk-0045,Farmer,ReadAudit,SensorData,West,DENY,IDS_BLOCKED,True
2025-09-10T02:37:32Z,SA-0003681,farmer_assign_role,atk-0059,Farmer,WriteSensor,RoleAssignment,South,DENY,POLICY_VIOLATION,True
2025-09-10T07:10:54Z,SA-0003682,farmer_assign_role,atk-0049,Farmer,WriteSensor,SensorData,North,DENY,ZONE_MISMATCH,True
2025-09-10T08:35:26Z,SA-0003683,farmer_assign_role,atk-0046,Farmer,WriteSensor,AuditLog,North,DENY,POLICY_VIOLATION,True
2025-09-10T10:21:02Z,SA-0003684,farmer_assign_role,atk-0458,Farmer,ReadAudit,IrrigationControl,West,DENY,POLICY_VIOLATION,True
2025-09-10T13:35:35Z,SA-0003685,farmer_assign_role,atk-0318,Farmer,ControlZone,AuditLog,South,DENY,OP_NOT_PERMITTED,True
2025-09-10T15:00:20Z,SA-0003686,farmer_assign_role,atk-0368,Farmer,ReadAll,SensorData,South,DENY,CERT_REVOKED,True
2025-09-10T15:01:26Z,SA-0003687,farmer_assign_role,atk-0180,Farmer,ReadAll,IrrigationControl,South,DENY,CERT_REVOKED,True
2025-09-10T15:38:27Z,SA-0003688,farmer_assign_role,atk-0098,Farmer,WriteSensor,RoleAssignment,East,DENY,IDS_BLOCKED,True
2025-09-10T16:02:29Z,SA-0003689,farmer_assign_role,atk-0149,Farmer,ReadAll,AuditLog,South,DENY,CERT_REVOKED,True
2025-09-10T19:37:52Z,SA-0003690,farmer_assign_role,atk-0037,Farmer,WriteSensor,AuditLog,West,DENY,IDS_BLOCKED,True
2025-09-10T20:12:43Z,SA-0003691,farmer_assign_role,atk-0464,Farmer,WriteSensor,RoleAssignment,North,DENY,POLICY_VIOLATION,True
2025-09-10T22:31:17Z,SA-0003692,farmer_assign_role,atk-0285,Farmer,WriteSensor,AuditLog,East,DENY,CERT_REVOKED,True
2025-09-10T22:49:25Z,SA-0003693,farmer_assign_role,atk-0470,Farmer,ReadAll,AuditLog,South,DENY,ROLE_INSUFFICIENT,True
2025-09-11T02:19:21Z,SA-0003694,farmer_assign_role,atk-0340,Farmer,WriteSensor,IrrigationControl,South,DENY,POLICY_VIOLATION,True
2025-09-11T02:22:47Z,SA-0003695,farmer_assign_role,atk-0173,Farmer,ReadAll,AuditLog,West,DENY,ROLE_INSUFFICIENT,True
2025-09-11T02:25:44Z,SA-0003696,farmer_assign_role,atk-0105,Farmer,ControlZone,SensorData,West,DENY,POLICY_VIOLATION,True
2025-09-11T04:07:46Z,SA-0003697,farmer_assign_role,atk-0465,Farmer,ManageRoles,AuditLog,West,DENY,OP_NOT_PERMITTED,True
2025-09-11T07:58:53Z,SA-0003698,farmer_assign_role,atk-0486,Farmer,ReadAudit,AuditLog,West,DENY,IDS_BLOCKED,True
2025-09-11T10:36:37Z,SA-0003699,farmer_assign_role,atk-0249,Farmer,ReadAudit,SensorData,North,DENY,POLICY_VIOLATION,True
2025-09-11T10:51:06Z,SA-0003700,farmer_assign_role,atk-0397,Farmer,ManageRoles,IrrigationControl,North,DENY,ROLE_INSUFFICIENT,True
2025-09-11T11:57:31Z,SA-0003701,farmer_assign_role,atk-0158,Farmer,ManageRoles,IrrigationControl,North,DENY,IDS_BLOCKED,True
2025-09-11T17:26:35Z,SA-0003702,farmer_assign_role,atk-0326,Farmer,ControlZone,IrrigationControl,West,DENY,CERT_REVOKED,True
2025-09-11T18:16:27Z,SA-0003703,farmer_assign_role,atk-0288,Farmer,ReadAll,IrrigationControl,West,DENY,POLICY_VIOLATION,True
2025-09-11T22:06:38Z,SA-0003704,farmer_assign_role,atk-0005,Farmer,ControlZone,SensorData,West,DENY,OP_NOT_PERMITTED,True
2025-09-11T23:26:53Z,SA-0003705,farmer_assign_role,atk-0245,Farmer,ReadAudit,AuditLog,East,DENY,ROLE_INSUFFICIENT,True
2025-09-12T00:07:39Z,SA-0003706,farmer_assign_role,atk-0482,Farmer,ControlZone,IrrigationControl,East,DENY,OP_NOT_PERMITTED,True
2025-09-12T00:27:29Z,SA-0003707,farmer_assign_role,atk-0006,Farmer,ReadAudit,AuditLog,South,DENY,ROLE_INSUFFICIENT,True
2025-09-12T02:03:05Z,SA-0003708,farmer_assign_role,atk-0217,Farmer,ReadAll,RoleAssignment,West,DENY,OP_NOT_PERMITTED,True
2025-09-12T04:38:31Z,SA-0003709,farmer_assign_role,atk-0013,Farmer,ReadAudit,AuditLog,North,DENY,ROLE_INSUFFICIENT,True
2025-09-12T05:50:46Z,SA-0003710,farmer_assign_role,atk-0411,Farmer,ReadAll,AuditLog,West,DENY,OP_NOT_PERMITTED,True
2025-09-12T07:23:02Z,SA-0003711,farmer_assign_role,atk-0107,Farmer,ControlZone,RoleAssignment,North,DENY,CERT_REVOKED,True
2025-09-12T11:00:33Z,SA-0003712,farmer_assign_role,atk-0060,Farmer,WriteSensor,IrrigationControl,South,DENY,OP_NOT_PERMITTED,True
2025-09-12T12:24:30Z,SA-0003713,farmer_assign_role,atk-0133,Farmer,WriteSensor,IrrigationControl,South,DENY,ZONE_MISMATCH,True
2025-09-12T12:30:47Z,SA-0003714,farmer_assign_role,atk-0457,Farmer,WriteSensor,RoleAssignment,East,DENY,ROLE_INSUFFICIENT,True
2025-09-12T13:05:00Z,SA-0003715,farmer_assign_role,atk-0370,Farmer,ManageRoles,AuditLog,East,DENY,ZONE_MISMATCH,True
2025-09-12T14:21:16Z,SA-0003716,farmer_assign_role,atk-0402,Farmer,WriteSensor,IrrigationControl,East,DENY,IDS_BLOCKED,True
2025-09-12T18:45:48Z,SA-0003717,farmer_assign_role,atk-0430,Farmer,ReadAll,RoleAssignment,North,DENY,ZONE_MISMATCH,True
2025-09-13T01:03:14Z,SA-0003718,farmer_assign_role,atk-0269,Farmer,ManageRoles,RoleAssignment,East,DENY,CERT_REVOKED,True
2025-09-13T05:33:12Z,SA-0003719,farmer_assign_role,atk-0157,Farmer,ControlZone,RoleAssignment,West,DENY,ZONE_MISMATCH,True
2025-09-13T07:49:04Z,SA-0003720,farmer_assign_role,atk-0275,Farmer,ReadAudit,RoleAssignment,East,DENY,OP_NOT_PERMITTED,True
2025-09-13T07:56:00Z,SA-0003721,farmer_assign_role,atk-0231,Farmer,ControlZone,IrrigationControl,South,DENY,POLICY_VIOLATION,True
2025-09-13T09:12:26Z,SA-0003722,farmer_assign_role,atk-0480,Farmer,ManageRoles,IrrigationControl,North,DENY,ROLE_INSUFFICIENT,True
2025-09-13T09:53:56Z,SA-0003723,farmer_assign_role,atk-0035,Farmer,ManageRoles,SensorData,North,DENY,ZONE_MISMATCH,True
2025-09-13T10:25:18Z,SA-0003724,farmer_assign_role,atk-0300,Farmer,ManageRoles,SensorData,West,DENY,POLICY_VIOLATION,True
2025-09-13T12:35:34Z,SA-0003725,farmer_assign_role,atk-0302,Farmer,ReadAll,RoleAssignment,East,DENY,ROLE_INSUFFICIENT,True
2025-09-13T15:28:49Z,SA-0003726,farmer_assign_role,atk-0198,Farmer,ReadAll,RoleAssignment,East,DENY,CERT_REVOKED,True
2025-09-13T17:08:53Z,SA-0003727,farmer_assign_role,atk-0015,Farmer,ReadAll,AuditLog,East,DENY,POLICY_VIOLATION,True
2025-09-13T17:30:35Z,SA-0003728,farmer_assign_role,atk-0195,Farmer,WriteSensor,AuditLog,South,DENY,CERT_REVOKED,True
2025-09-13T19:20:37Z,SA-0003729,farmer_assign_role,atk-0459,Farmer,ManageRoles,RoleAssignment,North,DENY,POLICY_VIOLATION,True
2025-09-13T22:58:55Z,SA-0003730,farmer_assign_role,atk-0282,Farmer,ControlZone,SensorData,West,DENY,OP_NOT_PERMITTED,True
2025-09-14T05:38:23Z,SA-0003731,farmer_assign_role,atk-0413,Farmer,WriteSensor,AuditLog,South,DENY,ZONE_MISMATCH,True
2025-09-14T07:11:34Z,SA-0003732,farmer_assign_role,atk-0415,Farmer,ReadAudit,SensorData,West,DENY,CERT_REVOKED,True
2025-09-14T09:44:21Z,SA-0003733,farmer_assign_role,atk-0352,Farmer,ControlZone,SensorData,East,DENY,ROLE_INSUFFICIENT,True
2025-09-14T10:47:25Z,SA-0003734,farmer_assign_role,atk-0059,Farmer,ReadAll,IrrigationControl,East,DENY,ROLE_INSUFFICIENT,True
2025-09-14T14:36:26Z,SA-0003735,farmer_assign_role,atk-0470,Farmer,ReadAll,IrrigationControl,West,DENY,ZONE_MISMATCH,True
2025-09-14T14:47:26Z,SA-0003736,farmer_assign_role,atk-0040,Farmer,ControlZone,IrrigationControl,North,DENY,ZONE_MISMATCH,True
2025-09-14T16:27:35Z,SA-0003737,farmer_assign_role,atk-0226,Farmer,ReadAll,SensorData,East,DENY,ZONE_MISMATCH,True
2025-09-14T17:34:27Z,SA-0003738,farmer_assign_role,atk-0209,Farmer,ReadAll,RoleAssignment,East,DENY,ROLE_INSUFFICIENT,True
2025-09-14T17:46:14Z,SA-0003739,farmer_assign_role,atk-0132,Farmer,WriteSensor,IrrigationControl,East,DENY,CERT_REVOKED,True
2025-09-14T18:10:46Z,SA-0003740,farmer_assign_role,atk-0144,Farmer,ReadAudit,IrrigationControl,West,DENY,IDS_BLOCKED,True
2025-09-14T18:51:56Z,SA-0003741,farmer_assign_role,atk-0019,Farmer,ReadAudit,AuditLog,East,DENY,IDS_BLOCKED,True
2025-09-14T19:34:21Z,SA-0003742,farmer_assign_role,atk-0180,Farmer,ControlZone,AuditLog,West,DENY,POLICY_VIOLATION,True
2025-09-14T21:55:13Z,SA-0003743,farmer_assign_role,atk-0486,Farmer,ManageRoles,SensorData,West,DENY,ROLE_INSUFFICIENT,True
2025-09-14T21:55:20Z,SA-0003744,farmer_assign_role,atk-0172,Farmer,ReadAudit,IrrigationControl,East,DENY,ZONE_MISMATCH,True
2025-09-14T22:29:22Z,SA-0003745,farmer_assign_role,atk-0251,Farmer,ControlZone,AuditLog,East,DENY,POLICY_VIOLATION,True
2025-09-14T22:32:59Z,SA-0003746,farmer_assign_role,atk-0012,Farmer,ReadAll,SensorData,East,DENY,CERT_REVOKED,True
2025-09-14T22:52:58Z,SA-0003747,farmer_assign_role,atk-0469,Farmer,ReadAll,RoleAssignment,East,DENY,OP_NOT_PERMITTED,True
2025-09-15T00:32:32Z,SA-0003748,farmer_assign_role,atk-0396,Farmer,ReadAll,IrrigationControl,South,DENY,ZONE_MISMATCH,True
2025-09-15T04:29:59Z,SA-0003749,farmer_assign_role,atk-0369,Farmer,ManageRoles,IrrigationControl,South,DENY,OP_NOT_PERMITTED,True
2025-09-15T04:33:53Z,SA-0003750,farmer_assign_role,atk-0488,Farmer,ControlZone,IrrigationControl,North,DENY,ROLE_INSUFFICIENT,True
2025-09-15T05:48:02Z,SA-0003751,farmer_assign_role,atk-0095,Farmer,ManageRoles,AuditLog,West,DENY,IDS_BLOCKED,True
2025-09-15T05:50:26Z,SA-0003752,farmer_assign_role,atk-0134,Farmer,ReadAudit,SensorData,North,DENY,CERT_REVOKED,True
2025-09-15T06:48:59Z,SA-0003753,farmer_assign_role,atk-0319,Farmer,WriteSensor,IrrigationControl,West,DENY,ZONE_MISMATCH,True
2025-09-15T07:28:21Z,SA-0003754,farmer_assign_role,atk-0199,Farmer,ManageRoles,IrrigationControl,North,DENY,ROLE_INSUFFICIENT,True
2025-09-15T12:11:58Z,SA-0003755,farmer_assign_role,atk-0243,Farmer,WriteSensor,SensorData,East,DENY,ZONE_MISMATCH,True
2025-09-15T15:17:46Z,SA-0003756,farmer_assign_role,atk-0040,Farmer,ReadAudit,SensorData,East,DENY,IDS_BLOCKED,True
2025-09-15T16:36:46Z,SA-0003757,farmer_assign_role,atk-0445,Farmer,WriteSensor,AuditLog,West,DENY,ZONE_MISMATCH,True
2025-09-15T16:56:47Z,SA-0003758,farmer_assign_role,atk-0289,Farmer,ManageRoles,AuditLog,West,DENY,ROLE_INSUFFICIENT,True
2025-09-15T18:27:32Z,SA-0003759,farmer_assign_role,atk-0066,Farmer,ManageRoles,SensorData,West,DENY,OP_NOT_PERMITTED,True
2025-09-15T19:22:13Z,SA-0003760,farmer_assign_role,atk-0364,Farmer,ControlZone,RoleAssignment,West,DENY,ZONE_MISMATCH,True
2025-09-15T20:06:12Z,SA-0003761,farmer_assign_role,atk-0403,Farmer,WriteSensor,AuditLog,West,DENY,POLICY_VIOLATION,True
2025-09-15T22:29:02Z,SA-0003762,farmer_assign_role,atk-0475,Farmer,ManageRoles,RoleAssignment,South,DENY,CERT_REVOKED,True
2025-09-15T23:17:20Z,SA-0003763,farmer_assign_role,atk-0095,Farmer,ReadAll,RoleAssignment,South,DENY,CERT_REVOKED,True
2025-09-16T01:07:33Z,SA-0003764,farmer_assign_role,atk-0311,Farmer,ManageRoles,AuditLog,East,DENY,POLICY_VIOLATION,True
2025-09-16T03:46:56Z,SA-0003765,farmer_assign_role,atk-0299,Farmer,ControlZone,RoleAssignment,West,DENY,CERT_REVOKED,True
2025-09-16T05:04:51Z,SA-0003766,farmer_assign_role,atk-0386,Farmer,WriteSensor,SensorData,South,DENY,ROLE_INSUFFICIENT,True
2025-09-16T05:16:29Z,SA-0003767,farmer_assign_role,atk-0066,Farmer,ReadAudit,SensorData,West,DENY,IDS_BLOCKED,True
2025-09-16T06:17:08Z,SA-0003768,farmer_assign_role,atk-0004,Farmer,ReadAudit,RoleAssignment,North,DENY,ZONE_MISMATCH,True
2025-09-16T06:22:50Z,SA-0003769,farmer_assign_role,atk-0130,Farmer,WriteSensor,RoleAssignment,North,DENY,CERT_REVOKED,True
2025-09-16T06:46:06Z,SA-0003770,farmer_assign_role,atk-0315,Farmer,WriteSensor,AuditLog,South,DENY,IDS_BLOCKED,True
2025-09-16T07:10:58Z,SA-0003771,farmer_assign_role,atk-0043,Farmer,WriteSensor,AuditLog,South,DENY,CERT_REVOKED,True
2025-09-16T07:38:39Z,SA-0003772,farmer_assign_role,atk-0308,Farmer,ControlZone,IrrigationControl,East,DENY,ZONE_MISMATCH,True
2025-09-16T09:53:07Z,SA-0003773,farmer_assign_role,atk-0383,Farmer,ManageRoles,AuditLog,North,DENY,POLICY_VIOLATION,True
2025-09-16T10:15:51Z,SA-0003774,farmer_assign_role,atk-0451,Farmer,ManageRoles,AuditLog,North,DENY,ZONE_MISMATCH,True
2025-09-16T10:18:41Z,SA-0003775,farmer_assign_role,atk-0151,Farmer,ControlZone,SensorData,West,DENY,ROLE_INSUFFICIENT,True
2025-09-16T10:22:10Z,SA-0003776,farmer_assign_role,atk-0112,Farmer,ControlZone,RoleAssignment,West,DENY,OP_NOT_PERMITTED,True
2025-09-16T13:38:56Z,SA-0003777,farmer_assign_role,atk-0480,Farmer,ReadAudit,AuditLog,South,DENY,ROLE_INSUFFICIENT,True
2025-09-16T14:51:50Z,SA-0003778,farmer_assign_role,atk-0292,Farmer,ReadAll,IrrigationControl,North,DENY,ZONE_MISMATCH,True
2025-09-16T15:48:54Z,SA-0003779,farmer_assign_role,atk-0402,Farmer,ReadAll,IrrigationControl,North,DENY,POLICY_VIOLATION,True
2025-09-16T15:51:10Z,SA-0003780,farmer_assign_role,atk-0254,Farmer,ControlZone,SensorData,South,DENY,OP_NOT_PERMITTED,True
2025-09-16T23:55:53Z,SA-0003781,farmer_assign_role,atk-0286,Farmer,WriteSensor,IrrigationControl,North,DENY,OP_NOT_PERMITTED,True
2025-09-17T00:57:22Z,SA-0003782,farmer_assign_role,atk-0404,Farmer,ReadAudit,IrrigationControl,South,DENY,ZONE_MISMATCH,True
2025-09-17T01:16:04Z,SA-0003783,farmer_assign_role,atk-0108,Farmer,ManageRoles,AuditLog,East,DENY,ZONE_MISMATCH,True
2025-09-17T02:25:38Z,SA-0003784,farmer_assign_role,atk-0177,Farmer,ControlZone,SensorData,North,DENY,POLICY_VIOLATION,True
2025-09-17T02:52:44Z,SA-0003785,farmer_assign_role,atk-0158,Farmer,ReadAll,IrrigationControl,South,DENY,CERT_REVOKED,True
2025-09-17T06:05:06Z,SA-0003786,farmer_assign_role,atk-0366,Farmer,ReadAll,AuditLog,North,DENY,POLICY_VIOLATION,True
2025-09-17T06:47:26Z,SA-0003787,farmer_assign_role,atk-0022,Farmer,ReadAudit,SensorData,West,DENY,OP_NOT_PERMITTED,True
2025-09-17T06:58:18Z,SA-0003788,farmer_assign_role,atk-0265,Farmer,ManageRoles,AuditLog,East,DENY,CERT_REVOKED,True
2025-09-17T08:12:43Z,SA-0003789,farmer_assign_role,atk-0239,Farmer,ReadAudit,SensorData,West,DENY,IDS_BLOCKED,True
2025-09-17T08:18:25Z,SA-0003790,farmer_assign_role,atk-0398,Farmer,ControlZone,AuditLog,South,DENY,ROLE_INSUFFICIENT,True
2025-09-17T12:23:25Z,SA-0003791,farmer_assign_role,atk-0267,Farmer,WriteSensor,SensorData,North,DENY,CERT_REVOKED,True
2025-09-17T14:14:04Z,SA-0003792,farmer_assign_role,atk-0117,Farmer,ReadAll,IrrigationControl,West,DENY,ROLE_INSUFFICIENT,True
2025-09-17T21:25:52Z,SA-0003793,farmer_assign_role,atk-0378,Farmer,ControlZone,RoleAssignment,North,DENY,IDS_BLOCKED,True
2025-09-18T00:03:35Z,SA-0003794,farmer_assign_role,atk-0081,Farmer,ReadAll,IrrigationControl,North,DENY,POLICY_VIOLATION,True
2025-09-18T00:11:16Z,SA-0003795,farmer_assign_role,atk-0183,Farmer,ManageRoles,SensorData,North,DENY,POLICY_VIOLATION,True
2025-09-18T00:45:08Z,SA-0003796,farmer_assign_role,atk-0241,Farmer,ReadAudit,AuditLog,South,DENY,CERT_REVOKED,True
2025-09-18T01:51:24Z,SA-0003797,farmer_assign_role,atk-0205,Farmer,WriteSensor,SensorData,North,DENY,ROLE_INSUFFICIENT,True
2025-09-18T03:36:51Z,SA-0003798,farmer_assign_role,atk-0351,Farmer,ControlZone,AuditLog,South,DENY,IDS_BLOCKED,True
2025-09-18T04:14:08Z,SA-0003799,farmer_assign_role,atk-0232,Farmer,ReadAudit,IrrigationControl,East,DENY,ZONE_MISMATCH,True
2025-09-18T04:34:46Z,SA-0003800,farmer_assign_role,atk-0076,Farmer,WriteSensor,AuditLog,East,DENY,POLICY_VIOLATION,True
2025-09-18T05:42:46Z,SA-0003801,farmer_assign_role,atk-0281,Farmer,ReadAudit,SensorData,East,DENY,CERT_REVOKED,True
2025-09-18T06:19:59Z,SA-0003802,farmer_assign_role,atk-0405,Farmer,ReadAll,AuditLog,West,DENY,ZONE_MISMATCH,True
2025-09-18T06:43:36Z,SA-0003803,farmer_assign_role,atk-0197,Farmer,ReadAudit,SensorData,North,DENY,OP_NOT_PERMITTED,True
2025-09-18T10:10:36Z,SA-0003804,farmer_assign_role,atk-0011,Farmer,WriteSensor,RoleAssignment,West,DENY,IDS_BLOCKED,True
2025-09-18T11:28:48Z,SA-0003805,farmer_assign_role,atk-0310,Farmer,ManageRoles,RoleAssignment,South,DENY,POLICY_VIOLATION,True
2025-09-18T12:29:44Z,SA-0003806,farmer_assign_role,atk-0174,Farmer,ReadAll,SensorData,East,DENY,OP_NOT_PERMITTED,True
2025-09-18T12:38:22Z,SA-0003807,farmer_assign_role,atk-0466,Farmer,ReadAll,RoleAssignment,South,DENY,ZONE_MISMATCH,True
2025-09-18T19:08:03Z,SA-0003808,farmer_assign_role,atk-0237,Farmer,ManageRoles,RoleAssignment,North,DENY,ROLE_INSUFFICIENT,True
2025-09-18T20:23:43Z,SA-0003809,farmer_assign_role,atk-0212,Farmer,ReadAudit,AuditLog,West,DENY,CERT_REVOKED,True
2025-09-18T20:44:08Z,SA-0003810,farmer_assign_role,atk-0311,Farmer,ReadAudit,IrrigationControl,North,DENY,IDS_BLOCKED,True
2025-09-19T00:30:25Z,SA-0003811,farmer_assign_role,atk-0352,Farmer,ReadAll,RoleAssignment,East,DENY,CERT_REVOKED,True
2025-09-19T00:31:14Z,SA-0003812,farmer_assign_role,atk-0106,Farmer,ControlZone,RoleAssignment,North,DENY,POLICY_VIOLATION,True
2025-09-19T00:39:27Z,SA-0003813,farmer_assign_role,atk-0075,Farmer,ReadAll,SensorData,West,DENY,IDS_BLOCKED,True
2025-09-19T01:31:29Z,SA-0003814,farmer_assign_role,atk-0380,Farmer,ReadAll,AuditLog,West,DENY,POLICY_VIOLATION,True
2025-09-19T03:01:27Z,SA-0003815,farmer_assign_role,atk-0256,Farmer,ControlZone,RoleAssignment,South,DENY,IDS_BLOCKED,True
2025-09-19T04:15:51Z,SA-0003816,farmer_assign_role,atk-0452,Farmer,WriteSensor,AuditLog,South,DENY,CERT_REVOKED,True
2025-09-19T04:39:30Z,SA-0003817,farmer_assign_role,atk-0334,Farmer,ReadAudit,AuditLog,East,DENY,ZONE_MISMATCH,True
2025-09-19T05:49:42Z,SA-0003818,farmer_assign_role,atk-0392,Farmer,ReadAll,AuditLog,North,DENY,IDS_BLOCKED,True
2025-09-19T09:18:18Z,SA-0003819,farmer_assign_role,atk-0050,Farmer,ManageRoles,SensorData,West,DENY,POLICY_VIOLATION,True
2025-09-19T10:51:04Z,SA-0003820,farmer_assign_role,atk-0361,Farmer,ReadAudit,SensorData,North,DENY,ZONE_MISMATCH,True
2025-09-19T11:17:32Z,SA-0003821,farmer_assign_role,atk-0452,Farmer,ManageRoles,IrrigationControl,East,DENY,ROLE_INSUFFICIENT,True
2025-09-19T11:51:17Z,SA-0003822,farmer_assign_role,atk-0180,Farmer,ManageRoles,SensorData,South,DENY,OP_NOT_PERMITTED,True
2025-09-19T14:31:14Z,SA-0003823,farmer_assign_role,atk-0414,Farmer,ReadAudit,RoleAssignment,North,DENY,CERT_REVOKED,True
2025-09-19T14:59:05Z,SA-0003824,farmer_assign_role,atk-0060,Farmer,ControlZone,RoleAssignment,South,DENY,IDS_BLOCKED,True
2025-09-19T16:54:45Z,SA-0003825,farmer_assign_role,atk-0389,Farmer,ManageRoles,AuditLog,West,DENY,POLICY_VIOLATION,True
2025-09-19T19:36:05Z,SA-0003826,farmer_assign_role,atk-0392,Farmer,ReadAll,IrrigationControl,West,DENY,ZONE_MISMATCH,True
2025-09-19T21:22:05Z,SA-0003827,farmer_assign_role,atk-0340,Farmer,WriteSensor,AuditLog,North,DENY,CERT_REVOKED,True
2025-09-19T22:06:24Z,SA-0003828,farmer_assign_role,atk-0398,Farmer,ReadAudit,SensorData,West,DENY,ROLE_INSUFFICIENT,True
2025-09-19T22:59:47Z,SA-0003829,farmer_assign_role,atk-0469,Farmer,ReadAudit,SensorData,North,DENY,POLICY_VIOLATION,True
2025-09-20T00:53:10Z,SA-0003830,farmer_assign_role,atk-0392,Farmer,ReadAll,AuditLog,East,DENY,ROLE_INSUFFICIENT,True
2025-09-20T02:10:54Z,SA-0003831,farmer_assign_role,atk-0488,Farmer,ControlZone,RoleAssignment,East,DENY,IDS_BLOCKED,True
2025-09-20T06:57:31Z,SA-0003832,farmer_assign_role,atk-0324,Farmer,ManageRoles,RoleAssignment,South,DENY,ROLE_INSUFFICIENT,True
2025-09-20T07:40:10Z,SA-0003833,farmer_assign_role,atk-0427,Farmer,ControlZone,RoleAssignment,East,DENY,ROLE_INSUFFICIENT,True
2025-09-20T08:21:33Z,SA-0003834,farmer_assign_role,atk-0105,Farmer,ManageRoles,IrrigationControl,South,DENY,ZONE_MISMATCH,True
2025-09-20T09:59:40Z,SA-0003835,farmer_assign_role,atk-0090,Farmer,ReadAudit,IrrigationControl,West,DENY,POLICY_VIOLATION,True
2025-09-20T11:55:51Z,SA-0003836,farmer_assign_role,atk-0193,Farmer,ReadAll,AuditLog,North,DENY,ZONE_MISMATCH,True
2025-09-20T13:50:41Z,SA-0003837,farmer_assign_role,atk-0414,Farmer,ReadAudit,IrrigationControl,North,DENY,ROLE_INSUFFICIENT,True
2025-09-20T16:43:37Z,SA-0003838,farmer_assign_role,atk-0141,Farmer,ReadAll,SensorData,North,DENY,OP_NOT_PERMITTED,True
2025-09-20T16:58:28Z,SA-0003839,farmer_assign_role,atk-0242,Farmer,ReadAudit,AuditLog,West,DENY,POLICY_VIOLATION,True
2025-09-21T02:01:36Z,SA-0003840,farmer_assign_role,atk-0020,Farmer,ReadAudit,SensorData,West,DENY,ZONE_MISMATCH,True
2025-09-21T03:50:14Z,SA-0003841,farmer_assign_role,atk-0104,Farmer,WriteSensor,RoleAssignment,West,DENY,POLICY_VIOLATION,True
2025-09-21T03:51:05Z,SA-0003842,farmer_assign_role,atk-0079,Farmer,ControlZone,AuditLog,West,DENY,POLICY_VIOLATION,True
2025-09-21T05:46:59Z,SA-0003843,farmer_assign_role,atk-0258,Farmer,ReadAudit,RoleAssignment,South,DENY,CERT_REVOKED,True
2025-09-21T08:45:20Z,SA-0003844,farmer_assign_role,atk-0403,Farmer,ReadAll,AuditLog,South,DENY,IDS_BLOCKED,True
2025-09-21T09:32:07Z,SA-0003845,farmer_assign_role,atk-0442,Farmer,ControlZone,AuditLog,West,DENY,POLICY_VIOLATION,True
2025-09-21T13:16:46Z,SA-0003846,farmer_assign_role,atk-0315,Farmer,ReadAudit,SensorData,South,DENY,ZONE_MISMATCH,True
2025-09-21T17:13:17Z,SA-0003847,farmer_assign_role,atk-0255,Farmer,ControlZone,IrrigationControl,North,DENY,CERT_REVOKED,True
2025-09-21T18:01:40Z,SA-0003848,farmer_assign_role,atk-0408,Farmer,ManageRoles,RoleAssignment,East,DENY,CERT_REVOKED,True
2025-09-21T18:50:58Z,SA-0003849,farmer_assign_role,atk-0448,Farmer,WriteSensor,SensorData,West,DENY,CERT_REVOKED,True
2025-09-21T22:09:23Z,SA-0003850,farmer_assign_role,atk-0302,Farmer,ControlZone,AuditLog,North,DENY,OP_NOT_PERMITTED,True
2025-09-21T22:19:30Z,SA-0003851,farmer_assign_role,atk-0263,Farmer,WriteSensor,AuditLog,West,DENY,POLICY_VIOLATION,True
2025-09-21T22:46:02Z,SA-0003852,farmer_assign_role,atk-0252,Farmer,ControlZone,AuditLog,East,DENY,CERT_REVOKED,True
2025-09-21T22:57:39Z,SA-0003853,farmer_assign_role,atk-0001,Farmer,WriteSensor,RoleAssignment,South,DENY,OP_NOT_PERMITTED,True
2025-09-21T23:07:33Z,SA-0003854,farmer_assign_role,atk-0348,Farmer,ManageRoles,AuditLog,West,DENY,ROLE_INSUFFICIENT,True
2025-09-22T02:05:07Z,SA-0003855,farmer_assign_role,atk-0277,Farmer,ManageRoles,IrrigationControl,South,DENY,ZONE_MISMATCH,True
2025-09-22T05:56:56Z,SA-0003856,farmer_assign_role,atk-0244,Farmer,ReadAll,AuditLog,East,DENY,CERT_REVOKED,True
2025-09-22T07:10:42Z,SA-0003857,farmer_assign_role,atk-0302,Farmer,ReadAll,AuditLog,West,DENY,POLICY_VIOLATION,True
2025-09-22T08:58:55Z,SA-0003858,farmer_assign_role,atk-0268,Farmer,ControlZone,AuditLog,North,DENY,ROLE_INSUFFICIENT,True
2025-09-22T11:22:52Z,SA-0003859,farmer_assign_role,atk-0139,Farmer,ControlZone,SensorData,West,DENY,ROLE_INSUFFICIENT,True
2025-09-22T11:36:20Z,SA-0003860,farmer_assign_role,atk-0235,Farmer,ManageRoles,SensorData,North,DENY,OP_NOT_PERMITTED,True
2025-09-22T14:34:25Z,SA-0003861,farmer_assign_role,atk-0406,Farmer,WriteSensor,AuditLog,East,DENY,POLICY_VIOLATION,True
2025-09-22T14:40:22Z,SA-0003862,farmer_assign_role,atk-0423,Farmer,ReadAll,SensorData,West,DENY,ZONE_MISMATCH,True
2025-09-22T19:48:39Z,SA-0003863,farmer_assign_role,atk-0030,Farmer,ReadAudit,IrrigationControl,South,DENY,ZONE_MISMATCH,True
2025-09-22T22:32:16Z,SA-0003864,farmer_assign_role,atk-0474,Farmer,ReadAll,RoleAssignment,East,DENY,ROLE_INSUFFICIENT,True
2025-09-22T23:12:52Z,SA-0003865,farmer_assign_role,atk-0382,Farmer,ReadAll,RoleAssignment,East,DENY,IDS_BLOCKED,True
2025-09-23T00:13:25Z,SA-0003866,farmer_assign_role,atk-0163,Farmer,ManageRoles,RoleAssignment,East,DENY,ROLE_INSUFFICIENT,True
2025-09-23T00:22:37Z,SA-0003867,farmer_assign_role,atk-0076,Farmer,ManageRoles,IrrigationControl,South,DENY,CERT_REVOKED,True
2025-09-23T00:46:38Z,SA-0003868,farmer_assign_role,atk-0393,Farmer,ReadAudit,SensorData,South,DENY,POLICY_VIOLATION,True
2025-09-23T01:01:25Z,SA-0003869,farmer_assign_role,atk-0455,Farmer,ControlZone,AuditLog,South,DENY,POLICY_VIOLATION,True
2025-09-23T01:08:53Z,SA-0003870,farmer_assign_role,atk-0232,Farmer,ReadAll,AuditLog,North,DENY,OP_NOT_PERMITTED,True
2025-09-23T01:15:06Z,SA-0003871,farmer_assign_role,atk-0082,Farmer,ReadAudit,SensorData,West,DENY,ZONE_MISMATCH,True
2025-09-23T01:27:50Z,SA-0003872,farmer_assign_role,atk-0482,Farmer,WriteSensor,IrrigationControl,South,DENY,ZONE_MISMATCH,True
2025-09-23T10:47:07Z,SA-0003873,farmer_assign_role,atk-0476,Farmer,WriteSensor,AuditLog,South,DENY,IDS_BLOCKED,True
2025-09-23T12:48:50Z,SA-0003874,farmer_assign_role,atk-0049,Farmer,ReadAudit,RoleAssignment,South,DENY,IDS_BLOCKED,True
2025-09-23T13:31:01Z,SA-0003875,farmer_assign_role,atk-0373,Farmer,ControlZone,RoleAssignment,West,DENY,POLICY_VIOLATION,True
2025-09-23T15:40:26Z,SA-0003876,farmer_assign_role,atk-0453,Farmer,ReadAll,SensorData,West,DENY,CERT_REVOKED,True
2025-09-23T15:43:17Z,SA-0003877,farmer_assign_role,atk-0247,Farmer,ReadAll,RoleAssignment,West,DENY,CERT_REVOKED,True
2025-09-23T15:53:38Z,SA-0003878,farmer_assign_role,atk-0012,Farmer,WriteSensor,RoleAssignment,South,DENY,IDS_BLOCKED,True
2025-09-23T18:44:23Z,SA-0003879,farmer_assign_role,atk-0160,Farmer,ReadAudit,IrrigationControl,South,DENY,OP_NOT_PERMITTED,True
2025-09-23T20:24:14Z,SA-0003880,farmer_assign_role,atk-0082,Farmer,ManageRoles,SensorData,East,DENY,ROLE_INSUFFICIENT,True
2025-09-23T20:59:59Z,SA-0003881,farmer_assign_role,atk-0280,Farmer,ReadAudit,SensorData,North,DENY,OP_NOT_PERMITTED,True
2025-09-23T21:54:41Z,SA-0003882,farmer_assign_role,atk-0078,Farmer,WriteSensor,SensorData,West,DENY,CERT_REVOKED,True
2025-09-23T22:35:08Z,SA-0003883,farmer_assign_role,atk-0229,Farmer,ControlZone,IrrigationControl,North,DENY,ZONE_MISMATCH,True
2025-09-24T01:35:57Z,SA-0003884,farmer_assign_role,atk-0049,Farmer,ControlZone,AuditLog,North,DENY,IDS_BLOCKED,True
2025-09-24T01:55:24Z,SA-0003885,farmer_assign_role,atk-0371,Farmer,ReadAudit,IrrigationControl,North,DENY,POLICY_VIOLATION,True
2025-09-24T04:07:11Z,SA-0003886,farmer_assign_role,atk-0222,Farmer,WriteSensor,RoleAssignment,South,DENY,CERT_REVOKED,True
2025-09-24T06:05:50Z,SA-0003887,farmer_assign_role,atk-0262,Farmer,ManageRoles,AuditLog,North,DENY,IDS_BLOCKED,True
2025-09-24T06:30:38Z,SA-0003888,farmer_assign_role,atk-0226,Farmer,ControlZone,RoleAssignment,West,DENY,POLICY_VIOLATION,True
2025-09-24T06:37:14Z,SA-0003889,farmer_assign_role,atk-0230,Farmer,WriteSensor,IrrigationControl,South,DENY,OP_NOT_PERMITTED,True
2025-09-24T07:42:06Z,SA-0003890,farmer_assign_role,atk-0465,Farmer,ReadAudit,AuditLog,West,DENY,ROLE_INSUFFICIENT,True
2025-09-24T09:38:29Z,SA-0003891,farmer_assign_role,atk-0432,Farmer,WriteSensor,AuditLog,West,DENY,IDS_BLOCKED,True
2025-09-24T09:48:21Z,SA-0003892,farmer_assign_role,atk-0428,Farmer,ManageRoles,SensorData,North,DENY,ZONE_MISMATCH,True
2025-09-24T09:59:18Z,SA-0003893,farmer_assign_role,atk-0141,Farmer,ReadAll,RoleAssignment,East,DENY,ROLE_INSUFFICIENT,True
2025-09-24T10:33:23Z,SA-0003894,farmer_assign_role,atk-0284,Farmer,ManageRoles,SensorData,East,DENY,POLICY_VIOLATION,True
2025-09-24T10:45:56Z,SA-0003895,farmer_assign_role,atk-0237,Farmer,ReadAll,AuditLog,South,DENY,ROLE_INSUFFICIENT,True
2025-09-24T11:44:10Z,SA-0003896,farmer_assign_role,atk-0246,Farmer,WriteSensor,SensorData,West,DENY,OP_NOT_PERMITTED,True
2025-09-24T16:56:06Z,SA-0003897,farmer_assign_role,atk-0286,Farmer,ControlZone,SensorData,South,DENY,CERT_REVOKED,True
2025-09-24T17:18:34Z,SA-0003898,farmer_assign_role,atk-0415,Farmer,WriteSensor,SensorData,North,DENY,OP_NOT_PERMITTED,True
2025-09-24T18:00:30Z,SA-0003899,farmer_assign_role,atk-0378,Farmer,ManageRoles,RoleAssignment,East,DENY,OP_NOT_PERMITTED,True
2025-09-24T20:20:24Z,SA-0003900,farmer_assign_role,atk-0112,Farmer,ReadAll,SensorData,East,DENY,ROLE_INSUFFICIENT,True
2025-09-24T20:25:17Z,SA-0003901,farmer_assign_role,atk-0278,Farmer,ManageRoles,RoleAssignment,West,DENY,IDS_BLOCKED,True
2025-09-24T22:11:23Z,SA-0003902,farmer_assign_role,atk-0238,Farmer,ReadAudit,AuditLog,South,DENY,OP_NOT_PERMITTED,True
2025-09-24T23:27:02Z,SA-0003903,farmer_assign_role,atk-0168,Farmer,WriteSensor,RoleAssignment,West,DENY,ROLE_INSUFFICIENT,True
2025-09-25T01:09:27Z,SA-0003904,farmer_assign_role,atk-0100,Farmer,WriteSensor,IrrigationControl,West,DENY,POLICY_VIOLATION,True
2025-09-25T04:37:38Z,SA-0003905,farmer_assign_role,atk-0450,Farmer,ReadAll,AuditLog,North,DENY,POLICY_VIOLATION,True
2025-09-25T05:07:09Z,SA-0003906,farmer_assign_role,atk-0185,Farmer,ReadAudit,RoleAssignment,North,DENY,ZONE_MISMATCH,True
2025-09-25T05:14:33Z,SA-0003907,farmer_assign_role,atk-0362,Farmer,WriteSensor,IrrigationControl,South,DENY,OP_NOT_PERMITTED,True
2025-09-25T05:34:00Z,SA-0003908,farmer_assign_role,atk-0234,Farmer,ControlZone,SensorData,South,DENY,POLICY_VIOLATION,True
2025-09-25T05:39:04Z,SA-0003909,farmer_assign_role,atk-0434,Farmer,ReadAll,RoleAssignment,South,DENY,ZONE_MISMATCH,True
2025-09-25T06:16:16Z,SA-0003910,farmer_assign_role,atk-0293,Farmer,ControlZone,SensorData,West,DENY,POLICY_VIOLATION,True
2025-09-25T08:02:55Z,SA-0003911,farmer_assign_role,atk-0323,Farmer,ManageRoles,SensorData,North,DENY,POLICY_VIOLATION,True
2025-09-25T12:46:08Z,SA-0003912,farmer_assign_role,atk-0072,Farmer,ReadAll,RoleAssignment,West,DENY,ZONE_MISMATCH,True
2025-09-25T12:47:34Z,SA-0003913,farmer_assign_role,atk-0196,Farmer,ReadAll,IrrigationControl,East,DENY,OP_NOT_PERMITTED,True
2025-09-25T12:51:35Z,SA-0003914,farmer_assign_role,atk-0303,Farmer,ManageRoles,RoleAssignment,East,DENY,ROLE_INSUFFICIENT,True
2025-09-25T13:57:06Z,SA-0003915,farmer_assign_role,atk-0493,Farmer,ReadAudit,AuditLog,North,DENY,OP_NOT_PERMITTED,True
2025-09-25T14:35:19Z,SA-0003916,farmer_assign_role,atk-0139,Farmer,ManageRoles,IrrigationControl,South,DENY,ROLE_INSUFFICIENT,True
2025-09-25T17:04:59Z,SA-0003917,farmer_assign_role,atk-0134,Farmer,ManageRoles,SensorData,North,DENY,ROLE_INSUFFICIENT,True
2025-09-25T18:34:31Z,SA-0003918,farmer_assign_role,atk-0459,Farmer,ReadAll,AuditLog,West,DENY,OP_NOT_PERMITTED,True
2025-09-25T20:35:40Z,SA-0003919,farmer_assign_role,atk-0292,Farmer,ManageRoles,IrrigationControl,West,DENY,CERT_REVOKED,True
2025-09-25T23:24:02Z,SA-0003920,farmer_assign_role,atk-0480,Farmer,ReadAll,RoleAssignment,East,DENY,OP_NOT_PERMITTED,True
2025-09-26T00:44:20Z,SA-0003921,farmer_assign_role,atk-0070,Farmer,ReadAll,IrrigationControl,North,DENY,IDS_BLOCKED,True
2025-09-26T01:34:30Z,SA-0003922,farmer_assign_role,atk-0301,Farmer,ReadAll,SensorData,South,DENY,IDS_BLOCKED,True
2025-09-26T04:55:44Z,SA-0003923,farmer_assign_role,atk-0336,Farmer,ReadAll,SensorData,East,DENY,IDS_BLOCKED,True
2025-09-26T07:47:19Z,SA-0003924,farmer_assign_role,atk-0476,Farmer,ManageRoles,SensorData,West,DENY,POLICY_VIOLATION,True
2025-09-26T07:59:49Z,SA-0003925,farmer_assign_role,atk-0212,Farmer,ReadAll,IrrigationControl,West,DENY,ZONE_MISMATCH,True
2025-09-26T11:14:54Z,SA-0003926,farmer_assign_role,atk-0038,Farmer,ReadAll,RoleAssignment,West,DENY,IDS_BLOCKED,True
2025-09-26T11:44:51Z,SA-0003927,farmer_assign_role,atk-0435,Farmer,ControlZone,SensorData,South,DENY,POLICY_VIOLATION,True
2025-09-26T18:20:08Z,SA-0003928,farmer_assign_role,atk-0348,Farmer,ManageRoles,IrrigationControl,South,DENY,CERT_REVOKED,True
2025-09-26T20:41:34Z,SA-0003929,farmer_assign_role,atk-0231,Farmer,ManageRoles,RoleAssignment,West,DENY,ROLE_INSUFFICIENT,True
2025-09-26T22:23:42Z,SA-0003930,farmer_assign_role,atk-0077,Farmer,ReadAudit,RoleAssignment,West,DENY,CERT_REVOKED,True
2025-09-26T23:38:34Z,SA-0003931,farmer_assign_role,atk-0398,Farmer,ControlZone,AuditLog,East,DENY,OP_NOT_PERMITTED,True
2025-09-27T04:29:35Z,SA-0003932,farmer_assign_role,atk-0172,Farmer,ControlZone,IrrigationControl,North,DENY,CERT_REVOKED,True
2025-09-27T05:20:17Z,SA-0003933,farmer_assign_role,atk-0439,Farmer,WriteSensor,AuditLog,North,DENY,IDS_BLOCKED,True
2025-09-27T06:10:37Z,SA-0003934,farmer_assign_role,atk-0333,Farmer,WriteSensor,AuditLog,South,DENY,ZONE_MISMATCH,True
2025-09-27T07:48:31Z,SA-0003935,farmer_assign_role,atk-0296,Farmer,ReadAll,SensorData,South,DENY,IDS_BLOCKED,True
2025-09-27T08:57:18Z,SA-0003936,farmer_assign_role,atk-0143,Farmer,ControlZone,RoleAssignment,North,DENY,ZONE_MISMATCH,True
2025-09-27T09:33:01Z,SA-0003937,farmer_assign_role,atk-0432,Farmer,ManageRoles,IrrigationControl,West,DENY,OP_NOT_PERMITTED,True
2025-09-27T15:24:28Z,SA-0003938,farmer_assign_role,atk-0065,Farmer,WriteSensor,IrrigationControl,South,DENY,OP_NOT_PERMITTED,True
2025-09-27T15:55:36Z,SA-0003939,farmer_assign_role,atk-0449,Farmer,ManageRoles,RoleAssignment,North,DENY,POLICY_VIOLATION,True
2025-09-27T17:54:52Z,SA-0003940,farmer_assign_role,atk-0250,Farmer,ControlZone,RoleAssignment,South,DENY,POLICY_VIOLATION,True
2025-09-27T17:55:16Z,SA-0003941,farmer_assign_role,atk-0122,Farmer,ReadAll,IrrigationControl,South,DENY,ROLE_INSUFFICIENT,True
2025-09-27T21:00:24Z,SA-0003942,farmer_assign_role,atk-0470,Farmer,ReadAudit,AuditLog,East,DENY,POLICY_VIOLATION,True
2025-09-27T22:44:25Z,SA-0003943,farmer_assign_role,atk-0214,Farmer,ReadAudit,SensorData,South,DENY,IDS_BLOCKED,True
2025-09-28T00:53:10Z,SA-0003944,farmer_assign_role,atk-0442,Farmer,ReadAll,IrrigationControl,North,DENY,POLICY_VIOLATION,True
2025-09-28T02:44:31Z,SA-0003945,farmer_assign_role,atk-0302,Farmer,ReadAll,IrrigationControl,West,DENY,ROLE_INSUFFICIENT,True
2025-09-28T03:03:13Z,SA-0003946,farmer_assign_role,atk-0328,Farmer,WriteSensor,AuditLog,East,DENY,POLICY_VIOLATION,True
2025-09-28T06:04:43Z,SA-0003947,farmer_assign_role,atk-0069,Farmer,ManageRoles,AuditLog,South,DENY,POLICY_VIOLATION,True
2025-09-28T06:58:14Z,SA-0003948,farmer_assign_role,atk-0323,Farmer,ReadAll,SensorData,South,DENY,CERT_REVOKED,True
2025-09-28T08:09:52Z,SA-0003949,farmer_assign_role,atk-0409,Farmer,ReadAll,RoleAssignment,South,DENY,IDS_BLOCKED,True
2025-09-28T10:57:26Z,SA-0003950,farmer_assign_role,atk-0387,Farmer,WriteSensor,IrrigationControl,North,DENY,ZONE_MISMATCH,True
2025-09-28T11:29:00Z,SA-0003951,farmer_assign_role,atk-0373,Farmer,ManageRoles,AuditLog,South,DENY,POLICY_VIOLATION,True
2025-09-28T11:58:32Z,SA-0003952,farmer_assign_role,atk-0007,Farmer,ReadAudit,RoleAssignment,East,DENY,ZONE_MISMATCH,True
2025-09-28T11:58:53Z,SA-0003953,farmer_assign_role,atk-0464,Farmer,ControlZone,SensorData,West,DENY,CERT_REVOKED,True
2025-09-28T12:02:47Z,SA-0003954,farmer_assign_role,atk-0446,Farmer,ReadAll,IrrigationControl,West,DENY,OP_NOT_PERMITTED,True
2025-09-28T12:19:25Z,SA-0003955,farmer_assign_role,atk-0105,Farmer,ManageRoles,SensorData,West,DENY,OP_NOT_PERMITTED,True
2025-09-28T12:28:52Z,SA-0003956,farmer_assign_role,atk-0397,Farmer,ReadAudit,RoleAssignment,West,DENY,POLICY_VIOLATION,True
2025-09-28T12:58:11Z,SA-0003957,farmer_assign_role,atk-0383,Farmer,ReadAudit,RoleAssignment,West,DENY,OP_NOT_PERMITTED,True
2025-09-28T13:59:36Z,SA-0003958,farmer_assign_role,atk-0470,Farmer,ReadAll,RoleAssignment,West,DENY,POLICY_VIOLATION,True
2025-09-28T19:02:27Z,SA-0003959,farmer_assign_role,atk-0437,Farmer,WriteSensor,AuditLog,West,DENY,ZONE_MISMATCH,True
2025-09-28T19:36:07Z,SA-0003960,farmer_assign_role,atk-0466,Farmer,ControlZone,AuditLog,East,DENY,POLICY_VIOLATION,True
2025-09-28T20:20:39Z,SA-0003961,farmer_assign_role,atk-0385,Farmer,ReadAll,IrrigationControl,North,DENY,POLICY_VIOLATION,True
2025-09-28T20:57:44Z,SA-0003962,farmer_assign_role,atk-0295,Farmer,ReadAll,IrrigationControl,South,DENY,IDS_BLOCKED,True
2025-09-28T21:55:55Z,SA-0003963,farmer_assign_role,atk-0248,Farmer,ReadAll,SensorData,East,DENY,ROLE_INSUFFICIENT,True
2025-09-28T23:15:44Z,SA-0003964,farmer_assign_role,atk-0057,Farmer,ReadAll,RoleAssignment,North,DENY,CERT_REVOKED,True
2025-09-29T00:28:10Z,SA-0003965,farmer_assign_role,atk-0013,Farmer,ReadAudit,SensorData,West,DENY,IDS_BLOCKED,True
2025-09-29T00:32:47Z,SA-0003966,farmer_assign_role,atk-0319,Farmer,ReadAudit,RoleAssignment,North,DENY,IDS_BLOCKED,True
2025-09-29T01:49:40Z,SA-0003967,farmer_assign_role,atk-0039,Farmer,ManageRoles,SensorData,South,DENY,ZONE_MISMATCH,True
2025-09-29T02:41:50Z,SA-0003968,farmer_assign_role,atk-0201,Farmer,ReadAudit,RoleAssignment,East,DENY,POLICY_VIOLATION,True
2025-09-29T03:06:32Z,SA-0003969,farmer_assign_role,atk-0209,Farmer,ControlZone,RoleAssignment,West,DENY,OP_NOT_PERMITTED,True
2025-09-29T04:03:14Z,SA-0003970,farmer_assign_role,atk-0184,Farmer,ControlZone,IrrigationControl,South,DENY,IDS_BLOCKED,True
2025-09-29T04:44:49Z,SA-0003971,farmer_assign_role,atk-0093,Farmer,ManageRoles,RoleAssignment,South,DENY,CERT_REVOKED,True
2025-09-29T06:15:39Z,SA-0003972,farmer_assign_role,atk-0157,Farmer,ReadAll,RoleAssignment,East,DENY,ROLE_INSUFFICIENT,True
2025-09-29T06:40:45Z,SA-0003973,farmer_assign_role,atk-0299,Farmer,ManageRoles,AuditLog,West,DENY,CERT_REVOKED,True
2025-09-29T07:21:57Z,SA-0003974,farmer_assign_role,atk-0489,Farmer,ManageRoles,IrrigationControl,West,DENY,ROLE_INSUFFICIENT,True
2025-09-29T07:37:42Z,SA-0003975,farmer_assign_role,atk-0066,Farmer,ControlZone,IrrigationControl,East,DENY,ZONE_MISMATCH,True
2025-09-29T08:47:42Z,SA-0003976,farmer_assign_role,atk-0209,Farmer,ManageRoles,SensorData,South,DENY,OP_NOT_PERMITTED,True
2025-09-29T11:33:05Z,SA-0003977,farmer_assign_role,atk-0151,Farmer,ReadAudit,RoleAssignment,North,DENY,ZONE_MISMATCH,True
2025-09-29T12:20:16Z,SA-0003978,farmer_assign_role,atk-0325,Farmer,ReadAll,AuditLog,East,DENY,CERT_REVOKED,True
2025-09-29T13:10:24Z,SA-0003979,farmer_assign_role,atk-0398,Farmer,ReadAudit,AuditLog,South,DENY,IDS_BLOCKED,True
2025-09-29T14:52:13Z,SA-0003980,farmer_assign_role,atk-0219,Farmer,ControlZone,AuditLog,West,DENY,ROLE_INSUFFICIENT,True
2025-09-29T16:02:19Z,SA-0003981,farmer_assign_role,atk-0114,Farmer,ControlZone,AuditLog,South,DENY,POLICY_VIOLATION,True
2025-09-29T16:08:59Z,SA-0003982,farmer_assign_role,atk-0353,Farmer,ManageRoles,AuditLog,East,DENY,OP_NOT_PERMITTED,True
2025-09-29T17:09:19Z,SA-0003983,farmer_assign_role,atk-0282,Farmer,WriteSensor,SensorData,South,DENY,OP_NOT_PERMITTED,True
2025-09-29T17:17:06Z,SA-0003984,farmer_assign_role,atk-0063,Farmer,WriteSensor,RoleAssignment,West,DENY,IDS_BLOCKED,True
2025-09-29T17:40:06Z,SA-0003985,farmer_assign_role,atk-0266,Farmer,ReadAudit,AuditLog,North,DENY,IDS_BLOCKED,True
2025-09-29T17:51:26Z,SA-0003986,farmer_assign_role,atk-0024,Farmer,WriteSensor,RoleAssignment,East,DENY,IDS_BLOCKED,True
2025-09-29T19:06:07Z,SA-0003987,farmer_assign_role,atk-0040,Farmer,ReadAudit,RoleAssignment,South,DENY,IDS_BLOCKED,True
2025-09-29T19:19:38Z,SA-0003988,farmer_assign_role,atk-0496,Farmer,ManageRoles,SensorData,North,DENY,POLICY_VIOLATION,True
2025-09-30T00:23:10Z,SA-0003989,farmer_assign_role,atk-0133,Farmer,ManageRoles,IrrigationControl,East,DENY,POLICY_VIOLATION,True
2025-09-30T03:35:32Z,SA-0003990,farmer_assign_role,atk-0078,Farmer,WriteSensor,AuditLog,North,DENY,ROLE_INSUFFICIENT,True
2025-09-30T05:38:22Z,SA-0003991,farmer_assign_role,atk-0002,Farmer,ReadAudit,SensorData,East,DENY,ROLE_INSUFFICIENT,True
2025-09-30T06:39:14Z,SA-0003992,farmer_assign_role,atk-0359,Farmer,ReadAudit,AuditLog,South,DENY,ZONE_MISMATCH,True
2025-09-30T07:56:41Z,SA-0003993,farmer_assign_role,atk-0456,Farmer,ReadAudit,SensorData,East,DENY,POLICY_VIOLATION,True
2025-09-30T08:00:57Z,SA-0003994,farmer_assign_role,atk-0159,Farmer,ReadAll,RoleAssignment,South,DENY,ROLE_INSUFFICIENT,True
2025-09-30T13:14:41Z,SA-0003995,farmer_assign_role,atk-0167,Farmer,ManageRoles,RoleAssignment,North,DENY,ZONE_MISMATCH,True
2025-09-30T13:38:27Z,SA-0003996,farmer_assign_role,atk-0402,Farmer,WriteSensor,SensorData,East,DENY,POLICY_VIOLATION,True
2025-09-30T19:16:55Z,SA-0003997,farmer_assign_role,atk-0332,Farmer,ReadAll,SensorData,North,DENY,ROLE_INSUFFICIENT,True
2025-09-30T20:12:21Z,SA-0003998,farmer_assign_role,atk-0141,Farmer,ControlZone,SensorData,West,DENY,ZONE_MISMATCH,True
2025-09-30T22:24:31Z,SA-0003999,farmer_assign_role,atk-0291,Farmer,WriteSensor,AuditLog,North,DENY,ROLE_INSUFFICIENT,True
2025-09-30T23:02:38Z,SA-0004000,farmer_assign_role,atk-0045,Farmer,ManageRoles,AuditLog,East,DENY,IDS_BLOCKED,True
2025-08-01T01:09:51Z,SA-0004001,agronomist_irrigate,atk-0194,Agronomist,ControlZone,AuditLog,West,DENY,IDS_BLOCKED,True
2025-08-01T01:19:23Z,SA-0004002,agronomist_irrigate,atk-0105,Agronomist,ReadAudit,IrrigationControl,West,DENY,POLICY_VIOLATION,True
2025-08-01T03:29:45Z,SA-0004003,agronomist_irrigate,atk-0499,Agronomist,WriteSensor,IrrigationControl,North,DENY,ZONE_MISMATCH,True
2025-08-01T04:31:03Z,SA-0004004,agronomist_irrigate,atk-0230,Agronomist,ReadAll,IrrigationControl,South,DENY,POLICY_VIOLATION,True
2025-08-01T05:21:03Z,SA-0004005,agronomist_irrigate,atk-0356,Agronomist,ManageRoles,AuditLog,West,DENY,POLICY_VIOLATION,True
2025-08-01T05:40:59Z,SA-0004006,agronomist_irrigate,atk-0030,Agronomist,ReadAll,IrrigationControl,West,DENY,ROLE_INSUFFICIENT,True
2025-08-01T06:57:21Z,SA-0004007,agronomist_irrigate,atk-0249,Agronomist,WriteSensor,SensorData,North,DENY,ZONE_MISMATCH,True
2025-08-01T07:33:20Z,SA-0004008,agronomist_irrigate,atk-0282,Agronomist,ReadAll,RoleAssignment,East,DENY,ROLE_INSUFFICIENT,True
2025-08-01T08:29:57Z,SA-0004009,agronomist_irrigate,atk-0256,Agronomist,WriteSensor,AuditLog,North,DENY,POLICY_VIOLATION,True
2025-08-01T10:40:22Z,SA-0004010,agronomist_irrigate,atk-0307,Agronomist,ReadAudit,SensorData,South,DENY,CERT_REVOKED,True
2025-08-01T11:59:32Z,SA-0004011,agronomist_irrigate,atk-0388,Agronomist,ManageRoles,AuditLog,East,DENY,OP_NOT_PERMITTED,True
2025-08-01T12:39:57Z,SA-0004012,agronomist_irrigate,atk-0002,Agronomist,ManageRoles,AuditLog,West,DENY,ROLE_INSUFFICIENT,True
2025-08-01T14:44:44Z,SA-0004013,agronomist_irrigate,atk-0250,Agronomist,WriteSensor,RoleAssignment,West,DENY,CERT_REVOKED,True
2025-08-01T16:01:02Z,SA-0004014,agronomist_irrigate,atk-0452,Agronomist,ReadAll,AuditLog,West,DENY,OP_NOT_PERMITTED,True
2025-08-01T18:00:51Z,SA-0004015,agronomist_irrigate,atk-0070,Agronomist,ReadAll,IrrigationControl,East,DENY,OP_NOT_PERMITTED,True
2025-08-01T19:59:12Z,SA-0004016,agronomist_irrigate,atk-0015,Agronomist,WriteSensor,RoleAssignment,East,DENY,ZONE_MISMATCH,True
2025-08-01T21:34:41Z,SA-0004017,agronomist_irrigate,atk-0033,Agronomist,ReadAudit,RoleAssignment,West,DENY,ZONE_MISMATCH,True
2025-08-01T22:13:36Z,SA-0004018,agronomist_irrigate,atk-0052,Agronomist,ReadAudit,RoleAssignment,East,DENY,POLICY_VIOLATION,True
2025-08-01T22:45:13Z,SA-0004019,agronomist_irrigate,atk-0481,Agronomist,ManageRoles,RoleAssignment,North,DENY,ZONE_MISMATCH,True
2025-08-02T00:29:12Z,SA-0004020,agronomist_irrigate,atk-0298,Agronomist,ManageRoles,SensorData,East,DENY,ROLE_INSUFFICIENT,True
2025-08-02T00:54:33Z,SA-0004021,agronomist_irrigate,atk-0010,Agronomist,ReadAudit,SensorData,South,DENY,CERT_REVOKED,True
2025-08-02T03:37:07Z,SA-0004022,agronomist_irrigate,atk-0191,Agronomist,ManageRoles,RoleAssignment,South,DENY,IDS_BLOCKED,True
2025-08-02T04:13:11Z,SA-0004023,agronomist_irrigate,atk-0111,Agronomist,ReadAll,IrrigationControl,West,DENY,ZONE_MISMATCH,True
2025-08-02T05:58:59Z,SA-0004024,agronomist_irrigate,atk-0194,Agronomist,ControlZone,IrrigationControl,South,DENY,POLICY_VIOLATION,True
2025-08-02T06:52:44Z,SA-0004025,agronomist_irrigate,atk-0473,Agronomist,ManageRoles,RoleAssignment,North,DENY,IDS_BLOCKED,True
2025-08-02T07:28:12Z,SA-0004026,agronomist_irrigate,atk-0102,Agronomist,ControlZone,IrrigationControl,South,DENY,IDS_BLOCKED,True
2025-08-02T08:20:00Z,SA-0004027,agronomist_irrigate,atk-0280,Agronomist,ReadAll,SensorData,North,DENY,OP_NOT_PERMITTED,True
2025-08-02T08:46:34Z,SA-0004028,agronomist_irrigate,atk-0061,Agronomist,ManageRoles,IrrigationControl,West,DENY,POLICY_VIOLATION,True
2025-08-02T08:53:18Z,SA-0004029,agronomist_irrigate,atk-0018,Agronomist,WriteSensor,SensorData,North,DENY,ROLE_INSUFFICIENT,True
2025-08-02T11:32:33Z,SA-0004030,agronomist_irrigate,atk-0179,Agronomist,ReadAudit,RoleAssignment,West,DENY,IDS_BLOCKED,True
2025-08-02T11:59:07Z,SA-0004031,agronomist_irrigate,atk-0429,Agronomist,ControlZone,IrrigationControl,South,DENY,POLICY_VIOLATION,True
2025-08-02T12:12:10Z,SA-0004032,agronomist_irrigate,atk-0371,Agronomist,ManageRoles,IrrigationControl,West,DENY,OP_NOT_PERMITTED,True
2025-08-02T13:36:02Z,SA-0004033,agronomist_irrigate,atk-0420,Agronomist,ControlZone,RoleAssignment,South,DENY,OP_NOT_PERMITTED,True
2025-08-02T19:57:47Z,SA-0004034,agronomist_irrigate,atk-0265,Agronomist,ControlZone,IrrigationControl,North,DENY,ROLE_INSUFFICIENT,True
2025-08-02T21:19:23Z,SA-0004035,agronomist_irrigate,atk-0016,Agronomist,ReadAudit,AuditLog,North,DENY,ROLE_INSUFFICIENT,True
2025-08-03T00:02:15Z,SA-0004036,agronomist_irrigate,atk-0452,Agronomist,WriteSensor,SensorData,West,DENY,ROLE_INSUFFICIENT,True
2025-08-03T00:57:08Z,SA-0004037,agronomist_irrigate,atk-0422,Agronomist,WriteSensor,IrrigationControl,East,DENY,OP_NOT_PERMITTED,True
2025-08-03T03:07:47Z,SA-0004038,agronomist_irrigate,atk-0020,Agronomist,ReadAudit,RoleAssignment,South,DENY,OP_NOT_PERMITTED,True
2025-08-03T03:32:04Z,SA-0004039,agronomist_irrigate,atk-0107,Agronomist,ReadAudit,RoleAssignment,South,DENY,OP_NOT_PERMITTED,True
2025-08-03T04:10:24Z,SA-0004040,agronomist_irrigate,atk-0431,Agronomist,ReadAll,AuditLog,East,DENY,ZONE_MISMATCH,True
2025-08-03T06:01:47Z,SA-0004041,agronomist_irrigate,atk-0040,Agronomist,ManageRoles,IrrigationControl,North,DENY,IDS_BLOCKED,True
2025-08-03T09:24:19Z,SA-0004042,agronomist_irrigate,atk-0313,Agronomist,ControlZone,AuditLog,East,DENY,ZONE_MISMATCH,True
2025-08-03T10:25:29Z,SA-0004043,agronomist_irrigate,atk-0088,Agronomist,WriteSensor,AuditLog,East,DENY,CERT_REVOKED,True
2025-08-03T13:59:04Z,SA-0004044,agronomist_irrigate,atk-0392,Agronomist,ReadAll,IrrigationControl,South,DENY,IDS_BLOCKED,True
2025-08-03T14:45:36Z,SA-0004045,agronomist_irrigate,atk-0069,Agronomist,ControlZone,RoleAssignment,West,DENY,OP_NOT_PERMITTED,True
2025-08-03T15:13:33Z,SA-0004046,agronomist_irrigate,atk-0112,Agronomist,ReadAll,AuditLog,South,DENY,POLICY_VIOLATION,True
2025-08-03T19:07:28Z,SA-0004047,agronomist_irrigate,atk-0168,Agronomist,ReadAll,SensorData,West,DENY,OP_NOT_PERMITTED,True
2025-08-03T19:27:50Z,SA-0004048,agronomist_irrigate,atk-0124,Agronomist,ReadAudit,IrrigationControl,South,DENY,CERT_REVOKED,True
2025-08-03T22:47:23Z,SA-0004049,agronomist_irrigate,atk-0128,Agronomist,ManageRoles,IrrigationControl,East,DENY,ROLE_INSUFFICIENT,True
2025-08-03T23:02:00Z,SA-0004050,agronomist_irrigate,atk-0013,Agronomist,ReadAll,SensorData,North,DENY,POLICY_VIOLATION,True
2025-08-03T23:34:48Z,SA-0004051,agronomist_irrigate,atk-0295,Agronomist,ReadAll,SensorData,East,DENY,IDS_BLOCKED,True
2025-08-04T00:46:29Z,SA-0004052,agronomist_irrigate,atk-0303,Agronomist,ReadAll,AuditLog,East,DENY,OP_NOT_PERMITTED,True
2025-08-04T01:18:40Z,SA-0004053,agronomist_irrigate,atk-0415,Agronomist,ReadAll,IrrigationControl,North,DENY,ZONE_MISMATCH,True
2025-08-04T05:28:51Z,SA-0004054,agronomist_irrigate,atk-0317,Agronomist,ControlZone,RoleAssignment,South,DENY,ZONE_MISMATCH,True
2025-08-04T07:50:23Z,SA-0004055,agronomist_irrigate,atk-0400,Agronomist,ReadAll,IrrigationControl,South,DENY,ZONE_MISMATCH,True
2025-08-04T10:15:26Z,SA-0004056,agronomist_irrigate,atk-0287,Agronomist,ManageRoles,AuditLog,West,DENY,POLICY_VIOLATION,True
2025-08-04T13:29:27Z,SA-0004057,agronomist_irrigate,atk-0461,Agronomist,WriteSensor,SensorData,North,DENY,POLICY_VIOLATION,True
2025-08-04T15:51:05Z,SA-0004058,agronomist_irrigate,atk-0173,Agronomist,WriteSensor,RoleAssignment,North,DENY,OP_NOT_PERMITTED,True
2025-08-04T18:05:48Z,SA-0004059,agronomist_irrigate,atk-0083,Agronomist,ManageRoles,SensorData,West,DENY,IDS_BLOCKED,True
2025-08-04T20:48:12Z,SA-0004060,agronomist_irrigate,atk-0271,Agronomist,ControlZone,AuditLog,East,DENY,POLICY_VIOLATION,True
2025-08-04T23:13:17Z,SA-0004061,agronomist_irrigate,atk-0153,Agronomist,ManageRoles,SensorData,West,DENY,CERT_REVOKED,True
2025-08-05T01:41:26Z,SA-0004062,agronomist_irrigate,atk-0103,Agronomist,WriteSensor,SensorData,South,DENY,ROLE_INSUFFICIENT,True
2025-08-05T02:07:42Z,SA-0004063,agronomist_irrigate,atk-0384,Agronomist,ReadAll,RoleAssignment,West,DENY,ROLE_INSUFFICIENT,True
2025-08-05T02:54:22Z,SA-0004064,agronomist_irrigate,atk-0445,Agronomist,ReadAll,RoleAssignment,West,DENY,ROLE_INSUFFICIENT,True
2025-08-05T04:50:17Z,SA-0004065,agronomist_irrigate,atk-0291,Agronomist,ReadAll,AuditLog,South,DENY,POLICY_VIOLATION,True
2025-08-05T05:12:47Z,SA-0004066,agronomist_irrigate,atk-0190,Agronomist,ManageRoles,RoleAssignment,South,DENY,IDS_BLOCKED,True
2025-08-05T06:53:22Z,SA-0004067,agronomist_irrigate,atk-0236,Agronomist,WriteSensor,RoleAssignment,North,DENY,ZONE_MISMATCH,True
2025-08-05T09:46:03Z,SA-0004068,agronomist_irrigate,atk-0294,Agronomist,WriteSensor,RoleAssignment,East,DENY,CERT_REVOKED,True
2025-08-05T09:59:57Z,SA-0004069,agronomist_irrigate,atk-0193,Agronomist,ControlZone,RoleAssignment,South,DENY,POLICY_VIOLATION,True
2025-08-05T12:53:38Z,SA-0004070,agronomist_irrigate,atk-0117,Agronomist,ReadAll,RoleAssignment,East,DENY,ZONE_MISMATCH,True
2025-08-05T13:12:56Z,SA-0004071,agronomist_irrigate,atk-0289,Agronomist,WriteSensor,IrrigationControl,North,DENY,POLICY_VIOLATION,True
2025-08-05T17:46:28Z,SA-0004072,agronomist_irrigate,atk-0009,Agronomist,ManageRoles,AuditLog,East,DENY,POLICY_VIOLATION,True
2025-08-05T19:02:50Z,SA-0004073,agronomist_irrigate,atk-0400,Agronomist,ManageRoles,SensorData,West,DENY,ROLE_INSUFFICIENT,True
2025-08-05T20:12:12Z,SA-0004074,agronomist_irrigate,atk-0103,Agronomist,WriteSensor,RoleAssignment,South,DENY,ROLE_INSUFFICIENT,True
2025-08-05T21:26:33Z,SA-0004075,agronomist_irrigate,atk-0074,Agronomist,ReadAll,RoleAssignment,South,DENY,OP_NOT_PERMITTED,True
2025-08-05T22:23:26Z,SA-0004076,agronomist_irrigate,atk-0046,Agronomist,ControlZone,SensorData,West,DENY,CERT_REVOKED,True
2025-08-05T23:55:55Z,SA-0004077,agronomist_irrigate,atk-0080,Agronomist,ReadAudit,IrrigationControl,East,DENY,POLICY_VIOLATION,True
2025-08-06T01:03:09Z,SA-0004078,agronomist_irrigate,atk-0006,Agronomist,ReadAudit,AuditLog,East,DENY,CERT_REVOKED,True
2025-08-06T01:14:43Z,SA-0004079,agronomist_irrigate,atk-0439,Agronomist,ManageRoles,AuditLog,West,DENY,ROLE_INSUFFICIENT,True
2025-08-06T02:17:40Z,SA-0004080,agronomist_irrigate,atk-0132,Agronomist,ReadAudit,SensorData,East,DENY,ZONE_MISMATCH,True
2025-08-06T02:43:15Z,SA-0004081,agronomist_irrigate,atk-0418,Agronomist,ManageRoles,AuditLog,North,DENY,IDS_BLOCKED,True
2025-08-06T04:12:07Z,SA-0004082,agronomist_irrigate,atk-0179,Agronomist,ReadAll,RoleAssignment,East,DENY,ZONE_MISMATCH,True
2025-08-06T05:47:03Z,SA-0004083,agronomist_irrigate,atk-0487,Agronomist,ControlZone,RoleAssignment,East,DENY,IDS_BLOCKED,True
2025-08-06T05:59:34Z,SA-0004084,agronomist_irrigate,atk-0331,Agronomist,ManageRoles,IrrigationControl,West,DENY,IDS_BLOCKED,True
2025-08-06T07:53:19Z,SA-0004085,agronomist_irrigate,atk-0128,Agronomist,ControlZone,AuditLog,East,DENY,IDS_BLOCKED,True
2025-08-06T08:11:45Z,SA-0004086,agronomist_irrigate,atk-0487,Agronomist,ReadAudit,AuditLog,North,DENY,OP_NOT_PERMITTED,True
2025-08-06T08:22:00Z,SA-0004087,agronomist_irrigate,atk-0340,Agronomist,WriteSensor,SensorData,East,DENY,ZONE_MISMATCH,True
2025-08-06T08:25:24Z,SA-0004088,agronomist_irrigate,atk-0367,Agronomist,ManageRoles,SensorData,North,DENY,POLICY_VIOLATION,True
2025-08-06T10:02:23Z,SA-0004089,agronomist_irrigate,atk-0121,Agronomist,ManageRoles,AuditLog,South,DENY,OP_NOT_PERMITTED,True
2025-08-06T10:03:54Z,SA-0004090,agronomist_irrigate,atk-0023,Agronomist,ReadAll,SensorData,South,DENY,ROLE_INSUFFICIENT,True
2025-08-06T11:35:44Z,SA-0004091,agronomist_irrigate,atk-0482,Agronomist,ManageRoles,SensorData,West,DENY,OP_NOT_PERMITTED,True
2025-08-06T22:20:21Z,SA-0004092,agronomist_irrigate,atk-0230,Agronomist,WriteSensor,SensorData,East,DENY,OP_NOT_PERMITTED,True
2025-08-06T22:57:10Z,SA-0004093,agronomist_irrigate,atk-0113,Agronomist,ManageRoles,RoleAssignment,West,DENY,OP_NOT_PERMITTED,True
2025-08-07T03:48:43Z,SA-0004094,agronomist_irrigate,atk-0070,Agronomist,ManageRoles,IrrigationControl,South,DENY,IDS_BLOCKED,True
2025-08-07T05:06:00Z,SA-0004095,agronomist_irrigate,atk-0160,Agronomist,ReadAudit,SensorData,East,DENY,ROLE_INSUFFICIENT,True
2025-08-07T06:43:31Z,SA-0004096,agronomist_irrigate,atk-0004,Agronomist,ReadAll,SensorData,West,DENY,IDS_BLOCKED,True
2025-08-07T07:10:51Z,SA-0004097,agronomist_irrigate,atk-0331,Agronomist,WriteSensor,AuditLog,West,DENY,ZONE_MISMATCH,True
2025-08-07T07:58:07Z,SA-0004098,agronomist_irrigate,atk-0161,Agronomist,ControlZone,RoleAssignment,North,DENY,IDS_BLOCKED,True
2025-08-07T08:08:09Z,SA-0004099,agronomist_irrigate,atk-0376,Agronomist,ReadAll,AuditLog,East,DENY,ZONE_MISMATCH,True
2025-08-07T10:26:47Z,SA-0004100,agronomist_irrigate,atk-0437,Agronomist,ReadAudit,AuditLog,West,DENY,OP_NOT_PERMITTED,True
2025-08-07T12:52:49Z,SA-0004101,agronomist_irrigate,atk-0372,Agronomist,ReadAudit,RoleAssignment,East,DENY,OP_NOT_PERMITTED,True
2025-08-07T16:31:16Z,SA-0004102,agronomist_irrigate,atk-0473,Agronomist,ControlZone,RoleAssignment,West,DENY,CERT_REVOKED,True
2025-08-07T16:47:58Z,SA-0004103,agronomist_irrigate,atk-0432,Agronomist,ControlZone,RoleAssignment,South,DENY,ZONE_MISMATCH,True
2025-08-07T17:47:16Z,SA-0004104,agronomist_irrigate,atk-0478,Agronomist,WriteSensor,SensorData,West,DENY,ROLE_INSUFFICIENT,True
2025-08-07T18:01:53Z,SA-0004105,agronomist_irrigate,atk-0187,Agronomist,ReadAll,IrrigationControl,West,DENY,ZONE_MISMATCH,True
2025-08-07T18:45:29Z,SA-0004106,agronomist_irrigate,atk-0292,Agronomist,WriteSensor,SensorData,East,DENY,ROLE_INSUFFICIENT,True
2025-08-07T19:37:43Z,SA-0004107,agronomist_irrigate,atk-0246,Agronomist,ControlZone,AuditLog,West,DENY,IDS_BLOCKED,True
2025-08-07T20:05:37Z,SA-0004108,agronomist_irrigate,atk-0119,Agronomist,ReadAudit,IrrigationControl,South,DENY,OP_NOT_PERMITTED,True
2025-08-07T21:01:53Z,SA-0004109,agronomist_irrigate,atk-0294,Agronomist,WriteSensor,IrrigationControl,South,DENY,ZONE_MISMATCH,True
2025-08-07T23:38:43Z,SA-0004110,agronomist_irrigate,atk-0212,Agronomist,ReadAudit,IrrigationControl,North,DENY,POLICY_VIOLATION,True
2025-08-07T23:59:03Z,SA-0004111,agronomist_irrigate,atk-0454,Agronomist,ReadAll,AuditLog,North,DENY,ZONE_MISMATCH,True
2025-08-08T01:09:39Z,SA-0004112,agronomist_irrigate,atk-0256,Agronomist,ManageRoles,SensorData,West,DENY,ROLE_INSUFFICIENT,True
2025-08-08T01:52:58Z,SA-0004113,agronomist_irrigate,atk-0164,Agronomist,ManageRoles,IrrigationControl,West,DENY,ZONE_MISMATCH,True
2025-08-08T03:27:35Z,SA-0004114,agronomist_irrigate,atk-0136,Agronomist,ControlZone,RoleAssignment,East,DENY,ROLE_INSUFFICIENT,True
2025-08-08T04:34:26Z,SA-0004115,agronomist_irrigate,atk-0402,Agronomist,ManageRoles,AuditLog,North,DENY,IDS_BLOCKED,True
2025-08-08T06:52:09Z,SA-0004116,agronomist_irrigate,atk-0300,Agronomist,ManageRoles,AuditLog,East,DENY,ROLE_INSUFFICIENT,True
2025-08-08T08:04:06Z,SA-0004117,agronomist_irrigate,atk-0484,Agronomist,ControlZone,AuditLog,South,DENY,ROLE_INSUFFICIENT,True
2025-08-08T08:25:29Z,SA-0004118,agronomist_irrigate,atk-0486,Agronomist,ControlZone,IrrigationControl,North,DENY,POLICY_VIOLATION,True
2025-08-08T08:29:01Z,SA-0004119,agronomist_irrigate,atk-0049,Agronomist,ReadAudit,RoleAssignment,South,DENY,IDS_BLOCKED,True
2025-08-08T09:04:35Z,SA-0004120,agronomist_irrigate,atk-0160,Agronomist,ReadAll,SensorData,South,DENY,IDS_BLOCKED,True
2025-08-08T11:08:21Z,SA-0004121,agronomist_irrigate,atk-0256,Agronomist,ReadAll,RoleAssignment,North,DENY,OP_NOT_PERMITTED,True
2025-08-08T11:25:00Z,SA-0004122,agronomist_irrigate,atk-0406,Agronomist,ReadAll,AuditLog,South,DENY,OP_NOT_PERMITTED,True
2025-08-08T14:25:56Z,SA-0004123,agronomist_irrigate,atk-0160,Agronomist,ReadAll,RoleAssignment,East,DENY,CERT_REVOKED,True
2025-08-08T17:04:03Z,SA-0004124,agronomist_irrigate,atk-0237,Agronomist,ManageRoles,IrrigationControl,North,DENY,POLICY_VIOLATION,True
2025-08-08T17:20:30Z,SA-0004125,agronomist_irrigate,atk-0254,Agronomist,ReadAudit,SensorData,North,DENY,ZONE_MISMATCH,True
2025-08-08T18:22:18Z,SA-0004126,agronomist_irrigate,atk-0384,Agronomist,ReadAudit,IrrigationControl,North,DENY,OP_NOT_PERMITTED,True
2025-08-08T19:02:53Z,SA-0004127,agronomist_irrigate,atk-0001,Agronomist,ManageRoles,RoleAssignment,East,DENY,POLICY_VIOLATION,True
2025-08-08T23:58:48Z,SA-0004128,agronomist_irrigate,atk-0197,Agronomist,ControlZone,RoleAssignment,West,DENY,ZONE_MISMATCH,True
2025-08-09T00:15:09Z,SA-0004129,agronomist_irrigate,atk-0137,Agronomist,WriteSensor,IrrigationControl,West,DENY,CERT_REVOKED,True
2025-08-09T00:15:41Z,SA-0004130,agronomist_irrigate,atk-0057,Agronomist,ManageRoles,IrrigationControl,North,DENY,ZONE_MISMATCH,True
2025-08-09T00:50:23Z,SA-0004131,agronomist_irrigate,atk-0086,Agronomist,ReadAll,SensorData,South,DENY,IDS_BLOCKED,True
2025-08-09T02:06:37Z,SA-0004132,agronomist_irrigate,atk-0211,Agronomist,ManageRoles,SensorData,West,DENY,OP_NOT_PERMITTED,True
2025-08-09T07:20:27Z,SA-0004133,agronomist_irrigate,atk-0049,Agronomist,ControlZone,AuditLog,North,DENY,CERT_REVOKED,True
2025-08-09T07:38:41Z,SA-0004134,agronomist_irrigate,atk-0165,Agronomist,ReadAudit,IrrigationControl,East,DENY,ROLE_INSUFFICIENT,True
2025-08-09T10:46:32Z,SA-0004135,agronomist_irrigate,atk-0336,Agronomist,ManageRoles,IrrigationControl,South,DENY,OP_NOT_PERMITTED,True
2025-08-09T12:22:38Z,SA-0004136,agronomist_irrigate,atk-0001,Agronomist,WriteSensor,IrrigationControl,West,DENY,OP_NOT_PERMITTED,True
2025-08-09T14:21:18Z,SA-0004137,agronomist_irrigate,atk-0145,Agronomist,ReadAll,RoleAssignment,West,DENY,ZONE_MISMATCH,True
2025-08-09T15:40:32Z,SA-0004138,agronomist_irrigate,atk-0222,Agronomist,ReadAudit,IrrigationControl,South,DENY,POLICY_VIOLATION,True
2025-08-09T17:56:06Z,SA-0004139,agronomist_irrigate,atk-0105,Agronomist,ManageRoles,SensorData,West,DENY,POLICY_VIOLATION,True
2025-08-09T22:23:15Z,SA-0004140,agronomist_irrigate,atk-0309,Agronomist,ManageRoles,SensorData,North,DENY,CERT_REVOKED,True
2025-08-09T22:34:08Z,SA-0004141,agronomist_irrigate,atk-0044,Agronomist,ReadAll,RoleAssignment,West,DENY,CERT_REVOKED,True
2025-08-09T23:20:27Z,SA-0004142,agronomist_irrigate,atk-0045,Agronomist,ControlZone,RoleAssignment,East,DENY,ROLE_INSUFFICIENT,True
2025-08-09T23:34:04Z,SA-0004143,agronomist_irrigate,atk-0157,Agronomist,ReadAudit,SensorData,South,DENY,ROLE_INSUFFICIENT,True
2025-08-10T03:12:05Z,SA-0004144,agronomist_irrigate,atk-0161,Agronomist,ReadAll,IrrigationControl,North,DENY,OP_NOT_PERMITTED,True
2025-08-10T03:22:27Z,SA-0004145,agronomist_irrigate,atk-0350,Agronomist,WriteSensor,SensorData,North,DENY,ROLE_INSUFFICIENT,True
2025-08-10T06:23:37Z,SA-0004146,agronomist_irrigate,atk-0354,Agronomist,ReadAll,AuditLog,East,DENY,CERT_REVOKED,True
2025-08-10T06:46:26Z,SA-0004147,agronomist_irrigate,atk-0244,Agronomist,ReadAll,AuditLog,West,DENY,POLICY_VIOLATION,True
2025-08-10T06:57:51Z,SA-0004148,agronomist_irrigate,atk-0187,Agronomist,ReadAll,RoleAssignment,West,DENY,IDS_BLOCKED,True
2025-08-10T07:49:21Z,SA-0004149,agronomist_irrigate,atk-0436,Agronomist,ReadAudit,SensorData,North,DENY,POLICY_VIOLATION,True
2025-08-10T07:54:17Z,SA-0004150,agronomist_irrigate,atk-0017,Agronomist,ControlZone,RoleAssignment,West,DENY,ROLE_INSUFFICIENT,True
2025-08-10T10:09:21Z,SA-0004151,agronomist_irrigate,atk-0080,Agronomist,ManageRoles,SensorData,West,DENY,ZONE_MISMATCH,True
2025-08-10T11:41:46Z,SA-0004152,agronomist_irrigate,atk-0459,Agronomist,ReadAll,AuditLog,North,DENY,CERT_REVOKED,True
2025-08-10T13:22:55Z,SA-0004153,agronomist_irrigate,atk-0017,Agronomist,ManageRoles,IrrigationControl,South,DENY,ROLE_INSUFFICIENT,True
2025-08-10T13:33:49Z,SA-0004154,agronomist_irrigate,atk-0117,Agronomist,ReadAudit,SensorData,East,DENY,ROLE_INSUFFICIENT,True
2025-08-10T15:53:35Z,SA-0004155,agronomist_irrigate,atk-0306,Agronomist,ReadAll,IrrigationControl,East,DENY,ROLE_INSUFFICIENT,True
2025-08-10T17:00:18Z,SA-0004156,agronomist_irrigate,atk-0238,Agronomist,ControlZone,AuditLog,West,DENY,ZONE_MISMATCH,True
2025-08-10T17:34:05Z,SA-0004157,agronomist_irrigate,atk-0041,Agronomist,WriteSensor,SensorData,South,DENY,CERT_REVOKED,True
2025-08-10T18:43:54Z,SA-0004158,agronomist_irrigate,atk-0392,Agronomist,ManageRoles,IrrigationControl,East,DENY,IDS_BLOCKED,True
2025-08-10T19:40:56Z,SA-0004159,agronomist_irrigate,atk-0242,Agronomist,ReadAll,RoleAssignment,East,DENY,ZONE_MISMATCH,True
2025-08-10T20:18:40Z,SA-0004160,agronomist_irrigate,atk-0016,Agronomist,ReadAudit,IrrigationControl,South,DENY,CERT_REVOKED,True
2025-08-10T20:27:39Z,SA-0004161,agronomist_irrigate,atk-0010,Agronomist,ReadAll,RoleAssignment,South,DENY,ZONE_MISMATCH,True
2025-08-10T22:06:16Z,SA-0004162,agronomist_irrigate,atk-0033,Agronomist,ReadAudit,IrrigationControl,North,DENY,POLICY_VIOLATION,True
2025-08-10T22:48:07Z,SA-0004163,agronomist_irrigate,atk-0429,Agronomist,ReadAll,IrrigationControl,North,DENY,OP_NOT_PERMITTED,True
2025-08-11T02:14:37Z,SA-0004164,agronomist_irrigate,atk-0120,Agronomist,ReadAudit,IrrigationControl,West,DENY,POLICY_VIOLATION,True
2025-08-11T02:56:06Z,SA-0004165,agronomist_irrigate,atk-0135,Agronomist,ManageRoles,RoleAssignment,South,DENY,ZONE_MISMATCH,True
2025-08-11T05:36:37Z,SA-0004166,agronomist_irrigate,atk-0125,Agronomist,ReadAll,AuditLog,East,DENY,CERT_REVOKED,True
2025-08-11T09:44:59Z,SA-0004167,agronomist_irrigate,atk-0143,Agronomist,ReadAll,RoleAssignment,East,DENY,ZONE_MISMATCH,True
2025-08-11T10:41:31Z,SA-0004168,agronomist_irrigate,atk-0030,Agronomist,ReadAll,SensorData,North,DENY,OP_NOT_PERMITTED,True
2025-08-11T13:03:10Z,SA-0004169,agronomist_irrigate,atk-0189,Agronomist,ControlZone,SensorData,East,DENY,IDS_BLOCKED,True
2025-08-11T17:03:50Z,SA-0004170,agronomist_irrigate,atk-0181,Agronomist,ManageRoles,AuditLog,South,DENY,IDS_BLOCKED,True
2025-08-11T18:15:02Z,SA-0004171,agronomist_irrigate,atk-0496,Agronomist,ReadAudit,RoleAssignment,North,DENY,IDS_BLOCKED,True
2025-08-11T19:18:16Z,SA-0004172,agronomist_irrigate,atk-0451,Agronomist,ReadAll,SensorData,East,DENY,CERT_REVOKED,True
2025-08-11T20:35:59Z,SA-0004173,agronomist_irrigate,atk-0422,Agronomist,ManageRoles,IrrigationControl,West,DENY,CERT_REVOKED,True
2025-08-11T21:20:49Z,SA-0004174,agronomist_irrigate,atk-0493,Agronomist,ReadAudit,SensorData,South,DENY,ZONE_MISMATCH,True
2025-08-11T22:58:12Z,SA-0004175,agronomist_irrigate,atk-0287,Agronomist,WriteSensor,IrrigationControl,West,DENY,CERT_REVOKED,True
2025-08-11T23:31:50Z,SA-0004176,agronomist_irrigate,atk-0260,Agronomist,ManageRoles,AuditLog,West,DENY,IDS_BLOCKED,True
2025-08-12T00:02:25Z,SA-0004177,agronomist_irrigate,atk-0073,Agronomist,ReadAudit,AuditLog,East,DENY,POLICY_VIOLATION,True
2025-08-12T00:50:41Z,SA-0004178,agronomist_irrigate,atk-0118,Agronomist,WriteSensor,RoleAssignment,North,DENY,CERT_REVOKED,True
2025-08-12T00:57:36Z,SA-0004179,agronomist_irrigate,atk-0038,Agronomist,ManageRoles,RoleAssignment,South,DENY,ROLE_INSUFFICIENT,True
2025-08-12T04:57:19Z,SA-0004180,agronomist_irrigate,atk-0131,Agronomist,WriteSensor,RoleAssignment,West,DENY,POLICY_VIOLATION,True
2025-08-12T06:00:11Z,SA-0004181,agronomist_irrigate,atk-0312,Agronomist,ReadAll,RoleAssignment,West,DENY,POLICY_VIOLATION,True
2025-08-12T06:48:53Z,SA-0004182,agronomist_irrigate,atk-0104,Agronomist,ControlZone,IrrigationControl,West,DENY,CERT_REVOKED,True
2025-08-12T07:32:34Z,SA-0004183,agronomist_irrigate,atk-0499,Agronomist,ReadAudit,AuditLog,East,DENY,IDS_BLOCKED,True
2025-08-12T07:37:56Z,SA-0004184,agronomist_irrigate,atk-0114,Agronomist,WriteSensor,RoleAssignment,South,DENY,CERT_REVOKED,True
2025-08-12T10:49:12Z,SA-0004185,agronomist_irrigate,atk-0440,Agronomist,WriteSensor,RoleAssignment,East,DENY,IDS_BLOCKED,True
2025-08-12T14:05:02Z,SA-0004186,agronomist_irrigate,atk-0112,Agronomist,ReadAudit,SensorData,East,DENY,IDS_BLOCKED,True
2025-08-12T14:07:57Z,SA-0004187,agronomist_irrigate,atk-0291,Agronomist,ReadAll,SensorData,South,DENY,ROLE_INSUFFICIENT,True
2025-08-12T15:37:50Z,SA-0004188,agronomist_irrigate,atk-0404,Agronomist,ManageRoles,RoleAssignment,South,DENY,ROLE_INSUFFICIENT,True
2025-08-12T17:12:52Z,SA-0004189,agronomist_irrigate,atk-0084,Agronomist,WriteSensor,RoleAssignment,North,DENY,ROLE_INSUFFICIENT,True
2025-08-12T19:56:49Z,SA-0004190,agronomist_irrigate,atk-0159,Agronomist,WriteSensor,RoleAssignment,East,DENY,POLICY_VIOLATION,True
2025-08-12T21:32:42Z,SA-0004191,agronomist_irrigate,atk-0061,Agronomist,ManageRoles,RoleAssignment,East,DENY,CERT_REVOKED,True
2025-08-12T23:57:37Z,SA-0004192,agronomist_irrigate,atk-0279,Agronomist,ReadAudit,AuditLog,South,DENY,OP_NOT_PERMITTED,True
2025-08-13T00:01:54Z,SA-0004193,agronomist_irrigate,atk-0196,Agronomist,ManageRoles,SensorData,North,DENY,IDS_BLOCKED,True
2025-08-13T01:48:41Z,SA-0004194,agronomist_irrigate,atk-0177,Agronomist,ReadAudit,RoleAssignment,South,DENY,POLICY_VIOLATION,True
2025-08-13T02:04:46Z,SA-0004195,agronomist_irrigate,atk-0251,Agronomist,ReadAudit,IrrigationControl,North,DENY,IDS_BLOCKED,True
2025-08-13T04:03:33Z,SA-0004196,agronomist_irrigate,atk-0143,Agronomist,ReadAll,RoleAssignment,West,DENY,POLICY_VIOLATION,True
2025-08-13T05:07:32Z,SA-0004197,agronomist_irrigate,atk-0404,Agronomist,ManageRoles,SensorData,South,DENY,POLICY_VIOLATION,True
2025-08-13T05:11:55Z,SA-0004198,agronomist_irrigate,atk-0448,Agronomist,ControlZone,AuditLog,East,DENY,POLICY_VIOLATION,True
2025-08-13T07:27:07Z,SA-0004199,agronomist_irrigate,atk-0093,Agronomist,ControlZone,SensorData,North,DENY,OP_NOT_PERMITTED,True
2025-08-13T09:29:16Z,SA-0004200,agronomist_irrigate,atk-0119,Agronomist,ControlZone,SensorData,North,DENY,CERT_REVOKED,True
2025-08-13T09:47:26Z,SA-0004201,agronomist_irrigate,atk-0217,Agronomist,ControlZone,RoleAssignment,West,DENY,OP_NOT_PERMITTED,True
2025-08-13T10:02:00Z,SA-0004202,agronomist_irrigate,atk-0347,Agronomist,ReadAll,RoleAssignment,West,DENY,IDS_BLOCKED,True
2025-08-13T10:07:54Z,SA-0004203,agronomist_irrigate,atk-0345,Agronomist,ManageRoles,AuditLog,South,DENY,ZONE_MISMATCH,True
2025-08-13T10:46:23Z,SA-0004204,agronomist_irrigate,atk-0183,Agronomist,ManageRoles,IrrigationControl,South,DENY,OP_NOT_PERMITTED,True
2025-08-13T11:42:48Z,SA-0004205,agronomist_irrigate,atk-0347,Agronomist,WriteSensor,IrrigationControl,South,DENY,ZONE_MISMATCH,True
2025-08-13T13:49:11Z,SA-0004206,agronomist_irrigate,atk-0177,Agronomist,WriteSensor,IrrigationControl,West,DENY,ZONE_MISMATCH,True
2025-08-13T14:22:35Z,SA-0004207,agronomist_irrigate,atk-0179,Agronomist,WriteSensor,IrrigationControl,East,DENY,IDS_BLOCKED,True
2025-08-13T17:10:33Z,SA-0004208,agronomist_irrigate,atk-0464,Agronomist,ControlZone,AuditLog,South,DENY,IDS_BLOCKED,True
2025-08-13T17:38:18Z,SA-0004209,agronomist_irrigate,atk-0318,Agronomist,WriteSensor,AuditLog,West,DENY,POLICY_VIOLATION,True
2025-08-13T17:58:17Z,SA-0004210,agronomist_irrigate,atk-0020,Agronomist,ReadAudit,IrrigationControl,North,DENY,IDS_BLOCKED,True
2025-08-13T18:47:28Z,SA-0004211,agronomist_irrigate,atk-0293,Agronomist,WriteSensor,IrrigationControl,East,DENY,POLICY_VIOLATION,True
2025-08-13T20:07:12Z,SA-0004212,agronomist_irrigate,atk-0162,Agronomist,ReadAudit,SensorData,East,DENY,CERT_REVOKED,True
2025-08-13T21:23:16Z,SA-0004213,agronomist_irrigate,atk-0238,Agronomist,ReadAll,AuditLog,South,DENY,IDS_BLOCKED,True
2025-08-13T22:28:42Z,SA-0004214,agronomist_irrigate,atk-0110,Agronomist,ReadAll,IrrigationControl,West,DENY,IDS_BLOCKED,True
2025-08-13T23:11:20Z,SA-0004215,agronomist_irrigate,atk-0175,Agronomist,WriteSensor,IrrigationControl,West,DENY,OP_NOT_PERMITTED,True
2025-08-14T00:52:52Z,SA-0004216,agronomist_irrigate,atk-0052,Agronomist,ManageRoles,IrrigationControl,North,DENY,POLICY_VIOLATION,True
2025-08-14T01:22:25Z,SA-0004217,agronomist_irrigate,atk-0124,Agronomist,ReadAudit,IrrigationControl,North,DENY,IDS_BLOCKED,True
2025-08-14T03:26:34Z,SA-0004218,agronomist_irrigate,atk-0402,Agronomist,ManageRoles,AuditLog,East,DENY,CERT_REVOKED,True
2025-08-14T06:03:26Z,SA-0004219,agronomist_irrigate,atk-0354,Agronomist,ControlZone,AuditLog,West,DENY,ROLE_INSUFFICIENT,True
2025-08-14T08:32:59Z,SA-0004220,agronomist_irrigate,atk-0139,Agronomist,WriteSensor,RoleAssignment,South,DENY,CERT_REVOKED,True
2025-08-14T10:27:52Z,SA-0004221,agronomist_irrigate,atk-0150,Agronomist,ControlZone,AuditLog,East,DENY,ZONE_MISMATCH,True
2025-08-14T14:53:12Z,SA-0004222,agronomist_irrigate,atk-0407,Agronomist,ControlZone,SensorData,South,DENY,IDS_BLOCKED,True
2025-08-14T15:36:11Z,SA-0004223,agronomist_irrigate,atk-0186,Agronomist,ReadAudit,AuditLog,West,DENY,CERT_REVOKED,True
2025-08-14T16:34:45Z,SA-0004224,agronomist_irrigate,atk-0202,Agronomist,ControlZone,IrrigationControl,South,DENY,ROLE_INSUFFICIENT,True
2025-08-14T16:43:05Z,SA-0004225,agronomist_irrigate,atk-0468,Agronomist,ReadAll,SensorData,West,DENY,POLICY_VIOLATION,True
2025-08-14T20:09:26Z,SA-0004226,agronomist_irrigate,atk-0045,Agronomist,ControlZone,RoleAssignment,West,DENY,ROLE_INSUFFICIENT,True
2025-08-14T20:32:22Z,SA-0004227,agronomist_irrigate,atk-0048,Agronomist,ReadAll,RoleAssignment,South,DENY,IDS_BLOCKED,True
2025-08-14T22:55:18Z,SA-0004228,agronomist_irrigate,atk-0363,Agronomist,ControlZone,IrrigationControl,West,DENY,IDS_BLOCKED,True
2025-08-14T23:36:15Z,SA-0004229,agronomist_irrigate,atk-0246,Agronomist,ReadAudit,SensorData,East,DENY,OP_NOT_PERMITTED,True
2025-08-14T23:46:03Z,SA-0004230,agronomist_irrigate,atk-0079,Agronomist,WriteSensor,SensorData,South,DENY,ZONE_MISMATCH,True
2025-08-14T23:49:10Z,SA-0004231,agronomist_irrigate,atk-0257,Agronomist,WriteSensor,AuditLog,North,DENY,POLICY_VIOLATION,True
2025-08-15T01:34:19Z,SA-0004232,agronomist_irrigate,atk-0323,Agronomist,ReadAll,AuditLog,West,DENY,ROLE_INSUFFICIENT,True
2025-08-15T02:17:28Z,SA-0004233,agronomist_irrigate,atk-0171,Agronomist,WriteSensor,IrrigationControl,North,DENY,OP_NOT_PERMITTED,True
2025-08-15T02:25:07Z,SA-0004234,agronomist_irrigate,atk-0196,Agronomist,ReadAll,AuditLog,West,DENY,ROLE_INSUFFICIENT,True
2025-08-15T03:58:50Z,SA-0004235,agronomist_irrigate,atk-0167,Agronomist,ReadAudit,SensorData,South,DENY,OP_NOT_PERMITTED,True
2025-08-15T06:45:40Z,SA-0004236,agronomist_irrigate,atk-0246,Agronomist,WriteSensor,RoleAssignment,North,DENY,POLICY_VIOLATION,True
2025-08-15T10:59:07Z,SA-0004237,agronomist_irrigate,atk-0068,Agronomist,ControlZone,SensorData,West,DENY,IDS_BLOCKED,True
2025-08-15T11:36:44Z,SA-0004238,agronomist_irrigate,atk-0453,Agronomist,ManageRoles,AuditLog,North,DENY,ZONE_MISMATCH,True
2025-08-15T14:11:43Z,SA-0004239,agronomist_irrigate,atk-0498,Agronomist,ReadAll,SensorData,West,DENY,POLICY_VIOLATION,True
2025-08-15T17:18:31Z,SA-0004240,agronomist_irrigate,atk-0458,Agronomist,ManageRoles,IrrigationControl,East,DENY,CERT_REVOKED,True
2025-08-15T17:45:03Z,SA-0004241,agronomist_irrigate,atk-0038,Agronomist,ControlZone,SensorData,West,DENY,IDS_BLOCKED,True
2025-08-15T17:56:38Z,SA-0004242,agronomist_irrigate,atk-0335,Agronomist,ManageRoles,SensorData,West,DENY,IDS_BLOCKED,True
2025-08-15T21:18:54Z,SA-0004243,agronomist_irrigate,atk-0045,Agronomist,ReadAll,AuditLog,South,DENY,ZONE_MISMATCH,True
2025-08-15T21:31:04Z,SA-0004244,agronomist_irrigate,atk-0367,Agronomist,WriteSensor,IrrigationControl,West,DENY,OP_NOT_PERMITTED,True
2025-08-15T22:11:50Z,SA-0004245,agronomist_irrigate,atk-0397,Agronomist,ReadAudit,AuditLog,East,DENY,IDS_BLOCKED,True
2025-08-16T00:23:22Z,SA-0004246,agronomist_irrigate,atk-0067,Agronomist,ReadAll,SensorData,North,DENY,POLICY_VIOLATION,True
2025-08-16T00:33:21Z,SA-0004247,agronomist_irrigate,atk-0204,Agronomist,ManageRoles,IrrigationControl,West,DENY,CERT_REVOKED,True
2025-08-16T02:31:53Z,SA-0004248,agronomist_irrigate,atk-0319,Agronomist,ReadAudit,SensorData,South,DENY,OP_NOT_PERMITTED,True
2025-08-16T04:03:49Z,SA-0004249,agronomist_irrigate,atk-0462,Agronomist,ReadAll,SensorData,East,DENY,CERT_REVOKED,True
2025-08-16T04:26:34Z,SA-0004250,agronomist_irrigate,atk-0312,Agronomist,ControlZone,IrrigationControl,North,DENY,POLICY_VIOLATION,True
2025-08-16T04:54:01Z,SA-0004251,agronomist_irrigate,atk-0165,Agronomist,WriteSensor,AuditLog,North,DENY,ZONE_MISMATCH,True
2025-08-16T10:29:36Z,SA-0004252,agronomist_irrigate,atk-0443,Agronomist,ManageRoles,RoleAssignment,South,DENY,CERT_REVOKED,True
2025-08-16T11:56:20Z,SA-0004253,agronomist_irrigate,atk-0109,Agronomist,ControlZone,IrrigationControl,South,DENY,IDS_BLOCKED,True
2025-08-16T14:42:29Z,SA-0004254,agronomist_irrigate,atk-0461,Agronomist,ReadAudit,RoleAssignment,East,DENY,OP_NOT_PERMITTED,True
2025-08-16T15:32:29Z,SA-0004255,agronomist_irrigate,atk-0301,Agronomist,ReadAudit,AuditLog,North,DENY,CERT_REVOKED,True
2025-08-16T15:34:54Z,SA-0004256,agronomist_irrigate,atk-0326,Agronomist,ReadAll,RoleAssignment,West,DENY,ZONE_MISMATCH,True
2025-08-16T21:22:23Z,SA-0004257,agronomist_irrigate,atk-0121,Agronomist,ReadAudit,AuditLog,West,DENY,ZONE_MISMATCH,True
2025-08-17T01:30:36Z,SA-0004258,agronomist_irrigate,atk-0021,Agronomist,ManageRoles,AuditLog,West,DENY,ROLE_INSUFFICIENT,True
2025-08-17T02:12:18Z,SA-0004259,agronomist_irrigate,atk-0285,Agronomist,WriteSensor,SensorData,West,DENY,POLICY_VIOLATION,True
2025-08-17T04:34:26Z,SA-0004260,agronomist_irrigate,atk-0203,Agronomist,WriteSensor,IrrigationControl,South,DENY,CERT_REVOKED,True
2025-08-17T05:57:16Z,SA-0004261,agronomist_irrigate,atk-0059,Agronomist,ControlZone,AuditLog,West,DENY,ROLE_INSUFFICIENT,True
2025-08-17T07:35:05Z,SA-0004262,agronomist_irrigate,atk-0016,Agronomist,ReadAudit,SensorData,South,DENY,ZONE_MISMATCH,True
2025-08-17T09:16:39Z,SA-0004263,agronomist_irrigate,atk-0235,Agronomist,ManageRoles,SensorData,East,DENY,CERT_REVOKED,True
2025-08-17T11:10:04Z,SA-0004264,agronomist_irrigate,atk-0061,Agronomist,WriteSensor,IrrigationControl,West,DENY,ZONE_MISMATCH,True
2025-08-17T11:13:09Z,SA-0004265,agronomist_irrigate,atk-0136,Agronomist,ControlZone,AuditLog,North,DENY,IDS_BLOCKED,True
2025-08-17T15:42:37Z,SA-0004266,agronomist_irrigate,atk-0412,Agronomist,ReadAll,AuditLog,South,DENY,CERT_REVOKED,True
2025-08-17T16:03:52Z,SA-0004267,agronomist_irrigate,atk-0117,Agronomist,ReadAll,IrrigationControl,East,DENY,ZONE_MISMATCH,True
2025-08-17T18:47:27Z,SA-0004268,agronomist_irrigate,atk-0138,Agronomist,ManageRoles,SensorData,West,DENY,OP_NOT_PERMITTED,True
2025-08-17T18:56:52Z,SA-0004269,agronomist_irrigate,atk-0413,Agronomist,WriteSensor,IrrigationControl,West,DENY,ROLE_INSUFFICIENT,True
2025-08-17T19:09:50Z,SA-0004270,agronomist_irrigate,atk-0398,Agronomist,WriteSensor,RoleAssignment,North,DENY,CERT_REVOKED,True
2025-08-17T19:34:13Z,SA-0004271,agronomist_irrigate,atk-0238,Agronomist,ReadAll,SensorData,North,DENY,CERT_REVOKED,True
2025-08-17T19:47:14Z,SA-0004272,agronomist_irrigate,atk-0099,Agronomist,WriteSensor,AuditLog,West,DENY,CERT_REVOKED,True
2025-08-17T23:30:04Z,SA-0004273,agronomist_irrigate,atk-0360,Agronomist,ManageRoles,RoleAssignment,East,DENY,OP_NOT_PERMITTED,True
2025-08-17T23:56:57Z,SA-0004274,agronomist_irrigate,atk-0074,Agronomist,ReadAudit,RoleAssignment,East,DENY,IDS_BLOCKED,True
2025-08-18T03:25:38Z,SA-0004275,agronomist_irrigate,atk-0375,Agronomist,WriteSensor,IrrigationControl,North,DENY,CERT_REVOKED,True
2025-08-18T08:22:43Z,SA-0004276,agronomist_irrigate,atk-0200,Agronomist,ReadAll,AuditLog,West,DENY,OP_NOT_PERMITTED,True
2025-08-18T09:05:20Z,SA-0004277,agronomist_irrigate,atk-0478,Agronomist,ManageRoles,IrrigationControl,East,DENY,OP_NOT_PERMITTED,True
2025-08-18T10:12:12Z,SA-0004278,agronomist_irrigate,atk-0216,Agronomist,ReadAudit,RoleAssignment,West,DENY,OP_NOT_PERMITTED,True
2025-08-18T11:57:34Z,SA-0004279,agronomist_irrigate,atk-0415,Agronomist,ManageRoles,RoleAssignment,West,DENY,ZONE_MISMATCH,True
2025-08-18T13:49:54Z,SA-0004280,agronomist_irrigate,atk-0199,Agronomist,ControlZone,RoleAssignment,North,DENY,ZONE_MISMATCH,True
2025-08-18T13:58:10Z,SA-0004281,agronomist_irrigate,atk-0094,Agronomist,ReadAll,AuditLog,South,DENY,ROLE_INSUFFICIENT,True
2025-08-18T14:37:43Z,SA-0004282,agronomist_irrigate,atk-0106,Agronomist,ControlZone,AuditLog,West,DENY,POLICY_VIOLATION,True
2025-08-18T15:06:33Z,SA-0004283,agronomist_irrigate,atk-0051,Agronomist,ReadAll,IrrigationControl,East,DENY,ROLE_INSUFFICIENT,True
2025-08-18T15:19:52Z,SA-0004284,agronomist_irrigate,atk-0202,Agronomist,ReadAudit,SensorData,West,DENY,ZONE_MISMATCH,True
2025-08-18T16:18:11Z,SA-0004285,agronomist_irrigate,atk-0052,Agronomist,WriteSensor,IrrigationControl,West,DENY,ZONE_MISMATCH,True
2025-08-18T16:57:33Z,SA-0004286,agronomist_irrigate,atk-0233,Agronomist,ManageRoles,AuditLog,East,DENY,CERT_REVOKED,True
2025-08-18T17:07:46Z,SA-0004287,agronomist_irrigate,atk-0139,Agronomist,ManageRoles,SensorData,South,DENY,OP_NOT_PERMITTED,True
2025-08-18T17:11:28Z,SA-0004288,agronomist_irrigate,atk-0348,Agronomist,ControlZone,IrrigationControl,East,DENY,ZONE_MISMATCH,True
2025-08-18T18:02:34Z,SA-0004289,agronomist_irrigate,atk-0026,Agronomist,WriteSensor,IrrigationControl,West,DENY,POLICY_VIOLATION,True
2025-08-18T18:30:02Z,SA-0004290,agronomist_irrigate,atk-0391,Agronomist,ReadAudit,SensorData,East,DENY,IDS_BLOCKED,True
2025-08-18T19:27:30Z,SA-0004291,agronomist_irrigate,atk-0165,Agronomist,ManageRoles,IrrigationControl,East,DENY,POLICY_VIOLATION,True
2025-08-18T20:48:21Z,SA-0004292,agronomist_irrigate,atk-0388,Agronomist,ControlZone,IrrigationControl,North,DENY,ZONE_MISMATCH,True
2025-08-18T21:40:22Z,SA-0004293,agronomist_irrigate,atk-0156,Agronomist,ManageRoles,AuditLog,East,DENY,IDS_BLOCKED,True
2025-08-18T21:48:24Z,SA-0004294,agronomist_irrigate,atk-0477,Agronomist,WriteSensor,RoleAssignment,South,DENY,OP_NOT_PERMITTED,True
2025-08-18T23:08:03Z,SA-0004295,agronomist_irrigate,atk-0137,Agronomist,ManageRoles,RoleAssignment,West,DENY,CERT_REVOKED,True
2025-08-19T00:24:20Z,SA-0004296,agronomist_irrigate,atk-0260,Agronomist,ManageRoles,AuditLog,West,DENY,OP_NOT_PERMITTED,True
2025-08-19T02:21:51Z,SA-0004297,agronomist_irrigate,atk-0056,Agronomist,ReadAudit,SensorData,East,DENY,ROLE_INSUFFICIENT,True
2025-08-19T03:19:32Z,SA-0004298,agronomist_irrigate,atk-0298,Agronomist,ControlZone,RoleAssignment,North,DENY,CERT_REVOKED,True
2025-08-19T03:44:25Z,SA-0004299,agronomist_irrigate,atk-0331,Agronomist,ReadAudit,RoleAssignment,North,DENY,ROLE_INSUFFICIENT,True
2025-08-19T04:37:50Z,SA-0004300,agronomist_irrigate,atk-0091,Agronomist,ReadAll,AuditLog,North,DENY,OP_NOT_PERMITTED,True
2025-08-19T05:03:44Z,SA-0004301,agronomist_irrigate,atk-0197,Agronomist,ControlZone,AuditLog,North,DENY,OP_NOT_PERMITTED,True
2025-08-19T05:06:16Z,SA-0004302,agronomist_irrigate,atk-0186,Agronomist,WriteSensor,AuditLog,North,DENY,CERT_REVOKED,True
2025-08-19T08:36:34Z,SA-0004303,agronomist_irrigate,atk-0189,Agronomist,ReadAll,RoleAssignment,South,DENY,IDS_BLOCKED,True
2025-08-19T09:33:42Z,SA-0004304,agronomist_irrigate,atk-0198,Agronomist,WriteSensor,AuditLog,West,DENY,ROLE_INSUFFICIENT,True
2025-08-19T15:48:43Z,SA-0004305,agronomist_irrigate,atk-0417,Agronomist,WriteSensor,IrrigationControl,North,DENY,ZONE_MISMATCH,True
2025-08-19T16:09:38Z,SA-0004306,agronomist_irrigate,atk-0489,Agronomist,WriteSensor,AuditLog,East,DENY,IDS_BLOCKED,True
2025-08-19T16:16:31Z,SA-0004307,agronomist_irrigate,atk-0369,Agronomist,ManageRoles,SensorData,North,DENY,POLICY_VIOLATION,True
2025-08-19T17:30:11Z,SA-0004308,agronomist_irrigate,atk-0110,Agronomist,ReadAll,RoleAssignment,East,DENY,CERT_REVOKED,True
2025-08-19T18:39:55Z,SA-0004309,agronomist_irrigate,atk-0431,Agronomist,ManageRoles,RoleAssignment,East,DENY,POLICY_VIOLATION,True
2025-08-19T21:21:33Z,SA-0004310,agronomist_irrigate,atk-0486,Agronomist,ReadAll,AuditLog,South,DENY,CERT_REVOKED,True
2025-08-19T21:27:36Z,SA-0004311,agronomist_irrigate,atk-0038,Agronomist,ManageRoles,IrrigationControl,East,DENY,POLICY_VIOLATION,True
2025-08-19T22:40:06Z,SA-0004312,agronomist_irrigate,atk-0220,Agronomist,ReadAudit,SensorData,East,DENY,POLICY_VIOLATION,True
2025-08-19T23:28:32Z,SA-0004313,agronomist_irrigate,atk-0428,Agronomist,ReadAudit,IrrigationControl,South,DENY,ZONE_MISMATCH,True
2025-08-20T02:20:50Z,SA-0004314,agronomist_irrigate,atk-0445,Agronomist,ControlZone,IrrigationControl,South,DENY,OP_NOT_PERMITTED,True
2025-08-20T02:36:49Z,SA-0004315,agronomist_irrigate,atk-0004,Agronomist,WriteSensor,SensorData,East,DENY,OP_NOT_PERMITTED,True
2025-08-20T03:25:12Z,SA-0004316,agronomist_irrigate,atk-0295,Agronomist,WriteSensor,RoleAssignment,North,DENY,IDS_BLOCKED,True
2025-08-20T06:18:44Z,SA-0004317,agronomist_irrigate,atk-0069,Agronomist,ReadAll,AuditLog,North,DENY,ROLE_INSUFFICIENT,True
2025-08-20T07:05:03Z,SA-0004318,agronomist_irrigate,atk-0049,Agronomist,ReadAudit,IrrigationControl,North,DENY,POLICY_VIOLATION,True
2025-08-20T09:46:49Z,SA-0004319,agronomist_irrigate,atk-0458,Agronomist,ReadAudit,RoleAssignment,South,DENY,ROLE_INSUFFICIENT,True
2025-08-20T09:58:37Z,SA-0004320,agronomist_irrigate,atk-0290,Agronomist,ControlZone,RoleAssignment,East,DENY,ZONE_MISMATCH,True
2025-08-20T14:25:54Z,SA-0004321,agronomist_irrigate,atk-0440,Agronomist,ManageRoles,IrrigationControl,North,DENY,ROLE_INSUFFICIENT,True
2025-08-20T18:04:46Z,SA-0004322,agronomist_irrigate,atk-0257,Agronomist,ReadAll,RoleAssignment,West,DENY,IDS_BLOCKED,True
2025-08-20T18:44:39Z,SA-0004323,agronomist_irrigate,atk-0243,Agronomist,ControlZone,SensorData,North,DENY,ZONE_MISMATCH,True
2025-08-20T21:11:23Z,SA-0004324,agronomist_irrigate,atk-0059,Agronomist,WriteSensor,IrrigationControl,South,DENY,ROLE_INSUFFICIENT,True
2025-08-21T00:09:51Z,SA-0004325,agronomist_irrigate,atk-0259,Agronomist,WriteSensor,AuditLog,West,DENY,OP_NOT_PERMITTED,True
2025-08-21T01:18:19Z,SA-0004326,agronomist_irrigate,atk-0231,Agronomist,ManageRoles,IrrigationControl,East,DENY,POLICY_VIOLATION,True
2025-08-21T01:36:56Z,SA-0004327,agronomist_irrigate,atk-0007,Agronomist,WriteSensor,IrrigationControl,South,DENY,POLICY_VIOLATION,True
2025-08-21T03:41:03Z,SA-0004328,agronomist_irrigate,atk-0289,Agronomist,ManageRoles,RoleAssignment,South,DENY,ROLE_INSUFFICIENT,True
2025-08-21T04:13:57Z,SA-0004329,agronomist_irrigate,atk-0120,Agronomist,ManageRoles,AuditLog,South,DENY,CERT_REVOKED,True
2025-08-21T05:13:09Z,SA-0004330,agronomist_irrigate,atk-0199,Agronomist,ReadAll,IrrigationControl,West,DENY,ZONE_MISMATCH,True
2025-08-21T05:34:21Z,SA-0004331,agronomist_irrigate,atk-0208,Agronomist,ManageRoles,IrrigationControl,North,DENY,POLICY_VIOLATION,True
2025-08-21T06:42:47Z,SA-0004332,agronomist_irrigate,atk-0491,Agronomist,ReadAll,RoleAssignment,South,DENY,POLICY_VIOLATION,True
2025-08-21T06:43:34Z,SA-0004333,agronomist_irrigate,atk-0153,Agronomist,ReadAll,RoleAssignment,South,DENY,CERT_REVOKED,True
2025-08-21T09:29:47Z,SA-0004334,agronomist_irrigate,atk-0160,Agronomist,ReadAudit,SensorData,North,DENY,ROLE_INSUFFICIENT,True
2025-08-21T12:20:41Z,SA-0004335,agronomist_irrigate,atk-0122,Agronomist,ReadAll,RoleAssignment,South,DENY,ROLE_INSUFFICIENT,True
2025-08-21T12:48:28Z,SA-0004336,agronomist_irrigate,atk-0368,Agronomist,ControlZone,IrrigationControl,North,DENY,ROLE_INSUFFICIENT,True
2025-08-21T12:52:14Z,SA-0004337,agronomist_irrigate,atk-0005,Agronomist,ReadAudit,AuditLog,South,DENY,IDS_BLOCKED,True
2025-08-21T14:24:06Z,SA-0004338,agronomist_irrigate,atk-0429,Agronomist,ControlZone,SensorData,North,DENY,ZONE_MISMATCH,True
2025-08-21T17:25:11Z,SA-0004339,agronomist_irrigate,atk-0110,Agronomist,ManageRoles,AuditLog,West,DENY,CERT_REVOKED,True
2025-08-21T17:48:39Z,SA-0004340,agronomist_irrigate,atk-0289,Agronomist,ControlZone,SensorData,North,DENY,CERT_REVOKED,True
2025-08-21T19:37:46Z,SA-0004341,agronomist_irrigate,atk-0459,Agronomist,ControlZone,AuditLog,East,DENY,OP_NOT_PERMITTED,True
2025-08-21T19:52:01Z,SA-0004342,agronomist_irrigate,atk-0077,Agronomist,ManageRoles,RoleAssignment,North,DENY,ZONE_MISMATCH,True
2025-08-21T21:22:24Z,SA-0004343,agronomist_irrigate,atk-0033,Agronomist,ManageRoles,AuditLog,East,DENY,POLICY_VIOLATION,True
2025-08-22T00:43:04Z,SA-0004344,agronomist_irrigate,atk-0443,Agronomist,WriteSensor,IrrigationControl,West,DENY,OP_NOT_PERMITTED,True
2025-08-22T07:11:40Z,SA-0004345,agronomist_irrigate,atk-0165,Agronomist,ReadAll,IrrigationControl,South,DENY,IDS_BLOCKED,True
2025-08-22T09:00:39Z,SA-0004346,agronomist_irrigate,atk-0091,Agronomist,ReadAll,SensorData,East,DENY,CERT_REVOKED,True
2025-08-22T09:05:30Z,SA-0004347,agronomist_irrigate,atk-0418,Agronomist,ReadAudit,AuditLog,East,DENY,ZONE_MISMATCH,True
2025-08-22T12:32:23Z,SA-0004348,agronomist_irrigate,atk-0064,Agronomist,ReadAll,RoleAssignment,East,DENY,OP_NOT_PERMITTED,True
2025-08-22T13:57:39Z,SA-0004349,agronomist_irrigate,atk-0213,Agronomist,ReadAll,RoleAssignment,East,DENY,POLICY_VIOLATION,True
2025-08-22T15:12:35Z,SA-0004350,agronomist_irrigate,atk-0105,Agronomist,ReadAll,SensorData,North,DENY,ZONE_MISMATCH,True
2025-08-22T15:27:05Z,SA-0004351,agronomist_irrigate,atk-0477,Agronomist,ReadAll,SensorData,South,DENY,POLICY_VIOLATION,True
2025-08-22T19:07:34Z,SA-0004352,agronomist_irrigate,atk-0151,Agronomist,WriteSensor,AuditLog,West,DENY,OP_NOT_PERMITTED,True
2025-08-22T19:49:02Z,SA-0004353,agronomist_irrigate,atk-0294,Agronomist,ManageRoles,RoleAssignment,East,DENY,IDS_BLOCKED,True
2025-08-22T20:35:27Z,SA-0004354,agronomist_irrigate,atk-0420,Agronomist,WriteSensor,AuditLog,West,DENY,ZONE_MISMATCH,True
2025-08-22T21:00:03Z,SA-0004355,agronomist_irrigate,atk-0186,Agronomist,ManageRoles,IrrigationControl,West,DENY,ZONE_MISMATCH,True
2025-08-22T21:31:33Z,SA-0004356,agronomist_irrigate,atk-0455,Agronomist,ControlZone,AuditLog,South,DENY,POLICY_VIOLATION,True
2025-08-22T23:15:03Z,SA-0004357,agronomist_irrigate,atk-0257,Agronomist,WriteSensor,RoleAssignment,North,DENY,OP_NOT_PERMITTED,True
2025-08-23T00:00:02Z,SA-0004358,agronomist_irrigate,atk-0252,Agronomist,ReadAll,IrrigationControl,South,DENY,ROLE_INSUFFICIENT,True
2025-08-23T01:04:13Z,SA-0004359,agronomist_irrigate,atk-0296,Agronomist,WriteSensor,RoleAssignment,South,DENY,CERT_REVOKED,True
2025-08-23T03:46:24Z,SA-0004360,agronomist_irrigate,atk-0471,Agronomist,ManageRoles,SensorData,East,DENY,IDS_BLOCKED,True
2025-08-23T04:35:00Z,SA-0004361,agronomist_irrigate,atk-0145,Agronomist,WriteSensor,AuditLog,East,DENY,POLICY_VIOLATION,True
2025-08-23T09:28:23Z,SA-0004362,agronomist_irrigate,atk-0350,Agronomist,ManageRoles,SensorData,North,DENY,ZONE_MISMATCH,True
2025-08-23T09:30:14Z,SA-0004363,agronomist_irrigate,atk-0268,Agronomist,ReadAll,RoleAssignment,East,DENY,ZONE_MISMATCH,True
2025-08-23T11:35:50Z,SA-0004364,agronomist_irrigate,atk-0260,Agronomist,ManageRoles,IrrigationControl,South,DENY,POLICY_VIOLATION,True
2025-08-23T12:17:27Z,SA-0004365,agronomist_irrigate,atk-0068,Agronomist,WriteSensor,IrrigationControl,West,DENY,IDS_BLOCKED,True
2025-08-23T13:28:06Z,SA-0004366,agronomist_irrigate,atk-0209,Agronomist,ReadAudit,AuditLog,West,DENY,ZONE_MISMATCH,True
2025-08-23T13:30:27Z,SA-0004367,agronomist_irrigate,atk-0044,Agronomist,ReadAudit,SensorData,East,DENY,CERT_REVOKED,True
2025-08-23T14:09:16Z,SA-0004368,agronomist_irrigate,atk-0149,Agronomist,ManageRoles,IrrigationControl,North,DENY,ZONE_MISMATCH,True
2025-08-23T14:47:25Z,SA-0004369,agronomist_irrigate,atk-0157,Agronomist,ReadAudit,AuditLog,South,DENY,OP_NOT_PERMITTED,True
2025-08-23T15:37:03Z,SA-0004370,agronomist_irrigate,atk-0474,Agronomist,ReadAudit,RoleAssignment,North,DENY,CERT_REVOKED,True
2025-08-23T15:42:07Z,SA-0004371,agronomist_irrigate,atk-0149,Agronomist,ControlZone,RoleAssignment,West,DENY,IDS_BLOCKED,True
2025-08-23T17:00:54Z,SA-0004372,agronomist_irrigate,atk-0076,Agronomist,WriteSensor,RoleAssignment,North,DENY,ZONE_MISMATCH,True
2025-08-23T17:17:08Z,SA-0004373,agronomist_irrigate,atk-0265,Agronomist,WriteSensor,RoleAssignment,West,DENY,ROLE_INSUFFICIENT,True
2025-08-23T17:33:31Z,SA-0004374,agronomist_irrigate,atk-0335,Agronomist,WriteSensor,IrrigationControl,North,DENY,ZONE_MISMATCH,True
2025-08-23T17:34:20Z,SA-0004375,agronomist_irrigate,atk-0211,Agronomist,WriteSensor,AuditLog,South,DENY,CERT_REVOKED,True
2025-08-23T18:48:47Z,SA-0004376,agronomist_irrigate,atk-0131,Agronomist,ControlZone,IrrigationControl,North,DENY,OP_NOT_PERMITTED,True
2025-08-23T19:05:16Z,SA-0004377,agronomist_irrigate,atk-0139,Agronomist,ReadAll,IrrigationControl,North,DENY,IDS_BLOCKED,True
2025-08-23T19:34:50Z,SA-0004378,agronomist_irrigate,atk-0294,Agronomist,ControlZone,SensorData,East,DENY,POLICY_VIOLATION,True
2025-08-23T19:35:30Z,SA-0004379,agronomist_irrigate,atk-0287,Agronomist,ReadAudit,SensorData,East,DENY,OP_NOT_PERMITTED,True
2025-08-23T20:33:18Z,SA-0004380,agronomist_irrigate,atk-0495,Agronomist,ReadAll,SensorData,South,DENY,IDS_BLOCKED,True
2025-08-23T21:23:10Z,SA-0004381,agronomist_irrigate,atk-0006,Agronomist,ManageRoles,IrrigationControl,East,DENY,POLICY_VIOLATION,True
2025-08-23T21:25:07Z,SA-0004382,agronomist_irrigate,atk-0091,Agronomist,ReadAudit,SensorData,North,DENY,CERT_REVOKED,True
2025-08-23T22:16:02Z,SA-0004383,agronomist_irrigate,atk-0342,Agronomist,ManageRoles,RoleAssignment,North,DENY,POLICY_VIOLATION,True
2025-08-23T23:24:48Z,SA-0004384,agronomist_irrigate,atk-0211,Agronomist,ReadAll,IrrigationControl,South,DENY,CERT_REVOKED,True
2025-08-23T23:59:49Z,SA-0004385,agronomist_irrigate,atk-0087,Agronomist,ControlZone,AuditLog,South,DENY,IDS_BLOCKED,True
2025-08-24T00:47:18Z,SA-0004386,agronomist_irrigate,atk-0372,Agronomist,ControlZone,IrrigationControl,South,DENY,POLICY_VIOLATION,True
2025-08-24T02:20:19Z,SA-0004387,agronomist_irrigate,atk-0440,Agronomist,ManageRoles,AuditLog,South,DENY,POLICY_VIOLATION,True
2025-08-24T03:00:11Z,SA-0004388,agronomist_irrigate,atk-0431,Agronomist,ControlZone,IrrigationControl,South,DENY,ZONE_MISMATCH,True
2025-08-24T04:41:53Z,SA-0004389,agronomist_irrigate,atk-0470,Agronomist,ReadAll,RoleAssignment,East,DENY,IDS_BLOCKED,True
2025-08-24T04:43:15Z,SA-0004390,agronomist_irrigate,atk-0104,Agronomist,ReadAll,SensorData,West,DENY,IDS_BLOCKED,True
2025-08-24T05:10:25Z,SA-0004391,agronomist_irrigate,atk-0350,Agronomist,ManageRoles,AuditLog,North,DENY,CERT_REVOKED,True
2025-08-24T11:33:19Z,SA-0004392,agronomist_irrigate,atk-0341,Agronomist,ControlZone,SensorData,South,DENY,ROLE_INSUFFICIENT,True
2025-08-24T11:58:07Z,SA-0004393,agronomist_irrigate,atk-0068,Agronomist,WriteSensor,RoleAssignment,West,DENY,POLICY_VIOLATION,True
2025-08-24T12:35:08Z,SA-0004394,agronomist_irrigate,atk-0088,Agronomist,ReadAll,SensorData,West,DENY,CERT_REVOKED,True
2025-08-24T12:54:05Z,SA-0004395,agronomist_irrigate,atk-0282,Agronomist,ControlZone,IrrigationControl,South,DENY,CERT_REVOKED,True
2025-08-24T19:31:05Z,SA-0004396,agronomist_irrigate,atk-0210,Agronomist,ControlZone,RoleAssignment,West,DENY,ZONE_MISMATCH,True
2025-08-24T20:07:12Z,SA-0004397,agronomist_irrigate,atk-0475,Agronomist,ManageRoles,SensorData,North,DENY,ZONE_MISMATCH,True
2025-08-24T20:08:33Z,SA-0004398,agronomist_irrigate,atk-0324,Agronomist,ReadAll,RoleAssignment,East,DENY,ROLE_INSUFFICIENT,True
2025-08-24T21:13:01Z,SA-0004399,agronomist_irrigate,atk-0317,Agronomist,ControlZone,AuditLog,East,DENY,CERT_REVOKED,True
2025-08-24T23:58:26Z,SA-0004400,agronomist_irrigate,atk-0259,Agronomist,WriteSensor,SensorData,West,DENY,CERT_REVOKED,True
2025-08-25T01:08:25Z,SA-0004401,agronomist_irrigate,atk-0095,Agronomist,ReadAll,AuditLog,East,DENY,POLICY_VIOLATION,True
2025-08-25T03:27:09Z,SA-0004402,agronomist_irrigate,atk-0354,Agronomist,ManageRoles,AuditLog,East,DENY,ROLE_INSUFFICIENT,True
2025-08-25T05:45:23Z,SA-0004403,agronomist_irrigate,atk-0463,Agronomist,ControlZone,IrrigationControl,North,DENY,IDS_BLOCKED,True
2025-08-25T06:23:51Z,SA-0004404,agronomist_irrigate,atk-0110,Agronomist,ControlZone,AuditLog,South,DENY,IDS_BLOCKED,True
2025-08-25T07:27:41Z,SA-0004405,agronomist_irrigate,atk-0128,Agronomist,ControlZone,AuditLog,East,DENY,ZONE_MISMATCH,True
2025-08-25T08:20:02Z,SA-0004406,agronomist_irrigate,atk-0428,Agronomist,ReadAll,AuditLog,South,DENY,ROLE_INSUFFICIENT,True
2025-08-25T12:36:37Z,SA-0004407,agronomist_irrigate,atk-0099,Agronomist,ReadAll,AuditLog,East,DENY,OP_NOT_PERMITTED,True
2025-08-25T13:18:39Z,SA-0004408,agronomist_irrigate,atk-0380,Agronomist,ReadAudit,IrrigationControl,East,DENY,OP_NOT_PERMITTED,True
2025-08-25T13:42:22Z,SA-0004409,agronomist_irrigate,atk-0124,Agronomist,ManageRoles,AuditLog,East,DENY,OP_NOT_PERMITTED,True
2025-08-25T14:06:16Z,SA-0004410,agronomist_irrigate,atk-0159,Agronomist,ControlZone,RoleAssignment,West,DENY,CERT_REVOKED,True
2025-08-25T17:22:16Z,SA-0004411,agronomist_irrigate,atk-0466,Agronomist,ReadAudit,IrrigationControl,West,DENY,ROLE_INSUFFICIENT,True
2025-08-25T18:18:26Z,SA-0004412,agronomist_irrigate,atk-0380,Agronomist,ControlZone,SensorData,South,DENY,OP_NOT_PERMITTED,True
2025-08-25T19:04:20Z,SA-0004413,agronomist_irrigate,atk-0483,Agronomist,ReadAudit,AuditLog,North,DENY,IDS_BLOCKED,True
2025-08-25T21:36:37Z,SA-0004414,agronomist_irrigate,atk-0335,Agronomist,ReadAudit,SensorData,North,DENY,IDS_BLOCKED,True
2025-08-25T21:48:22Z,SA-0004415,agronomist_irrigate,atk-0178,Agronomist,ControlZone,RoleAssignment,West,DENY,ROLE_INSUFFICIENT,True
2025-08-25T22:42:44Z,SA-0004416,agronomist_irrigate,atk-0357,Agronomist,ManageRoles,AuditLog,East,DENY,POLICY_VIOLATION,True
2025-08-25T23:42:11Z,SA-0004417,agronomist_irrigate,atk-0123,Agronomist,ReadAll,RoleAssignment,South,DENY,ROLE_INSUFFICIENT,True
2025-08-26T01:35:13Z,SA-0004418,agronomist_irrigate,atk-0381,Agronomist,ReadAudit,RoleAssignment,North,DENY,OP_NOT_PERMITTED,True
2025-08-26T03:21:07Z,SA-0004419,agronomist_irrigate,atk-0346,Agronomist,ControlZone,RoleAssignment,North,DENY,CERT_REVOKED,True
2025-08-26T03:52:55Z,SA-0004420,agronomist_irrigate,atk-0466,Agronomist,ControlZone,SensorData,South,DENY,OP_NOT_PERMITTED,True
2025-08-26T04:19:40Z,SA-0004421,agronomist_irrigate,atk-0253,Agronomist,ReadAll,IrrigationControl,East,DENY,OP_NOT_PERMITTED,True
2025-08-26T04:35:10Z,SA-0004422,agronomist_irrigate,atk-0428,Agronomist,ManageRoles,IrrigationControl,East,DENY,ZONE_MISMATCH,True
2025-08-26T04:58:34Z,SA-0004423,agronomist_irrigate,atk-0336,Agronomist,ReadAll,AuditLog,West,DENY,CERT_REVOKED,True
2025-08-26T06:46:49Z,SA-0004424,agronomist_irrigate,atk-0013,Agronomist,WriteSensor,IrrigationControl,South,DENY,IDS_BLOCKED,True
2025-08-26T08:34:31Z,SA-0004425,agronomist_irrigate,atk-0184,Agronomist,ControlZone,RoleAssignment,East,DENY,IDS_BLOCKED,True
2025-08-26T09:52:35Z,SA-0004426,agronomist_irrigate,atk-0303,Agronomist,ControlZone,AuditLog,North,DENY,IDS_BLOCKED,True
2025-08-26T11:31:28Z,SA-0004427,agronomist_irrigate,atk-0407,Agronomist,WriteSensor,RoleAssignment,East,DENY,OP_NOT_PERMITTED,True
2025-08-26T11:53:46Z,SA-0004428,agronomist_irrigate,atk-0336,Agronomist,ReadAudit,RoleAssignment,East,DENY,POLICY_VIOLATION,True
2025-08-26T13:10:49Z,SA-0004429,agronomist_irrigate,atk-0120,Agronomist,ReadAudit,AuditLog,South,DENY,CERT_REVOKED,True
2025-08-26T13:57:01Z,SA-0004430,agronomist_irrigate,atk-0440,Agronomist,ReadAll,RoleAssignment,South,DENY,ZONE_MISMATCH,True
2025-08-26T16:23:01Z,SA-0004431,agronomist_irrigate,atk-0367,Agronomist,ManageRoles,IrrigationControl,North,DENY,OP_NOT_PERMITTED,True
2025-08-26T21:08:33Z,SA-0004432,agronomist_irrigate,atk-0071,Agronomist,ControlZone,AuditLog,East,DENY,ROLE_INSUFFICIENT,True
2025-08-26T23:01:33Z,SA-0004433,agronomist_irrigate,atk-0063,Agronomist,ManageRoles,AuditLog,East,DENY,OP_NOT_PERMITTED,True
2025-08-27T02:19:55Z,SA-0004434,agronomist_irrigate,atk-0494,Agronomist,ControlZone,RoleAssignment,East,DENY,ROLE_INSUFFICIENT,True
2025-08-27T03:31:40Z,SA-0004435,agronomist_irrigate,atk-0202,Agronomist,ReadAll,AuditLog,East,DENY,POLICY_VIOLATION,True
2025-08-27T04:01:57Z,SA-0004436,agronomist_irrigate,atk-0056,Agronomist,ReadAll,AuditLog,South,DENY,ROLE_INSUFFICIENT,True
2025-08-27T06:11:34Z,SA-0004437,agronomist_irrigate,atk-0074,Agronomist,ReadAll,RoleAssignment,South,DENY,POLICY_VIOLATION,True
2025-08-27T07:10:12Z,SA-0004438,agronomist_irrigate,atk-0412,Agronomist,ManageRoles,AuditLog,East,DENY,IDS_BLOCKED,True
2025-08-27T07:52:38Z,SA-0004439,agronomist_irrigate,atk-0075,Agronomist,ManageRoles,RoleAssignment,North,DENY,ZONE_MISMATCH,True
2025-08-27T08:33:14Z,SA-0004440,agronomist_irrigate,atk-0128,Agronomist,WriteSensor,AuditLog,South,DENY,POLICY_VIOLATION,True
2025-08-27T09:01:33Z,SA-0004441,agronomist_irrigate,atk-0356,Agronomist,ManageRoles,IrrigationControl,North,DENY,OP_NOT_PERMITTED,True
2025-08-27T15:26:18Z,SA-0004442,agronomist_irrigate,atk-0024,Agronomist,ReadAll,IrrigationControl,South,DENY,POLICY_VIOLATION,True
2025-08-27T17:26:09Z,SA-0004443,agronomist_irrigate,atk-0482,Agronomist,ManageRoles,SensorData,South,DENY,ZONE_MISMATCH,True
2025-08-27T17:30:37Z,SA-0004444,agronomist_irrigate,atk-0415,Agronomist,ReadAll,RoleAssignment,East,DENY,IDS_BLOCKED,True
2025-08-27T18:40:16Z,SA-0004445,agronomist_irrigate,atk-0295,Agronomist,ReadAll,RoleAssignment,West,DENY,ZONE_MISMATCH,True
2025-08-27T18:52:35Z,SA-0004446,agronomist_irrigate,atk-0306,Agronomist,ManageRoles,AuditLog,North,DENY,POLICY_VIOLATION,True
2025-08-27T19:14:57Z,SA-0004447,agronomist_irrigate,atk-0483,Agronomist,ReadAudit,IrrigationControl,North,DENY,ZONE_MISMATCH,True
2025-08-27T21:12:01Z,SA-0004448,agronomist_irrigate,atk-0022,Agronomist,ControlZone,AuditLog,East,DENY,ZONE_MISMATCH,True
2025-08-27T23:00:11Z,SA-0004449,agronomist_irrigate,atk-0312,Agronomist,ReadAll,IrrigationControl,West,DENY,OP_NOT_PERMITTED,True
2025-08-27T23:15:15Z,SA-0004450,agronomist_irrigate,atk-0402,Agronomist,WriteSensor,RoleAssignment,West,DENY,ZONE_MISMATCH,True
2025-08-28T03:39:50Z,SA-0004451,agronomist_irrigate,atk-0106,Agronomist,ReadAudit,RoleAssignment,West,DENY,POLICY_VIOLATION,True
2025-08-28T05:10:59Z,SA-0004452,agronomist_irrigate,atk-0242,Agronomist,WriteSensor,IrrigationControl,East,DENY,ZONE_MISMATCH,True
2025-08-28T07:07:17Z,SA-0004453,agronomist_irrigate,atk-0164,Agronomist,ManageRoles,IrrigationControl,West,DENY,OP_NOT_PERMITTED,True
2025-08-28T09:45:57Z,SA-0004454,agronomist_irrigate,atk-0195,Agronomist,WriteSensor,RoleAssignment,West,DENY,IDS_BLOCKED,True
2025-08-28T10:14:39Z,SA-0004455,agronomist_irrigate,atk-0229,Agronomist,ControlZone,SensorData,South,DENY,ZONE_MISMATCH,True
2025-08-28T16:09:06Z,SA-0004456,agronomist_irrigate,atk-0296,Agronomist,ReadAudit,RoleAssignment,North,DENY,CERT_REVOKED,True
2025-08-28T16:10:36Z,SA-0004457,agronomist_irrigate,atk-0186,Agronomist,ReadAudit,IrrigationControl,West,DENY,OP_NOT_PERMITTED,True
2025-08-28T16:53:56Z,SA-0004458,agronomist_irrigate,atk-0249,Agronomist,ControlZone,IrrigationControl,South,DENY,POLICY_VIOLATION,True
2025-08-28T17:15:11Z,SA-0004459,agronomist_irrigate,atk-0422,Agronomist,ReadAudit,SensorData,West,DENY,ZONE_MISMATCH,True
2025-08-28T19:26:09Z,SA-0004460,agronomist_irrigate,atk-0436,Agronomist,ReadAll,IrrigationControl,West,DENY,ZONE_MISMATCH,True
2025-08-28T20:28:01Z,SA-0004461,agronomist_irrigate,atk-0287,Agronomist,ReadAll,SensorData,West,DENY,ROLE_INSUFFICIENT,True
2025-08-28T23:09:56Z,SA-0004462,agronomist_irrigate,atk-0006,Agronomist,ControlZone,RoleAssignment,East,DENY,POLICY_VIOLATION,True
2025-08-28T23:19:02Z,SA-0004463,agronomist_irrigate,atk-0455,Agronomist,ReadAudit,AuditLog,North,DENY,CERT_REVOKED,True
2025-08-29T00:14:03Z,SA-0004464,agronomist_irrigate,atk-0149,Agronomist,ReadAudit,RoleAssignment,South,DENY,ZONE_MISMATCH,True
2025-08-29T00:44:00Z,SA-0004465,agronomist_irrigate,atk-0220,Agronomist,ControlZone,RoleAssignment,North,DENY,CERT_REVOKED,True
2025-08-29T01:26:40Z,SA-0004466,agronomist_irrigate,atk-0105,Agronomist,WriteSensor,RoleAssignment,East,DENY,CERT_REVOKED,True
2025-08-29T02:31:18Z,SA-0004467,agronomist_irrigate,atk-0209,Agronomist,ManageRoles,SensorData,East,DENY,IDS_BLOCKED,True
2025-08-29T02:47:41Z,SA-0004468,agronomist_irrigate,atk-0486,Agronomist,ControlZone,RoleAssignment,East,DENY,POLICY_VIOLATION,True
2025-08-29T03:40:05Z,SA-0004469,agronomist_irrigate,atk-0461,Agronomist,ManageRoles,AuditLog,West,DENY,POLICY_VIOLATION,True
2025-08-29T03:55:01Z,SA-0004470,agronomist_irrigate,atk-0265,Agronomist,ManageRoles,IrrigationControl,East,DENY,CERT_REVOKED,True
2025-08-29T06:24:23Z,SA-0004471,agronomist_irrigate,atk-0484,Agronomist,ReadAudit,RoleAssignment,North,DENY,IDS_BLOCKED,True
2025-08-29T07:19:11Z,SA-0004472,agronomist_irrigate,atk-0272,Agronomist,ControlZone,RoleAssignment,North,DENY,ROLE_INSUFFICIENT,True
2025-08-29T07:23:53Z,SA-0004473,agronomist_irrigate,atk-0078,Agronomist,ReadAll,RoleAssignment,East,DENY,OP_NOT_PERMITTED,True
2025-08-29T07:38:48Z,SA-0004474,agronomist_irrigate,atk-0409,Agronomist,ReadAll,RoleAssignment,West,DENY,POLICY_VIOLATION,True
2025-08-29T07:59:37Z,SA-0004475,agronomist_irrigate,atk-0479,Agronomist,ManageRoles,SensorData,West,DENY,ZONE_MISMATCH,True
2025-08-29T08:04:44Z,SA-0004476,agronomist_irrigate,atk-0355,Agronomist,WriteSensor,IrrigationControl,South,DENY,ZONE_MISMATCH,True
2025-08-29T11:49:42Z,SA-0004477,agronomist_irrigate,atk-0486,Agronomist,WriteSensor,SensorData,South,DENY,IDS_BLOCKED,True
2025-08-29T14:26:12Z,SA-0004478,agronomist_irrigate,atk-0281,Agronomist,ReadAudit,AuditLog,North,DENY,OP_NOT_PERMITTED,True
2025-08-29T14:50:56Z,SA-0004479,agronomist_irrigate,atk-0369,Agronomist,WriteSensor,IrrigationControl,North,DENY,ZONE_MISMATCH,True
2025-08-29T15:00:18Z,SA-0004480,agronomist_irrigate,atk-0478,Agronomist,WriteSensor,AuditLog,West,DENY,CERT_REVOKED,True
2025-08-29T18:22:58Z,SA-0004481,agronomist_irrigate,atk-0323,Agronomist,ReadAudit,RoleAssignment,South,DENY,ROLE_INSUFFICIENT,True
2025-08-29T19:29:22Z,SA-0004482,agronomist_irrigate,atk-0189,Agronomist,ControlZone,SensorData,North,DENY,CERT_REVOKED,True
2025-08-29T19:47:49Z,SA-0004483,agronomist_irrigate,atk-0321,Agronomist,ControlZone,AuditLog,West,DENY,IDS_BLOCKED,True
2025-08-29T20:53:13Z,SA-0004484,agronomist_irrigate,atk-0459,Agronomist,ReadAudit,SensorData,North,DENY,IDS_BLOCKED,True
2025-08-29T22:48:05Z,SA-0004485,agronomist_irrigate,atk-0478,Agronomist,ReadAll,IrrigationControl,West,DENY,ZONE_MISMATCH,True
2025-08-29T23:07:52Z,SA-0004486,agronomist_irrigate,atk-0109,Agronomist,ReadAll,RoleAssignment,West,DENY,IDS_BLOCKED,True
2025-08-29T23:41:46Z,SA-0004487,agronomist_irrigate,atk-0133,Agronomist,WriteSensor,IrrigationControl,West,DENY,ZONE_MISMATCH,True
2025-08-29T23:55:47Z,SA-0004488,agronomist_irrigate,atk-0463,Agronomist,ReadAll,RoleAssignment,North,DENY,POLICY_VIOLATION,True
2025-08-30T00:13:33Z,SA-0004489,agronomist_irrigate,atk-0369,Agronomist,ControlZone,AuditLog,East,DENY,ROLE_INSUFFICIENT,True
2025-08-30T00:19:55Z,SA-0004490,agronomist_irrigate,atk-0400,Agronomist,ReadAll,IrrigationControl,South,DENY,OP_NOT_PERMITTED,True
2025-08-30T00:39:19Z,SA-0004491,agronomist_irrigate,atk-0014,Agronomist,ControlZone,IrrigationControl,North,DENY,OP_NOT_PERMITTED,True
2025-08-30T01:03:15Z,SA-0004492,agronomist_irrigate,atk-0288,Agronomist,ReadAll,AuditLog,East,DENY,IDS_BLOCKED,True
2025-08-30T02:18:21Z,SA-0004493,agronomist_irrigate,atk-0029,Agronomist,WriteSensor,SensorData,North,DENY,ZONE_MISMATCH,True
2025-08-30T02:37:56Z,SA-0004494,agronomist_irrigate,atk-0413,Agronomist,ManageRoles,SensorData,West,DENY,OP_NOT_PERMITTED,True
2025-08-30T03:17:43Z,SA-0004495,agronomist_irrigate,atk-0496,Agronomist,ControlZone,AuditLog,South,DENY,ROLE_INSUFFICIENT,True
2025-08-30T04:02:12Z,SA-0004496,agronomist_irrigate,atk-0162,Agronomist,ControlZone,AuditLog,West,DENY,ROLE_INSUFFICIENT,True
2025-08-30T05:23:50Z,SA-0004497,agronomist_irrigate,atk-0275,Agronomist,ReadAudit,AuditLog,West,DENY,IDS_BLOCKED,True
2025-08-30T05:40:26Z,SA-0004498,agronomist_irrigate,atk-0227,Agronomist,ControlZone,AuditLog,South,DENY,IDS_BLOCKED,True
2025-08-30T06:29:46Z,SA-0004499,agronomist_irrigate,atk-0362,Agronomist,ControlZone,RoleAssignment,West,DENY,ZONE_MISMATCH,True
2025-08-30T08:36:01Z,SA-0004500,agronomist_irrigate,atk-0259,Agronomist,ControlZone,SensorData,East,DENY,ZONE_MISMATCH,True
2025-08-30T09:31:32Z,SA-0004501,agronomist_irrigate,atk-0433,Agronomist,WriteSensor,IrrigationControl,East,DENY,IDS_BLOCKED,True
2025-08-30T10:37:33Z,SA-0004502,agronomist_irrigate,atk-0147,Agronomist,ReadAudit,SensorData,West,DENY,OP_NOT_PERMITTED,True
2025-08-30T11:25:31Z,SA-0004503,agronomist_irrigate,atk-0386,Agronomist,WriteSensor,SensorData,East,DENY,POLICY_VIOLATION,True
2025-08-30T12:40:38Z,SA-0004504,agronomist_irrigate,atk-0196,Agronomist,WriteSensor,IrrigationControl,East,DENY,IDS_BLOCKED,True
2025-08-30T12:53:41Z,SA-0004505,agronomist_irrigate,atk-0216,Agronomist,WriteSensor,RoleAssignment,South,DENY,CERT_REVOKED,True
2025-08-30T14:33:40Z,SA-0004506,agronomist_irrigate,atk-0210,Agronomist,ReadAudit,IrrigationControl,South,DENY,ZONE_MISMATCH,True
2025-08-30T14:49:33Z,SA-0004507,agronomist_irrigate,atk-0016,Agronomist,ReadAll,IrrigationControl,South,DENY,IDS_BLOCKED,True
2025-08-30T15:05:04Z,SA-0004508,agronomist_irrigate,atk-0438,Agronomist,ManageRoles,RoleAssignment,East,DENY,POLICY_VIOLATION,True
2025-08-30T15:37:30Z,SA-0004509,agronomist_irrigate,atk-0230,Agronomist,ReadAll,RoleAssignment,East,DENY,ZONE_MISMATCH,True
2025-08-30T15:44:15Z,SA-0004510,agronomist_irrigate,atk-0416,Agronomist,WriteSensor,AuditLog,South,DENY,ZONE_MISMATCH,True
2025-08-30T16:08:04Z,SA-0004511,agronomist_irrigate,atk-0424,Agronomist,WriteSensor,IrrigationControl,East,DENY,POLICY_VIOLATION,True
2025-08-30T17:14:31Z,SA-0004512,agronomist_irrigate,atk-0488,Agronomist,ReadAll,IrrigationControl,East,DENY,POLICY_VIOLATION,True
2025-08-30T18:06:27Z,SA-0004513,agronomist_irrigate,atk-0342,Agronomist,ReadAll,SensorData,West,DENY,POLICY_VIOLATION,True
2025-08-30T19:36:57Z,SA-0004514,agronomist_irrigate,atk-0037,Agronomist,ReadAudit,RoleAssignment,West,DENY,POLICY_VIOLATION,True
2025-08-30T20:42:50Z,SA-0004515,agronomist_irrigate,atk-0096,Agronomist,WriteSensor,SensorData,East,DENY,OP_NOT_PERMITTED,True
2025-08-30T22:03:06Z,SA-0004516,agronomist_irrigate,atk-0040,Agronomist,ManageRoles,AuditLog,North,DENY,ZONE_MISMATCH,True
2025-08-31T00:46:00Z,SA-0004517,agronomist_irrigate,atk-0023,Agronomist,ManageRoles,IrrigationControl,West,DENY,OP_NOT_PERMITTED,True
2025-08-31T04:03:34Z,SA-0004518,agronomist_irrigate,atk-0104,Agronomist,ReadAudit,SensorData,South,DENY,POLICY_VIOLATION,True
2025-08-31T06:38:12Z,SA-0004519,agronomist_irrigate,atk-0450,Agronomist,ManageRoles,AuditLog,East,DENY,CERT_REVOKED,True
2025-08-31T08:12:15Z,SA-0004520,agronomist_irrigate,atk-0011,Agronomist,WriteSensor,SensorData,North,DENY,ROLE_INSUFFICIENT,True
2025-08-31T08:50:45Z,SA-0004521,agronomist_irrigate,atk-0088,Agronomist,ReadAll,AuditLog,East,DENY,ZONE_MISMATCH,True
2025-08-31T09:45:46Z,SA-0004522,agronomist_irrigate,atk-0054,Agronomist,ReadAll,SensorData,North,DENY,IDS_BLOCKED,True
2025-08-31T11:49:29Z,SA-0004523,agronomist_irrigate,atk-0080,Agronomist,WriteSensor,IrrigationControl,West,DENY,POLICY_VIOLATION,True
2025-08-31T12:05:43Z,SA-0004524,agronomist_irrigate,atk-0131,Agronomist,ControlZone,IrrigationControl,East,DENY,OP_NOT_PERMITTED,True
2025-08-31T13:19:36Z,SA-0004525,agronomist_irrigate,atk-0092,Agronomist,ControlZone,RoleAssignment,East,DENY,ROLE_INSUFFICIENT,True
2025-08-31T15:14:16Z,SA-0004526,agronomist_irrigate,atk-0441,Agronomist,ControlZone,IrrigationControl,East,DENY,IDS_BLOCKED,True
2025-08-31T15:36:05Z,SA-0004527,agronomist_irrigate,atk-0405,Agronomist,ManageRoles,RoleAssignment,West,DENY,POLICY_VIOLATION,True
2025-08-31T16:02:14Z,SA-0004528,agronomist_irrigate,atk-0153,Agronomist,ControlZone,RoleAssignment,South,DENY,ZONE_MISMATCH,True
2025-08-31T16:30:33Z,SA-0004529,agronomist_irrigate,atk-0420,Agronomist,ManageRoles,RoleAssignment,East,DENY,CERT_REVOKED,True
2025-08-31T19:11:33Z,SA-0004530,agronomist_irrigate,atk-0369,Agronomist,ManageRoles,IrrigationControl,West,DENY,ROLE_INSUFFICIENT,True
2025-08-31T21:56:09Z,SA-0004531,agronomist_irrigate,atk-0029,Agronomist,WriteSensor,IrrigationControl,South,DENY,CERT_REVOKED,True
2025-08-31T22:16:16Z,SA-0004532,agronomist_irrigate,atk-0227,Agronomist,ManageRoles,AuditLog,North,DENY,POLICY_VIOLATION,True
2025-08-31T22:17:36Z,SA-0004533,agronomist_irrigate,atk-0156,Agronomist,ReadAudit,RoleAssignment,West,DENY,ROLE_INSUFFICIENT,True
2025-09-01T00:31:45Z,SA-0004534,agronomist_irrigate,atk-0149,Agronomist,ReadAudit,RoleAssignment,South,DENY,ROLE_INSUFFICIENT,True
2025-09-01T05:33:51Z,SA-0004535,agronomist_irrigate,atk-0423,Agronomist,ReadAudit,RoleAssignment,North,DENY,IDS_BLOCKED,True
2025-09-01T06:35:11Z,SA-0004536,agronomist_irrigate,atk-0353,Agronomist,ControlZone,RoleAssignment,West,DENY,IDS_BLOCKED,True
2025-09-01T07:27:48Z,SA-0004537,agronomist_irrigate,atk-0482,Agronomist,ReadAudit,IrrigationControl,East,DENY,CERT_REVOKED,True
2025-09-01T09:05:51Z,SA-0004538,agronomist_irrigate,atk-0397,Agronomist,ReadAll,SensorData,North,DENY,POLICY_VIOLATION,True
2025-09-01T09:17:17Z,SA-0004539,agronomist_irrigate,atk-0446,Agronomist,ControlZone,SensorData,West,DENY,OP_NOT_PERMITTED,True
2025-09-01T12:53:22Z,SA-0004540,agronomist_irrigate,atk-0197,Agronomist,ControlZone,SensorData,East,DENY,ZONE_MISMATCH,True
2025-09-01T14:06:23Z,SA-0004541,agronomist_irrigate,atk-0271,Agronomist,ManageRoles,SensorData,North,DENY,POLICY_VIOLATION,True
2025-09-01T14:53:26Z,SA-0004542,agronomist_irrigate,atk-0101,Agronomist,WriteSensor,AuditLog,West,DENY,ROLE_INSUFFICIENT,True
2025-09-01T14:56:14Z,SA-0004543,agronomist_irrigate,atk-0296,Agronomist,ManageRoles,RoleAssignment,East,DENY,ZONE_MISMATCH,True
2025-09-01T15:29:05Z,SA-0004544,agronomist_irrigate,atk-0361,Agronomist,ControlZone,RoleAssignment,North,DENY,ZONE_MISMATCH,True
2025-09-01T15:37:49Z,SA-0004545,agronomist_irrigate,atk-0075,Agronomist,ManageRoles,RoleAssignment,South,DENY,IDS_BLOCKED,True
2025-09-01T16:07:42Z,SA-0004546,agronomist_irrigate,atk-0090,Agronomist,ManageRoles,SensorData,North,DENY,OP_NOT_PERMITTED,True
2025-09-01T17:42:20Z,SA-0004547,agronomist_irrigate,atk-0031,Agronomist,ReadAll,SensorData,West,DENY,IDS_BLOCKED,True
2025-09-01T18:06:20Z,SA-0004548,agronomist_irrigate,atk-0473,Agronomist,ReadAudit,SensorData,West,DENY,POLICY_VIOLATION,True
2025-09-01T21:02:57Z,SA-0004549,agronomist_irrigate,atk-0369,Agronomist,ControlZone,AuditLog,North,DENY,ZONE_MISMATCH,True
2025-09-02T10:54:36Z,SA-0004550,agronomist_irrigate,atk-0028,Agronomist,ManageRoles,SensorData,North,DENY,CERT_REVOKED,True
2025-09-02T13:27:53Z,SA-0004551,agronomist_irrigate,atk-0017,Agronomist,ControlZone,RoleAssignment,South,DENY,OP_NOT_PERMITTED,True
2025-09-02T15:29:33Z,SA-0004552,agronomist_irrigate,atk-0024,Agronomist,WriteSensor,RoleAssignment,East,DENY,CERT_REVOKED,True
2025-09-02T17:07:15Z,SA-0004553,agronomist_irrigate,atk-0491,Agronomist,ReadAudit,IrrigationControl,West,DENY,ROLE_INSUFFICIENT,True
2025-09-02T18:27:46Z,SA-0004554,agronomist_irrigate,atk-0434,Agronomist,WriteSensor,SensorData,West,DENY,ROLE_INSUFFICIENT,True
2025-09-02T19:26:08Z,SA-0004555,agronomist_irrigate,atk-0303,Agronomist,ManageRoles,AuditLog,North,DENY,IDS_BLOCKED,True
2025-09-02T20:52:44Z,SA-0004556,agronomist_irrigate,atk-0086,Agronomist,WriteSensor,IrrigationControl,South,DENY,POLICY_VIOLATION,True
2025-09-02T21:17:36Z,SA-0004557,agronomist_irrigate,atk-0274,Agronomist,ManageRoles,RoleAssignment,East,DENY,ZONE_MISMATCH,True
2025-09-02T21:31:14Z,SA-0004558,agronomist_irrigate,atk-0140,Agronomist,ReadAll,SensorData,North,DENY,CERT_REVOKED,True
2025-09-02T22:01:54Z,SA-0004559,agronomist_irrigate,atk-0491,Agronomist,ManageRoles,SensorData,West,DENY,ROLE_INSUFFICIENT,True
2025-09-02T22:13:05Z,SA-0004560,agronomist_irrigate,atk-0340,Agronomist,ReadAudit,RoleAssignment,West,DENY,ROLE_INSUFFICIENT,True
2025-09-03T01:36:57Z,SA-0004561,agronomist_irrigate,atk-0011,Agronomist,ManageRoles,RoleAssignment,East,DENY,IDS_BLOCKED,True
2025-09-03T05:44:54Z,SA-0004562,agronomist_irrigate,atk-0414,Agronomist,ManageRoles,SensorData,North,DENY,ROLE_INSUFFICIENT,True
2025-09-03T06:26:28Z,SA-0004563,agronomist_irrigate,atk-0302,Agronomist,ReadAudit,AuditLog,West,DENY,POLICY_VIOLATION,True
2025-09-03T07:56:35Z,SA-0004564,agronomist_irrigate,atk-0465,Agronomist,ManageRoles,AuditLog,West,DENY,OP_NOT_PERMITTED,True
2025-09-03T22:51:09Z,SA-0004565,agronomist_irrigate,atk-0095,Agronomist,ReadAudit,AuditLog,East,DENY,OP_NOT_PERMITTED,True
2025-09-03T23:48:40Z,SA-0004566,agronomist_irrigate,atk-0036,Agronomist,ReadAll,SensorData,West,DENY,ROLE_INSUFFICIENT,True
2025-09-04T01:55:41Z,SA-0004567,agronomist_irrigate,atk-0001,Agronomist,ControlZone,IrrigationControl,West,DENY,ROLE_INSUFFICIENT,True
2025-09-04T01:59:37Z,SA-0004568,agronomist_irrigate,atk-0203,Agronomist,ReadAudit,AuditLog,West,DENY,POLICY_VIOLATION,True
2025-09-04T02:57:22Z,SA-0004569,agronomist_irrigate,atk-0007,Agronomist,ReadAll,IrrigationControl,South,DENY,POLICY_VIOLATION,True
2025-09-04T04:02:21Z,SA-0004570,agronomist_irrigate,atk-0286,Agronomist,WriteSensor,RoleAssignment,East,DENY,OP_NOT_PERMITTED,True
2025-09-04T05:06:45Z,SA-0004571,agronomist_irrigate,atk-0186,Agronomist,ReadAudit,SensorData,South,DENY,IDS_BLOCKED,True
2025-09-04T07:14:59Z,SA-0004572,agronomist_irrigate,atk-0271,Agronomist,ControlZone,RoleAssignment,South,DENY,OP_NOT_PERMITTED,True
2025-09-04T07:28:11Z,SA-0004573,agronomist_irrigate,atk-0333,Agronomist,ManageRoles,RoleAssignment,North,DENY,CERT_REVOKED,True
2025-09-04T13:54:26Z,SA-0004574,agronomist_irrigate,atk-0282,Agronomist,WriteSensor,AuditLog,South,DENY,IDS_BLOCKED,True
2025-09-04T13:55:12Z,SA-0004575,agronomist_irrigate,atk-0247,Agronomist,WriteSensor,SensorData,West,DENY,IDS_BLOCKED,True
2025-09-04T16:00:32Z,SA-0004576,agronomist_irrigate,atk-0372,Agronomist,ControlZone,RoleAssignment,South,DENY,IDS_BLOCKED,True
2025-09-04T16:12:05Z,SA-0004577,agronomist_irrigate,atk-0097,Agronomist,ManageRoles,RoleAssignment,North,DENY,IDS_BLOCKED,True
2025-09-04T17:03:56Z,SA-0004578,agronomist_irrigate,atk-0171,Agronomist,ControlZone,AuditLog,East,DENY,ZONE_MISMATCH,True
2025-09-04T20:13:22Z,SA-0004579,agronomist_irrigate,atk-0164,Agronomist,ReadAudit,IrrigationControl,East,DENY,ZONE_MISMATCH,True
2025-09-04T20:48:25Z,SA-0004580,agronomist_irrigate,atk-0297,Agronomist,ControlZone,IrrigationControl,North,DENY,ROLE_INSUFFICIENT,True
2025-09-04T23:23:51Z,SA-0004581,agronomist_irrigate,atk-0357,Agronomist,ReadAll,AuditLog,West,DENY,ROLE_INSUFFICIENT,True
2025-09-05T00:56:19Z,SA-0004582,agronomist_irrigate,atk-0365,Agronomist,ManageRoles,RoleAssignment,West,DENY,ROLE_INSUFFICIENT,True
2025-09-05T01:20:11Z,SA-0004583,agronomist_irrigate,atk-0057,Agronomist,ManageRoles,SensorData,North,DENY,ROLE_INSUFFICIENT,True
2025-09-05T01:24:54Z,SA-0004584,agronomist_irrigate,atk-0197,Agronomist,WriteSensor,SensorData,South,DENY,CERT_REVOKED,True
2025-09-05T06:22:11Z,SA-0004585,agronomist_irrigate,atk-0075,Agronomist,WriteSensor,IrrigationControl,East,DENY,POLICY_VIOLATION,True
2025-09-05T08:36:54Z,SA-0004586,agronomist_irrigate,atk-0294,Agronomist,ManageRoles,RoleAssignment,South,DENY,ZONE_MISMATCH,True
2025-09-05T09:08:32Z,SA-0004587,agronomist_irrigate,atk-0489,Agronomist,ReadAll,SensorData,West,DENY,OP_NOT_PERMITTED,True
2025-09-05T09:51:44Z,SA-0004588,agronomist_irrigate,atk-0374,Agronomist,ReadAudit,AuditLog,West,DENY,ZONE_MISMATCH,True
2025-09-05T10:39:59Z,SA-0004589,agronomist_irrigate,atk-0256,Agronomist,ReadAll,RoleAssignment,South,DENY,POLICY_VIOLATION,True
2025-09-05T11:57:40Z,SA-0004590,agronomist_irrigate,atk-0385,Agronomist,ControlZone,IrrigationControl,North,DENY,IDS_BLOCKED,True
2025-09-05T12:11:48Z,SA-0004591,agronomist_irrigate,atk-0097,Agronomist,ReadAudit,AuditLog,South,DENY,ROLE_INSUFFICIENT,True
2025-09-05T14:24:57Z,SA-0004592,agronomist_irrigate,atk-0427,Agronomist,ReadAll,AuditLog,South,DENY,CERT_REVOKED,True
2025-09-05T15:53:37Z,SA-0004593,agronomist_irrigate,atk-0033,Agronomist,ReadAll,AuditLog,West,DENY,CERT_REVOKED,True
2025-09-05T17:51:31Z,SA-0004594,agronomist_irrigate,atk-0131,Agronomist,ReadAudit,IrrigationControl,East,DENY,IDS_BLOCKED,True
2025-09-05T18:05:11Z,SA-0004595,agronomist_irrigate,atk-0101,Agronomist,ManageRoles,IrrigationControl,North,DENY,ROLE_INSUFFICIENT,True
2025-09-05T18:28:48Z,SA-0004596,agronomist_irrigate,atk-0308,Agronomist,WriteSensor,IrrigationControl,South,DENY,ROLE_INSUFFICIENT,True
2025-09-05T20:07:43Z,SA-0004597,agronomist_irrigate,atk-0353,Agronomist,ReadAudit,SensorData,East,DENY,CERT_REVOKED,True
2025-09-05T22:45:42Z,SA-0004598,agronomist_irrigate,atk-0178,Agronomist,ReadAudit,AuditLog,North,DENY,CERT_REVOKED,True
2025-09-05T23:01:50Z,SA-0004599,agronomist_irrigate,atk-0236,Agronomist,ReadAll,RoleAssignment,West,DENY,POLICY_VIOLATION,True
2025-09-06T01:29:45Z,SA-0004600,agronomist_irrigate,atk-0313,Agronomist,ReadAll,RoleAssignment,West,DENY,POLICY_VIOLATION,True
2025-09-06T04:24:51Z,SA-0004601,agronomist_irrigate,atk-0057,Agronomist,ControlZone,SensorData,West,DENY,ROLE_INSUFFICIENT,True
2025-09-06T04:56:03Z,SA-0004602,agronomist_irrigate,atk-0388,Agronomist,WriteSensor,AuditLog,South,DENY,ZONE_MISMATCH,True
2025-09-06T08:29:58Z,SA-0004603,agronomist_irrigate,atk-0291,Agronomist,ReadAudit,AuditLog,East,DENY,OP_NOT_PERMITTED,True
2025-09-06T08:33:26Z,SA-0004604,agronomist_irrigate,atk-0090,Agronomist,ReadAll,AuditLog,East,DENY,OP_NOT_PERMITTED,True
2025-09-06T10:01:51Z,SA-0004605,agronomist_irrigate,atk-0108,Agronomist,WriteSensor,AuditLog,South,DENY,ZONE_MISMATCH,True
2025-09-06T12:36:07Z,SA-0004606,agronomist_irrigate,atk-0177,Agronomist,ReadAudit,RoleAssignment,West,DENY,CERT_REVOKED,True
2025-09-06T13:42:45Z,SA-0004607,agronomist_irrigate,atk-0463,Agronomist,ManageRoles,SensorData,North,DENY,ZONE_MISMATCH,True
2025-09-06T16:36:50Z,SA-0004608,agronomist_irrigate,atk-0094,Agronomist,ReadAll,SensorData,North,DENY,ROLE_INSUFFICIENT,True
2025-09-06T16:37:43Z,SA-0004609,agronomist_irrigate,atk-0101,Agronomist,ManageRoles,SensorData,North,DENY,ZONE_MISMATCH,True
2025-09-06T17:40:16Z,SA-0004610,agronomist_irrigate,atk-0163,Agronomist,WriteSensor,AuditLog,East,DENY,POLICY_VIOLATION,True
2025-09-06T20:47:46Z,SA-0004611,agronomist_irrigate,atk-0089,Agronomist,ControlZone,AuditLog,North,DENY,POLICY_VIOLATION,True
2025-09-06T21:07:52Z,SA-0004612,agronomist_irrigate,atk-0179,Agronomist,WriteSensor,RoleAssignment,South,DENY,IDS_BLOCKED,True
2025-09-06T21:29:57Z,SA-0004613,agronomist_irrigate,atk-0054,Agronomist,ReadAudit,AuditLog,North,DENY,IDS_BLOCKED,True
2025-09-06T23:00:49Z,SA-0004614,agronomist_irrigate,atk-0017,Agronomist,ReadAll,AuditLog,West,DENY,OP_NOT_PERMITTED,True
2025-09-06T23:20:31Z,SA-0004615,agronomist_irrigate,atk-0387,Agronomist,ReadAll,AuditLog,East,DENY,IDS_BLOCKED,True
2025-09-07T00:54:40Z,SA-0004616,agronomist_irrigate,atk-0214,Agronomist,ReadAudit,IrrigationControl,East,DENY,IDS_BLOCKED,True
2025-09-07T00:58:58Z,SA-0004617,agronomist_irrigate,atk-0220,Agronomist,ManageRoles,SensorData,South,DENY,ROLE_INSUFFICIENT,True
2025-09-07T01:04:16Z,SA-0004618,agronomist_irrigate,atk-0307,Agronomist,ControlZone,RoleAssignment,East,DENY,POLICY_VIOLATION,True
2025-09-07T01:58:25Z,SA-0004619,agronomist_irrigate,atk-0114,Agronomist,WriteSensor,SensorData,West,DENY,IDS_BLOCKED,True
2025-09-07T02:09:20Z,SA-0004620,agronomist_irrigate,atk-0363,Agronomist,ControlZone,IrrigationControl,South,DENY,POLICY_VIOLATION,True
2025-09-07T03:22:28Z,SA-0004621,agronomist_irrigate,atk-0496,Agronomist,ManageRoles,RoleAssignment,West,DENY,CERT_REVOKED,True
2025-09-07T09:41:53Z,SA-0004622,agronomist_irrigate,atk-0435,Agronomist,ManageRoles,AuditLog,East,DENY,ZONE_MISMATCH,True
2025-09-07T12:22:47Z,SA-0004623,agronomist_irrigate,atk-0357,Agronomist,WriteSensor,AuditLog,East,DENY,IDS_BLOCKED,True
2025-09-07T13:13:44Z,SA-0004624,agronomist_irrigate,atk-0190,Agronomist,ReadAll,RoleAssignment,North,DENY,ZONE_MISMATCH,True
2025-09-07T13:29:42Z,SA-0004625,agronomist_irrigate,atk-0267,Agronomist,ReadAll,SensorData,East,DENY,IDS_BLOCKED,True
2025-09-07T13:34:20Z,SA-0004626,agronomist_irrigate,atk-0295,Agronomist,WriteSensor,AuditLog,West,DENY,ZONE_MISMATCH,True
2025-09-07T15:03:00Z,SA-0004627,agronomist_irrigate,atk-0342,Agronomist,ManageRoles,SensorData,East,DENY,ZONE_MISMATCH,True
2025-09-07T17:59:38Z,SA-0004628,agronomist_irrigate,atk-0052,Agronomist,ReadAll,SensorData,North,DENY,OP_NOT_PERMITTED,True
2025-09-07T19:17:09Z,SA-0004629,agronomist_irrigate,atk-0326,Agronomist,WriteSensor,RoleAssignment,North,DENY,CERT_REVOKED,True
2025-09-07T20:04:02Z,SA-0004630,agronomist_irrigate,atk-0466,Agronomist,ReadAudit,RoleAssignment,East,DENY,ZONE_MISMATCH,True
2025-09-07T20:32:01Z,SA-0004631,agronomist_irrigate,atk-0095,Agronomist,WriteSensor,AuditLog,North,DENY,IDS_BLOCKED,True
2025-09-07T23:22:16Z,SA-0004632,agronomist_irrigate,atk-0204,Agronomist,ReadAudit,IrrigationControl,West,DENY,OP_NOT_PERMITTED,True
2025-09-08T02:12:17Z,SA-0004633,agronomist_irrigate,atk-0052,Agronomist,ReadAudit,SensorData,East,DENY,ZONE_MISMATCH,True
2025-09-08T02:23:35Z,SA-0004634,agronomist_irrigate,atk-0456,Agronomist,ManageRoles,IrrigationControl,North,DENY,ZONE_MISMATCH,True
2025-09-08T02:24:35Z,SA-0004635,agronomist_irrigate,atk-0340,Agronomist,ControlZone,SensorData,South,DENY,POLICY_VIOLATION,True
2025-09-08T02:45:38Z,SA-0004636,agronomist_irrigate,atk-0449,Agronomist,WriteSensor,AuditLog,North,DENY,ZONE_MISMATCH,True
2025-09-08T05:45:59Z,SA-0004637,agronomist_irrigate,atk-0199,Agronomist,ReadAudit,RoleAssignment,North,DENY,ROLE_INSUFFICIENT,True
2025-09-08T06:02:07Z,SA-0004638,agronomist_irrigate,atk-0425,Agronomist,ControlZone,RoleAssignment,West,DENY,OP_NOT_PERMITTED,True
2025-09-08T06:53:07Z,SA-0004639,agronomist_irrigate,atk-0282,Agronomist,ControlZone,SensorData,North,DENY,POLICY_VIOLATION,True
2025-09-08T07:14:57Z,SA-0004640,agronomist_irrigate,atk-0065,Agronomist,WriteSensor,SensorData,West,DENY,POLICY_VIOLATION,True
2025-09-08T09:46:53Z,SA-0004641,agronomist_irrigate,atk-0375,Agronomist,WriteSensor,RoleAssignment,West,DENY,POLICY_VIOLATION,True
2025-09-08T12:31:50Z,SA-0004642,agronomist_irrigate,atk-0253,Agronomist,ManageRoles,SensorData,North,DENY,ROLE_INSUFFICIENT,True
2025-09-08T12:34:06Z,SA-0004643,agronomist_irrigate,atk-0461,Agronomist,ControlZone,AuditLog,West,DENY,ROLE_INSUFFICIENT,True
2025-09-08T15:25:37Z,SA-0004644,agronomist_irrigate,atk-0192,Agronomist,ReadAll,AuditLog,South,DENY,CERT_REVOKED,True
2025-09-08T16:37:49Z,SA-0004645,agronomist_irrigate,atk-0383,Agronomist,WriteSensor,IrrigationControl,North,DENY,CERT_REVOKED,True
2025-09-08T18:16:18Z,SA-0004646,agronomist_irrigate,atk-0138,Agronomist,WriteSensor,IrrigationControl,West,DENY,ROLE_INSUFFICIENT,True
2025-09-08T19:24:43Z,SA-0004647,agronomist_irrigate,atk-0299,Agronomist,WriteSensor,RoleAssignment,West,DENY,OP_NOT_PERMITTED,True
2025-09-08T19:54:41Z,SA-0004648,agronomist_irrigate,atk-0035,Agronomist,WriteSensor,SensorData,North,DENY,ZONE_MISMATCH,True
2025-09-09T02:22:29Z,SA-0004649,agronomist_irrigate,atk-0257,Agronomist,ManageRoles,AuditLog,East,DENY,ZONE_MISMATCH,True
2025-09-09T02:33:43Z,SA-0004650,agronomist_irrigate,atk-0412,Agronomist,ControlZone,RoleAssignment,West,DENY,IDS_BLOCKED,True
2025-09-09T03:26:22Z,SA-0004651,agronomist_irrigate,atk-0489,Agronomist,ReadAll,AuditLog,South,DENY,POLICY_VIOLATION,True
2025-09-09T10:35:53Z,SA-0004652,agronomist_irrigate,atk-0351,Agronomist,ControlZone,SensorData,North,DENY,OP_NOT_PERMITTED,True
2025-09-09T12:57:22Z,SA-0004653,agronomist_irrigate,atk-0252,Agronomist,ManageRoles,AuditLog,South,DENY,ZONE_MISMATCH,True
2025-09-09T14:28:03Z,SA-0004654,agronomist_irrigate,atk-0230,Agronomist,ReadAll,SensorData,South,DENY,IDS_BLOCKED,True
2025-09-09T14:40:32Z,SA-0004655,agronomist_irrigate,atk-0298,Agronomist,ManageRoles,SensorData,West,DENY,IDS_BLOCKED,True
2025-09-09T16:09:34Z,SA-0004656,agronomist_irrigate,atk-0437,Agronomist,ReadAll,IrrigationControl,East,DENY,ROLE_INSUFFICIENT,True
2025-09-09T16:16:00Z,SA-0004657,agronomist_irrigate,atk-0360,Agronomist,ControlZone,AuditLog,South,DENY,IDS_BLOCKED,True
2025-09-09T16:18:48Z,SA-0004658,agronomist_irrigate,atk-0128,Agronomist,ReadAudit,AuditLog,South,DENY,ROLE_INSUFFICIENT,True
2025-09-09T16:24:17Z,SA-0004659,agronomist_irrigate,atk-0173,Agronomist,ReadAll,SensorData,North,DENY,ROLE_INSUFFICIENT,True
2025-09-09T16:38:35Z,SA-0004660,agronomist_irrigate,atk-0360,Agronomist,WriteSensor,AuditLog,North,DENY,ZONE_MISMATCH,True
2025-09-09T17:04:48Z,SA-0004661,agronomist_irrigate,atk-0440,Agronomist,ReadAudit,IrrigationControl,South,DENY,IDS_BLOCKED,True
2025-09-09T20:20:30Z,SA-0004662,agronomist_irrigate,atk-0374,Agronomist,ReadAll,IrrigationControl,West,DENY,POLICY_VIOLATION,True
2025-09-09T20:58:08Z,SA-0004663,agronomist_irrigate,atk-0318,Agronomist,ReadAudit,SensorData,South,DENY,OP_NOT_PERMITTED,True
2025-09-09T21:30:52Z,SA-0004664,agronomist_irrigate,atk-0459,Agronomist,ControlZone,RoleAssignment,North,DENY,ZONE_MISMATCH,True
2025-09-09T22:35:19Z,SA-0004665,agronomist_irrigate,atk-0057,Agronomist,WriteSensor,RoleAssignment,East,DENY,POLICY_VIOLATION,True
2025-09-09T23:48:06Z,SA-0004666,agronomist_irrigate,atk-0274,Agronomist,ControlZone,IrrigationControl,West,DENY,CERT_REVOKED,True
2025-09-10T03:20:57Z,SA-0004667,agronomist_irrigate,atk-0210,Agronomist,ControlZone,IrrigationControl,East,DENY,ROLE_INSUFFICIENT,True
2025-09-10T03:30:01Z,SA-0004668,agronomist_irrigate,atk-0021,Agronomist,ReadAll,IrrigationControl,South,DENY,OP_NOT_PERMITTED,True
2025-09-10T04:35:13Z,SA-0004669,agronomist_irrigate,atk-0233,Agronomist,WriteSensor,IrrigationControl,North,DENY,POLICY_VIOLATION,True
2025-09-10T04:35:17Z,SA-0004670,agronomist_irrigate,atk-0001,Agronomist,WriteSensor,RoleAssignment,East,DENY,OP_NOT_PERMITTED,True
2025-09-10T05:26:28Z,SA-0004671,agronomist_irrigate,atk-0373,Agronomist,ControlZone,AuditLog,South,DENY,OP_NOT_PERMITTED,True
2025-09-10T06:16:28Z,SA-0004672,agronomist_irrigate,atk-0198,Agronomist,ReadAll,IrrigationControl,North,DENY,OP_NOT_PERMITTED,True
2025-09-10T06:22:14Z,SA-0004673,agronomist_irrigate,atk-0360,Agronomist,ReadAll,IrrigationControl,South,DENY,POLICY_VIOLATION,True
2025-09-10T07:29:54Z,SA-0004674,agronomist_irrigate,atk-0276,Agronomist,ReadAudit,IrrigationControl,North,DENY,OP_NOT_PERMITTED,True
2025-09-10T12:22:33Z,SA-0004675,agronomist_irrigate,atk-0263,Agronomist,ReadAll,IrrigationControl,West,DENY,ZONE_MISMATCH,True
2025-09-10T13:41:59Z,SA-0004676,agronomist_irrigate,atk-0301,Agronomist,ReadAudit,AuditLog,North,DENY,OP_NOT_PERMITTED,True
2025-09-10T15:23:10Z,SA-0004677,agronomist_irrigate,atk-0196,Agronomist,ControlZone,IrrigationControl,North,DENY,POLICY_VIOLATION,True
2025-09-10T16:20:23Z,SA-0004678,agronomist_irrigate,atk-0384,Agronomist,WriteSensor,RoleAssignment,South,DENY,OP_NOT_PERMITTED,True
2025-09-10T16:47:07Z,SA-0004679,agronomist_irrigate,atk-0295,Agronomist,ReadAudit,SensorData,East,DENY,ZONE_MISMATCH,True
2025-09-10T17:50:07Z,SA-0004680,agronomist_irrigate,atk-0444,Agronomist,ReadAll,AuditLog,West,DENY,OP_NOT_PERMITTED,True
2025-09-10T18:40:24Z,SA-0004681,agronomist_irrigate,atk-0250,Agronomist,ManageRoles,SensorData,East,DENY,POLICY_VIOLATION,True
2025-09-10T20:13:38Z,SA-0004682,agronomist_irrigate,atk-0074,Agronomist,ReadAll,RoleAssignment,South,DENY,POLICY_VIOLATION,True
2025-09-10T20:23:22Z,SA-0004683,agronomist_irrigate,atk-0263,Agronomist,ControlZone,SensorData,North,DENY,ROLE_INSUFFICIENT,True
2025-09-10T23:43:18Z,SA-0004684,agronomist_irrigate,atk-0257,Agronomist,ControlZone,IrrigationControl,West,DENY,ZONE_MISMATCH,True
2025-09-10T23:48:29Z,SA-0004685,agronomist_irrigate,atk-0458,Agronomist,ReadAudit,SensorData,East,DENY,IDS_BLOCKED,True
2025-09-10T23:53:30Z,SA-0004686,agronomist_irrigate,atk-0124,Agronomist,ControlZone,SensorData,North,DENY,OP_NOT_PERMITTED,True
2025-09-11T00:13:18Z,SA-0004687,agronomist_irrigate,atk-0398,Agronomist,ManageRoles,IrrigationControl,West,DENY,ROLE_INSUFFICIENT,True
2025-09-11T00:50:01Z,SA-0004688,agronomist_irrigate,atk-0057,Agronomist,ReadAudit,AuditLog,South,DENY,POLICY_VIOLATION,True
2025-09-11T02:41:44Z,SA-0004689,agronomist_irrigate,atk-0209,Agronomist,ControlZone,RoleAssignment,South,DENY,OP_NOT_PERMITTED,True
2025-09-11T05:07:04Z,SA-0004690,agronomist_irrigate,atk-0230,Agronomist,ManageRoles,SensorData,South,DENY,CERT_REVOKED,True
2025-09-11T10:03:12Z,SA-0004691,agronomist_irrigate,atk-0218,Agronomist,ReadAll,SensorData,West,DENY,CERT_REVOKED,True
2025-09-11T10:30:27Z,SA-0004692,agronomist_irrigate,atk-0334,Agronomist,ControlZone,IrrigationControl,East,DENY,OP_NOT_PERMITTED,True
2025-09-11T10:44:34Z,SA-0004693,agronomist_irrigate,atk-0393,Agronomist,WriteSensor,IrrigationControl,North,DENY,ROLE_INSUFFICIENT,True
2025-09-11T11:23:19Z,SA-0004694,agronomist_irrigate,atk-0027,Agronomist,WriteSensor,SensorData,East,DENY,OP_NOT_PERMITTED,True
2025-09-11T11:34:10Z,SA-0004695,agronomist_irrigate,atk-0489,Agronomist,ReadAll,IrrigationControl,West,DENY,IDS_BLOCKED,True
2025-09-11T14:15:18Z,SA-0004696,agronomist_irrigate,atk-0291,Agronomist,WriteSensor,IrrigationControl,East,DENY,IDS_BLOCKED,True
2025-09-11T14:40:09Z,SA-0004697,agronomist_irrigate,atk-0077,Agronomist,ControlZone,RoleAssignment,North,DENY,CERT_REVOKED,True
2025-09-11T23:32:05Z,SA-0004698,agronomist_irrigate,atk-0210,Agronomist,ReadAll,AuditLog,South,DENY,IDS_BLOCKED,True
2025-09-12T04:42:29Z,SA-0004699,agronomist_irrigate,atk-0423,Agronomist,ReadAudit,IrrigationControl,North,DENY,POLICY_VIOLATION,True
2025-09-12T07:07:16Z,SA-0004700,agronomist_irrigate,atk-0080,Agronomist,ReadAll,AuditLog,North,DENY,POLICY_VIOLATION,True
2025-09-12T07:19:45Z,SA-0004701,agronomist_irrigate,atk-0139,Agronomist,ReadAll,IrrigationControl,South,DENY,CERT_REVOKED,True
2025-09-12T08:04:54Z,SA-0004702,agronomist_irrigate,atk-0123,Agronomist,ReadAudit,SensorData,West,DENY,ZONE_MISMATCH,True
2025-09-12T08:09:50Z,SA-0004703,agronomist_irrigate,atk-0329,Agronomist,ManageRoles,SensorData,East,DENY,ZONE_MISMATCH,True
2025-09-12T11:00:03Z,SA-0004704,agronomist_irrigate,atk-0416,Agronomist,WriteSensor,RoleAssignment,South,DENY,CERT_REVOKED,True
2025-09-12T11:23:24Z,SA-0004705,agronomist_irrigate,atk-0157,Agronomist,WriteSensor,IrrigationControl,East,DENY,POLICY_VIOLATION,True
2025-09-12T16:52:58Z,SA-0004706,agronomist_irrigate,atk-0241,Agronomist,ManageRoles,AuditLog,North,DENY,POLICY_VIOLATION,True
2025-09-12T22:43:39Z,SA-0004707,agronomist_irrigate,atk-0176,Agronomist,ReadAudit,SensorData,South,DENY,POLICY_VIOLATION,True
2025-09-12T23:27:29Z,SA-0004708,agronomist_irrigate,atk-0034,Agronomist,ReadAudit,AuditLog,West,DENY,ROLE_INSUFFICIENT,True
2025-09-13T01:02:01Z,SA-0004709,agronomist_irrigate,atk-0096,Agronomist,ReadAll,SensorData,South,DENY,ZONE_MISMATCH,True
2025-09-13T04:00:48Z,SA-0004710,agronomist_irrigate,atk-0107,Agronomist,ReadAll,AuditLog,East,DENY,CERT_REVOKED,True
2025-09-13T04:11:46Z,SA-0004711,agronomist_irrigate,atk-0149,Agronomist,ReadAll,AuditLog,East,DENY,IDS_BLOCKED,True
2025-09-13T04:13:33Z,SA-0004712,agronomist_irrigate,atk-0337,Agronomist,ReadAudit,RoleAssignment,East,DENY,OP_NOT_PERMITTED,True
2025-09-13T04:35:37Z,SA-0004713,agronomist_irrigate,atk-0180,Agronomist,WriteSensor,RoleAssignment,West,DENY,POLICY_VIOLATION,True
2025-09-13T05:47:31Z,SA-0004714,agronomist_irrigate,atk-0185,Agronomist,ControlZone,IrrigationControl,West,DENY,ROLE_INSUFFICIENT,True
2025-09-13T06:32:38Z,SA-0004715,agronomist_irrigate,atk-0407,Agronomist,ReadAudit,RoleAssignment,West,DENY,IDS_BLOCKED,True
2025-09-13T06:38:39Z,SA-0004716,agronomist_irrigate,atk-0213,Agronomist,ControlZone,SensorData,East,DENY,CERT_REVOKED,True
2025-09-13T06:38:58Z,SA-0004717,agronomist_irrigate,atk-0157,Agronomist,WriteSensor,SensorData,North,DENY,OP_NOT_PERMITTED,True
2025-09-13T08:06:33Z,SA-0004718,agronomist_irrigate,atk-0034,Agronomist,ReadAll,SensorData,West,DENY,OP_NOT_PERMITTED,True
2025-09-13T11:36:33Z,SA-0004719,agronomist_irrigate,atk-0013,Agronomist,ReadAudit,SensorData,North,DENY,POLICY_VIOLATION,True
2025-09-13T11:51:41Z,SA-0004720,agronomist_irrigate,atk-0180,Agronomist,ControlZone,AuditLog,North,DENY,CERT_REVOKED,True
2025-09-13T15:36:07Z,SA-0004721,agronomist_irrigate,atk-0234,Agronomist,ReadAll,AuditLog,West,DENY,OP_NOT_PERMITTED,True
2025-09-13T17:12:26Z,SA-0004722,agronomist_irrigate,atk-0257,Agronomist,ReadAudit,AuditLog,South,DENY,ZONE_MISMATCH,True
2025-09-13T21:07:40Z,SA-0004723,agronomist_irrigate,atk-0148,Agronomist,ControlZone,SensorData,West,DENY,ZONE_MISMATCH,True
2025-09-13T23:42:37Z,SA-0004724,agronomist_irrigate,atk-0311,Agronomist,WriteSensor,AuditLog,West,DENY,POLICY_VIOLATION,True
2025-09-14T00:32:14Z,SA-0004725,agronomist_irrigate,atk-0240,Agronomist,WriteSensor,AuditLog,East,DENY,ZONE_MISMATCH,True
2025-09-14T02:16:29Z,SA-0004726,agronomist_irrigate,atk-0023,Agronomist,ReadAll,AuditLog,East,DENY,IDS_BLOCKED,True
2025-09-14T03:05:49Z,SA-0004727,agronomist_irrigate,atk-0481,Agronomist,ManageRoles,RoleAssignment,North,DENY,POLICY_VIOLATION,True
2025-09-14T07:24:08Z,SA-0004728,agronomist_irrigate,atk-0118,Agronomist,ReadAll,SensorData,East,DENY,OP_NOT_PERMITTED,True
2025-09-14T07:36:14Z,SA-0004729,agronomist_irrigate,atk-0023,Agronomist,WriteSensor,AuditLog,South,DENY,ZONE_MISMATCH,True
2025-09-14T09:08:29Z,SA-0004730,agronomist_irrigate,atk-0266,Agronomist,ControlZone,IrrigationControl,East,DENY,ZONE_MISMATCH,True
2025-09-14T09:42:55Z,SA-0004731,agronomist_irrigate,atk-0385,Agronomist,ReadAudit,SensorData,South,DENY,CERT_REVOKED,True
2025-09-14T10:26:04Z,SA-0004732,agronomist_irrigate,atk-0308,Agronomist,ReadAll,AuditLog,South,DENY,CERT_REVOKED,True
2025-09-14T11:30:23Z,SA-0004733,agronomist_irrigate,atk-0009,Agronomist,ManageRoles,RoleAssignment,West,DENY,POLICY_VIOLATION,True
2025-09-14T12:57:51Z,SA-0004734,agronomist_irrigate,atk-0455,Agronomist,WriteSensor,SensorData,South,DENY,ROLE_INSUFFICIENT,True
2025-09-14T15:03:19Z,SA-0004735,agronomist_irrigate,atk-0337,Agronomist,ReadAll,AuditLog,West,DENY,POLICY_VIOLATION,True
2025-09-14T15:24:35Z,SA-0004736,agronomist_irrigate,atk-0379,Agronomist,ControlZone,AuditLog,South,DENY,CERT_REVOKED,True
2025-09-14T17:15:59Z,SA-0004737,agronomist_irrigate,atk-0183,Agronomist,ControlZone,IrrigationControl,West,DENY,IDS_BLOCKED,True
2025-09-14T18:30:34Z,SA-0004738,agronomist_irrigate,atk-0052,Agronomist,ControlZone,RoleAssignment,East,DENY,ROLE_INSUFFICIENT,True
2025-09-14T18:38:10Z,SA-0004739,agronomist_irrigate,atk-0344,Agronomist,ManageRoles,AuditLog,East,DENY,POLICY_VIOLATION,True
2025-09-14T18:55:46Z,SA-0004740,agronomist_irrigate,atk-0158,Agronomist,ControlZone,RoleAssignment,East,DENY,IDS_BLOCKED,True
2025-09-14T19:29:22Z,SA-0004741,agronomist_irrigate,atk-0304,Agronomist,ControlZone,IrrigationControl,West,DENY,ROLE_INSUFFICIENT,True
2025-09-14T21:34:48Z,SA-0004742,agronomist_irrigate,atk-0290,Agronomist,ReadAudit,SensorData,South,DENY,IDS_BLOCKED,True
2025-09-15T00:30:06Z,SA-0004743,agronomist_irrigate,atk-0371,Agronomist,ReadAll,SensorData,South,DENY,POLICY_VIOLATION,True
2025-09-15T02:16:06Z,SA-0004744,agronomist_irrigate,atk-0057,Agronomist,WriteSensor,RoleAssignment,North,DENY,ROLE_INSUFFICIENT,True
2025-09-15T03:07:23Z,SA-0004745,agronomist_irrigate,atk-0462,Agronomist,ManageRoles,RoleAssignment,East,DENY,OP_NOT_PERMITTED,True
2025-09-15T03:29:51Z,SA-0004746,agronomist_irrigate,atk-0120,Agronomist,ReadAll,RoleAssignment,West,DENY,OP_NOT_PERMITTED,True
2025-09-15T03:57:59Z,SA-0004747,agronomist_irrigate,atk-0180,Agronomist,ReadAudit,SensorData,West,DENY,CERT_REVOKED,True
2025-09-15T04:37:05Z,SA-0004748,agronomist_irrigate,atk-0479,Agronomist,ReadAll,RoleAssignment,West,DENY,POLICY_VIOLATION,True
2025-09-15T06:20:56Z,SA-0004749,agronomist_irrigate,atk-0434,Agronomist,ControlZone,SensorData,South,DENY,OP_NOT_PERMITTED,True
2025-09-15T07:27:04Z,SA-0004750,agronomist_irrigate,atk-0293,Agronomist,ReadAll,SensorData,North,DENY,ROLE_INSUFFICIENT,True
2025-09-15T07:57:28Z,SA-0004751,agronomist_irrigate,atk-0390,Agronomist,ReadAll,SensorData,North,DENY,IDS_BLOCKED,True
2025-09-15T08:33:21Z,SA-0004752,agronomist_irrigate,atk-0244,Agronomist,ManageRoles,RoleAssignment,South,DENY,OP_NOT_PERMITTED,True
2025-09-15T12:43:53Z,SA-0004753,agronomist_irrigate,atk-0004,Agronomist,WriteSensor,IrrigationControl,East,DENY,POLICY_VIOLATION,True
2025-09-15T16:33:07Z,SA-0004754,agronomist_irrigate,atk-0120,Agronomist,ManageRoles,SensorData,North,DENY,ZONE_MISMATCH,True
2025-09-15T17:09:47Z,SA-0004755,agronomist_irrigate,atk-0393,Agronomist,WriteSensor,AuditLog,South,DENY,POLICY_VIOLATION,True
2025-09-15T18:23:25Z,SA-0004756,agronomist_irrigate,atk-0410,Agronomist,ControlZone,AuditLog,South,DENY,ZONE_MISMATCH,True
2025-09-15T20:44:37Z,SA-0004757,agronomist_irrigate,atk-0293,Agronomist,ReadAll,SensorData,South,DENY,ROLE_INSUFFICIENT,True
2025-09-15T21:16:17Z,SA-0004758,agronomist_irrigate,atk-0168,Agronomist,ManageRoles,SensorData,West,DENY,OP_NOT_PERMITTED,True
2025-09-15T21:56:01Z,SA-0004759,agronomist_irrigate,atk-0472,Agronomist,WriteSensor,RoleAssignment,West,DENY,POLICY_VIOLATION,True
2025-09-15T22:46:47Z,SA-0004760,agronomist_irrigate,atk-0400,Agronomist,WriteSensor,RoleAssignment,South,DENY,POLICY_VIOLATION,True
2025-09-15T22:47:21Z,SA-0004761,agronomist_irrigate,atk-0243,Agronomist,WriteSensor,IrrigationControl,North,DENY,OP_NOT_PERMITTED,True
2025-09-15T23:51:19Z,SA-0004762,agronomist_irrigate,atk-0239,Agronomist,ReadAll,AuditLog,South,DENY,IDS_BLOCKED,True
2025-09-16T00:41:08Z,SA-0004763,agronomist_irrigate,atk-0404,Agronomist,ControlZone,IrrigationControl,South,DENY,ZONE_MISMATCH,True
2025-09-16T02:56:17Z,SA-0004764,agronomist_irrigate,atk-0003,Agronomist,ManageRoles,SensorData,South,DENY,CERT_REVOKED,True
2025-09-16T07:47:12Z,SA-0004765,agronomist_irrigate,atk-0053,Agronomist,WriteSensor,SensorData,South,DENY,IDS_BLOCKED,True
2025-09-16T08:41:40Z,SA-0004766,agronomist_irrigate,atk-0488,Agronomist,ManageRoles,IrrigationControl,South,DENY,IDS_BLOCKED,True
2025-09-16T10:05:24Z,SA-0004767,agronomist_irrigate,atk-0495,Agronomist,ReadAll,IrrigationControl,North,DENY,IDS_BLOCKED,True
2025-09-16T14:38:03Z,SA-0004768,agronomist_irrigate,atk-0450,Agronomist,ReadAll,SensorData,North,DENY,POLICY_VIOLATION,True
2025-09-16T15:29:41Z,SA-0004769,agronomist_irrigate,atk-0261,Agronomist,ReadAll,SensorData,East,DENY,OP_NOT_PERMITTED,True
2025-09-16T17:45:02Z,SA-0004770,agronomist_irrigate,atk-0184,Agronomist,ReadAudit,AuditLog,East,DENY,CERT_REVOKED,True
2025-09-16T17:50:13Z,SA-0004771,agronomist_irrigate,atk-0441,Agronomist,ReadAll,AuditLog,East,DENY,IDS_BLOCKED,True
2025-09-16T20:23:13Z,SA-0004772,agronomist_irrigate,atk-0140,Agronomist,ReadAll,SensorData,East,DENY,OP_NOT_PERMITTED,True
2025-09-16T20:51:31Z,SA-0004773,agronomist_irrigate,atk-0137,Agronomist,ControlZone,AuditLog,South,DENY,OP_NOT_PERMITTED,True
2025-09-16T21:07:00Z,SA-0004774,agronomist_irrigate,atk-0164,Agronomist,ControlZone,IrrigationControl,East,DENY,ROLE_INSUFFICIENT,True
2025-09-16T22:50:00Z,SA-0004775,agronomist_irrigate,atk-0111,Agronomist,ReadAll,SensorData,West,DENY,POLICY_VIOLATION,True
2025-09-17T00:12:35Z,SA-0004776,agronomist_irrigate,atk-0122,Agronomist,WriteSensor,SensorData,East,DENY,IDS_BLOCKED,True
2025-09-17T00:47:53Z,SA-0004777,agronomist_irrigate,atk-0193,Agronomist,ReadAll,SensorData,South,DENY,IDS_BLOCKED,True
2025-09-17T00:52:30Z,SA-0004778,agronomist_irrigate,atk-0243,Agronomist,ReadAll,IrrigationControl,East,DENY,ZONE_MISMATCH,True
2025-09-17T07:00:21Z,SA-0004779,agronomist_irrigate,atk-0493,Agronomist,ManageRoles,IrrigationControl,South,DENY,IDS_BLOCKED,True
2025-09-17T07:11:07Z,SA-0004780,agronomist_irrigate,atk-0281,Agronomist,ManageRoles,RoleAssignment,East,DENY,POLICY_VIOLATION,True
2025-09-17T10:04:46Z,SA-0004781,agronomist_irrigate,atk-0241,Agronomist,ReadAudit,AuditLog,North,DENY,IDS_BLOCKED,True
2025-09-17T10:06:29Z,SA-0004782,agronomist_irrigate,atk-0407,Agronomist,ReadAudit,SensorData,East,DENY,POLICY_VIOLATION,True
2025-09-17T14:39:50Z,SA-0004783,agronomist_irrigate,atk-0056,Agronomist,ControlZone,SensorData,North,DENY,IDS_BLOCKED,True
2025-09-17T15:57:01Z,SA-0004784,agronomist_irrigate,atk-0459,Agronomist,ReadAll,RoleAssignment,West,DENY,CERT_REVOKED,True
2025-09-17T17:07:22Z,SA-0004785,agronomist_irrigate,atk-0270,Agronomist,ManageRoles,AuditLog,East,DENY,OP_NOT_PERMITTED,True
2025-09-17T18:18:23Z,SA-0004786,agronomist_irrigate,atk-0152,Agronomist,ReadAudit,IrrigationControl,North,DENY,OP_NOT_PERMITTED,True
2025-09-17T18:38:28Z,SA-0004787,agronomist_irrigate,atk-0335,Agronomist,WriteSensor,AuditLog,East,DENY,POLICY_VIOLATION,True
2025-09-17T20:02:35Z,SA-0004788,agronomist_irrigate,atk-0401,Agronomist,ReadAudit,SensorData,East,DENY,POLICY_VIOLATION,True
2025-09-17T20:50:38Z,SA-0004789,agronomist_irrigate,atk-0331,Agronomist,ReadAll,AuditLog,East,DENY,OP_NOT_PERMITTED,True
2025-09-17T21:09:55Z,SA-0004790,agronomist_irrigate,atk-0297,Agronomist,ReadAll,SensorData,North,DENY,CERT_REVOKED,True
2025-09-17T23:57:02Z,SA-0004791,agronomist_irrigate,atk-0322,Agronomist,ReadAudit,AuditLog,South,DENY,CERT_REVOKED,True
2025-09-18T01:00:30Z,SA-0004792,agronomist_irrigate,atk-0009,Agronomist,ManageRoles,RoleAssignment,West,DENY,POLICY_VIOLATION,True
2025-09-18T03:45:54Z,SA-0004793,agronomist_irrigate,atk-0241,Agronomist,ReadAudit,SensorData,East,DENY,ROLE_INSUFFICIENT,True
2025-09-18T04:50:04Z,SA-0004794,agronomist_irrigate,atk-0338,Agronomist,ControlZone,SensorData,East,DENY,POLICY_VIOLATION,True
2025-09-18T07:35:14Z,SA-0004795,agronomist_irrigate,atk-0374,Agronomist,ControlZone,RoleAssignment,South,DENY,OP_NOT_PERMITTED,True
2025-09-18T10:38:50Z,SA-0004796,agronomist_irrigate,atk-0494,Agronomist,ControlZone,AuditLog,East,DENY,ZONE_MISMATCH,True
2025-09-18T14:15:50Z,SA-0004797,agronomist_irrigate,atk-0354,Agronomist,ManageRoles,SensorData,South,DENY,OP_NOT_PERMITTED,True
2025-09-18T14:31:03Z,SA-0004798,agronomist_irrigate,atk-0142,Agronomist,ReadAudit,AuditLog,South,DENY,POLICY_VIOLATION,True
2025-09-18T16:33:21Z,SA-0004799,agronomist_irrigate,atk-0440,Agronomist,ReadAll,SensorData,South,DENY,IDS_BLOCKED,True
2025-09-18T20:34:21Z,SA-0004800,agronomist_irrigate,atk-0278,Agronomist,WriteSensor,IrrigationControl,North,DENY,OP_NOT_PERMITTED,True
2025-09-18T20:46:23Z,SA-0004801,agronomist_irrigate,atk-0199,Agronomist,ReadAudit,IrrigationControl,South,DENY,CERT_REVOKED,True
2025-09-18T21:37:17Z,SA-0004802,agronomist_irrigate,atk-0413,Agronomist,ManageRoles,RoleAssignment,South,DENY,OP_NOT_PERMITTED,True
2025-09-18T22:05:43Z,SA-0004803,agronomist_irrigate,atk-0389,Agronomist,ReadAudit,RoleAssignment,West,DENY,CERT_REVOKED,True
2025-09-19T03:48:02Z,SA-0004804,agronomist_irrigate,atk-0253,Agronomist,ReadAudit,IrrigationControl,West,DENY,IDS_BLOCKED,True
2025-09-19T04:54:57Z,SA-0004805,agronomist_irrigate,atk-0049,Agronomist,WriteSensor,AuditLog,South,DENY,POLICY_VIOLATION,True
2025-09-19T06:26:47Z,SA-0004806,agronomist_irrigate,atk-0079,Agronomist,ReadAudit,RoleAssignment,South,DENY,POLICY_VIOLATION,True
2025-09-19T07:13:17Z,SA-0004807,agronomist_irrigate,atk-0030,Agronomist,ReadAudit,SensorData,North,DENY,ZONE_MISMATCH,True
2025-09-19T09:43:33Z,SA-0004808,agronomist_irrigate,atk-0072,Agronomist,WriteSensor,IrrigationControl,East,DENY,CERT_REVOKED,True
2025-09-19T12:22:22Z,SA-0004809,agronomist_irrigate,atk-0246,Agronomist,ReadAll,AuditLog,East,DENY,ROLE_INSUFFICIENT,True
2025-09-19T14:33:59Z,SA-0004810,agronomist_irrigate,atk-0335,Agronomist,ManageRoles,SensorData,East,DENY,ROLE_INSUFFICIENT,True
2025-09-19T16:17:03Z,SA-0004811,agronomist_irrigate,atk-0471,Agronomist,WriteSensor,SensorData,North,DENY,CERT_REVOKED,True
2025-09-19T18:08:21Z,SA-0004812,agronomist_irrigate,atk-0094,Agronomist,ControlZone,IrrigationControl,East,DENY,CERT_REVOKED,True
2025-09-19T19:31:59Z,SA-0004813,agronomist_irrigate,atk-0017,Agronomist,ManageRoles,SensorData,South,DENY,ZONE_MISMATCH,True
2025-09-19T19:41:22Z,SA-0004814,agronomist_irrigate,atk-0338,Agronomist,ReadAudit,AuditLog,North,DENY,ZONE_MISMATCH,True
2025-09-19T19:52:14Z,SA-0004815,agronomist_irrigate,atk-0002,Agronomist,ReadAudit,AuditLog,East,DENY,POLICY_VIOLATION,True
2025-09-19T20:23:39Z,SA-0004816,agronomist_irrigate,atk-0147,Agronomist,ReadAudit,AuditLog,South,DENY,POLICY_VIOLATION,True
2025-09-19T21:20:00Z,SA-0004817,agronomist_irrigate,atk-0254,Agronomist,ManageRoles,AuditLog,West,DENY,ZONE_MISMATCH,True
2025-09-19T23:01:20Z,SA-0004818,agronomist_irrigate,atk-0442,Agronomist,ControlZone,AuditLog,East,DENY,ROLE_INSUFFICIENT,True
2025-09-19T23:01:56Z,SA-0004819,agronomist_irrigate,atk-0472,Agronomist,ManageRoles,AuditLog,West,DENY,POLICY_VIOLATION,True
2025-09-19T23:49:41Z,SA-0004820,agronomist_irrigate,atk-0220,Agronomist,ReadAudit,RoleAssignment,West,DENY,CERT_REVOKED,True
2025-09-19T23:55:08Z,SA-0004821,agronomist_irrigate,atk-0266,Agronomist,WriteSensor,RoleAssignment,East,DENY,POLICY_VIOLATION,True
2025-09-20T00:25:22Z,SA-0004822,agronomist_irrigate,atk-0420,Agronomist,ReadAll,SensorData,West,DENY,ROLE_INSUFFICIENT,True
2025-09-20T03:07:58Z,SA-0004823,agronomist_irrigate,atk-0325,Agronomist,ManageRoles,RoleAssignment,North,DENY,CERT_REVOKED,True
2025-09-20T06:55:52Z,SA-0004824,agronomist_irrigate,atk-0137,Agronomist,ReadAudit,RoleAssignment,West,DENY,IDS_BLOCKED,True
2025-09-20T09:40:12Z,SA-0004825,agronomist_irrigate,atk-0154,Agronomist,ReadAll,IrrigationControl,North,DENY,POLICY_VIOLATION,True
2025-09-20T11:13:14Z,SA-0004826,agronomist_irrigate,atk-0157,Agronomist,ReadAll,AuditLog,South,DENY,IDS_BLOCKED,True
2025-09-20T11:47:25Z,SA-0004827,agronomist_irrigate,atk-0104,Agronomist,ControlZone,AuditLog,East,DENY,ROLE_INSUFFICIENT,True
2025-09-20T12:40:05Z,SA-0004828,agronomist_irrigate,atk-0467,Agronomist,WriteSensor,IrrigationControl,North,DENY,POLICY_VIOLATION,True
2025-09-20T14:30:59Z,SA-0004829,agronomist_irrigate,atk-0385,Agronomist,ReadAudit,IrrigationControl,West,DENY,CERT_REVOKED,True
2025-09-20T16:06:31Z,SA-0004830,agronomist_irrigate,atk-0120,Agronomist,ManageRoles,AuditLog,North,DENY,POLICY_VIOLATION,True
2025-09-20T16:43:42Z,SA-0004831,agronomist_irrigate,atk-0414,Agronomist,ReadAudit,RoleAssignment,South,DENY,CERT_REVOKED,True
2025-09-20T18:04:10Z,SA-0004832,agronomist_irrigate,atk-0456,Agronomist,WriteSensor,AuditLog,West,DENY,ROLE_INSUFFICIENT,True
2025-09-20T20:21:34Z,SA-0004833,agronomist_irrigate,atk-0269,Agronomist,ManageRoles,IrrigationControl,South,DENY,OP_NOT_PERMITTED,True
2025-09-20T20:40:59Z,SA-0004834,agronomist_irrigate,atk-0370,Agronomist,ReadAudit,SensorData,North,DENY,OP_NOT_PERMITTED,True
2025-09-20T21:41:42Z,SA-0004835,agronomist_irrigate,atk-0139,Agronomist,WriteSensor,SensorData,East,DENY,OP_NOT_PERMITTED,True
2025-09-20T23:05:18Z,SA-0004836,agronomist_irrigate,atk-0112,Agronomist,ControlZone,IrrigationControl,North,DENY,ZONE_MISMATCH,True
2025-09-20T23:36:56Z,SA-0004837,agronomist_irrigate,atk-0268,Agronomist,ManageRoles,AuditLog,South,DENY,ZONE_MISMATCH,True
2025-09-21T00:26:52Z,SA-0004838,agronomist_irrigate,atk-0175,Agronomist,ManageRoles,RoleAssignment,North,DENY,ROLE_INSUFFICIENT,True
2025-09-21T00:59:41Z,SA-0004839,agronomist_irrigate,atk-0182,Agronomist,ReadAudit,IrrigationControl,North,DENY,CERT_REVOKED,True
2025-09-21T01:45:13Z,SA-0004840,agronomist_irrigate,atk-0339,Agronomist,ReadAudit,IrrigationControl,South,DENY,POLICY_VIOLATION,True
2025-09-21T03:52:46Z,SA-0004841,agronomist_irrigate,atk-0376,Agronomist,WriteSensor,SensorData,West,DENY,ROLE_INSUFFICIENT,True
2025-09-21T05:18:49Z,SA-0004842,agronomist_irrigate,atk-0274,Agronomist,WriteSensor,SensorData,South,DENY,OP_NOT_PERMITTED,True
2025-09-21T06:23:30Z,SA-0004843,agronomist_irrigate,atk-0180,Agronomist,ReadAudit,RoleAssignment,South,DENY,IDS_BLOCKED,True
2025-09-21T07:17:53Z,SA-0004844,agronomist_irrigate,atk-0324,Agronomist,ReadAudit,IrrigationControl,West,DENY,OP_NOT_PERMITTED,True
2025-09-21T07:41:01Z,SA-0004845,agronomist_irrigate,atk-0013,Agronomist,ManageRoles,RoleAssignment,North,DENY,ZONE_MISMATCH,True
2025-09-21T09:39:40Z,SA-0004846,agronomist_irrigate,atk-0462,Agronomist,WriteSensor,SensorData,North,DENY,POLICY_VIOLATION,True
2025-09-21T10:35:56Z,SA-0004847,agronomist_irrigate,atk-0489,Agronomist,ReadAll,IrrigationControl,North,DENY,POLICY_VIOLATION,True
2025-09-21T10:42:31Z,SA-0004848,agronomist_irrigate,atk-0131,Agronomist,WriteSensor,RoleAssignment,North,DENY,IDS_BLOCKED,True
2025-09-21T11:42:25Z,SA-0004849,agronomist_irrigate,atk-0146,Agronomist,ReadAudit,IrrigationControl,West,DENY,ROLE_INSUFFICIENT,True
2025-09-21T12:03:54Z,SA-0004850,agronomist_irrigate,atk-0011,Agronomist,ReadAudit,AuditLog,South,DENY,ZONE_MISMATCH,True
2025-09-21T13:42:30Z,SA-0004851,agronomist_irrigate,atk-0232,Agronomist,ReadAudit,IrrigationControl,South,DENY,POLICY_VIOLATION,True
2025-09-21T14:19:57Z,SA-0004852,agronomist_irrigate,atk-0298,Agronomist,WriteSensor,AuditLog,South,DENY,ROLE_INSUFFICIENT,True
2025-09-21T18:12:14Z,SA-0004853,agronomist_irrigate,atk-0048,Agronomist,WriteSensor,RoleAssignment,West,DENY,OP_NOT_PERMITTED,True
2025-09-21T18:47:59Z,SA-0004854,agronomist_irrigate,atk-0265,Agronomist,ManageRoles,AuditLog,West,DENY,ROLE_INSUFFICIENT,True
2025-09-21T19:56:31Z,SA-0004855,agronomist_irrigate,atk-0421,Agronomist,ReadAudit,RoleAssignment,East,DENY,ROLE_INSUFFICIENT,True
2025-09-22T00:09:48Z,SA-0004856,agronomist_irrigate,atk-0298,Agronomist,ControlZone,AuditLog,North,DENY,ROLE_INSUFFICIENT,True
2025-09-22T03:24:35Z,SA-0004857,agronomist_irrigate,atk-0312,Agronomist,ReadAll,SensorData,North,DENY,ROLE_INSUFFICIENT,True
2025-09-22T04:17:51Z,SA-0004858,agronomist_irrigate,atk-0105,Agronomist,ManageRoles,AuditLog,West,DENY,OP_NOT_PERMITTED,True
2025-09-22T05:08:45Z,SA-0004859,agronomist_irrigate,atk-0087,Agronomist,ReadAll,IrrigationControl,North,DENY,OP_NOT_PERMITTED,True
2025-09-22T09:06:04Z,SA-0004860,agronomist_irrigate,atk-0050,Agronomist,ControlZone,IrrigationControl,North,DENY,POLICY_VIOLATION,True
2025-09-22T09:39:48Z,SA-0004861,agronomist_irrigate,atk-0449,Agronomist,ManageRoles,SensorData,South,DENY,CERT_REVOKED,True
2025-09-22T10:20:19Z,SA-0004862,agronomist_irrigate,atk-0293,Agronomist,ReadAudit,IrrigationControl,North,DENY,ROLE_INSUFFICIENT,True
2025-09-22T12:15:58Z,SA-0004863,agronomist_irrigate,atk-0037,Agronomist,ReadAll,IrrigationControl,South,DENY,ZONE_MISMATCH,True
2025-09-22T15:36:54Z,SA-0004864,agronomist_irrigate,atk-0056,Agronomist,ReadAll,SensorData,North,DENY,POLICY_VIOLATION,True
2025-09-22T19:17:14Z,SA-0004865,agronomist_irrigate,atk-0100,Agronomist,ControlZone,AuditLog,West,DENY,ZONE_MISMATCH,True
2025-09-22T21:30:58Z,SA-0004866,agronomist_irrigate,atk-0246,Agronomist,ControlZone,AuditLog,East,DENY,ROLE_INSUFFICIENT,True
2025-09-22T21:34:18Z,SA-0004867,agronomist_irrigate,atk-0044,Agronomist,ControlZone,SensorData,North,DENY,OP_NOT_PERMITTED,True
2025-09-22T23:27:37Z,SA-0004868,agronomist_irrigate,atk-0136,Agronomist,ReadAudit,IrrigationControl,North,DENY,CERT_REVOKED,True
2025-09-22T23:29:25Z,SA-0004869,agronomist_irrigate,atk-0059,Agronomist,ReadAll,AuditLog,West,DENY,OP_NOT_PERMITTED,True
2025-09-23T00:30:05Z,SA-0004870,agronomist_irrigate,atk-0190,Agronomist,ReadAudit,AuditLog,North,DENY,CERT_REVOKED,True
2025-09-23T01:42:36Z,SA-0004871,agronomist_irrigate,atk-0418,Agronomist,ManageRoles,SensorData,South,DENY,CERT_REVOKED,True
2025-09-23T02:40:13Z,SA-0004872,agronomist_irrigate,atk-0457,Agronomist,ManageRoles,AuditLog,West,DENY,CERT_REVOKED,True
2025-09-23T03:28:07Z,SA-0004873,agronomist_irrigate,atk-0336,Agronomist,ReadAll,AuditLog,South,DENY,POLICY_VIOLATION,True
2025-09-23T03:45:12Z,SA-0004874,agronomist_irrigate,atk-0419,Agronomist,ManageRoles,AuditLog,South,DENY,OP_NOT_PERMITTED,True
2025-09-23T04:00:14Z,SA-0004875,agronomist_irrigate,atk-0390,Agronomist,ReadAudit,IrrigationControl,North,DENY,CERT_REVOKED,True
2025-09-23T04:41:11Z,SA-0004876,agronomist_irrigate,atk-0190,Agronomist,WriteSensor,SensorData,West,DENY,POLICY_VIOLATION,True
2025-09-23T04:47:05Z,SA-0004877,agronomist_irrigate,atk-0087,Agronomist,ControlZone,AuditLog,South,DENY,CERT_REVOKED,True
2025-09-23T05:35:22Z,SA-0004878,agronomist_irrigate,atk-0381,Agronomist,ManageRoles,SensorData,East,DENY,ZONE_MISMATCH,True
2025-09-23T07:10:37Z,SA-0004879,agronomist_irrigate,atk-0292,Agronomist,ManageRoles,RoleAssignment,North,DENY,POLICY_VIOLATION,True
2025-09-23T08:46:02Z,SA-0004880,agronomist_irrigate,atk-0031,Agronomist,WriteSensor,AuditLog,East,DENY,IDS_BLOCKED,True
2025-09-23T17:30:24Z,SA-0004881,agronomist_irrigate,atk-0024,Agronomist,ReadAll,AuditLog,East,DENY,ROLE_INSUFFICIENT,True
2025-09-23T18:22:52Z,SA-0004882,agronomist_irrigate,atk-0024,Agronomist,ReadAll,AuditLog,North,DENY,POLICY_VIOLATION,True
2025-09-24T02:41:14Z,SA-0004883,agronomist_irrigate,atk-0422,Agronomist,ReadAll,IrrigationControl,West,DENY,POLICY_VIOLATION,True
2025-09-24T04:25:25Z,SA-0004884,agronomist_irrigate,atk-0371,Agronomist,WriteSensor,AuditLog,North,DENY,ZONE_MISMATCH,True
2025-09-24T09:19:30Z,SA-0004885,agronomist_irrigate,atk-0093,Agronomist,ReadAudit,RoleAssignment,West,DENY,ZONE_MISMATCH,True
2025-09-24T10:08:16Z,SA-0004886,agronomist_irrigate,atk-0355,Agronomist,ManageRoles,SensorData,North,DENY,CERT_REVOKED,True
2025-09-24T10:18:21Z,SA-0004887,agronomist_irrigate,atk-0405,Agronomist,ControlZone,SensorData,East,DENY,IDS_BLOCKED,True
2025-09-24T10:32:49Z,SA-0004888,agronomist_irrigate,atk-0498,Agronomist,ReadAudit,AuditLog,South,DENY,IDS_BLOCKED,True
2025-09-24T11:59:06Z,SA-0004889,agronomist_irrigate,atk-0471,Agronomist,ControlZone,AuditLog,West,DENY,ROLE_INSUFFICIENT,True
2025-09-24T12:34:13Z,SA-0004890,agronomist_irrigate,atk-0169,Agronomist,WriteSensor,RoleAssignment,West,DENY,CERT_REVOKED,True
2025-09-24T13:23:40Z,SA-0004891,agronomist_irrigate,atk-0365,Agronomist,ReadAll,AuditLog,East,DENY,OP_NOT_PERMITTED,True
2025-09-24T15:27:29Z,SA-0004892,agronomist_irrigate,atk-0321,Agronomist,ControlZone,SensorData,South,DENY,IDS_BLOCKED,True
2025-09-24T16:39:27Z,SA-0004893,agronomist_irrigate,atk-0250,Agronomist,WriteSensor,RoleAssignment,South,DENY,ROLE_INSUFFICIENT,True
2025-09-24T21:58:36Z,SA-0004894,agronomist_irrigate,atk-0362,Agronomist,ControlZone,IrrigationControl,East,DENY,OP_NOT_PERMITTED,True
2025-09-24T23:09:16Z,SA-0004895,agronomist_irrigate,atk-0157,Agronomist,ReadAudit,RoleAssignment,North,DENY,OP_NOT_PERMITTED,True
2025-09-25T00:49:10Z,SA-0004896,agronomist_irrigate,atk-0202,Agronomist,ManageRoles,RoleAssignment,North,DENY,CERT_REVOKED,True
2025-09-25T03:33:37Z,SA-0004897,agronomist_irrigate,atk-0487,Agronomist,ReadAll,AuditLog,West,DENY,CERT_REVOKED,True
2025-09-25T03:46:39Z,SA-0004898,agronomist_irrigate,atk-0192,Agronomist,ControlZone,RoleAssignment,North,DENY,ROLE_INSUFFICIENT,True
2025-09-25T04:11:17Z,SA-0004899,agronomist_irrigate,atk-0271,Agronomist,ReadAudit,AuditLog,East,DENY,POLICY_VIOLATION,True
2025-09-25T04:23:52Z,SA-0004900,agronomist_irrigate,atk-0353,Agronomist,ReadAll,AuditLog,North,DENY,ZONE_MISMATCH,True
2025-09-25T04:24:02Z,SA-0004901,agronomist_irrigate,atk-0326,Agronomist,ReadAudit,AuditLog,West,DENY,POLICY_VIOLATION,True
2025-09-25T06:15:48Z,SA-0004902,agronomist_irrigate,atk-0280,Agronomist,WriteSensor,SensorData,North,DENY,ROLE_INSUFFICIENT,True
2025-09-25T06:51:42Z,SA-0004903,agronomist_irrigate,atk-0296,Agronomist,ReadAll,RoleAssignment,West,DENY,OP_NOT_PERMITTED,True
2025-09-25T08:38:35Z,SA-0004904,agronomist_irrigate,atk-0498,Agronomist,WriteSensor,SensorData,East,DENY,ROLE_INSUFFICIENT,True
2025-09-25T10:31:16Z,SA-0004905,agronomist_irrigate,atk-0192,Agronomist,ControlZone,AuditLog,North,DENY,OP_NOT_PERMITTED,True
2025-09-25T12:04:19Z,SA-0004906,agronomist_irrigate,atk-0137,Agronomist,ReadAll,RoleAssignment,West,DENY,OP_NOT_PERMITTED,True
2025-09-25T13:27:08Z,SA-0004907,agronomist_irrigate,atk-0299,Agronomist,ReadAudit,SensorData,South,DENY,CERT_REVOKED,True
2025-09-25T15:13:10Z,SA-0004908,agronomist_irrigate,atk-0499,Agronomist,ReadAll,RoleAssignment,North,DENY,IDS_BLOCKED,True
2025-09-25T16:20:56Z,SA-0004909,agronomist_irrigate,atk-0001,Agronomist,WriteSensor,IrrigationControl,West,DENY,POLICY_VIOLATION,True
2025-09-25T22:09:23Z,SA-0004910,agronomist_irrigate,atk-0308,Agronomist,WriteSensor,AuditLog,South,DENY,OP_NOT_PERMITTED,True
2025-09-26T04:44:44Z,SA-0004911,agronomist_irrigate,atk-0157,Agronomist,WriteSensor,AuditLog,West,DENY,ROLE_INSUFFICIENT,True
2025-09-26T05:39:25Z,SA-0004912,agronomist_irrigate,atk-0017,Agronomist,ManageRoles,AuditLog,South,DENY,ROLE_INSUFFICIENT,True
2025-09-26T08:38:04Z,SA-0004913,agronomist_irrigate,atk-0304,Agronomist,ReadAudit,SensorData,North,DENY,ZONE_MISMATCH,True
2025-09-26T08:38:56Z,SA-0004914,agronomist_irrigate,atk-0453,Agronomist,ReadAll,IrrigationControl,South,DENY,POLICY_VIOLATION,True
2025-09-26T09:14:43Z,SA-0004915,agronomist_irrigate,atk-0240,Agronomist,WriteSensor,RoleAssignment,North,DENY,IDS_BLOCKED,True
2025-09-26T12:51:10Z,SA-0004916,agronomist_irrigate,atk-0172,Agronomist,WriteSensor,SensorData,South,DENY,OP_NOT_PERMITTED,True
2025-09-26T13:35:59Z,SA-0004917,agronomist_irrigate,atk-0373,Agronomist,ManageRoles,SensorData,East,DENY,POLICY_VIOLATION,True
2025-09-26T13:49:18Z,SA-0004918,agronomist_irrigate,atk-0132,Agronomist,ReadAll,IrrigationControl,West,DENY,IDS_BLOCKED,True
2025-09-26T20:12:06Z,SA-0004919,agronomist_irrigate,atk-0116,Agronomist,ReadAll,AuditLog,South,DENY,POLICY_VIOLATION,True
2025-09-26T22:48:07Z,SA-0004920,agronomist_irrigate,atk-0026,Agronomist,ReadAll,IrrigationControl,North,DENY,ZONE_MISMATCH,True
2025-09-26T23:04:42Z,SA-0004921,agronomist_irrigate,atk-0345,Agronomist,ControlZone,RoleAssignment,South,DENY,IDS_BLOCKED,True
2025-09-27T01:43:51Z,SA-0004922,agronomist_irrigate,atk-0092,Agronomist,WriteSensor,IrrigationControl,South,DENY,OP_NOT_PERMITTED,True
2025-09-27T02:24:34Z,SA-0004923,agronomist_irrigate,atk-0168,Agronomist,ReadAudit,IrrigationControl,South,DENY,CERT_REVOKED,True
2025-09-27T03:01:41Z,SA-0004924,agronomist_irrigate,atk-0347,Agronomist,ReadAudit,IrrigationControl,North,DENY,POLICY_VIOLATION,True
2025-09-27T04:16:21Z,SA-0004925,agronomist_irrigate,atk-0137,Agronomist,ReadAudit,RoleAssignment,West,DENY,ROLE_INSUFFICIENT,True
2025-09-27T04:19:43Z,SA-0004926,agronomist_irrigate,atk-0004,Agronomist,ControlZone,SensorData,West,DENY,OP_NOT_PERMITTED,True
2025-09-27T04:27:12Z,SA-0004927,agronomist_irrigate,atk-0450,Agronomist,ManageRoles,IrrigationControl,North,DENY,POLICY_VIOLATION,True
2025-09-27T05:29:27Z,SA-0004928,agronomist_irrigate,atk-0456,Agronomist,WriteSensor,AuditLog,West,DENY,ROLE_INSUFFICIENT,True
2025-09-27T05:55:47Z,SA-0004929,agronomist_irrigate,atk-0041,Agronomist,ReadAll,SensorData,East,DENY,POLICY_VIOLATION,True
2025-09-27T07:01:20Z,SA-0004930,agronomist_irrigate,atk-0439,Agronomist,ManageRoles,SensorData,West,DENY,ZONE_MISMATCH,True
2025-09-27T10:45:41Z,SA-0004931,agronomist_irrigate,atk-0125,Agronomist,ControlZone,IrrigationControl,South,DENY,POLICY_VIOLATION,True
2025-09-27T10:56:21Z,SA-0004932,agronomist_irrigate,atk-0118,Agronomist,WriteSensor,RoleAssignment,East,DENY,POLICY_VIOLATION,True
2025-09-27T13:08:42Z,SA-0004933,agronomist_irrigate,atk-0212,Agronomist,ManageRoles,SensorData,East,DENY,IDS_BLOCKED,True
2025-09-27T15:42:43Z,SA-0004934,agronomist_irrigate,atk-0148,Agronomist,ManageRoles,AuditLog,North,DENY,ROLE_INSUFFICIENT,True
2025-09-27T17:46:28Z,SA-0004935,agronomist_irrigate,atk-0464,Agronomist,WriteSensor,SensorData,South,DENY,OP_NOT_PERMITTED,True
2025-09-27T20:34:55Z,SA-0004936,agronomist_irrigate,atk-0045,Agronomist,ControlZone,RoleAssignment,East,DENY,IDS_BLOCKED,True
2025-09-27T21:06:05Z,SA-0004937,agronomist_irrigate,atk-0410,Agronomist,WriteSensor,IrrigationControl,West,DENY,CERT_REVOKED,True
2025-09-27T21:53:18Z,SA-0004938,agronomist_irrigate,atk-0146,Agronomist,ReadAudit,SensorData,East,DENY,IDS_BLOCKED,True
2025-09-27T23:03:51Z,SA-0004939,agronomist_irrigate,atk-0365,Agronomist,ReadAudit,SensorData,East,DENY,CERT_REVOKED,True
2025-09-27T23:45:28Z,SA-0004940,agronomist_irrigate,atk-0218,Agronomist,ControlZone,IrrigationControl,South,DENY,ZONE_MISMATCH,True
2025-09-28T00:19:04Z,SA-0004941,agronomist_irrigate,atk-0142,Agronomist,ReadAudit,RoleAssignment,East,DENY,OP_NOT_PERMITTED,True
2025-09-28T01:43:12Z,SA-0004942,agronomist_irrigate,atk-0234,Agronomist,ReadAudit,SensorData,North,DENY,OP_NOT_PERMITTED,True
2025-09-28T03:03:43Z,SA-0004943,agronomist_irrigate,atk-0284,Agronomist,ReadAll,AuditLog,North,DENY,OP_NOT_PERMITTED,True
2025-09-28T04:00:08Z,SA-0004944,agronomist_irrigate,atk-0150,Agronomist,ControlZone,RoleAssignment,North,DENY,IDS_BLOCKED,True
2025-09-28T04:44:17Z,SA-0004945,agronomist_irrigate,atk-0196,Agronomist,ReadAll,SensorData,East,DENY,CERT_REVOKED,True
2025-09-28T05:09:17Z,SA-0004946,agronomist_irrigate,atk-0259,Agronomist,ControlZone,AuditLog,South,DENY,OP_NOT_PERMITTED,True
2025-09-28T05:53:34Z,SA-0004947,agronomist_irrigate,atk-0455,Agronomist,ControlZone,RoleAssignment,South,DENY,POLICY_VIOLATION,True
2025-09-28T06:06:04Z,SA-0004948,agronomist_irrigate,atk-0361,Agronomist,ReadAudit,RoleAssignment,West,DENY,IDS_BLOCKED,True
2025-09-28T06:23:45Z,SA-0004949,agronomist_irrigate,atk-0398,Agronomist,WriteSensor,IrrigationControl,East,DENY,OP_NOT_PERMITTED,True
2025-09-28T06:27:05Z,SA-0004950,agronomist_irrigate,atk-0374,Agronomist,ReadAudit,AuditLog,West,DENY,CERT_REVOKED,True
2025-09-28T08:21:05Z,SA-0004951,agronomist_irrigate,atk-0354,Agronomist,ControlZone,RoleAssignment,North,DENY,CERT_REVOKED,True
2025-09-28T08:44:50Z,SA-0004952,agronomist_irrigate,atk-0070,Agronomist,ReadAll,AuditLog,South,DENY,CERT_REVOKED,True
2025-09-28T09:01:16Z,SA-0004953,agronomist_irrigate,atk-0191,Agronomist,ReadAudit,SensorData,East,DENY,IDS_BLOCKED,True
2025-09-28T16:56:48Z,SA-0004954,agronomist_irrigate,atk-0120,Agronomist,ControlZone,SensorData,North,DENY,ZONE_MISMATCH,True
2025-09-28T17:47:11Z,SA-0004955,agronomist_irrigate,atk-0120,Agronomist,ReadAll,IrrigationControl,West,DENY,POLICY_VIOLATION,True
2025-09-28T17:48:46Z,SA-0004956,agronomist_irrigate,atk-0044,Agronomist,ReadAll,IrrigationControl,East,DENY,CERT_REVOKED,True
2025-09-28T18:35:39Z,SA-0004957,agronomist_irrigate,atk-0025,Agronomist,WriteSensor,AuditLog,West,DENY,CERT_REVOKED,True
2025-09-28T20:16:11Z,SA-0004958,agronomist_irrigate,atk-0254,Agronomist,ReadAudit,SensorData,North,DENY,POLICY_VIOLATION,True
2025-09-28T21:16:56Z,SA-0004959,agronomist_irrigate,atk-0461,Agronomist,ControlZone,RoleAssignment,West,DENY,ZONE_MISMATCH,True
2025-09-28T22:39:51Z,SA-0004960,agronomist_irrigate,atk-0086,Agronomist,WriteSensor,SensorData,West,DENY,CERT_REVOKED,True
2025-09-28T23:06:44Z,SA-0004961,agronomist_irrigate,atk-0436,Agronomist,ControlZone,RoleAssignment,West,DENY,ROLE_INSUFFICIENT,True
2025-09-28T23:24:27Z,SA-0004962,agronomist_irrigate,atk-0477,Agronomist,ControlZone,AuditLog,North,DENY,OP_NOT_PERMITTED,True
2025-09-28T23:52:00Z,SA-0004963,agronomist_irrigate,atk-0291,Agronomist,ReadAll,RoleAssignment,East,DENY,OP_NOT_PERMITTED,True
2025-09-29T00:43:43Z,SA-0004964,agronomist_irrigate,atk-0342,Agronomist,ControlZone,SensorData,East,DENY,POLICY_VIOLATION,True
2025-09-29T02:26:05Z,SA-0004965,agronomist_irrigate,atk-0001,Agronomist,WriteSensor,SensorData,North,DENY,ROLE_INSUFFICIENT,True
2025-09-29T03:30:32Z,SA-0004966,agronomist_irrigate,atk-0151,Agronomist,ReadAudit,SensorData,North,DENY,ROLE_INSUFFICIENT,True
2025-09-29T05:44:08Z,SA-0004967,agronomist_irrigate,atk-0479,Agronomist,WriteSensor,SensorData,South,DENY,CERT_REVOKED,True
2025-09-29T06:07:17Z,SA-0004968,agronomist_irrigate,atk-0198,Agronomist,ManageRoles,SensorData,East,DENY,POLICY_VIOLATION,True
2025-09-29T06:07:54Z,SA-0004969,agronomist_irrigate,atk-0388,Agronomist,ReadAll,AuditLog,North,DENY,OP_NOT_PERMITTED,True
2025-09-29T07:49:35Z,SA-0004970,agronomist_irrigate,atk-0029,Agronomist,ReadAudit,RoleAssignment,South,DENY,POLICY_VIOLATION,True
2025-09-29T16:39:46Z,SA-0004971,agronomist_irrigate,atk-0490,Agronomist,ManageRoles,RoleAssignment,North,DENY,CERT_REVOKED,True
2025-09-29T16:44:36Z,SA-0004972,agronomist_irrigate,atk-0458,Agronomist,ManageRoles,IrrigationControl,South,DENY,IDS_BLOCKED,True
2025-09-29T18:31:12Z,SA-0004973,agronomist_irrigate,atk-0442,Agronomist,ControlZone,AuditLog,West,DENY,IDS_BLOCKED,True
2025-09-29T19:16:01Z,SA-0004974,agronomist_irrigate,atk-0285,Agronomist,ReadAudit,SensorData,West,DENY,ZONE_MISMATCH,True
2025-09-29T22:05:53Z,SA-0004975,agronomist_irrigate,atk-0284,Agronomist,ReadAudit,RoleAssignment,North,DENY,POLICY_VIOLATION,True
2025-09-29T23:12:40Z,SA-0004976,agronomist_irrigate,atk-0446,Agronomist,ReadAudit,AuditLog,West,DENY,POLICY_VIOLATION,True
2025-09-30T00:36:21Z,SA-0004977,agronomist_irrigate,atk-0353,Agronomist,ReadAll,IrrigationControl,East,DENY,OP_NOT_PERMITTED,True
2025-09-30T01:12:22Z,SA-0004978,agronomist_irrigate,atk-0263,Agronomist,ManageRoles,RoleAssignment,East,DENY,ZONE_MISMATCH,True
2025-09-30T03:40:13Z,SA-0004979,agronomist_irrigate,atk-0076,Agronomist,ManageRoles,AuditLog,North,DENY,POLICY_VIOLATION,True
2025-09-30T04:03:38Z,SA-0004980,agronomist_irrigate,atk-0035,Agronomist,WriteSensor,SensorData,South,DENY,ZONE_MISMATCH,True
2025-09-30T05:48:27Z,SA-0004981,agronomist_irrigate,atk-0082,Agronomist,ManageRoles,SensorData,West,DENY,OP_NOT_PERMITTED,True
2025-09-30T06:18:30Z,SA-0004982,agronomist_irrigate,atk-0105,Agronomist,ControlZone,SensorData,North,DENY,OP_NOT_PERMITTED,True
2025-09-30T06:22:03Z,SA-0004983,agronomist_irrigate,atk-0166,Agronomist,WriteSensor,IrrigationControl,North,DENY,OP_NOT_PERMITTED,True
2025-09-30T07:06:10Z,SA-0004984,agronomist_irrigate,atk-0255,Agronomist,ManageRoles,IrrigationControl,South,DENY,ROLE_INSUFFICIENT,True
2025-09-30T08:47:02Z,SA-0004985,agronomist_irrigate,atk-0164,Agronomist,WriteSensor,AuditLog,East,DENY,ROLE_INSUFFICIENT,True
2025-09-30T10:22:16Z,SA-0004986,agronomist_irrigate,atk-0330,Agronomist,ReadAudit,AuditLog,South,DENY,OP_NOT_PERMITTED,True
2025-09-30T10:55:21Z,SA-0004987,agronomist_irrigate,atk-0111,Agronomist,WriteSensor,SensorData,South,DENY,CERT_REVOKED,True
2025-09-30T11:17:24Z,SA-0004988,agronomist_irrigate,atk-0039,Agronomist,WriteSensor,AuditLog,East,DENY,OP_NOT_PERMITTED,True
2025-09-30T11:29:40Z,SA-0004989,agronomist_irrigate,atk-0491,Agronomist,ManageRoles,RoleAssignment,East,DENY,ROLE_INSUFFICIENT,True
2025-09-30T11:44:04Z,SA-0004990,agronomist_irrigate,atk-0479,Agronomist,ReadAll,RoleAssignment,North,DENY,ROLE_INSUFFICIENT,True
2025-09-30T12:57:11Z,SA-0004991,agronomist_irrigate,atk-0184,Agronomist,WriteSensor,IrrigationControl,South,DENY,OP_NOT_PERMITTED,True
2025-09-30T14:32:57Z,SA-0004992,agronomist_irrigate,atk-0094,Agronomist,ManageRoles,SensorData,West,DENY,CERT_REVOKED,True
2025-09-30T18:32:27Z,SA-0004993,agronomist_irrigate,atk-0209,Agronomist,WriteSensor,IrrigationControl,North,DENY,IDS_BLOCKED,True
2025-09-30T18:34:51Z,SA-0004994,agronomist_irrigate,atk-0059,Agronomist,ManageRoles,AuditLog,North,DENY,IDS_BLOCKED,True
2025-09-30T18:46:17Z,SA-0004995,agronomist_irrigate,atk-0060,Agronomist,ManageRoles,SensorData,East,DENY,POLICY_VIOLATION,True
2025-09-30T20:23:42Z,SA-0004996,agronomist_irrigate,atk-0202,Agronomist,ReadAll,IrrigationControl,East,DENY,ZONE_MISMATCH,True
2025-09-30T20:55:57Z,SA-0004997,agronomist_irrigate,atk-0251,Agronomist,ReadAudit,SensorData,East,DENY,OP_NOT_PERMITTED,True
2025-09-30T22:12:08Z,SA-0004998,agronomist_irrigate,atk-0118,Agronomist,ReadAll,SensorData,North,DENY,ROLE_INSUFFICIENT,True
2025-09-30T22:22:29Z,SA-0004999,agronomist_irrigate,atk-0473,Agronomist,ReadAudit,IrrigationControl,East,DENY,IDS_BLOCKED,True
2025-09-30T23:07:35Z,SA-0005000,agronomist_irrigate,atk-0220,Agronomist,ManageRoles,AuditLog,East,DENY,CERT_REVOKED,True
2025-08-01T00:15:12Z,SA-0005001,certifier_irrigate,atk-0285,Certifier,ManageRoles,IrrigationControl,East,DENY,IDS_BLOCKED,True
2025-08-01T00:27:34Z,SA-0005002,certifier_irrigate,atk-0440,Certifier,ManageRoles,IrrigationControl,South,DENY,IDS_BLOCKED,True
2025-08-01T01:52:43Z,SA-0005003,certifier_irrigate,atk-0299,Certifier,ManageRoles,IrrigationControl,North,DENY,CERT_REVOKED,True
2025-08-01T03:19:58Z,SA-0005004,certifier_irrigate,atk-0098,Certifier,WriteSensor,AuditLog,South,DENY,ZONE_MISMATCH,True
2025-08-01T05:08:37Z,SA-0005005,certifier_irrigate,atk-0121,Certifier,ManageRoles,SensorData,North,DENY,CERT_REVOKED,True
2025-08-01T07:00:07Z,SA-0005006,certifier_irrigate,atk-0213,Certifier,ReadAll,AuditLog,South,DENY,OP_NOT_PERMITTED,True
2025-08-01T09:18:29Z,SA-0005007,certifier_irrigate,atk-0309,Certifier,ManageRoles,AuditLog,North,DENY,IDS_BLOCKED,True
2025-08-01T12:19:33Z,SA-0005008,certifier_irrigate,atk-0299,Certifier,WriteSensor,RoleAssignment,North,DENY,CERT_REVOKED,True
2025-08-01T15:50:29Z,SA-0005009,certifier_irrigate,atk-0282,Certifier,ControlZone,AuditLog,North,DENY,ZONE_MISMATCH,True
2025-08-01T19:05:51Z,SA-0005010,certifier_irrigate,atk-0355,Certifier,ControlZone,SensorData,North,DENY,ZONE_MISMATCH,True
2025-08-01T19:57:28Z,SA-0005011,certifier_irrigate,atk-0493,Certifier,ManageRoles,RoleAssignment,North,DENY,OP_NOT_PERMITTED,True
2025-08-01T21:20:10Z,SA-0005012,certifier_irrigate,atk-0359,Certifier,ManageRoles,RoleAssignment,West,DENY,CERT_REVOKED,True
2025-08-01T22:14:18Z,SA-0005013,certifier_irrigate,atk-0399,Certifier,ReadAudit,AuditLog,East,DENY,ROLE_INSUFFICIENT,True
2025-08-01T22:36:07Z,SA-0005014,certifier_irrigate,atk-0184,Certifier,ReadAll,SensorData,North,DENY,POLICY_VIOLATION,True
2025-08-01T22:38:40Z,SA-0005015,certifier_irrigate,atk-0432,Certifier,ReadAll,SensorData,North,DENY,CERT_REVOKED,True
2025-08-01T23:00:23Z,SA-0005016,certifier_irrigate,atk-0432,Certifier,ReadAudit,IrrigationControl,North,DENY,OP_NOT_PERMITTED,True
2025-08-01T23:48:40Z,SA-0005017,certifier_irrigate,atk-0323,Certifier,ReadAll,RoleAssignment,North,DENY,IDS_BLOCKED,True
2025-08-01T23:50:33Z,SA-0005018,certifier_irrigate,atk-0422,Certifier,ManageRoles,IrrigationControl,East,DENY,IDS_BLOCKED,True
2025-08-02T02:19:41Z,SA-0005019,certifier_irrigate,atk-0036,Certifier,ReadAll,AuditLog,East,DENY,IDS_BLOCKED,True
2025-08-02T03:01:50Z,SA-0005020,certifier_irrigate,atk-0296,Certifier,WriteSensor,IrrigationControl,North,DENY,CERT_REVOKED,True
2025-08-02T03:36:04Z,SA-0005021,certifier_irrigate,atk-0168,Certifier,WriteSensor,IrrigationControl,East,DENY,CERT_REVOKED,True
2025-08-02T03:41:39Z,SA-0005022,certifier_irrigate,atk-0438,Certifier,ControlZone,RoleAssignment,North,DENY,ROLE_INSUFFICIENT,True
2025-08-02T07:37:02Z,SA-0005023,certifier_irrigate,atk-0346,Certifier,ReadAudit,RoleAssignment,North,DENY,CERT_REVOKED,True
2025-08-02T07:40:47Z,SA-0005024,certifier_irrigate,atk-0417,Certifier,ManageRoles,IrrigationControl,West,DENY,CERT_REVOKED,True
2025-08-02T08:03:06Z,SA-0005025,certifier_irrigate,atk-0258,Certifier,ManageRoles,SensorData,North,DENY,POLICY_VIOLATION,True
2025-08-02T08:11:50Z,SA-0005026,certifier_irrigate,atk-0052,Certifier,ReadAll,IrrigationControl,South,DENY,IDS_BLOCKED,True
2025-08-02T08:14:06Z,SA-0005027,certifier_irrigate,atk-0139,Certifier,ReadAll,RoleAssignment,East,DENY,CERT_REVOKED,True
2025-08-02T08:19:25Z,SA-0005028,certifier_irrigate,atk-0261,Certifier,ManageRoles,AuditLog,West,DENY,OP_NOT_PERMITTED,True
2025-08-02T08:30:50Z,SA-0005029,certifier_irrigate,atk-0396,Certifier,ManageRoles,AuditLog,West,DENY,IDS_BLOCKED,True
2025-08-02T08:33:56Z,SA-0005030,certifier_irrigate,atk-0040,Certifier,ReadAudit,IrrigationControl,South,DENY,ROLE_INSUFFICIENT,True
2025-08-02T09:53:19Z,SA-0005031,certifier_irrigate,atk-0120,Certifier,ControlZone,AuditLog,West,DENY,IDS_BLOCKED,True
2025-08-02T09:56:34Z,SA-0005032,certifier_irrigate,atk-0139,Certifier,WriteSensor,IrrigationControl,West,DENY,ZONE_MISMATCH,True
2025-08-02T12:33:58Z,SA-0005033,certifier_irrigate,atk-0234,Certifier,ReadAudit,IrrigationControl,West,DENY,IDS_BLOCKED,True
2025-08-02T13:58:27Z,SA-0005034,certifier_irrigate,atk-0197,Certifier,WriteSensor,SensorData,North,DENY,ROLE_INSUFFICIENT,True
2025-08-02T14:41:06Z,SA-0005035,certifier_irrigate,atk-0470,Certifier,ManageRoles,RoleAssignment,West,DENY,OP_NOT_PERMITTED,True
2025-08-02T17:08:31Z,SA-0005036,certifier_irrigate,atk-0127,Certifier,ReadAll,SensorData,North,DENY,POLICY_VIOLATION,True
2025-08-02T19:00:54Z,SA-0005037,certifier_irrigate,atk-0390,Certifier,ManageRoles,IrrigationControl,West,DENY,OP_NOT_PERMITTED,True
2025-08-02T19:09:18Z,SA-0005038,certifier_irrigate,atk-0221,Certifier,ReadAll,IrrigationControl,North,DENY,OP_NOT_PERMITTED,True
2025-08-02T20:04:01Z,SA-0005039,certifier_irrigate,atk-0225,Certifier,ReadAudit,RoleAssignment,North,DENY,OP_NOT_PERMITTED,True
2025-08-02T20:17:25Z,SA-0005040,certifier_irrigate,atk-0394,Certifier,ControlZone,RoleAssignment,South,DENY,IDS_BLOCKED,True
2025-08-02T20:54:05Z,SA-0005041,certifier_irrigate,atk-0108,Certifier,WriteSensor,SensorData,East,DENY,ROLE_INSUFFICIENT,True
2025-08-02T22:19:03Z,SA-0005042,certifier_irrigate,atk-0163,Certifier,ReadAll,AuditLog,East,DENY,POLICY_VIOLATION,True
2025-08-02T23:01:51Z,SA-0005043,certifier_irrigate,atk-0118,Certifier,WriteSensor,AuditLog,South,DENY,IDS_BLOCKED,True
2025-08-03T00:00:01Z,SA-0005044,certifier_irrigate,atk-0066,Certifier,ManageRoles,IrrigationControl,East,DENY,IDS_BLOCKED,True
2025-08-03T01:07:17Z,SA-0005045,certifier_irrigate,atk-0343,Certifier,ManageRoles,AuditLog,North,DENY,ROLE_INSUFFICIENT,True
2025-08-03T01:27:34Z,SA-0005046,certifier_irrigate,atk-0029,Certifier,ReadAudit,IrrigationControl,South,DENY,IDS_BLOCKED,True
2025-08-03T01:41:24Z,SA-0005047,certifier_irrigate,atk-0384,Certifier,ControlZone,IrrigationControl,North,DENY,POLICY_VIOLATION,True
2025-08-03T02:00:14Z,SA-0005048,certifier_irrigate,atk-0231,Certifier,WriteSensor,SensorData,North,DENY,OP_NOT_PERMITTED,True
2025-08-03T02:20:29Z,SA-0005049,certifier_irrigate,atk-0127,Certifier,ReadAudit,IrrigationControl,West,DENY,CERT_REVOKED,True
2025-08-03T03:10:39Z,SA-0005050,certifier_irrigate,atk-0133,Certifier,ControlZone,IrrigationControl,East,DENY,ZONE_MISMATCH,True
2025-08-03T04:45:55Z,SA-0005051,certifier_irrigate,atk-0446,Certifier,ReadAll,IrrigationControl,South,DENY,ROLE_INSUFFICIENT,True
2025-08-03T05:12:45Z,SA-0005052,certifier_irrigate,atk-0403,Certifier,ReadAll,IrrigationControl,South,DENY,ZONE_MISMATCH,True
2025-08-03T06:31:58Z,SA-0005053,certifier_irrigate,atk-0122,Certifier,ManageRoles,AuditLog,East,DENY,POLICY_VIOLATION,True
2025-08-03T06:38:22Z,SA-0005054,certifier_irrigate,atk-0142,Certifier,ControlZone,IrrigationControl,South,DENY,IDS_BLOCKED,True
2025-08-03T06:59:09Z,SA-0005055,certifier_irrigate,atk-0048,Certifier,ManageRoles,RoleAssignment,South,DENY,OP_NOT_PERMITTED,True
2025-08-03T09:27:49Z,SA-0005056,certifier_irrigate,atk-0409,Certifier,ControlZone,AuditLog,West,DENY,OP_NOT_PERMITTED,True
2025-08-03T09:41:25Z,SA-0005057,certifier_irrigate,atk-0183,Certifier,ReadAudit,IrrigationControl,South,DENY,IDS_BLOCKED,True
2025-08-03T09:45:41Z,SA-0005058,certifier_irrigate,atk-0178,Certifier,WriteSensor,RoleAssignment,North,DENY,CERT_REVOKED,True
2025-08-03T09:52:27Z,SA-0005059,certifier_irrigate,atk-0252,Certifier,WriteSensor,SensorData,East,DENY,IDS_BLOCKED,True
2025-08-03T10:12:15Z,SA-0005060,certifier_irrigate,atk-0007,Certifier,ReadAll,SensorData,South,DENY,OP_NOT_PERMITTED,True
2025-08-03T10:19:59Z,SA-0005061,certifier_irrigate,atk-0464,Certifier,ReadAudit,AuditLog,West,DENY,CERT_REVOKED,True
2025-08-03T11:06:55Z,SA-0005062,certifier_irrigate,atk-0210,Certifier,WriteSensor,AuditLog,West,DENY,ROLE_INSUFFICIENT,True
2025-08-03T12:41:57Z,SA-0005063,certifier_irrigate,atk-0116,Certifier,ManageRoles,IrrigationControl,North,DENY,IDS_BLOCKED,True
2025-08-03T13:38:12Z,SA-0005064,certifier_irrigate,atk-0472,Certifier,ControlZone,IrrigationControl,East,DENY,CERT_REVOKED,True
2025-08-03T16:21:12Z,SA-0005065,certifier_irrigate,atk-0230,Certifier,WriteSensor,RoleAssignment,West,DENY,IDS_BLOCKED,True
2025-08-03T16:45:45Z,SA-0005066,certifier_irrigate,atk-0489,Certifier,ReadAll,RoleAssignment,South,DENY,OP_NOT_PERMITTED,True
2025-08-03T18:53:42Z,SA-0005067,certifier_irrigate,atk-0201,Certifier,ManageRoles,RoleAssignment,South,DENY,OP_NOT_PERMITTED,True
2025-08-03T19:47:22Z,SA-0005068,certifier_irrigate,atk-0315,Certifier,ReadAll,IrrigationControl,South,DENY,POLICY_VIOLATION,True
2025-08-03T19:50:07Z,SA-0005069,certifier_irrigate,atk-0217,Certifier,ReadAll,RoleAssignment,West,DENY,ZONE_MISMATCH,True
2025-08-03T21:38:25Z,SA-0005070,certifier_irrigate,atk-0059,Certifier,WriteSensor,SensorData,South,DENY,OP_NOT_PERMITTED,True
2025-08-03T23:14:32Z,SA-0005071,certifier_irrigate,atk-0387,Certifier,ControlZone,SensorData,East,DENY,CERT_REVOKED,True
2025-08-03T23:18:51Z,SA-0005072,certifier_irrigate,atk-0400,Certifier,ReadAudit,SensorData,South,DENY,CERT_REVOKED,True
2025-08-04T04:34:45Z,SA-0005073,certifier_irrigate,atk-0250,Certifier,ReadAudit,IrrigationControl,South,DENY,POLICY_VIOLATION,True
2025-08-04T06:19:19Z,SA-0005074,certifier_irrigate,atk-0385,Certifier,ManageRoles,RoleAssignment,East,DENY,OP_NOT_PERMITTED,True
2025-08-04T07:54:06Z,SA-0005075,certifier_irrigate,atk-0464,Certifier,WriteSensor,SensorData,East,DENY,OP_NOT_PERMITTED,True
2025-08-04T11:48:07Z,SA-0005076,certifier_irrigate,atk-0370,Certifier,ManageRoles,RoleAssignment,East,DENY,OP_NOT_PERMITTED,True
2025-08-04T17:20:00Z,SA-0005077,certifier_irrigate,atk-0349,Certifier,WriteSensor,AuditLog,North,DENY,ZONE_MISMATCH,True
2025-08-04T17:32:35Z,SA-0005078,certifier_irrigate,atk-0094,Certifier,WriteSensor,SensorData,West,DENY,IDS_BLOCKED,True
2025-08-04T17:43:56Z,SA-0005079,certifier_irrigate,atk-0374,Certifier,ReadAudit,SensorData,West,DENY,POLICY_VIOLATION,True
2025-08-04T17:54:00Z,SA-0005080,certifier_irrigate,atk-0423,Certifier,ManageRoles,AuditLog,West,DENY,POLICY_VIOLATION,True
2025-08-04T19:08:52Z,SA-0005081,certifier_irrigate,atk-0417,Certifier,ReadAudit,IrrigationControl,North,DENY,POLICY_VIOLATION,True
2025-08-04T20:21:53Z,SA-0005082,certifier_irrigate,atk-0054,Certifier,ManageRoles,SensorData,West,DENY,POLICY_VIOLATION,True
2025-08-04T21:46:36Z,SA-0005083,certifier_irrigate,atk-0013,Certifier,ReadAudit,RoleAssignment,North,DENY,OP_NOT_PERMITTED,True
2025-08-04T22:40:22Z,SA-0005084,certifier_irrigate,atk-0119,Certifier,ControlZone,SensorData,South,DENY,ZONE_MISMATCH,True
2025-08-04T23:28:45Z,SA-0005085,certifier_irrigate,atk-0427,Certifier,ControlZone,IrrigationControl,West,DENY,OP_NOT_PERMITTED,True
2025-08-05T00:28:31Z,SA-0005086,certifier_irrigate,atk-0015,Certifier,ReadAll,IrrigationControl,West,DENY,OP_NOT_PERMITTED,True
2025-08-05T02:13:21Z,SA-0005087,certifier_irrigate,atk-0045,Certifier,ControlZone,IrrigationControl,South,DENY,IDS_BLOCKED,True
2025-08-05T02:38:09Z,SA-0005088,certifier_irrigate,atk-0213,Certifier,WriteSensor,RoleAssignment,East,DENY,ROLE_INSUFFICIENT,True
2025-08-05T05:21:53Z,SA-0005089,certifier_irrigate,atk-0399,Certifier,ControlZone,AuditLog,East,DENY,OP_NOT_PERMITTED,True
2025-08-05T10:09:36Z,SA-0005090,certifier_irrigate,atk-0251,Certifier,ReadAudit,IrrigationControl,South,DENY,OP_NOT_PERMITTED,True
2025-08-05T12:17:59Z,SA-0005091,certifier_irrigate,atk-0032,Certifier,ReadAll,IrrigationControl,North,DENY,ROLE_INSUFFICIENT,True
2025-08-05T13:20:35Z,SA-0005092,certifier_irrigate,atk-0198,Certifier,WriteSensor,RoleAssignment,West,DENY,OP_NOT_PERMITTED,True
2025-08-05T15:14:43Z,SA-0005093,certifier_irrigate,atk-0203,Certifier,ControlZone,AuditLog,South,DENY,CERT_REVOKED,True
2025-08-05T15:47:06Z,SA-0005094,certifier_irrigate,atk-0107,Certifier,ReadAll,AuditLog,North,DENY,ZONE_MISMATCH,True
2025-08-05T18:01:24Z,SA-0005095,certifier_irrigate,atk-0295,Certifier,WriteSensor,IrrigationControl,West,DENY,CERT_REVOKED,True
2025-08-05T18:07:04Z,SA-0005096,certifier_irrigate,atk-0315,Certifier,WriteSensor,AuditLog,East,DENY,POLICY_VIOLATION,True
2025-08-05T19:12:55Z,SA-0005097,certifier_irrigate,atk-0253,Certifier,WriteSensor,IrrigationControl,East,DENY,POLICY_VIOLATION,True
2025-08-05T20:59:50Z,SA-0005098,certifier_irrigate,atk-0451,Certifier,ReadAudit,AuditLog,South,DENY,CERT_REVOKED,True
2025-08-05T21:55:03Z,SA-0005099,certifier_irrigate,atk-0238,Certifier,ReadAudit,RoleAssignment,North,DENY,ROLE_INSUFFICIENT,True
2025-08-05T22:00:01Z,SA-0005100,certifier_irrigate,atk-0006,Certifier,ManageRoles,IrrigationControl,East,DENY,ROLE_INSUFFICIENT,True
2025-08-05T23:40:57Z,SA-0005101,certifier_irrigate,atk-0488,Certifier,WriteSensor,SensorData,South,DENY,POLICY_VIOLATION,True
2025-08-06T01:53:31Z,SA-0005102,certifier_irrigate,atk-0334,Certifier,ControlZone,SensorData,North,DENY,CERT_REVOKED,True
2025-08-06T02:29:41Z,SA-0005103,certifier_irrigate,atk-0232,Certifier,ControlZone,IrrigationControl,South,DENY,OP_NOT_PERMITTED,True
2025-08-06T04:14:18Z,SA-0005104,certifier_irrigate,atk-0186,Certifier,ControlZone,AuditLog,West,DENY,IDS_BLOCKED,True
2025-08-06T04:23:50Z,SA-0005105,certifier_irrigate,atk-0416,Certifier,WriteSensor,AuditLog,East,DENY,OP_NOT_PERMITTED,True
2025-08-06T05:24:41Z,SA-0005106,certifier_irrigate,atk-0001,Certifier,WriteSensor,SensorData,North,DENY,ROLE_INSUFFICIENT,True
2025-08-06T07:22:49Z,SA-0005107,certifier_irrigate,atk-0279,Certifier,WriteSensor,IrrigationControl,South,DENY,ZONE_MISMATCH,True
2025-08-06T08:14:48Z,SA-0005108,certifier_irrigate,atk-0227,Certifier,WriteSensor,IrrigationControl,East,DENY,OP_NOT_PERMITTED,True
2025-08-06T09:57:29Z,SA-0005109,certifier_irrigate,atk-0377,Certifier,ReadAll,SensorData,North,DENY,IDS_BLOCKED,True
2025-08-06T10:03:50Z,SA-0005110,certifier_irrigate,atk-0396,Certifier,ControlZone,RoleAssignment,North,DENY,ROLE_INSUFFICIENT,True
2025-08-06T11:04:49Z,SA-0005111,certifier_irrigate,atk-0478,Certifier,ReadAudit,SensorData,West,DENY,OP_NOT_PERMITTED,True
2025-08-06T11:12:18Z,SA-0005112,certifier_irrigate,atk-0103,Certifier,ControlZone,SensorData,East,DENY,CERT_REVOKED,True
2025-08-06T12:16:21Z,SA-0005113,certifier_irrigate,atk-0421,Certifier,ReadAll,AuditLog,West,DENY,POLICY_VIOLATION,True
2025-08-06T13:48:16Z,SA-0005114,certifier_irrigate,atk-0168,Certifier,ReadAudit,RoleAssignment,North,DENY,ZONE_MISMATCH,True
2025-08-06T14:12:02Z,SA-0005115,certifier_irrigate,atk-0328,Certifier,WriteSensor,IrrigationControl,East,DENY,ROLE_INSUFFICIENT,True
2025-08-06T16:37:49Z,SA-0005116,certifier_irrigate,atk-0281,Certifier,ManageRoles,AuditLog,South,DENY,ZONE_MISMATCH,True
2025-08-06T18:34:07Z,SA-0005117,certifier_irrigate,atk-0190,Certifier,ReadAudit,SensorData,East,DENY,POLICY_VIOLATION,True
2025-08-06T19:52:56Z,SA-0005118,certifier_irrigate,atk-0052,Certifier,ManageRoles,RoleAssignment,East,DENY,IDS_BLOCKED,True
2025-08-06T23:16:14Z,SA-0005119,certifier_irrigate,atk-0003,Certifier,WriteSensor,IrrigationControl,East,DENY,CERT_REVOKED,True
2025-08-06T23:43:18Z,SA-0005120,certifier_irrigate,atk-0100,Certifier,WriteSensor,AuditLog,West,DENY,CERT_REVOKED,True
2025-08-07T03:00:02Z,SA-0005121,certifier_irrigate,atk-0449,Certifier,WriteSensor,SensorData,West,DENY,CERT_REVOKED,True
2025-08-07T10:10:13Z,SA-0005122,certifier_irrigate,atk-0334,Certifier,WriteSensor,SensorData,East,DENY,OP_NOT_PERMITTED,True
2025-08-07T12:12:05Z,SA-0005123,certifier_irrigate,atk-0383,Certifier,WriteSensor,AuditLog,South,DENY,CERT_REVOKED,True
2025-08-07T16:37:13Z,SA-0005124,certifier_irrigate,atk-0349,Certifier,ReadAudit,SensorData,West,DENY,ROLE_INSUFFICIENT,True
2025-08-07T17:00:36Z,SA-0005125,certifier_irrigate,atk-0170,Certifier,WriteSensor,SensorData,South,DENY,ROLE_INSUFFICIENT,True
2025-08-07T17:11:58Z,SA-0005126,certifier_irrigate,atk-0041,Certifier,ControlZone,IrrigationControl,East,DENY,IDS_BLOCKED,True
2025-08-07T17:25:10Z,SA-0005127,certifier_irrigate,atk-0287,Certifier,ManageRoles,RoleAssignment,South,DENY,POLICY_VIOLATION,True
2025-08-07T17:45:21Z,SA-0005128,certifier_irrigate,atk-0099,Certifier,ReadAll,SensorData,North,DENY,ROLE_INSUFFICIENT,True
2025-08-07T19:06:19Z,SA-0005129,certifier_irrigate,atk-0039,Certifier,ManageRoles,RoleAssignment,North,DENY,CERT_REVOKED,True
2025-08-07T20:40:58Z,SA-0005130,certifier_irrigate,atk-0014,Certifier,ManageRoles,AuditLog,North,DENY,ROLE_INSUFFICIENT,True
2025-08-07T22:17:30Z,SA-0005131,certifier_irrigate,atk-0114,Certifier,ManageRoles,AuditLog,South,DENY,IDS_BLOCKED,True
2025-08-08T00:01:54Z,SA-0005132,certifier_irrigate,atk-0030,Certifier,ReadAll,IrrigationControl,North,DENY,POLICY_VIOLATION,True
2025-08-08T00:36:50Z,SA-0005133,certifier_irrigate,atk-0250,Certifier,ManageRoles,SensorData,South,DENY,CERT_REVOKED,True
2025-08-08T01:40:23Z,SA-0005134,certifier_irrigate,atk-0115,Certifier,ControlZone,IrrigationControl,North,DENY,ZONE_MISMATCH,True
2025-08-08T03:06:16Z,SA-0005135,certifier_irrigate,atk-0210,Certifier,ReadAll,AuditLog,North,DENY,OP_NOT_PERMITTED,True
2025-08-08T03:53:21Z,SA-0005136,certifier_irrigate,atk-0465,Certifier,ManageRoles,SensorData,North,DENY,OP_NOT_PERMITTED,True
2025-08-08T06:52:13Z,SA-0005137,certifier_irrigate,atk-0453,Certifier,ManageRoles,AuditLog,North,DENY,ZONE_MISMATCH,True
2025-08-08T07:03:20Z,SA-0005138,certifier_irrigate,atk-0343,Certifier,ManageRoles,SensorData,West,DENY,ROLE_INSUFFICIENT,True
2025-08-08T07:32:24Z,SA-0005139,certifier_irrigate,atk-0043,Certifier,ReadAll,IrrigationControl,North,DENY,ROLE_INSUFFICIENT,True
2025-08-08T09:58:39Z,SA-0005140,certifier_irrigate,atk-0246,Certifier,ControlZone,RoleAssignment,West,DENY,OP_NOT_PERMITTED,True
2025-08-08T12:18:13Z,SA-0005141,certifier_irrigate,atk-0492,Certifier,ReadAudit,AuditLog,South,DENY,CERT_REVOKED,True
2025-08-08T14:38:30Z,SA-0005142,certifier_irrigate,atk-0239,Certifier,ControlZone,SensorData,East,DENY,CERT_REVOKED,True
2025-08-08T16:05:14Z,SA-0005143,certifier_irrigate,atk-0013,Certifier,WriteSensor,RoleAssignment,South,DENY,ROLE_INSUFFICIENT,True
2025-08-08T17:13:30Z,SA-0005144,certifier_irrigate,atk-0180,Certifier,ReadAll,RoleAssignment,West,DENY,ROLE_INSUFFICIENT,True
2025-08-08T19:25:55Z,SA-0005145,certifier_irrigate,atk-0448,Certifier,ReadAll,AuditLog,North,DENY,CERT_REVOKED,True
2025-08-08T20:49:33Z,SA-0005146,certifier_irrigate,atk-0001,Certifier,ManageRoles,AuditLog,East,DENY,ROLE_INSUFFICIENT,True
2025-08-08T22:00:28Z,SA-0005147,certifier_irrigate,atk-0321,Certifier,ManageRoles,IrrigationControl,North,DENY,POLICY_VIOLATION,True
2025-08-08T22:23:23Z,SA-0005148,certifier_irrigate,atk-0254,Certifier,ControlZone,SensorData,North,DENY,ROLE_INSUFFICIENT,True
2025-08-08T23:32:38Z,SA-0005149,certifier_irrigate,atk-0303,Certifier,ReadAll,IrrigationControl,East,DENY,ZONE_MISMATCH,True
2025-08-08T23:37:27Z,SA-0005150,certifier_irrigate,atk-0062,Certifier,ReadAudit,IrrigationControl,West,DENY,IDS_BLOCKED,True
2025-08-08T23:58:29Z,SA-0005151,certifier_irrigate,atk-0445,Certifier,ReadAll,RoleAssignment,North,DENY,POLICY_VIOLATION,True
2025-08-09T01:14:59Z,SA-0005152,certifier_irrigate,atk-0019,Certifier,ReadAll,SensorData,North,DENY,ZONE_MISMATCH,True
2025-08-09T01:39:36Z,SA-0005153,certifier_irrigate,atk-0168,Certifier,WriteSensor,RoleAssignment,West,DENY,CERT_REVOKED,True
2025-08-09T03:11:17Z,SA-0005154,certifier_irrigate,atk-0357,Certifier,ReadAudit,IrrigationControl,West,DENY,ZONE_MISMATCH,True
2025-08-09T07:45:21Z,SA-0005155,certifier_irrigate,atk-0442,Certifier,ReadAudit,SensorData,South,DENY,CERT_REVOKED,True
2025-08-09T09:13:19Z,SA-0005156,certifier_irrigate,atk-0290,Certifier,ManageRoles,IrrigationControl,North,DENY,ROLE_INSUFFICIENT,True
2025-08-09T11:44:24Z,SA-0005157,certifier_irrigate,atk-0230,Certifier,ReadAll,IrrigationControl,West,DENY,OP_NOT_PERMITTED,True
2025-08-09T13:51:11Z,SA-0005158,certifier_irrigate,atk-0243,Certifier,ReadAudit,IrrigationControl,South,DENY,ROLE_INSUFFICIENT,True
2025-08-09T14:46:11Z,SA-0005159,certifier_irrigate,atk-0235,Certifier,ReadAll,SensorData,West,DENY,CERT_REVOKED,True
2025-08-09T15:05:15Z,SA-0005160,certifier_irrigate,atk-0390,Certifier,WriteSensor,AuditLog,West,DENY,ZONE_MISMATCH,True
2025-08-09T21:39:37Z,SA-0005161,certifier_irrigate,atk-0146,Certifier,ControlZone,SensorData,North,DENY,CERT_REVOKED,True
2025-08-09T23:00:47Z,SA-0005162,certifier_irrigate,atk-0434,Certifier,ControlZone,IrrigationControl,West,DENY,ZONE_MISMATCH,True
2025-08-10T04:06:51Z,SA-0005163,certifier_irrigate,atk-0374,Certifier,ManageRoles,AuditLog,East,DENY,ZONE_MISMATCH,True
2025-08-10T06:05:48Z,SA-0005164,certifier_irrigate,atk-0066,Certifier,WriteSensor,SensorData,South,DENY,ZONE_MISMATCH,True
2025-08-10T09:20:50Z,SA-0005165,certifier_irrigate,atk-0393,Certifier,ReadAll,SensorData,East,DENY,ZONE_MISMATCH,True
2025-08-10T10:00:17Z,SA-0005166,certifier_irrigate,atk-0141,Certifier,ManageRoles,RoleAssignment,South,DENY,ZONE_MISMATCH,True
2025-08-10T16:38:53Z,SA-0005167,certifier_irrigate,atk-0317,Certifier,ManageRoles,SensorData,West,DENY,CERT_REVOKED,True
2025-08-10T17:32:00Z,SA-0005168,certifier_irrigate,atk-0199,Certifier,ManageRoles,SensorData,East,DENY,OP_NOT_PERMITTED,True
2025-08-10T18:46:54Z,SA-0005169,certifier_irrigate,atk-0485,Certifier,ReadAll,SensorData,East,DENY,POLICY_VIOLATION,True
2025-08-10T19:15:39Z,SA-0005170,certifier_irrigate,atk-0145,Certifier,ReadAll,AuditLog,East,DENY,CERT_REVOKED,True
2025-08-10T20:11:12Z,SA-0005171,certifier_irrigate,atk-0399,Certifier,ReadAudit,AuditLog,South,DENY,OP_NOT_PERMITTED,True
2025-08-10T22:22:07Z,SA-0005172,certifier_irrigate,atk-0211,Certifier,ReadAudit,SensorData,South,DENY,OP_NOT_PERMITTED,True
2025-08-10T22:53:34Z,SA-0005173,certifier_irrigate,atk-0111,Certifier,WriteSensor,IrrigationControl,North,DENY,OP_NOT_PERMITTED,True
2025-08-10T23:22:56Z,SA-0005174,certifier_irrigate,atk-0259,Certifier,WriteSensor,AuditLog,North,DENY,OP_NOT_PERMITTED,True
2025-08-10T23:25:59Z,SA-0005175,certifier_irrigate,atk-0440,Certifier,ReadAudit,AuditLog,East,DENY,ROLE_INSUFFICIENT,True
2025-08-10T23:52:27Z,SA-0005176,certifier_irrigate,atk-0124,Certifier,ReadAudit,IrrigationControl,East,DENY,ZONE_MISMATCH,True
2025-08-11T01:52:33Z,SA-0005177,certifier_irrigate,atk-0232,Certifier,ReadAll,AuditLog,West,DENY,ROLE_INSUFFICIENT,True
2025-08-11T01:54:23Z,SA-0005178,certifier_irrigate,atk-0199,Certifier,ManageRoles,IrrigationControl,East,DENY,ROLE_INSUFFICIENT,True
2025-08-11T03:00:49Z,SA-0005179,certifier_irrigate,atk-0460,Certifier,ReadAll,IrrigationControl,North,DENY,POLICY_VIOLATION,True
2025-08-11T03:43:46Z,SA-0005180,certifier_irrigate,atk-0461,Certifier,ControlZone,IrrigationControl,North,DENY,ROLE_INSUFFICIENT,True
2025-08-11T04:37:33Z,SA-0005181,certifier_irrigate,atk-0249,Certifier,WriteSensor,SensorData,East,DENY,ZONE_MISMATCH,True
2025-08-11T05:05:55Z,SA-0005182,certifier_irrigate,atk-0145,Certifier,WriteSensor,AuditLog,East,DENY,OP_NOT_PERMITTED,True
2025-08-11T06:36:17Z,SA-0005183,certifier_irrigate,atk-0419,Certifier,WriteSensor,SensorData,West,DENY,CERT_REVOKED,True
2025-08-11T09:34:59Z,SA-0005184,certifier_irrigate,atk-0059,Certifier,WriteSensor,SensorData,West,DENY,OP_NOT_PERMITTED,True
2025-08-11T12:48:11Z,SA-0005185,certifier_irrigate,atk-0282,Certifier,ManageRoles,IrrigationControl,North,DENY,ZONE_MISMATCH,True
2025-08-11T14:32:02Z,SA-0005186,certifier_irrigate,atk-0234,Certifier,ManageRoles,RoleAssignment,West,DENY,ROLE_INSUFFICIENT,True
2025-08-11T14:38:01Z,SA-0005187,certifier_irrigate,atk-0039,Certifier,WriteSensor,SensorData,South,DENY,OP_NOT_PERMITTED,True
2025-08-11T14:45:52Z,SA-0005188,certifier_irrigate,atk-0435,Certifier,ManageRoles,AuditLog,North,DENY,ROLE_INSUFFICIENT,True
2025-08-11T16:08:36Z,SA-0005189,certifier_irrigate,atk-0437,Certifier,ManageRoles,AuditLog,South,DENY,IDS_BLOCKED,True
2025-08-11T20:28:05Z,SA-0005190,certifier_irrigate,atk-0342,Certifier,ReadAudit,AuditLog,South,DENY,POLICY_VIOLATION,True
2025-08-11T23:22:02Z,SA-0005191,certifier_irrigate,atk-0269,Certifier,WriteSensor,SensorData,North,DENY,ROLE_INSUFFICIENT,True
2025-08-11T23:36:53Z,SA-0005192,certifier_irrigate,atk-0473,Certifier,ReadAll,RoleAssignment,West,DENY,ZONE_MISMATCH,True
2025-08-12T00:09:26Z,SA-0005193,certifier_irrigate,atk-0193,Certifier,ReadAll,IrrigationControl,West,DENY,IDS_BLOCKED,True
2025-08-12T00:18:37Z,SA-0005194,certifier_irrigate,atk-0058,Certifier,ControlZone,IrrigationControl,West,DENY,POLICY_VIOLATION,True
2025-08-12T00:53:28Z,SA-0005195,certifier_irrigate,atk-0095,Certifier,ReadAll,AuditLog,South,DENY,POLICY_VIOLATION,True
2025-08-12T05:10:50Z,SA-0005196,certifier_irrigate,atk-0372,Certifier,ReadAll,IrrigationControl,West,DENY,OP_NOT_PERMITTED,True
2025-08-12T05:27:20Z,SA-0005197,certifier_irrigate,atk-0089,Certifier,ReadAll,IrrigationControl,South,DENY,POLICY_VIOLATION,True
2025-08-12T05:32:06Z,SA-0005198,certifier_irrigate,atk-0466,Certifier,ManageRoles,IrrigationControl,South,DENY,POLICY_VIOLATION,True
2025-08-12T06:52:21Z,SA-0005199,certifier_irrigate,atk-0137,Certifier,ManageRoles,SensorData,East,DENY,ROLE_INSUFFICIENT,True
2025-08-12T14:48:09Z,SA-0005200,certifier_irrigate,atk-0245,Certifier,ControlZone,AuditLog,West,DENY,OP_NOT_PERMITTED,True
2025-08-12T15:39:08Z,SA-0005201,certifier_irrigate,atk-0197,Certifier,ControlZone,IrrigationControl,West,DENY,ROLE_INSUFFICIENT,True
2025-08-12T16:02:19Z,SA-0005202,certifier_irrigate,atk-0398,Certifier,ReadAudit,RoleAssignment,West,DENY,OP_NOT_PERMITTED,True
2025-08-12T16:20:58Z,SA-0005203,certifier_irrigate,atk-0207,Certifier,ControlZone,AuditLog,East,DENY,ROLE_INSUFFICIENT,True
2025-08-12T16:26:22Z,SA-0005204,certifier_irrigate,atk-0235,Certifier,WriteSensor,IrrigationControl,South,DENY,CERT_REVOKED,True
2025-08-12T16:59:01Z,SA-0005205,certifier_irrigate,atk-0025,Certifier,ReadAudit,SensorData,West,DENY,ROLE_INSUFFICIENT,True
2025-08-12T17:26:37Z,SA-0005206,certifier_irrigate,atk-0466,Certifier,ManageRoles,IrrigationControl,East,DENY,ROLE_INSUFFICIENT,True
2025-08-12T18:38:59Z,SA-0005207,certifier_irrigate,atk-0491,Certifier,ReadAudit,SensorData,South,DENY,CERT_REVOKED,True
2025-08-12T20:40:13Z,SA-0005208,certifier_irrigate,atk-0401,Certifier,ReadAll,RoleAssignment,North,DENY,IDS_BLOCKED,True
2025-08-12T20:55:11Z,SA-0005209,certifier_irrigate,atk-0374,Certifier,ControlZone,IrrigationControl,South,DENY,POLICY_VIOLATION,True
2025-08-12T21:34:38Z,SA-0005210,certifier_irrigate,atk-0344,Certifier,ReadAudit,SensorData,West,DENY,ROLE_INSUFFICIENT,True
2025-08-12T22:53:23Z,SA-0005211,certifier_irrigate,atk-0495,Certifier,ReadAll,RoleAssignment,South,DENY,ZONE_MISMATCH,True
2025-08-12T23:39:26Z,SA-0005212,certifier_irrigate,atk-0419,Certifier,ReadAudit,IrrigationControl,East,DENY,POLICY_VIOLATION,True
2025-08-13T01:27:31Z,SA-0005213,certifier_irrigate,atk-0234,Certifier,ControlZone,SensorData,North,DENY,CERT_REVOKED,True
2025-08-13T02:44:32Z,SA-0005214,certifier_irrigate,atk-0107,Certifier,ControlZone,AuditLog,South,DENY,IDS_BLOCKED,True
2025-08-13T06:22:38Z,SA-0005215,certifier_irrigate,atk-0488,Certifier,ManageRoles,RoleAssignment,East,DENY,ROLE_INSUFFICIENT,True
2025-08-13T07:30:56Z,SA-0005216,certifier_irrigate,atk-0206,Certifier,ReadAudit,IrrigationControl,West,DENY,IDS_BLOCKED,True
2025-08-13T10:51:05Z,SA-0005217,certifier_irrigate,atk-0185,Certifier,WriteSensor,AuditLog,North,DENY,OP_NOT_PERMITTED,True
2025-08-13T11:38:53Z,SA-0005218,certifier_irrigate,atk-0196,Certifier,ReadAll,SensorData,East,DENY,OP_NOT_PERMITTED,True
2025-08-13T11:44:44Z,SA-0005219,certifier_irrigate,atk-0222,Certifier,ReadAll,IrrigationControl,West,DENY,POLICY_VIOLATION,True
2025-08-13T13:10:42Z,SA-0005220,certifier_irrigate,atk-0101,Certifier,ReadAll,SensorData,North,DENY,IDS_BLOCKED,True
2025-08-13T23:03:13Z,SA-0005221,certifier_irrigate,atk-0142,Certifier,ReadAll,AuditLog,North,DENY,CERT_REVOKED,True
2025-08-13T23:22:10Z,SA-0005222,certifier_irrigate,atk-0012,Certifier,ReadAudit,SensorData,East,DENY,OP_NOT_PERMITTED,True
2025-08-13T23:26:42Z,SA-0005223,certifier_irrigate,atk-0131,Certifier,ReadAll,AuditLog,South,DENY,IDS_BLOCKED,True
2025-08-13T23:35:35Z,SA-0005224,certifier_irrigate,atk-0105,Certifier,ManageRoles,RoleAssignment,East,DENY,ZONE_MISMATCH,True
2025-08-14T00:53:45Z,SA-0005225,certifier_irrigate,atk-0021,Certifier,WriteSensor,IrrigationControl,East,DENY,IDS_BLOCKED,True
2025-08-14T05:01:48Z,SA-0005226,certifier_irrigate,atk-0170,Certifier,ControlZone,RoleAssignment,East,DENY,OP_NOT_PERMITTED,True
2025-08-14T06:28:08Z,SA-0005227,certifier_irrigate,atk-0398,Certifier,ReadAudit,AuditLog,East,DENY,ZONE_MISMATCH,True
2025-08-14T06:33:17Z,SA-0005228,certifier_irrigate,atk-0384,Certifier,ReadAudit,RoleAssignment,East,DENY,IDS_BLOCKED,True
2025-08-14T07:47:00Z,SA-0005229,certifier_irrigate,atk-0486,Certifier,ReadAudit,IrrigationControl,South,DENY,ZONE_MISMATCH,True
2025-08-14T14:07:57Z,SA-0005230,certifier_irrigate,atk-0361,Certifier,ReadAll,SensorData,East,DENY,ZONE_MISMATCH,True
2025-08-14T15:03:34Z,SA-0005231,certifier_irrigate,atk-0247,Certifier,ManageRoles,RoleAssignment,West,DENY,OP_NOT_PERMITTED,True
2025-08-14T15:04:27Z,SA-0005232,certifier_irrigate,atk-0211,Certifier,WriteSensor,AuditLog,South,DENY,ROLE_INSUFFICIENT,True
2025-08-14T16:03:19Z,SA-0005233,certifier_irrigate,atk-0300,Certifier,ReadAudit,IrrigationControl,South,DENY,IDS_BLOCKED,True
2025-08-14T18:47:16Z,SA-0005234,certifier_irrigate,atk-0350,Certifier,WriteSensor,SensorData,South,DENY,POLICY_VIOLATION,True
2025-08-14T19:53:49Z,SA-0005235,certifier_irrigate,atk-0332,Certifier,ReadAll,SensorData,North,DENY,ZONE_MISMATCH,True
2025-08-14T20:07:05Z,SA-0005236,certifier_irrigate,atk-0371,Certifier,ReadAudit,AuditLog,North,DENY,ZONE_MISMATCH,True
2025-08-14T21:27:52Z,SA-0005237,certifier_irrigate,atk-0400,Certifier,ReadAudit,AuditLog,South,DENY,ROLE_INSUFFICIENT,True
2025-08-14T21:29:57Z,SA-0005238,certifier_irrigate,atk-0473,Certifier,ManageRoles,AuditLog,North,DENY,POLICY_VIOLATION,True
2025-08-14T22:59:08Z,SA-0005239,certifier_irrigate,atk-0261,Certifier,WriteSensor,SensorData,South,DENY,ZONE_MISMATCH,True
2025-08-15T01:33:58Z,SA-0005240,certifier_irrigate,atk-0199,Certifier,WriteSensor,IrrigationControl,East,DENY,OP_NOT_PERMITTED,True
2025-08-15T01:37:48Z,SA-0005241,certifier_irrigate,atk-0100,Certifier,ManageRoles,AuditLog,North,DENY,CERT_REVOKED,True
2025-08-15T02:45:31Z,SA-0005242,certifier_irrigate,atk-0142,Certifier,WriteSensor,IrrigationControl,East,DENY,POLICY_VIOLATION,True
2025-08-15T03:57:25Z,SA-0005243,certifier_irrigate,atk-0337,Certifier,WriteSensor,SensorData,West,DENY,ZONE_MISMATCH,True
2025-08-15T05:59:55Z,SA-0005244,certifier_irrigate,atk-0288,Certifier,ManageRoles,SensorData,North,DENY,OP_NOT_PERMITTED,True
2025-08-15T06:14:39Z,SA-0005245,certifier_irrigate,atk-0495,Certifier,ReadAll,RoleAssignment,East,DENY,ZONE_MISMATCH,True
2025-08-15T08:00:39Z,SA-0005246,certifier_irrigate,atk-0228,Certifier,ManageRoles,RoleAssignment,South,DENY,ROLE_INSUFFICIENT,True
2025-08-15T14:49:21Z,SA-0005247,certifier_irrigate,atk-0246,Certifier,ManageRoles,RoleAssignment,South,DENY,POLICY_VIOLATION,True
2025-08-15T17:14:22Z,SA-0005248,certifier_irrigate,atk-0202,Certifier,ReadAudit,RoleAssignment,West,DENY,ZONE_MISMATCH,True
2025-08-15T17:48:50Z,SA-0005249,certifier_irrigate,atk-0167,Certifier,ControlZone,IrrigationControl,East,DENY,ROLE_INSUFFICIENT,True
2025-08-15T18:00:25Z,SA-0005250,certifier_irrigate,atk-0232,Certifier,ControlZone,RoleAssignment,West,DENY,CERT_REVOKED,True
2025-08-15T18:07:45Z,SA-0005251,certifier_irrigate,atk-0067,Certifier,WriteSensor,SensorData,South,DENY,IDS_BLOCKED,True
2025-08-15T18:45:18Z,SA-0005252,certifier_irrigate,atk-0445,Certifier,WriteSensor,SensorData,East,DENY,IDS_BLOCKED,True
2025-08-15T21:08:58Z,SA-0005253,certifier_irrigate,atk-0256,Certifier,ReadAll,IrrigationControl,East,DENY,CERT_REVOKED,True
2025-08-15T22:02:38Z,SA-0005254,certifier_irrigate,atk-0442,Certifier,ManageRoles,IrrigationControl,North,DENY,ZONE_MISMATCH,True
2025-08-15T23:37:05Z,SA-0005255,certifier_irrigate,atk-0282,Certifier,WriteSensor,AuditLog,North,DENY,ROLE_INSUFFICIENT,True
2025-08-16T00:33:24Z,SA-0005256,certifier_irrigate,atk-0471,Certifier,ControlZone,RoleAssignment,North,DENY,POLICY_VIOLATION,True
2025-08-16T02:35:56Z,SA-0005257,certifier_irrigate,atk-0458,Certifier,ReadAll,AuditLog,South,DENY,ZONE_MISMATCH,True
2025-08-16T03:01:38Z,SA-0005258,certifier_irrigate,atk-0278,Certifier,ReadAudit,IrrigationControl,North,DENY,CERT_REVOKED,True
2025-08-16T04:16:15Z,SA-0005259,certifier_irrigate,atk-0337,Certifier,ReadAll,IrrigationControl,South,DENY,ROLE_INSUFFICIENT,True
2025-08-16T05:43:47Z,SA-0005260,certifier_irrigate,atk-0493,Certifier,ManageRoles,RoleAssignment,East,DENY,ROLE_INSUFFICIENT,True
2025-08-16T07:17:39Z,SA-0005261,certifier_irrigate,atk-0344,Certifier,ControlZone,SensorData,South,DENY,OP_NOT_PERMITTED,True
2025-08-16T09:28:21Z,SA-0005262,certifier_irrigate,atk-0108,Certifier,ControlZone,RoleAssignment,South,DENY,ROLE_INSUFFICIENT,True
2025-08-16T12:14:29Z,SA-0005263,certifier_irrigate,atk-0423,Certifier,ReadAudit,RoleAssignment,North,DENY,ROLE_INSUFFICIENT,True
2025-08-16T12:49:09Z,SA-0005264,certifier_irrigate,atk-0140,Certifier,ReadAudit,IrrigationControl,North,DENY,CERT_REVOKED,True
2025-08-16T14:52:05Z,SA-0005265,certifier_irrigate,atk-0233,Certifier,ReadAll,RoleAssignment,North,DENY,OP_NOT_PERMITTED,True
2025-08-16T15:15:11Z,SA-0005266,certifier_irrigate,atk-0428,Certifier,ManageRoles,AuditLog,East,DENY,CERT_REVOKED,True
2025-08-16T17:38:00Z,SA-0005267,certifier_irrigate,atk-0326,Certifier,ControlZone,AuditLog,North,DENY,CERT_REVOKED,True
2025-08-16T18:20:10Z,SA-0005268,certifier_irrigate,atk-0007,Certifier,ReadAll,RoleAssignment,North,DENY,OP_NOT_PERMITTED,True
2025-08-16T18:30:08Z,SA-0005269,certifier_irrigate,atk-0177,Certifier,ReadAudit,IrrigationControl,North,DENY,OP_NOT_PERMITTED,True
2025-08-16T22:07:23Z,SA-0005270,certifier_irrigate,atk-0041,Certifier,WriteSensor,SensorData,West,DENY,CERT_REVOKED,True
2025-08-16T23:08:04Z,SA-0005271,certifier_irrigate,atk-0397,Certifier,ReadAll,AuditLog,West,DENY,POLICY_VIOLATION,True
2025-08-17T02:03:40Z,SA-0005272,certifier_irrigate,atk-0092,Certifier,WriteSensor,IrrigationControl,West,DENY,ZONE_MISMATCH,True
2025-08-17T02:36:47Z,SA-0005273,certifier_irrigate,atk-0223,Certifier,ReadAudit,IrrigationControl,East,DENY,CERT_REVOKED,True
2025-08-17T05:10:34Z,SA-0005274,certifier_irrigate,atk-0321,Certifier,ReadAudit,IrrigationControl,South,DENY,CERT_REVOKED,True
2025-08-17T05:50:07Z,SA-0005275,certifier_irrigate,atk-0408,Certifier,ControlZone,SensorData,East,DENY,OP_NOT_PERMITTED,True
2025-08-17T06:31:58Z,SA-0005276,certifier_irrigate,atk-0213,Certifier,ControlZone,SensorData,South,DENY,OP_NOT_PERMITTED,True
2025-08-17T06:39:00Z,SA-0005277,certifier_irrigate,atk-0316,Certifier,ReadAll,AuditLog,South,DENY,CERT_REVOKED,True
2025-08-17T12:02:53Z,SA-0005278,certifier_irrigate,atk-0110,Certifier,ManageRoles,AuditLog,West,DENY,ROLE_INSUFFICIENT,True
2025-08-17T13:59:05Z,SA-0005279,certifier_irrigate,atk-0020,Certifier,ReadAll,RoleAssignment,South,DENY,ROLE_INSUFFICIENT,True
2025-08-17T14:00:44Z,SA-0005280,certifier_irrigate,atk-0337,Certifier,ReadAudit,IrrigationControl,North,DENY,IDS_BLOCKED,True
2025-08-17T14:01:23Z,SA-0005281,certifier_irrigate,atk-0086,Certifier,ManageRoles,RoleAssignment,West,DENY,IDS_BLOCKED,True
2025-08-17T14:24:48Z,SA-0005282,certifier_irrigate,atk-0377,Certifier,ManageRoles,SensorData,North,DENY,POLICY_VIOLATION,True
2025-08-17T15:49:20Z,SA-0005283,certifier_irrigate,atk-0137,Certifier,ManageRoles,RoleAssignment,North,DENY,POLICY_VIOLATION,True
2025-08-17T18:48:25Z,SA-0005284,certifier_irrigate,atk-0480,Certifier,ControlZone,IrrigationControl,North,DENY,OP_NOT_PERMITTED,True
2025-08-17T20:25:09Z,SA-0005285,certifier_irrigate,atk-0374,Certifier,WriteSensor,IrrigationControl,West,DENY,CERT_REVOKED,True
2025-08-17T22:19:35Z,SA-0005286,certifier_irrigate,atk-0133,Certifier,ManageRoles,SensorData,West,DENY,IDS_BLOCKED,True
2025-08-18T01:33:08Z,SA-0005287,certifier_irrigate,atk-0018,Certifier,ReadAudit,SensorData,South,DENY,IDS_BLOCKED,True
2025-08-18T02:08:44Z,SA-0005288,certifier_irrigate,atk-0373,Certifier,ManageRoles,IrrigationControl,South,DENY,CERT_REVOKED,True
2025-08-18T03:03:00Z,SA-0005289,certifier_irrigate,atk-0424,Certifier,ReadAll,RoleAssignment,West,DENY,IDS_BLOCKED,True
2025-08-18T04:48:41Z,SA-0005290,certifier_irrigate,atk-0498,Certifier,ControlZone,IrrigationControl,North,DENY,IDS_BLOCKED,True
2025-08-18T05:00:34Z,SA-0005291,certifier_irrigate,atk-0445,Certifier,ManageRoles,IrrigationControl,East,DENY,ZONE_MISMATCH,True
2025-08-18T05:06:11Z,SA-0005292,certifier_irrigate,atk-0023,Certifier,ManageRoles,RoleAssignment,East,DENY,POLICY_VIOLATION,True
2025-08-18T11:01:55Z,SA-0005293,certifier_irrigate,atk-0437,Certifier,WriteSensor,AuditLog,West,DENY,OP_NOT_PERMITTED,True
2025-08-18T13:13:36Z,SA-0005294,certifier_irrigate,atk-0064,Certifier,ReadAudit,RoleAssignment,West,DENY,CERT_REVOKED,True
2025-08-18T13:34:54Z,SA-0005295,certifier_irrigate,atk-0264,Certifier,WriteSensor,SensorData,North,DENY,ROLE_INSUFFICIENT,True
2025-08-18T13:40:54Z,SA-0005296,certifier_irrigate,atk-0475,Certifier,ManageRoles,RoleAssignment,East,DENY,OP_NOT_PERMITTED,True
2025-08-18T15:03:35Z,SA-0005297,certifier_irrigate,atk-0212,Certifier,ControlZone,IrrigationControl,East,DENY,IDS_BLOCKED,True
2025-08-18T15:14:25Z,SA-0005298,certifier_irrigate,atk-0200,Certifier,ControlZone,AuditLog,South,DENY,ROLE_INSUFFICIENT,True
2025-08-18T16:37:09Z,SA-0005299,certifier_irrigate,atk-0025,Certifier,ControlZone,AuditLog,East,DENY,ZONE_MISMATCH,True
2025-08-18T19:51:42Z,SA-0005300,certifier_irrigate,atk-0002,Certifier,ControlZone,IrrigationControl,West,DENY,CERT_REVOKED,True
2025-08-18T22:02:43Z,SA-0005301,certifier_irrigate,atk-0379,Certifier,WriteSensor,RoleAssignment,North,DENY,CERT_REVOKED,True
2025-08-18T22:28:43Z,SA-0005302,certifier_irrigate,atk-0170,Certifier,WriteSensor,SensorData,North,DENY,POLICY_VIOLATION,True
2025-08-19T01:32:08Z,SA-0005303,certifier_irrigate,atk-0195,Certifier,ReadAll,RoleAssignment,South,DENY,CERT_REVOKED,True
2025-08-19T02:25:07Z,SA-0005304,certifier_irrigate,atk-0228,Certifier,ControlZone,IrrigationControl,West,DENY,IDS_BLOCKED,True
2025-08-19T02:52:17Z,SA-0005305,certifier_irrigate,atk-0055,Certifier,ReadAudit,SensorData,South,DENY,CERT_REVOKED,True
2025-08-19T03:15:52Z,SA-0005306,certifier_irrigate,atk-0054,Certifier,ManageRoles,IrrigationControl,South,DENY,ROLE_INSUFFICIENT,True
2025-08-19T05:06:11Z,SA-0005307,certifier_irrigate,atk-0179,Certifier,WriteSensor,IrrigationControl,West,DENY,ROLE_INSUFFICIENT,True
2025-08-19T05:43:21Z,SA-0005308,certifier_irrigate,atk-0030,Certifier,ManageRoles,IrrigationControl,East,DENY,IDS_BLOCKED,True
2025-08-19T09:04:35Z,SA-0005309,certifier_irrigate,atk-0236,Certifier,ManageRoles,IrrigationControl,West,DENY,ROLE_INSUFFICIENT,True
2025-08-19T09:11:22Z,SA-0005310,certifier_irrigate,atk-0203,Certifier,ReadAll,IrrigationControl,East,DENY,ZONE_MISMATCH,True
2025-08-19T09:20:37Z,SA-0005311,certifier_irrigate,atk-0333,Certifier,WriteSensor,IrrigationControl,East,DENY,IDS_BLOCKED,True
2025-08-19T11:32:38Z,SA-0005312,certifier_irrigate,atk-0449,Certifier,ControlZone,SensorData,West,DENY,CERT_REVOKED,True
2025-08-19T13:43:49Z,SA-0005313,certifier_irrigate,atk-0082,Certifier,ReadAll,RoleAssignment,West,DENY,ROLE_INSUFFICIENT,True
2025-08-19T14:00:18Z,SA-0005314,certifier_irrigate,atk-0223,Certifier,ManageRoles,IrrigationControl,North,DENY,ZONE_MISMATCH,True
2025-08-19T14:09:19Z,SA-0005315,certifier_irrigate,atk-0408,Certifier,ReadAudit,AuditLog,West,DENY,OP_NOT_PERMITTED,True
2025-08-19T14:20:16Z,SA-0005316,certifier_irrigate,atk-0303,Certifier,ReadAll,AuditLog,South,DENY,CERT_REVOKED,True
2025-08-19T15:23:17Z,SA-0005317,certifier_irrigate,atk-0387,Certifier,ManageRoles,IrrigationControl,North,DENY,IDS_BLOCKED,True
2025-08-19T19:20:18Z,SA-0005318,certifier_irrigate,atk-0175,Certifier,ControlZone,SensorData,East,DENY,POLICY_VIOLATION,True
2025-08-19T19:40:41Z,SA-0005319,certifier_irrigate,atk-0261,Certifier,ReadAll,IrrigationControl,South,DENY,OP_NOT_PERMITTED,True
2025-08-19T19:55:11Z,SA-0005320,certifier_irrigate,atk-0263,Certifier,ManageRoles,AuditLog,West,DENY,ZONE_MISMATCH,True
2025-08-19T20:46:09Z,SA-0005321,certifier_irrigate,atk-0116,Certifier,ReadAll,IrrigationControl,North,DENY,ZONE_MISMATCH,True
2025-08-19T21:01:50Z,SA-0005322,certifier_irrigate,atk-0279,Certifier,WriteSensor,IrrigationControl,North,DENY,OP_NOT_PERMITTED,True
2025-08-19T21:37:36Z,SA-0005323,certifier_irrigate,atk-0166,Certifier,WriteSensor,SensorData,South,DENY,ZONE_MISMATCH,True
2025-08-19T22:40:58Z,SA-0005324,certifier_irrigate,atk-0470,Certifier,ReadAll,AuditLog,North,DENY,ZONE_MISMATCH,True
2025-08-20T00:56:48Z,SA-0005325,certifier_irrigate,atk-0044,Certifier,ManageRoles,AuditLog,West,DENY,CERT_REVOKED,True
2025-08-20T01:08:27Z,SA-0005326,certifier_irrigate,atk-0367,Certifier,ReadAll,RoleAssignment,East,DENY,IDS_BLOCKED,True
2025-08-20T01:45:53Z,SA-0005327,certifier_irrigate,atk-0349,Certifier,WriteSensor,SensorData,West,DENY,ROLE_INSUFFICIENT,True
2025-08-20T02:15:13Z,SA-0005328,certifier_irrigate,atk-0100,Certifier,ReadAudit,AuditLog,North,DENY,ZONE_MISMATCH,True
2025-08-20T02:54:57Z,SA-0005329,certifier_irrigate,atk-0405,Certifier,ReadAudit,AuditLog,West,DENY,POLICY_VIOLATION,True
2025-08-20T03:14:21Z,SA-0005330,certifier_irrigate,atk-0027,Certifier,ReadAll,RoleAssignment,South,DENY,CERT_REVOKED,True
2025-08-20T03:16:07Z,SA-0005331,certifier_irrigate,atk-0162,Certifier,WriteSensor,AuditLog,West,DENY,POLICY_VIOLATION,True
2025-08-20T04:22:50Z,SA-0005332,certifier_irrigate,atk-0137,Certifier,ControlZone,RoleAssignment,East,DENY,ROLE_INSUFFICIENT,True
2025-08-20T07:43:28Z,SA-0005333,certifier_irrigate,atk-0312,Certifier,ManageRoles,IrrigationControl,South,DENY,ZONE_MISMATCH,True
2025-08-20T09:39:04Z,SA-0005334,certifier_irrigate,atk-0088,Certifier,ReadAll,IrrigationControl,East,DENY,CERT_REVOKED,True
2025-08-20T11:47:55Z,SA-0005335,certifier_irrigate,atk-0091,Certifier,ControlZone,RoleAssignment,West,DENY,CERT_REVOKED,True
2025-08-20T12:36:30Z,SA-0005336,certifier_irrigate,atk-0279,Certifier,ControlZone,RoleAssignment,North,DENY,ROLE_INSUFFICIENT,True
2025-08-20T13:50:56Z,SA-0005337,certifier_irrigate,atk-0162,Certifier,ControlZone,IrrigationControl,West,DENY,CERT_REVOKED,True
2025-08-20T14:48:17Z,SA-0005338,certifier_irrigate,atk-0324,Certifier,ControlZone,SensorData,West,DENY,CERT_REVOKED,True
2025-08-20T16:04:58Z,SA-0005339,certifier_irrigate,atk-0025,Certifier,ReadAll,SensorData,South,DENY,ROLE_INSUFFICIENT,True
2025-08-20T20:57:12Z,SA-0005340,certifier_irrigate,atk-0280,Certifier,ControlZone,RoleAssignment,West,DENY,ZONE_MISMATCH,True
2025-08-20T21:19:16Z,SA-0005341,certifier_irrigate,atk-0147,Certifier,ReadAll,RoleAssignment,East,DENY,ZONE_MISMATCH,True
2025-08-20T22:46:59Z,SA-0005342,certifier_irrigate,atk-0062,Certifier,ReadAll,RoleAssignment,North,DENY,ZONE_MISMATCH,True
2025-08-20T23:37:55Z,SA-0005343,certifier_irrigate,atk-0320,Certifier,ControlZone,AuditLog,South,DENY,IDS_BLOCKED,True
2025-08-20T23:46:00Z,SA-0005344,certifier_irrigate,atk-0371,Certifier,WriteSensor,RoleAssignment,North,DENY,IDS_BLOCKED,True
2025-08-21T01:02:28Z,SA-0005345,certifier_irrigate,atk-0275,Certifier,ControlZone,IrrigationControl,East,DENY,POLICY_VIOLATION,True
2025-08-21T01:27:08Z,SA-0005346,certifier_irrigate,atk-0023,Certifier,ControlZone,SensorData,North,DENY,CERT_REVOKED,True
2025-08-21T01:32:44Z,SA-0005347,certifier_irrigate,atk-0270,Certifier,ReadAll,IrrigationControl,East,DENY,OP_NOT_PERMITTED,True
2025-08-21T01:41:38Z,SA-0005348,certifier_irrigate,atk-0225,Certifier,WriteSensor,RoleAssignment,North,DENY,OP_NOT_PERMITTED,True
2025-08-21T01:49:29Z,SA-0005349,certifier_irrigate,atk-0399,Certifier,ControlZone,IrrigationControl,East,DENY,ROLE_INSUFFICIENT,True
2025-08-21T02:22:47Z,SA-0005350,certifier_irrigate,atk-0470,Certifier,ControlZone,SensorData,West,DENY,OP_NOT_PERMITTED,True
2025-08-21T02:23:35Z,SA-0005351,certifier_irrigate,atk-0420,Certifier,ReadAll,SensorData,South,DENY,CERT_REVOKED,True
2025-08-21T04:33:38Z,SA-0005352,certifier_irrigate,atk-0359,Certifier,ReadAll,AuditLog,South,DENY,CERT_REVOKED,True
2025-08-21T04:42:49Z,SA-0005353,certifier_irrigate,atk-0324,Certifier,ReadAudit,SensorData,East,DENY,ZONE_MISMATCH,True
2025-08-21T09:21:32Z,SA-0005354,certifier_irrigate,atk-0140,Certifier,WriteSensor,RoleAssignment,North,DENY,ZONE_MISMATCH,True
2025-08-21T09:54:59Z,SA-0005355,certifier_irrigate,atk-0188,Certifier,ControlZone,IrrigationControl,West,DENY,IDS_BLOCKED,True
2025-08-21T10:45:10Z,SA-0005356,certifier_irrigate,atk-0332,Certifier,ReadAudit,IrrigationControl,West,DENY,ZONE_MISMATCH,True
2025-08-21T12:43:30Z,SA-0005357,certifier_irrigate,atk-0379,Certifier,ControlZone,AuditLog,South,DENY,CERT_REVOKED,True
2025-08-21T16:57:11Z,SA-0005358,certifier_irrigate,atk-0036,Certifier,ReadAudit,IrrigationControl,West,DENY,POLICY_VIOLATION,True
2025-08-21T16:59:47Z,SA-0005359,certifier_irrigate,atk-0271,Certifier,ControlZone,IrrigationControl,East,DENY,POLICY_VIOLATION,True
2025-08-21T19:55:14Z,SA-0005360,certifier_irrigate,atk-0403,Certifier,ReadAudit,AuditLog,West,DENY,ROLE_INSUFFICIENT,True
2025-08-21T21:06:48Z,SA-0005361,certifier_irrigate,atk-0227,Certifier,ReadAudit,IrrigationControl,East,DENY,ZONE_MISMATCH,True
2025-08-21T21:52:00Z,SA-0005362,certifier_irrigate,atk-0035,Certifier,ControlZone,AuditLog,South,DENY,ROLE_INSUFFICIENT,True
2025-08-21T22:31:18Z,SA-0005363,certifier_irrigate,atk-0240,Certifier,WriteSensor,RoleAssignment,East,DENY,POLICY_VIOLATION,True
2025-08-21T22:55:00Z,SA-0005364,certifier_irrigate,atk-0107,Certifier,ReadAll,IrrigationControl,South,DENY,CERT_REVOKED,True
2025-08-22T01:30:11Z,SA-0005365,certifier_irrigate,atk-0423,Certifier,ControlZone,SensorData,South,DENY,ZONE_MISMATCH,True
2025-08-22T01:34:43Z,SA-0005366,certifier_irrigate,atk-0109,Certifier,ReadAudit,SensorData,South,DENY,ZONE_MISMATCH,True
2025-08-22T03:23:24Z,SA-0005367,certifier_irrigate,atk-0047,Certifier,ReadAudit,SensorData,East,DENY,POLICY_VIOLATION,True
2025-08-22T06:26:33Z,SA-0005368,certifier_irrigate,atk-0121,Certifier,ReadAudit,AuditLog,South,DENY,CERT_REVOKED,True
2025-08-22T08:38:11Z,SA-0005369,certifier_irrigate,atk-0118,Certifier,ControlZone,RoleAssignment,West,DENY,ZONE_MISMATCH,True
2025-08-22T11:22:33Z,SA-0005370,certifier_irrigate,atk-0262,Certifier,WriteSensor,RoleAssignment,East,DENY,IDS_BLOCKED,True
2025-08-22T12:21:14Z,SA-0005371,certifier_irrigate,atk-0327,Certifier,ReadAll,AuditLog,East,DENY,OP_NOT_PERMITTED,True
2025-08-22T12:39:41Z,SA-0005372,certifier_irrigate,atk-0372,Certifier,ReadAudit,IrrigationControl,West,DENY,IDS_BLOCKED,True
2025-08-22T13:08:29Z,SA-0005373,certifier_irrigate,atk-0241,Certifier,ManageRoles,RoleAssignment,East,DENY,OP_NOT_PERMITTED,True
2025-08-22T14:31:12Z,SA-0005374,certifier_irrigate,atk-0364,Certifier,WriteSensor,SensorData,West,DENY,CERT_REVOKED,True
2025-08-22T15:07:52Z,SA-0005375,certifier_irrigate,atk-0380,Certifier,ManageRoles,SensorData,East,DENY,IDS_BLOCKED,True
2025-08-22T18:57:43Z,SA-0005376,certifier_irrigate,atk-0270,Certifier,WriteSensor,IrrigationControl,South,DENY,CERT_REVOKED,True
2025-08-22T20:19:50Z,SA-0005377,certifier_irrigate,atk-0181,Certifier,ControlZone,RoleAssignment,East,DENY,ROLE_INSUFFICIENT,True
2025-08-23T00:13:21Z,SA-0005378,certifier_irrigate,atk-0269,Certifier,WriteSensor,IrrigationControl,East,DENY,ZONE_MISMATCH,True
2025-08-23T01:51:09Z,SA-0005379,certifier_irrigate,atk-0126,Certifier,ReadAudit,SensorData,North,DENY,IDS_BLOCKED,True
2025-08-23T02:51:17Z,SA-0005380,certifier_irrigate,atk-0177,Certifier,ReadAll,SensorData,West,DENY,IDS_BLOCKED,True
2025-08-23T03:02:00Z,SA-0005381,certifier_irrigate,atk-0420,Certifier,WriteSensor,IrrigationControl,West,DENY,POLICY_VIOLATION,True
2025-08-23T03:52:35Z,SA-0005382,certifier_irrigate,atk-0240,Certifier,ReadAll,SensorData,East,DENY,IDS_BLOCKED,True
2025-08-23T04:03:19Z,SA-0005383,certifier_irrigate,atk-0323,Certifier,ManageRoles,SensorData,West,DENY,ZONE_MISMATCH,True
2025-08-23T05:19:39Z,SA-0005384,certifier_irrigate,atk-0227,Certifier,WriteSensor,RoleAssignment,North,DENY,ZONE_MISMATCH,True
2025-08-23T05:33:19Z,SA-0005385,certifier_irrigate,atk-0282,Certifier,ManageRoles,RoleAssignment,South,DENY,POLICY_VIOLATION,True
2025-08-23T08:37:35Z,SA-0005386,certifier_irrigate,atk-0200,Certifier,ManageRoles,IrrigationControl,South,DENY,POLICY_VIOLATION,True
2025-08-23T09:25:49Z,SA-0005387,certifier_irrigate,atk-0129,Certifier,ManageRoles,SensorData,North,DENY,IDS_BLOCKED,True
2025-08-23T10:20:35Z,SA-0005388,certifier_irrigate,atk-0112,Certifier,ControlZone,AuditLog,West,DENY,POLICY_VIOLATION,True
2025-08-23T11:09:02Z,SA-0005389,certifier_irrigate,atk-0367,Certifier,WriteSensor,IrrigationControl,East,DENY,IDS_BLOCKED,True
2025-08-23T11:15:09Z,SA-0005390,certifier_irrigate,atk-0113,Certifier,ManageRoles,AuditLog,West,DENY,POLICY_VIOLATION,True
2025-08-23T13:42:50Z,SA-0005391,certifier_irrigate,atk-0265,Certifier,ReadAll,RoleAssignment,East,DENY,CERT_REVOKED,True
2025-08-23T14:13:12Z,SA-0005392,certifier_irrigate,atk-0214,Certifier,ManageRoles,IrrigationControl,South,DENY,ZONE_MISMATCH,True
2025-08-23T16:25:21Z,SA-0005393,certifier_irrigate,atk-0245,Certifier,ReadAll,AuditLog,North,DENY,CERT_REVOKED,True
2025-08-23T18:28:14Z,SA-0005394,certifier_irrigate,atk-0244,Certifier,WriteSensor,SensorData,South,DENY,ROLE_INSUFFICIENT,True
2025-08-23T19:17:33Z,SA-0005395,certifier_irrigate,atk-0204,Certifier,WriteSensor,AuditLog,East,DENY,ZONE_MISMATCH,True
2025-08-23T19:40:08Z,SA-0005396,certifier_irrigate,atk-0112,Certifier,WriteSensor,RoleAssignment,West,DENY,CERT_REVOKED,True
2025-08-23T19:46:07Z,SA-0005397,certifier_irrigate,atk-0377,Certifier,ControlZone,IrrigationControl,West,DENY,POLICY_VIOLATION,True
2025-08-23T22:45:23Z,SA-0005398,certifier_irrigate,atk-0353,Certifier,ControlZone,SensorData,South,DENY,OP_NOT_PERMITTED,True
2025-08-24T00:46:35Z,SA-0005399,certifier_irrigate,atk-0470,Certifier,ManageRoles,SensorData,North,DENY,ZONE_MISMATCH,True
2025-08-24T01:39:04Z,SA-0005400,certifier_irrigate,atk-0145,Certifier,ReadAudit,SensorData,West,DENY,POLICY_VIOLATION,True
2025-08-24T02:37:02Z,SA-0005401,certifier_irrigate,atk-0226,Certifier,ReadAudit,AuditLog,North,DENY,ROLE_INSUFFICIENT,True
2025-08-24T06:41:14Z,SA-0005402,certifier_irrigate,atk-0411,Certifier,WriteSensor,AuditLog,North,DENY,IDS_BLOCKED,True
2025-08-24T06:45:44Z,SA-0005403,certifier_irrigate,atk-0282,Certifier,ReadAudit,SensorData,North,DENY,CERT_REVOKED,True
2025-08-24T09:32:15Z,SA-0005404,certifier_irrigate,atk-0034,Certifier,ReadAll,AuditLog,East,DENY,OP_NOT_PERMITTED,True
2025-08-24T10:49:30Z,SA-0005405,certifier_irrigate,atk-0135,Certifier,ControlZone,RoleAssignment,North,DENY,POLICY_VIOLATION,True
2025-08-24T11:36:55Z,SA-0005406,certifier_irrigate,atk-0491,Certifier,ControlZone,IrrigationControl,North,DENY,ROLE_INSUFFICIENT,True
2025-08-24T11:57:06Z,SA-0005407,certifier_irrigate,atk-0364,Certifier,ControlZone,RoleAssignment,West,DENY,IDS_BLOCKED,True
2025-08-24T13:45:15Z,SA-0005408,certifier_irrigate,atk-0179,Certifier,ReadAudit,SensorData,South,DENY,ZONE_MISMATCH,True
2025-08-24T16:59:32Z,SA-0005409,certifier_irrigate,atk-0427,Certifier,ManageRoles,IrrigationControl,West,DENY,IDS_BLOCKED,True
2025-08-24T20:42:27Z,SA-0005410,certifier_irrigate,atk-0353,Certifier,ReadAudit,SensorData,South,DENY,CERT_REVOKED,True
2025-08-25T00:03:06Z,SA-0005411,certifier_irrigate,atk-0459,Certifier,ReadAll,SensorData,West,DENY,ZONE_MISMATCH,True
2025-08-25T00:20:50Z,SA-0005412,certifier_irrigate,atk-0118,Certifier,ReadAudit,RoleAssignment,East,DENY,OP_NOT_PERMITTED,True
2025-08-25T00:32:26Z,SA-0005413,certifier_irrigate,atk-0475,Certifier,ManageRoles,AuditLog,North,DENY,POLICY_VIOLATION,True
2025-08-25T00:44:14Z,SA-0005414,certifier_irrigate,atk-0348,Certifier,ManageRoles,RoleAssignment,North,DENY,POLICY_VIOLATION,True
2025-08-25T03:31:02Z,SA-0005415,certifier_irrigate,atk-0355,Certifier,ReadAll,SensorData,North,DENY,ROLE_INSUFFICIENT,True
2025-08-25T03:42:05Z,SA-0005416,certifier_irrigate,atk-0348,Certifier,ReadAudit,RoleAssignment,North,DENY,ZONE_MISMATCH,True
2025-08-25T04:02:49Z,SA-0005417,certifier_irrigate,atk-0003,Certifier,ControlZone,SensorData,South,DENY,OP_NOT_PERMITTED,True
2025-08-25T04:47:32Z,SA-0005418,certifier_irrigate,atk-0127,Certifier,ReadAudit,IrrigationControl,South,DENY,OP_NOT_PERMITTED,True
2025-08-25T05:24:11Z,SA-0005419,certifier_irrigate,atk-0446,Certifier,ManageRoles,IrrigationControl,South,DENY,OP_NOT_PERMITTED,True
2025-08-25T06:01:00Z,SA-0005420,certifier_irrigate,atk-0399,Certifier,ControlZone,RoleAssignment,East,DENY,IDS_BLOCKED,True
2025-08-25T06:41:39Z,SA-0005421,certifier_irrigate,atk-0494,Certifier,WriteSensor,RoleAssignment,East,DENY,ROLE_INSUFFICIENT,True
2025-08-25T07:00:26Z,SA-0005422,certifier_irrigate,atk-0045,Certifier,ControlZone,AuditLog,East,DENY,ROLE_INSUFFICIENT,True
2025-08-25T10:20:39Z,SA-0005423,certifier_irrigate,atk-0128,Certifier,ControlZone,SensorData,East,DENY,ROLE_INSUFFICIENT,True
2025-08-25T10:21:13Z,SA-0005424,certifier_irrigate,atk-0267,Certifier,ControlZone,RoleAssignment,West,DENY,ZONE_MISMATCH,True
2025-08-25T10:21:33Z,SA-0005425,certifier_irrigate,atk-0355,Certifier,WriteSensor,IrrigationControl,North,DENY,CERT_REVOKED,True
2025-08-25T10:39:04Z,SA-0005426,certifier_irrigate,atk-0264,Certifier,ReadAll,AuditLog,South,DENY,CERT_REVOKED,True
2025-08-25T12:15:25Z,SA-0005427,certifier_irrigate,atk-0486,Certifier,ManageRoles,SensorData,West,DENY,ZONE_MISMATCH,True
2025-08-25T12:21:20Z,SA-0005428,certifier_irrigate,atk-0220,Certifier,ControlZone,RoleAssignment,East,DENY,CERT_REVOKED,True
2025-08-25T12:44:01Z,SA-0005429,certifier_irrigate,atk-0258,Certifier,WriteSensor,AuditLog,East,DENY,ROLE_INSUFFICIENT,True
2025-08-25T13:32:02Z,SA-0005430,certifier_irrigate,atk-0249,Certifier,ReadAll,SensorData,South,DENY,ROLE_INSUFFICIENT,True
2025-08-25T15:24:47Z,SA-0005431,certifier_irrigate,atk-0419,Certifier,ManageRoles,AuditLog,South,DENY,POLICY_VIOLATION,True
2025-08-25T16:17:20Z,SA-0005432,certifier_irrigate,atk-0128,Certifier,ControlZone,AuditLog,West,DENY,ZONE_MISMATCH,True
2025-08-25T19:58:27Z,SA-0005433,certifier_irrigate,atk-0292,Certifier,ControlZone,SensorData,North,DENY,ROLE_INSUFFICIENT,True
2025-08-25T21:09:18Z,SA-0005434,certifier_irrigate,atk-0391,Certifier,ReadAll,IrrigationControl,South,DENY,ZONE_MISMATCH,True
2025-08-25T21:15:42Z,SA-0005435,certifier_irrigate,atk-0348,Certifier,WriteSensor,RoleAssignment,East,DENY,OP_NOT_PERMITTED,True
2025-08-25T22:28:46Z,SA-0005436,certifier_irrigate,atk-0213,Certifier,ReadAll,IrrigationControl,East,DENY,IDS_BLOCKED,True
2025-08-25T22:47:16Z,SA-0005437,certifier_irrigate,atk-0478,Certifier,WriteSensor,AuditLog,West,DENY,CERT_REVOKED,True
2025-08-26T01:17:45Z,SA-0005438,certifier_irrigate,atk-0428,Certifier,ReadAudit,SensorData,South,DENY,IDS_BLOCKED,True
2025-08-26T05:20:19Z,SA-0005439,certifier_irrigate,atk-0144,Certifier,ControlZone,IrrigationControl,South,DENY,ZONE_MISMATCH,True
2025-08-26T07:21:03Z,SA-0005440,certifier_irrigate,atk-0166,Certifier,WriteSensor,IrrigationControl,West,DENY,POLICY_VIOLATION,True
2025-08-26T10:14:44Z,SA-0005441,certifier_irrigate,atk-0204,Certifier,ReadAll,IrrigationControl,West,DENY,OP_NOT_PERMITTED,True
2025-08-26T12:16:17Z,SA-0005442,certifier_irrigate,atk-0183,Certifier,WriteSensor,IrrigationControl,South,DENY,ZONE_MISMATCH,True
2025-08-26T15:41:44Z,SA-0005443,certifier_irrigate,atk-0111,Certifier,WriteSensor,SensorData,East,DENY,POLICY_VIOLATION,True
2025-08-26T16:51:36Z,SA-0005444,certifier_irrigate,atk-0385,Certifier,WriteSensor,AuditLog,West,DENY,OP_NOT_PERMITTED,True
2025-08-26T18:17:51Z,SA-0005445,certifier_irrigate,atk-0437,Certifier,WriteSensor,IrrigationControl,South,DENY,IDS_BLOCKED,True
2025-08-26T21:23:27Z,SA-0005446,certifier_irrigate,atk-0293,Certifier,ReadAudit,SensorData,East,DENY,OP_NOT_PERMITTED,True
2025-08-26T23:46:22Z,SA-0005447,certifier_irrigate,atk-0016,Certifier,ControlZone,IrrigationControl,East,DENY,IDS_BLOCKED,True
2025-08-27T02:29:54Z,SA-0005448,certifier_irrigate,atk-0212,Certifier,ReadAudit,RoleAssignment,South,DENY,ZONE_MISMATCH,True
2025-08-27T03:51:39Z,SA-0005449,certifier_irrigate,atk-0475,Certifier,ReadAudit,IrrigationControl,East,DENY,ROLE_INSUFFICIENT,True
2025-08-27T04:55:42Z,SA-0005450,certifier_irrigate,atk-0461,Certifier,ManageRoles,SensorData,West,DENY,ROLE_INSUFFICIENT,True
2025-08-27T06:01:32Z,SA-0005451,certifier_irrigate,atk-0464,Certifier,ManageRoles,RoleAssignment,North,DENY,CERT_REVOKED,True
2025-08-27T06:37:27Z,SA-0005452,certifier_irrigate,atk-0231,Certifier,WriteSensor,SensorData,East,DENY,OP_NOT_PERMITTED,True
2025-08-27T09:30:06Z,SA-0005453,certifier_irrigate,atk-0279,Certifier,ControlZone,RoleAssignment,South,DENY,IDS_BLOCKED,True
2025-08-27T13:43:31Z,SA-0005454,certifier_irrigate,atk-0231,Certifier,ReadAudit,IrrigationControl,West,DENY,OP_NOT_PERMITTED,True
2025-08-27T14:18:16Z,SA-0005455,certifier_irrigate,atk-0251,Certifier,WriteSensor,AuditLog,North,DENY,OP_NOT_PERMITTED,True
2025-08-27T15:02:07Z,SA-0005456,certifier_irrigate,atk-0353,Certifier,ControlZone,AuditLog,South,DENY,IDS_BLOCKED,True
2025-08-27T16:45:49Z,SA-0005457,certifier_irrigate,atk-0001,Certifier,ControlZone,SensorData,East,DENY,ZONE_MISMATCH,True
2025-08-27T17:23:24Z,SA-0005458,certifier_irrigate,atk-0135,Certifier,ReadAll,IrrigationControl,West,DENY,ZONE_MISMATCH,True
2025-08-27T17:33:27Z,SA-0005459,certifier_irrigate,atk-0453,Certifier,ControlZone,SensorData,West,DENY,POLICY_VIOLATION,True
2025-08-27T17:38:10Z,SA-0005460,certifier_irrigate,atk-0179,Certifier,ControlZone,SensorData,North,DENY,POLICY_VIOLATION,True
2025-08-27T19:18:47Z,SA-0005461,certifier_irrigate,atk-0231,Certifier,ControlZone,AuditLog,North,DENY,POLICY_VIOLATION,True
2025-08-27T21:58:09Z,SA-0005462,certifier_irrigate,atk-0458,Certifier,ReadAll,SensorData,North,DENY,IDS_BLOCKED,True
2025-08-27T23:32:10Z,SA-0005463,certifier_irrigate,atk-0473,Certifier,ManageRoles,RoleAssignment,South,DENY,ROLE_INSUFFICIENT,True
2025-08-28T01:55:44Z,SA-0005464,certifier_irrigate,atk-0401,Certifier,ManageRoles,RoleAssignment,North,DENY,IDS_BLOCKED,True
2025-08-28T02:50:47Z,SA-0005465,certifier_irrigate,atk-0239,Certifier,ReadAll,IrrigationControl,East,DENY,CERT_REVOKED,True
2025-08-28T03:01:03Z,SA-0005466,certifier_irrigate,atk-0170,Certifier,ControlZone,RoleAssignment,West,DENY,IDS_BLOCKED,True
2025-08-28T03:57:01Z,SA-0005467,certifier_irrigate,atk-0337,Certifier,ReadAll,AuditLog,East,DENY,OP_NOT_PERMITTED,True
2025-08-28T06:45:35Z,SA-0005468,certifier_irrigate,atk-0234,Certifier,ReadAudit,SensorData,East,DENY,POLICY_VIOLATION,True
2025-08-28T07:47:01Z,SA-0005469,certifier_irrigate,atk-0271,Certifier,WriteSensor,SensorData,North,DENY,POLICY_VIOLATION,True
2025-08-28T08:57:51Z,SA-0005470,certifier_irrigate,atk-0142,Certifier,WriteSensor,AuditLog,South,DENY,OP_NOT_PERMITTED,True
2025-08-28T10:50:25Z,SA-0005471,certifier_irrigate,atk-0179,Certifier,ControlZone,AuditLog,West,DENY,CERT_REVOKED,True
2025-08-28T14:01:46Z,SA-0005472,certifier_irrigate,atk-0271,Certifier,WriteSensor,SensorData,West,DENY,ROLE_INSUFFICIENT,True
2025-08-28T14:31:38Z,SA-0005473,certifier_irrigate,atk-0067,Certifier,ManageRoles,AuditLog,West,DENY,POLICY_VIOLATION,True
2025-08-28T16:57:45Z,SA-0005474,certifier_irrigate,atk-0240,Certifier,WriteSensor,RoleAssignment,North,DENY,CERT_REVOKED,True
2025-08-28T20:18:54Z,SA-0005475,certifier_irrigate,atk-0194,Certifier,WriteSensor,SensorData,North,DENY,POLICY_VIOLATION,True
2025-08-28T20:19:42Z,SA-0005476,certifier_irrigate,atk-0180,Certifier,ControlZone,SensorData,South,DENY,ROLE_INSUFFICIENT,True
2025-08-28T20:45:38Z,SA-0005477,certifier_irrigate,atk-0448,Certifier,ControlZone,RoleAssignment,East,DENY,CERT_REVOKED,True
2025-08-28T20:59:51Z,SA-0005478,certifier_irrigate,atk-0351,Certifier,WriteSensor,IrrigationControl,West,DENY,ROLE_INSUFFICIENT,True
2025-08-28T21:01:19Z,SA-0005479,certifier_irrigate,atk-0330,Certifier,ReadAll,AuditLog,West,DENY,POLICY_VIOLATION,True
2025-08-29T03:01:44Z,SA-0005480,certifier_irrigate,atk-0208,Certifier,ManageRoles,SensorData,East,DENY,OP_NOT_PERMITTED,True
2025-08-29T03:09:49Z,SA-0005481,certifier_irrigate,atk-0366,Certifier,ReadAll,SensorData,West,DENY,ROLE_INSUFFICIENT,True
2025-08-29T05:56:16Z,SA-0005482,certifier_irrigate,atk-0488,Certifier,ManageRoles,IrrigationControl,South,DENY,IDS_BLOCKED,True
2025-08-29T08:11:49Z,SA-0005483,certifier_irrigate,atk-0152,Certifier,ManageRoles,IrrigationControl,East,DENY,POLICY_VIOLATION,True
2025-08-29T08:44:22Z,SA-0005484,certifier_irrigate,atk-0399,Certifier,ReadAll,AuditLog,North,DENY,POLICY_VIOLATION,True
2025-08-29T11:52:40Z,SA-0005485,certifier_irrigate,atk-0069,Certifier,ControlZone,SensorData,West,DENY,IDS_BLOCKED,True
2025-08-29T11:57:54Z,SA-0005486,certifier_irrigate,atk-0287,Certifier,ControlZone,RoleAssignment,East,DENY,CERT_REVOKED,True
2025-08-29T13:21:14Z,SA-0005487,certifier_irrigate,atk-0301,Certifier,WriteSensor,AuditLog,East,DENY,OP_NOT_PERMITTED,True
2025-08-29T15:38:50Z,SA-0005488,certifier_irrigate,atk-0139,Certifier,ManageRoles,IrrigationControl,North,DENY,OP_NOT_PERMITTED,True
2025-08-29T16:49:07Z,SA-0005489,certifier_irrigate,atk-0156,Certifier,ManageRoles,IrrigationControl,North,DENY,OP_NOT_PERMITTED,True
2025-08-29T16:52:48Z,SA-0005490,certifier_irrigate,atk-0226,Certifier,ReadAll,SensorData,North,DENY,IDS_BLOCKED,True
2025-08-29T17:39:01Z,SA-0005491,certifier_irrigate,atk-0029,Certifier,WriteSensor,IrrigationControl,South,DENY,CERT_REVOKED,True
2025-08-29T17:51:39Z,SA-0005492,certifier_irrigate,atk-0320,Certifier,ControlZone,RoleAssignment,East,DENY,ZONE_MISMATCH,True
2025-08-29T20:21:09Z,SA-0005493,certifier_irrigate,atk-0288,Certifier,ReadAll,AuditLog,East,DENY,POLICY_VIOLATION,True
2025-08-29T21:11:30Z,SA-0005494,certifier_irrigate,atk-0276,Certifier,ControlZone,RoleAssignment,East,DENY,ROLE_INSUFFICIENT,True
2025-08-29T23:56:51Z,SA-0005495,certifier_irrigate,atk-0227,Certifier,ReadAll,RoleAssignment,South,DENY,IDS_BLOCKED,True
2025-08-30T05:15:56Z,SA-0005496,certifier_irrigate,atk-0257,Certifier,ReadAudit,RoleAssignment,North,DENY,CERT_REVOKED,True
2025-08-30T05:32:03Z,SA-0005497,certifier_irrigate,atk-0348,Certifier,ManageRoles,AuditLog,North,DENY,ROLE_INSUFFICIENT,True
2025-08-30T06:52:51Z,SA-0005498,certifier_irrigate,atk-0028,Certifier,WriteSensor,IrrigationControl,West,DENY,POLICY_VIOLATION,True
2025-08-30T07:15:54Z,SA-0005499,certifier_irrigate,atk-0358,Certifier,ReadAll,IrrigationControl,North,DENY,IDS_BLOCKED,True
2025-08-30T09:34:08Z,SA-0005500,certifier_irrigate,atk-0139,Certifier,ControlZone,AuditLog,North,DENY,ROLE_INSUFFICIENT,True
2025-08-30T10:06:56Z,SA-0005501,certifier_irrigate,atk-0146,Certifier,WriteSensor,RoleAssignment,West,DENY,CERT_REVOKED,True
2025-08-30T10:48:25Z,SA-0005502,certifier_irrigate,atk-0495,Certifier,ManageRoles,SensorData,North,DENY,ZONE_MISMATCH,True
2025-08-30T16:49:22Z,SA-0005503,certifier_irrigate,atk-0286,Certifier,WriteSensor,SensorData,South,DENY,ZONE_MISMATCH,True
2025-08-30T16:56:51Z,SA-0005504,certifier_irrigate,atk-0230,Certifier,ReadAudit,SensorData,South,DENY,IDS_BLOCKED,True
2025-08-30T17:20:53Z,SA-0005505,certifier_irrigate,atk-0098,Certifier,ManageRoles,RoleAssignment,South,DENY,POLICY_VIOLATION,True
2025-08-30T19:17:20Z,SA-0005506,certifier_irrigate,atk-0185,Certifier,ReadAudit,AuditLog,South,DENY,ROLE_INSUFFICIENT,True
2025-08-30T20:22:09Z,SA-0005507,certifier_irrigate,atk-0047,Certifier,ReadAudit,RoleAssignment,East,DENY,OP_NOT_PERMITTED,True
2025-08-30T21:00:44Z,SA-0005508,certifier_irrigate,atk-0236,Certifier,ManageRoles,AuditLog,North,DENY,ROLE_INSUFFICIENT,True
2025-08-30T21:39:49Z,SA-0005509,certifier_irrigate,atk-0289,Certifier,ReadAudit,IrrigationControl,West,DENY,OP_NOT_PERMITTED,True
2025-08-30T21:45:39Z,SA-0005510,certifier_irrigate,atk-0298,Certifier,ControlZone,IrrigationControl,North,DENY,ROLE_INSUFFICIENT,True
2025-08-30T22:21:10Z,SA-0005511,certifier_irrigate,atk-0166,Certifier,ControlZone,RoleAssignment,North,DENY,ROLE_INSUFFICIENT,True
2025-08-31T00:06:14Z,SA-0005512,certifier_irrigate,atk-0393,Certifier,ReadAll,RoleAssignment,West,DENY,ZONE_MISMATCH,True
2025-08-31T01:55:47Z,SA-0005513,certifier_irrigate,atk-0157,Certifier,WriteSensor,IrrigationControl,East,DENY,ROLE_INSUFFICIENT,True
2025-08-31T05:04:37Z,SA-0005514,certifier_irrigate,atk-0230,Certifier,WriteSensor,SensorData,North,DENY,OP_NOT_PERMITTED,True
2025-08-31T05:26:04Z,SA-0005515,certifier_irrigate,atk-0043,Certifier,ReadAll,IrrigationControl,North,DENY,OP_NOT_PERMITTED,True
2025-08-31T07:26:27Z,SA-0005516,certifier_irrigate,atk-0388,Certifier,ManageRoles,IrrigationControl,North,DENY,ROLE_INSUFFICIENT,True
2025-08-31T08:50:02Z,SA-0005517,certifier_irrigate,atk-0298,Certifier,ManageRoles,AuditLog,East,DENY,ZONE_MISMATCH,True
2025-08-31T11:12:30Z,SA-0005518,certifier_irrigate,atk-0076,Certifier,ReadAudit,RoleAssignment,North,DENY,IDS_BLOCKED,True
2025-08-31T11:58:37Z,SA-0005519,certifier_irrigate,atk-0061,Certifier,WriteSensor,SensorData,South,DENY,ROLE_INSUFFICIENT,True
2025-08-31T13:28:13Z,SA-0005520,certifier_irrigate,atk-0203,Certifier,ReadAll,RoleAssignment,East,DENY,CERT_REVOKED,True
2025-08-31T14:42:44Z,SA-0005521,certifier_irrigate,atk-0415,Certifier,ControlZone,AuditLog,South,DENY,OP_NOT_PERMITTED,True
2025-08-31T15:05:55Z,SA-0005522,certifier_irrigate,atk-0067,Certifier,ManageRoles,IrrigationControl,South,DENY,CERT_REVOKED,True
2025-08-31T15:26:49Z,SA-0005523,certifier_irrigate,atk-0249,Certifier,WriteSensor,RoleAssignment,West,DENY,POLICY_VIOLATION,True
2025-08-31T15:57:19Z,SA-0005524,certifier_irrigate,atk-0366,Certifier,WriteSensor,AuditLog,South,DENY,ROLE_INSUFFICIENT,True
2025-08-31T16:24:33Z,SA-0005525,certifier_irrigate,atk-0162,Certifier,ManageRoles,AuditLog,West,DENY,IDS_BLOCKED,True
2025-08-31T18:34:20Z,SA-0005526,certifier_irrigate,atk-0465,Certifier,ReadAll,RoleAssignment,West,DENY,ROLE_INSUFFICIENT,True
2025-08-31T19:23:45Z,SA-0005527,certifier_irrigate,atk-0375,Certifier,ReadAll,RoleAssignment,East,DENY,OP_NOT_PERMITTED,True
2025-08-31T20:00:58Z,SA-0005528,certifier_irrigate,atk-0447,Certifier,ControlZone,IrrigationControl,East,DENY,IDS_BLOCKED,True
2025-08-31T20:25:39Z,SA-0005529,certifier_irrigate,atk-0098,Certifier,WriteSensor,IrrigationControl,North,DENY,OP_NOT_PERMITTED,True
2025-08-31T21:05:01Z,SA-0005530,certifier_irrigate,atk-0282,Certifier,ReadAudit,SensorData,West,DENY,IDS_BLOCKED,True
2025-08-31T21:16:52Z,SA-0005531,certifier_irrigate,atk-0192,Certifier,WriteSensor,RoleAssignment,East,DENY,ZONE_MISMATCH,True
2025-08-31T22:56:30Z,SA-0005532,certifier_irrigate,atk-0422,Certifier,WriteSensor,RoleAssignment,East,DENY,ZONE_MISMATCH,True
2025-09-01T00:10:21Z,SA-0005533,certifier_irrigate,atk-0003,Certifier,ControlZone,AuditLog,South,DENY,ZONE_MISMATCH,True
2025-09-01T02:26:22Z,SA-0005534,certifier_irrigate,atk-0071,Certifier,ReadAudit,SensorData,South,DENY,CERT_REVOKED,True
2025-09-01T04:20:12Z,SA-0005535,certifier_irrigate,atk-0070,Certifier,ReadAll,RoleAssignment,West,DENY,ZONE_MISMATCH,True
2025-09-01T05:03:21Z,SA-0005536,certifier_irrigate,atk-0081,Certifier,ControlZone,AuditLog,West,DENY,OP_NOT_PERMITTED,True
2025-09-01T06:23:03Z,SA-0005537,certifier_irrigate,atk-0101,Certifier,ReadAll,SensorData,East,DENY,POLICY_VIOLATION,True
2025-09-01T06:37:16Z,SA-0005538,certifier_irrigate,atk-0484,Certifier,ReadAudit,RoleAssignment,South,DENY,POLICY_VIOLATION,True
2025-09-01T06:51:08Z,SA-0005539,certifier_irrigate,atk-0363,Certifier,ControlZone,IrrigationControl,North,DENY,ZONE_MISMATCH,True
2025-09-01T07:35:59Z,SA-0005540,certifier_irrigate,atk-0373,Certifier,WriteSensor,IrrigationControl,South,DENY,IDS_BLOCKED,True
2025-09-01T08:22:01Z,SA-0005541,certifier_irrigate,atk-0472,Certifier,ReadAudit,RoleAssignment,East,DENY,ROLE_INSUFFICIENT,True
2025-09-01T09:09:54Z,SA-0005542,certifier_irrigate,atk-0173,Certifier,WriteSensor,RoleAssignment,North,DENY,POLICY_VIOLATION,True
2025-09-01T11:23:27Z,SA-0005543,certifier_irrigate,atk-0031,Certifier,WriteSensor,AuditLog,North,DENY,IDS_BLOCKED,True
2025-09-01T16:12:52Z,SA-0005544,certifier_irrigate,atk-0312,Certifier,ManageRoles,SensorData,East,DENY,ROLE_INSUFFICIENT,True
2025-09-01T18:58:55Z,SA-0005545,certifier_irrigate,atk-0230,Certifier,ReadAudit,AuditLog,North,DENY,IDS_BLOCKED,True
2025-09-01T19:04:38Z,SA-0005546,certifier_irrigate,atk-0285,Certifier,ManageRoles,RoleAssignment,North,DENY,CERT_REVOKED,True
2025-09-01T21:39:09Z,SA-0005547,certifier_irrigate,atk-0183,Certifier,WriteSensor,RoleAssignment,South,DENY,ZONE_MISMATCH,True
2025-09-01T21:42:11Z,SA-0005548,certifier_irrigate,atk-0127,Certifier,WriteSensor,AuditLog,East,DENY,POLICY_VIOLATION,True
2025-09-01T21:45:19Z,SA-0005549,certifier_irrigate,atk-0109,Certifier,ControlZone,SensorData,West,DENY,CERT_REVOKED,True
2025-09-01T22:41:44Z,SA-0005550,certifier_irrigate,atk-0300,Certifier,ManageRoles,RoleAssignment,West,DENY,ZONE_MISMATCH,True
2025-09-01T23:34:20Z,SA-0005551,certifier_irrigate,atk-0068,Certifier,ReadAll,AuditLog,West,DENY,CERT_REVOKED,True
2025-09-01T23:55:01Z,SA-0005552,certifier_irrigate,atk-0163,Certifier,ManageRoles,AuditLog,North,DENY,ROLE_INSUFFICIENT,True
2025-09-02T00:42:01Z,SA-0005553,certifier_irrigate,atk-0311,Certifier,ManageRoles,IrrigationControl,West,DENY,OP_NOT_PERMITTED,True
2025-09-02T00:46:48Z,SA-0005554,certifier_irrigate,atk-0123,Certifier,ManageRoles,IrrigationControl,West,DENY,CERT_REVOKED,True
2025-09-02T00:48:38Z,SA-0005555,certifier_irrigate,atk-0147,Certifier,ReadAll,AuditLog,West,DENY,POLICY_VIOLATION,True
2025-09-02T00:51:52Z,SA-0005556,certifier_irrigate,atk-0014,Certifier,ReadAudit,IrrigationControl,West,DENY,ROLE_INSUFFICIENT,True
2025-09-02T04:12:13Z,SA-0005557,certifier_irrigate,atk-0348,Certifier,WriteSensor,AuditLog,North,DENY,OP_NOT_PERMITTED,True
2025-09-02T04:41:38Z,SA-0005558,certifier_irrigate,atk-0090,Certifier,WriteSensor,SensorData,North,DENY,CERT_REVOKED,True
2025-09-02T05:47:07Z,SA-0005559,certifier_irrigate,atk-0136,Certifier,WriteSensor,AuditLog,North,DENY,OP_NOT_PERMITTED,True
2025-09-02T06:10:30Z,SA-0005560,certifier_irrigate,atk-0288,Certifier,ManageRoles,IrrigationControl,East,DENY,IDS_BLOCKED,True
2025-09-02T11:35:42Z,SA-0005561,certifier_irrigate,atk-0457,Certifier,ControlZone,SensorData,North,DENY,OP_NOT_PERMITTED,True
2025-09-02T13:08:01Z,SA-0005562,certifier_irrigate,atk-0472,Certifier,ControlZone,AuditLog,West,DENY,POLICY_VIOLATION,True
2025-09-02T13:36:47Z,SA-0005563,certifier_irrigate,atk-0496,Certifier,ReadAll,IrrigationControl,South,DENY,OP_NOT_PERMITTED,True
2025-09-02T13:48:53Z,SA-0005564,certifier_irrigate,atk-0042,Certifier,ReadAudit,SensorData,South,DENY,ZONE_MISMATCH,True
2025-09-02T13:49:46Z,SA-0005565,certifier_irrigate,atk-0065,Certifier,ManageRoles,SensorData,South,DENY,POLICY_VIOLATION,True
2025-09-02T14:53:31Z,SA-0005566,certifier_irrigate,atk-0182,Certifier,ControlZone,AuditLog,South,DENY,ZONE_MISMATCH,True
2025-09-02T15:00:18Z,SA-0005567,certifier_irrigate,atk-0027,Certifier,ControlZone,SensorData,South,DENY,CERT_REVOKED,True
2025-09-02T15:22:05Z,SA-0005568,certifier_irrigate,atk-0146,Certifier,ManageRoles,AuditLog,East,DENY,CERT_REVOKED,True
2025-09-02T16:11:45Z,SA-0005569,certifier_irrigate,atk-0442,Certifier,ManageRoles,IrrigationControl,South,DENY,ZONE_MISMATCH,True
2025-09-02T17:33:04Z,SA-0005570,certifier_irrigate,atk-0352,Certifier,WriteSensor,RoleAssignment,South,DENY,ZONE_MISMATCH,True
2025-09-02T17:49:00Z,SA-0005571,certifier_irrigate,atk-0345,Certifier,ManageRoles,IrrigationControl,South,DENY,ZONE_MISMATCH,True
2025-09-02T19:07:43Z,SA-0005572,certifier_irrigate,atk-0478,Certifier,ReadAll,RoleAssignment,West,DENY,IDS_BLOCKED,True
2025-09-02T20:27:20Z,SA-0005573,certifier_irrigate,atk-0461,Certifier,ControlZone,AuditLog,West,DENY,POLICY_VIOLATION,True
2025-09-03T04:01:52Z,SA-0005574,certifier_irrigate,atk-0484,Certifier,WriteSensor,AuditLog,West,DENY,CERT_REVOKED,True
2025-09-03T09:32:33Z,SA-0005575,certifier_irrigate,atk-0149,Certifier,ReadAudit,SensorData,North,DENY,CERT_REVOKED,True
2025-09-03T11:25:20Z,SA-0005576,certifier_irrigate,atk-0459,Certifier,ControlZone,RoleAssignment,North,DENY,ROLE_INSUFFICIENT,True
2025-09-03T14:11:57Z,SA-0005577,certifier_irrigate,atk-0019,Certifier,ControlZone,AuditLog,East,DENY,ROLE_INSUFFICIENT,True
2025-09-03T16:01:41Z,SA-0005578,certifier_irrigate,atk-0451,Certifier,ManageRoles,AuditLog,West,DENY,ZONE_MISMATCH,True
2025-09-03T16:04:03Z,SA-0005579,certifier_irrigate,atk-0456,Certifier,ManageRoles,AuditLog,South,DENY,IDS_BLOCKED,True
2025-09-04T00:27:52Z,SA-0005580,certifier_irrigate,atk-0179,Certifier,ControlZone,SensorData,South,DENY,ZONE_MISMATCH,True
2025-09-04T01:22:42Z,SA-0005581,certifier_irrigate,atk-0264,Certifier,ControlZone,IrrigationControl,South,DENY,POLICY_VIOLATION,True
2025-09-04T02:18:14Z,SA-0005582,certifier_irrigate,atk-0490,Certifier,WriteSensor,RoleAssignment,North,DENY,POLICY_VIOLATION,True
2025-09-04T03:08:29Z,SA-0005583,certifier_irrigate,atk-0092,Certifier,ManageRoles,SensorData,North,DENY,ROLE_INSUFFICIENT,True
2025-09-04T05:09:49Z,SA-0005584,certifier_irrigate,atk-0026,Certifier,WriteSensor,AuditLog,East,DENY,OP_NOT_PERMITTED,True
2025-09-04T12:59:58Z,SA-0005585,certifier_irrigate,atk-0331,Certifier,ReadAll,AuditLog,West,DENY,POLICY_VIOLATION,True
2025-09-04T13:22:38Z,SA-0005586,certifier_irrigate,atk-0167,Certifier,WriteSensor,IrrigationControl,North,DENY,POLICY_VIOLATION,True
2025-09-04T13:35:41Z,SA-0005587,certifier_irrigate,atk-0302,Certifier,ReadAudit,RoleAssignment,West,DENY,IDS_BLOCKED,True
2025-09-04T14:58:57Z,SA-0005588,certifier_irrigate,atk-0263,Certifier,ManageRoles,SensorData,North,DENY,IDS_BLOCKED,True
2025-09-04T18:42:08Z,SA-0005589,certifier_irrigate,atk-0054,Certifier,ReadAll,IrrigationControl,East,DENY,IDS_BLOCKED,True
2025-09-04T18:42:45Z,SA-0005590,certifier_irrigate,atk-0409,Certifier,ControlZone,AuditLog,North,DENY,POLICY_VIOLATION,True
2025-09-04T19:36:25Z,SA-0005591,certifier_irrigate,atk-0219,Certifier,ReadAudit,AuditLog,West,DENY,ZONE_MISMATCH,True
2025-09-04T20:20:34Z,SA-0005592,certifier_irrigate,atk-0285,Certifier,ControlZone,IrrigationControl,West,DENY,CERT_REVOKED,True
2025-09-04T20:55:11Z,SA-0005593,certifier_irrigate,atk-0166,Certifier,ControlZone,RoleAssignment,East,DENY,IDS_BLOCKED,True
2025-09-04T22:18:32Z,SA-0005594,certifier_irrigate,atk-0282,Certifier,ManageRoles,RoleAssignment,South,DENY,CERT_REVOKED,True
2025-09-04T23:35:55Z,SA-0005595,certifier_irrigate,atk-0293,Certifier,ReadAll,SensorData,North,DENY,ROLE_INSUFFICIENT,True
2025-09-04T23:40:59Z,SA-0005596,certifier_irrigate,atk-0135,Certifier,WriteSensor,IrrigationControl,North,DENY,IDS_BLOCKED,True
2025-09-04T23:47:10Z,SA-0005597,certifier_irrigate,atk-0182,Certifier,WriteSensor,AuditLog,South,DENY,ROLE_INSUFFICIENT,True
2025-09-04T23:59:12Z,SA-0005598,certifier_irrigate,atk-0401,Certifier,ReadAudit,AuditLog,West,DENY,ROLE_INSUFFICIENT,True
2025-09-05T00:24:42Z,SA-0005599,certifier_irrigate,atk-0038,Certifier,WriteSensor,RoleAssignment,East,DENY,POLICY_VIOLATION,True
2025-09-05T03:06:31Z,SA-0005600,certifier_irrigate,atk-0392,Certifier,ReadAudit,RoleAssignment,West,DENY,ZONE_MISMATCH,True
2025-09-05T03:52:54Z,SA-0005601,certifier_irrigate,atk-0224,Certifier,ManageRoles,AuditLog,West,DENY,OP_NOT_PERMITTED,True
2025-09-05T07:27:54Z,SA-0005602,certifier_irrigate,atk-0092,Certifier,WriteSensor,SensorData,South,DENY,IDS_BLOCKED,True
2025-09-05T08:08:29Z,SA-0005603,certifier_irrigate,atk-0161,Certifier,ManageRoles,SensorData,West,DENY,OP_NOT_PERMITTED,True
2025-09-05T10:34:55Z,SA-0005604,certifier_irrigate,atk-0278,Certifier,ManageRoles,RoleAssignment,West,DENY,ROLE_INSUFFICIENT,True
2025-09-05T13:19:31Z,SA-0005605,certifier_irrigate,atk-0490,Certifier,ReadAll,SensorData,North,DENY,IDS_BLOCKED,True
2025-09-05T13:32:21Z,SA-0005606,certifier_irrigate,atk-0417,Certifier,ManageRoles,RoleAssignment,South,DENY,CERT_REVOKED,True
2025-09-05T14:15:14Z,SA-0005607,certifier_irrigate,atk-0383,Certifier,ReadAudit,SensorData,East,DENY,ZONE_MISMATCH,True
2025-09-05T15:24:48Z,SA-0005608,certifier_irrigate,atk-0162,Certifier,ReadAudit,IrrigationControl,East,DENY,ROLE_INSUFFICIENT,True
2025-09-05T15:59:43Z,SA-0005609,certifier_irrigate,atk-0300,Certifier,ReadAudit,IrrigationControl,South,DENY,ROLE_INSUFFICIENT,True
2025-09-05T16:26:38Z,SA-0005610,certifier_irrigate,atk-0212,Certifier,ReadAudit,SensorData,South,DENY,ZONE_MISMATCH,True
2025-09-05T16:30:16Z,SA-0005611,certifier_irrigate,atk-0010,Certifier,ManageRoles,SensorData,North,DENY,POLICY_VIOLATION,True
2025-09-05T16:50:37Z,SA-0005612,certifier_irrigate,atk-0153,Certifier,ControlZone,SensorData,East,DENY,OP_NOT_PERMITTED,True
2025-09-05T21:11:31Z,SA-0005613,certifier_irrigate,atk-0067,Certifier,ReadAll,IrrigationControl,South,DENY,CERT_REVOKED,True
2025-09-05T23:29:46Z,SA-0005614,certifier_irrigate,atk-0313,Certifier,ReadAudit,SensorData,East,DENY,CERT_REVOKED,True
2025-09-06T00:15:39Z,SA-0005615,certifier_irrigate,atk-0268,Certifier,ReadAll,IrrigationControl,South,DENY,ROLE_INSUFFICIENT,True
2025-09-06T02:12:02Z,SA-0005616,certifier_irrigate,atk-0271,Certifier,WriteSensor,AuditLog,West,DENY,POLICY_VIOLATION,True
2025-09-06T05:23:55Z,SA-0005617,certifier_irrigate,atk-0226,Certifier,ManageRoles,RoleAssignment,East,DENY,ROLE_INSUFFICIENT,True
2025-09-06T05:49:38Z,SA-0005618,certifier_irrigate,atk-0416,Certifier,ControlZone,IrrigationControl,South,DENY,POLICY_VIOLATION,True
2025-09-06T08:00:48Z,SA-0005619,certifier_irrigate,atk-0434,Certifier,ReadAudit,RoleAssignment,North,DENY,POLICY_VIOLATION,True
2025-09-06T08:33:11Z,SA-0005620,certifier_irrigate,atk-0287,Certifier,WriteSensor,SensorData,East,DENY,IDS_BLOCKED,True
2025-09-06T09:01:48Z,SA-0005621,certifier_irrigate,atk-0483,Certifier,WriteSensor,SensorData,East,DENY,CERT_REVOKED,True
2025-09-06T09:22:16Z,SA-0005622,certifier_irrigate,atk-0215,Certifier,ControlZone,RoleAssignment,West,DENY,OP_NOT_PERMITTED,True
2025-09-06T12:39:35Z,SA-0005623,certifier_irrigate,atk-0380,Certifier,ControlZone,AuditLog,South,DENY,IDS_BLOCKED,True
2025-09-06T13:05:51Z,SA-0005624,certifier_irrigate,atk-0320,Certifier,ManageRoles,AuditLog,South,DENY,IDS_BLOCKED,True
2025-09-06T13:22:58Z,SA-0005625,certifier_irrigate,atk-0048,Certifier,ManageRoles,SensorData,South,DENY,POLICY_VIOLATION,True
2025-09-06T13:51:19Z,SA-0005626,certifier_irrigate,atk-0197,Certifier,ReadAll,AuditLog,South,DENY,OP_NOT_PERMITTED,True
2025-09-06T14:38:40Z,SA-0005627,certifier_irrigate,atk-0423,Certifier,ReadAudit,SensorData,South,DENY,ZONE_MISMATCH,True
2025-09-06T15:17:15Z,SA-0005628,certifier_irrigate,atk-0196,Certifier,ControlZone,AuditLog,South,DENY,IDS_BLOCKED,True
2025-09-06T15:45:05Z,SA-0005629,certifier_irrigate,atk-0227,Certifier,ReadAudit,RoleAssignment,West,DENY,POLICY_VIOLATION,True
2025-09-06T18:24:30Z,SA-0005630,certifier_irrigate,atk-0467,Certifier,ControlZone,IrrigationControl,East,DENY,CERT_REVOKED,True
2025-09-06T18:29:59Z,SA-0005631,certifier_irrigate,atk-0168,Certifier,ManageRoles,IrrigationControl,West,DENY,OP_NOT_PERMITTED,True
2025-09-06T19:09:18Z,SA-0005632,certifier_irrigate,atk-0440,Certifier,ManageRoles,IrrigationControl,North,DENY,ZONE_MISMATCH,True
2025-09-06T21:34:55Z,SA-0005633,certifier_irrigate,atk-0018,Certifier,WriteSensor,RoleAssignment,North,DENY,ROLE_INSUFFICIENT,True
2025-09-06T22:47:25Z,SA-0005634,certifier_irrigate,atk-0026,Certifier,ReadAudit,IrrigationControl,East,DENY,CERT_REVOKED,True
2025-09-07T00:29:20Z,SA-0005635,certifier_irrigate,atk-0032,Certifier,WriteSensor,IrrigationControl,West,DENY,IDS_BLOCKED,True
2025-09-07T01:40:55Z,SA-0005636,certifier_irrigate,atk-0192,Certifier,ManageRoles,RoleAssignment,North,DENY,ROLE_INSUFFICIENT,True
2025-09-07T04:39:50Z,SA-0005637,certifier_irrigate,atk-0037,Certifier,ReadAll,SensorData,North,DENY,CERT_REVOKED,True
2025-09-07T05:56:57Z,SA-0005638,certifier_irrigate,atk-0318,Certifier,WriteSensor,AuditLog,South,DENY,CERT_REVOKED,True
2025-09-07T06:10:55Z,SA-0005639,certifier_irrigate,atk-0082,Certifier,ReadAudit,AuditLog,East,DENY,ROLE_INSUFFICIENT,True
2025-09-07T06:15:54Z,SA-0005640,certifier_irrigate,atk-0461,Certifier,ControlZone,SensorData,East,DENY,ZONE_MISMATCH,True
2025-09-07T07:53:28Z,SA-0005641,certifier_irrigate,atk-0378,Certifier,ControlZone,IrrigationControl,West,DENY,IDS_BLOCKED,True
2025-09-07T10:38:19Z,SA-0005642,certifier_irrigate,atk-0445,Certifier,ReadAudit,RoleAssignment,North,DENY,POLICY_VIOLATION,True
2025-09-07T12:47:49Z,SA-0005643,certifier_irrigate,atk-0461,Certifier,ManageRoles,AuditLog,North,DENY,OP_NOT_PERMITTED,True
2025-09-07T13:02:23Z,SA-0005644,certifier_irrigate,atk-0481,Certifier,ControlZone,AuditLog,West,DENY,OP_NOT_PERMITTED,True
2025-09-07T14:25:24Z,SA-0005645,certifier_irrigate,atk-0456,Certifier,ReadAll,IrrigationControl,South,DENY,ZONE_MISMATCH,True
2025-09-07T16:02:28Z,SA-0005646,certifier_irrigate,atk-0325,Certifier,ManageRoles,AuditLog,North,DENY,POLICY_VIOLATION,True
2025-09-07T17:14:36Z,SA-0005647,certifier_irrigate,atk-0288,Certifier,ReadAudit,RoleAssignment,West,DENY,ROLE_INSUFFICIENT,True
2025-09-07T19:21:52Z,SA-0005648,certifier_irrigate,atk-0024,Certifier,ControlZone,SensorData,West,DENY,CERT_REVOKED,True
2025-09-07T19:40:22Z,SA-0005649,certifier_irrigate,atk-0441,Certifier,ManageRoles,RoleAssignment,North,DENY,ZONE_MISMATCH,True
2025-09-07T19:54:11Z,SA-0005650,certifier_irrigate,atk-0241,Certifier,ReadAudit,AuditLog,North,DENY,CERT_REVOKED,True
2025-09-07T20:13:53Z,SA-0005651,certifier_irrigate,atk-0027,Certifier,ReadAll,AuditLog,West,DENY,CERT_REVOKED,True
2025-09-07T20:32:40Z,SA-0005652,certifier_irrigate,atk-0449,Certifier,ReadAll,AuditLog,South,DENY,ROLE_INSUFFICIENT,True
2025-09-07T23:00:32Z,SA-0005653,certifier_irrigate,atk-0413,Certifier,ReadAll,AuditLog,North,DENY,IDS_BLOCKED,True
2025-09-08T00:37:01Z,SA-0005654,certifier_irrigate,atk-0104,Certifier,ControlZone,IrrigationControl,West,DENY,ZONE_MISMATCH,True
2025-09-08T03:31:31Z,SA-0005655,certifier_irrigate,atk-0271,Certifier,WriteSensor,IrrigationControl,North,DENY,POLICY_VIOLATION,True
2025-09-08T06:04:24Z,SA-0005656,certifier_irrigate,atk-0342,Certifier,ControlZone,IrrigationControl,East,DENY,ROLE_INSUFFICIENT,True
2025-09-08T07:07:15Z,SA-0005657,certifier_irrigate,atk-0463,Certifier,ReadAudit,SensorData,South,DENY,ROLE_INSUFFICIENT,True
2025-09-08T07:11:10Z,SA-0005658,certifier_irrigate,atk-0307,Certifier,ReadAudit,IrrigationControl,North,DENY,ZONE_MISMATCH,True
2025-09-08T09:35:05Z,SA-0005659,certifier_irrigate,atk-0021,Certifier,ControlZone,IrrigationControl,East,DENY,CERT_REVOKED,True
2025-09-08T11:59:59Z,SA-0005660,certifier_irrigate,atk-0116,Certifier,ReadAll,IrrigationControl,East,DENY,CERT_REVOKED,True
2025-09-08T12:57:32Z,SA-0005661,certifier_irrigate,atk-0292,Certifier,ManageRoles,SensorData,East,DENY,ROLE_INSUFFICIENT,True
2025-09-08T15:00:47Z,SA-0005662,certifier_irrigate,atk-0218,Certifier,ReadAudit,AuditLog,North,DENY,IDS_BLOCKED,True
2025-09-08T16:04:49Z,SA-0005663,certifier_irrigate,atk-0039,Certifier,WriteSensor,AuditLog,East,DENY,ROLE_INSUFFICIENT,True
2025-09-08T16:48:31Z,SA-0005664,certifier_irrigate,atk-0045,Certifier,ReadAudit,SensorData,South,DENY,CERT_REVOKED,True
2025-09-08T19:03:58Z,SA-0005665,certifier_irrigate,atk-0045,Certifier,ControlZone,RoleAssignment,East,DENY,OP_NOT_PERMITTED,True
2025-09-08T20:20:42Z,SA-0005666,certifier_irrigate,atk-0495,Certifier,ReadAll,SensorData,West,DENY,OP_NOT_PERMITTED,True
2025-09-08T20:50:46Z,SA-0005667,certifier_irrigate,atk-0378,Certifier,ReadAudit,SensorData,South,DENY,IDS_BLOCKED,True
2025-09-08T21:14:17Z,SA-0005668,certifier_irrigate,atk-0291,Certifier,ManageRoles,RoleAssignment,South,DENY,ZONE_MISMATCH,True
2025-09-08T21:50:23Z,SA-0005669,certifier_irrigate,atk-0315,Certifier,ManageRoles,IrrigationControl,North,DENY,ZONE_MISMATCH,True
2025-09-09T00:45:23Z,SA-0005670,certifier_irrigate,atk-0426,Certifier,ControlZone,AuditLog,East,DENY,ROLE_INSUFFICIENT,True
2025-09-09T03:47:50Z,SA-0005671,certifier_irrigate,atk-0344,Certifier,ReadAudit,RoleAssignment,South,DENY,POLICY_VIOLATION,True
2025-09-09T04:45:58Z,SA-0005672,certifier_irrigate,atk-0401,Certifier,ManageRoles,AuditLog,East,DENY,POLICY_VIOLATION,True
2025-09-09T05:25:30Z,SA-0005673,certifier_irrigate,atk-0318,Certifier,ReadAll,SensorData,South,DENY,OP_NOT_PERMITTED,True
2025-09-09T05:57:20Z,SA-0005674,certifier_irrigate,atk-0209,Certifier,ReadAudit,IrrigationControl,South,DENY,IDS_BLOCKED,True
2025-09-09T05:59:37Z,SA-0005675,certifier_irrigate,atk-0017,Certifier,ReadAll,IrrigationControl,North,DENY,CERT_REVOKED,True
2025-09-09T06:02:59Z,SA-0005676,certifier_irrigate,atk-0109,Certifier,ManageRoles,IrrigationControl,South,DENY,ZONE_MISMATCH,True
2025-09-09T07:19:07Z,SA-0005677,certifier_irrigate,atk-0085,Certifier,ManageRoles,IrrigationControl,West,DENY,OP_NOT_PERMITTED,True
2025-09-09T09:20:57Z,SA-0005678,certifier_irrigate,atk-0207,Certifier,WriteSensor,IrrigationControl,North,DENY,OP_NOT_PERMITTED,True
2025-09-09T09:45:21Z,SA-0005679,certifier_irrigate,atk-0410,Certifier,ControlZone,AuditLog,North,DENY,IDS_BLOCKED,True
2025-09-09T10:05:23Z,SA-0005680,certifier_irrigate,atk-0394,Certifier,ReadAudit,IrrigationControl,South,DENY,CERT_REVOKED,True
2025-09-09T10:14:20Z,SA-0005681,certifier_irrigate,atk-0174,Certifier,WriteSensor,IrrigationControl,South,DENY,POLICY_VIOLATION,True
2025-09-09T10:15:49Z,SA-0005682,certifier_irrigate,atk-0019,Certifier,WriteSensor,IrrigationControl,West,DENY,IDS_BLOCKED,True
2025-09-09T13:19:22Z,SA-0005683,certifier_irrigate,atk-0424,Certifier,WriteSensor,AuditLog,West,DENY,OP_NOT_PERMITTED,True
2025-09-09T15:33:38Z,SA-0005684,certifier_irrigate,atk-0013,Certifier,ReadAudit,RoleAssignment,West,DENY,IDS_BLOCKED,True
2025-09-09T16:06:22Z,SA-0005685,certifier_irrigate,atk-0021,Certifier,ReadAudit,AuditLog,North,DENY,ROLE_INSUFFICIENT,True
2025-09-09T17:47:21Z,SA-0005686,certifier_irrigate,atk-0002,Certifier,ManageRoles,IrrigationControl,North,DENY,IDS_BLOCKED,True
2025-09-09T19:08:50Z,SA-0005687,certifier_irrigate,atk-0334,Certifier,ManageRoles,AuditLog,North,DENY,CERT_REVOKED,True
2025-09-09T22:30:44Z,SA-0005688,certifier_irrigate,atk-0299,Certifier,ReadAll,IrrigationControl,West,DENY,CERT_REVOKED,True
2025-09-09T22:52:57Z,SA-0005689,certifier_irrigate,atk-0151,Certifier,ControlZone,RoleAssignment,South,DENY,ROLE_INSUFFICIENT,True
2025-09-09T23:45:14Z,SA-0005690,certifier_irrigate,atk-0086,Certifier,ReadAudit,SensorData,North,DENY,CERT_REVOKED,True
2025-09-10T02:22:12Z,SA-0005691,certifier_irrigate,atk-0392,Certifier,ControlZone,IrrigationControl,East,DENY,POLICY_VIOLATION,True
2025-09-10T03:40:11Z,SA-0005692,certifier_irrigate,atk-0187,Certifier,ManageRoles,IrrigationControl,West,DENY,POLICY_VIOLATION,True
2025-09-10T03:43:02Z,SA-0005693,certifier_irrigate,atk-0302,Certifier,ControlZone,IrrigationControl,South,DENY,POLICY_VIOLATION,True
2025-09-10T06:04:10Z,SA-0005694,certifier_irrigate,atk-0332,Certifier,ControlZone,IrrigationControl,South,DENY,OP_NOT_PERMITTED,True
2025-09-10T13:30:12Z,SA-0005695,certifier_irrigate,atk-0050,Certifier,ReadAudit,IrrigationControl,North,DENY,POLICY_VIOLATION,True
2025-09-10T17:02:13Z,SA-0005696,certifier_irrigate,atk-0130,Certifier,ReadAll,AuditLog,East,DENY,ZONE_MISMATCH,True
2025-09-10T18:35:39Z,SA-0005697,certifier_irrigate,atk-0337,Certifier,ReadAll,IrrigationControl,South,DENY,POLICY_VIOLATION,True
2025-09-10T18:51:05Z,SA-0005698,certifier_irrigate,atk-0210,Certifier,ReadAudit,IrrigationControl,North,DENY,ROLE_INSUFFICIENT,True
2025-09-10T20:46:17Z,SA-0005699,certifier_irrigate,atk-0460,Certifier,ReadAudit,SensorData,West,DENY,IDS_BLOCKED,True
2025-09-10T21:37:11Z,SA-0005700,certifier_irrigate,atk-0298,Certifier,ManageRoles,SensorData,North,DENY,OP_NOT_PERMITTED,True
2025-09-10T23:24:55Z,SA-0005701,certifier_irrigate,atk-0409,Certifier,WriteSensor,AuditLog,North,DENY,ZONE_MISMATCH,True
2025-09-11T02:30:53Z,SA-0005702,certifier_irrigate,atk-0390,Certifier,WriteSensor,IrrigationControl,North,DENY,ZONE_MISMATCH,True
2025-09-11T04:12:37Z,SA-0005703,certifier_irrigate,atk-0405,Certifier,ReadAudit,RoleAssignment,West,DENY,IDS_BLOCKED,True
2025-09-11T04:16:01Z,SA-0005704,certifier_irrigate,atk-0320,Certifier,WriteSensor,SensorData,North,DENY,POLICY_VIOLATION,True
2025-09-11T07:03:33Z,SA-0005705,certifier_irrigate,atk-0361,Certifier,ReadAudit,SensorData,South,DENY,IDS_BLOCKED,True
2025-09-11T11:13:28Z,SA-0005706,certifier_irrigate,atk-0183,Certifier,ReadAll,AuditLog,West,DENY,CERT_REVOKED,True
2025-09-11T11:55:56Z,SA-0005707,certifier_irrigate,atk-0477,Certifier,ControlZone,AuditLog,East,DENY,OP_NOT_PERMITTED,True
2025-09-11T13:20:50Z,SA-0005708,certifier_irrigate,atk-0380,Certifier,ReadAudit,AuditLog,East,DENY,ZONE_MISMATCH,True
2025-09-11T16:08:13Z,SA-0005709,certifier_irrigate,atk-0055,Certifier,WriteSensor,IrrigationControl,South,DENY,ZONE_MISMATCH,True
2025-09-11T18:20:06Z,SA-0005710,certifier_irrigate,atk-0194,Certifier,ManageRoles,SensorData,North,DENY,IDS_BLOCKED,True
2025-09-11T19:16:20Z,SA-0005711,certifier_irrigate,atk-0141,Certifier,ReadAll,SensorData,South,DENY,POLICY_VIOLATION,True
2025-09-11T20:03:11Z,SA-0005712,certifier_irrigate,atk-0282,Certifier,ControlZone,SensorData,South,DENY,IDS_BLOCKED,True
2025-09-11T20:57:14Z,SA-0005713,certifier_irrigate,atk-0374,Certifier,ReadAudit,SensorData,West,DENY,ROLE_INSUFFICIENT,True
2025-09-12T00:24:20Z,SA-0005714,certifier_irrigate,atk-0180,Certifier,ReadAudit,IrrigationControl,East,DENY,POLICY_VIOLATION,True
2025-09-12T03:26:01Z,SA-0005715,certifier_irrigate,atk-0273,Certifier,ControlZone,AuditLog,South,DENY,ROLE_INSUFFICIENT,True
2025-09-12T03:46:00Z,SA-0005716,certifier_irrigate,atk-0331,Certifier,WriteSensor,IrrigationControl,East,DENY,POLICY_VIOLATION,True
2025-09-12T04:05:03Z,SA-0005717,certifier_irrigate,atk-0225,Certifier,ReadAudit,AuditLog,South,DENY,ROLE_INSUFFICIENT,True
2025-09-12T04:07:26Z,SA-0005718,certifier_irrigate,atk-0313,Certifier,ReadAudit,SensorData,North,DENY,CERT_REVOKED,True
2025-09-12T04:51:39Z,SA-0005719,certifier_irrigate,atk-0366,Certifier,ReadAudit,SensorData,North,DENY,OP_NOT_PERMITTED,True
2025-09-12T05:06:59Z,SA-0005720,certifier_irrigate,atk-0259,Certifier,ReadAudit,AuditLog,East,DENY,IDS_BLOCKED,True
2025-09-12T05:56:36Z,SA-0005721,certifier_irrigate,atk-0250,Certifier,WriteSensor,AuditLog,South,DENY,ROLE_INSUFFICIENT,True
2025-09-12T06:02:54Z,SA-0005722,certifier_irrigate,atk-0179,Certifier,ControlZone,SensorData,West,DENY,OP_NOT_PERMITTED,True
2025-09-12T10:14:25Z,SA-0005723,certifier_irrigate,atk-0002,Certifier,ReadAll,IrrigationControl,West,DENY,ZONE_MISMATCH,True
2025-09-12T11:54:04Z,SA-0005724,certifier_irrigate,atk-0240,Certifier,ControlZone,RoleAssignment,North,DENY,OP_NOT_PERMITTED,True
2025-09-12T12:56:52Z,SA-0005725,certifier_irrigate,atk-0068,Certifier,ControlZone,SensorData,East,DENY,ROLE_INSUFFICIENT,True
2025-09-12T19:25:11Z,SA-0005726,certifier_irrigate,atk-0422,Certifier,ManageRoles,IrrigationControl,East,DENY,IDS_BLOCKED,True
2025-09-12T19:47:50Z,SA-0005727,certifier_irrigate,atk-0044,Certifier,ReadAudit,RoleAssignment,South,DENY,OP_NOT_PERMITTED,True
2025-09-12T21:07:32Z,SA-0005728,certifier_irrigate,atk-0051,Certifier,ReadAll,SensorData,East,DENY,POLICY_VIOLATION,True
2025-09-12T22:51:18Z,SA-0005729,certifier_irrigate,atk-0367,Certifier,ControlZone,AuditLog,North,DENY,ROLE_INSUFFICIENT,True
2025-09-12T23:56:01Z,SA-0005730,certifier_irrigate,atk-0196,Certifier,ReadAudit,SensorData,North,DENY,OP_NOT_PERMITTED,True
2025-09-13T00:11:10Z,SA-0005731,certifier_irrigate,atk-0326,Certifier,ControlZone,IrrigationControl,North,DENY,OP_NOT_PERMITTED,True
2025-09-13T01:24:05Z,SA-0005732,certifier_irrigate,atk-0094,Certifier,ControlZone,SensorData,West,DENY,POLICY_VIOLATION,True
2025-09-13T03:52:17Z,SA-0005733,certifier_irrigate,atk-0142,Certifier,WriteSensor,SensorData,South,DENY,CERT_REVOKED,True
2025-09-13T04:03:42Z,SA-0005734,certifier_irrigate,atk-0002,Certifier,ReadAll,AuditLog,North,DENY,POLICY_VIOLATION,True
2025-09-13T04:20:10Z,SA-0005735,certifier_irrigate,atk-0210,Certifier,ControlZone,RoleAssignment,West,DENY,ZONE_MISMATCH,True
2025-09-13T05:15:57Z,SA-0005736,certifier_irrigate,atk-0342,Certifier,ReadAll,IrrigationControl,South,DENY,CERT_REVOKED,True
2025-09-13T09:27:49Z,SA-0005737,certifier_irrigate,atk-0327,Certifier,ManageRoles,IrrigationControl,West,DENY,ZONE_MISMATCH,True
2025-09-13T11:27:56Z,SA-0005738,certifier_irrigate,atk-0051,Certifier,ReadAll,AuditLog,East,DENY,POLICY_VIOLATION,True
2025-09-13T11:28:40Z,SA-0005739,certifier_irrigate,atk-0364,Certifier,ReadAudit,IrrigationControl,North,DENY,ROLE_INSUFFICIENT,True
2025-09-13T11:39:22Z,SA-0005740,certifier_irrigate,atk-0131,Certifier,ReadAudit,SensorData,North,DENY,IDS_BLOCKED,True
2025-09-13T11:53:48Z,SA-0005741,certifier_irrigate,atk-0404,Certifier,WriteSensor,IrrigationControl,South,DENY,ROLE_INSUFFICIENT,True
2025-09-13T12:34:38Z,SA-0005742,certifier_irrigate,atk-0494,Certifier,ManageRoles,IrrigationControl,West,DENY,ZONE_MISMATCH,True
2025-09-13T13:55:00Z,SA-0005743,certifier_irrigate,atk-0405,Certifier,ManageRoles,SensorData,West,DENY,IDS_BLOCKED,True
2025-09-13T14:23:35Z,SA-0005744,certifier_irrigate,atk-0365,Certifier,WriteSensor,SensorData,West,DENY,IDS_BLOCKED,True
2025-09-13T16:36:46Z,SA-0005745,certifier_irrigate,atk-0322,Certifier,ReadAudit,RoleAssignment,North,DENY,ROLE_INSUFFICIENT,True
2025-09-13T17:01:53Z,SA-0005746,certifier_irrigate,atk-0478,Certifier,ControlZone,SensorData,North,DENY,ROLE_INSUFFICIENT,True
2025-09-13T18:18:58Z,SA-0005747,certifier_irrigate,atk-0015,Certifier,ReadAll,AuditLog,West,DENY,POLICY_VIOLATION,True
2025-09-13T20:17:01Z,SA-0005748,certifier_irrigate,atk-0008,Certifier,ReadAudit,IrrigationControl,North,DENY,ZONE_MISMATCH,True
2025-09-13T21:35:29Z,SA-0005749,certifier_irrigate,atk-0179,Certifier,ManageRoles,IrrigationControl,North,DENY,OP_NOT_PERMITTED,True
2025-09-13T22:42:29Z,SA-0005750,certifier_irrigate,atk-0324,Certifier,ControlZone,AuditLog,West,DENY,CERT_REVOKED,True
2025-09-13T23:04:28Z,SA-0005751,certifier_irrigate,atk-0034,Certifier,ReadAll,IrrigationControl,West,DENY,IDS_BLOCKED,True
2025-09-13T23:41:23Z,SA-0005752,certifier_irrigate,atk-0409,Certifier,WriteSensor,IrrigationControl,East,DENY,IDS_BLOCKED,True
2025-09-14T01:48:39Z,SA-0005753,certifier_irrigate,atk-0282,Certifier,WriteSensor,RoleAssignment,West,DENY,IDS_BLOCKED,True
2025-09-14T03:33:40Z,SA-0005754,certifier_irrigate,atk-0142,Certifier,ReadAudit,SensorData,East,DENY,OP_NOT_PERMITTED,True
2025-09-14T05:44:22Z,SA-0005755,certifier_irrigate,atk-0088,Certifier,ControlZone,AuditLog,South,DENY,POLICY_VIOLATION,True
2025-09-14T07:17:37Z,SA-0005756,certifier_irrigate,atk-0103,Certifier,WriteSensor,IrrigationControl,North,DENY,POLICY_VIOLATION,True
2025-09-14T07:39:46Z,SA-0005757,certifier_irrigate,atk-0277,Certifier,ReadAudit,SensorData,West,DENY,ZONE_MISMATCH,True
2025-09-14T08:29:34Z,SA-0005758,certifier_irrigate,atk-0043,Certifier,ReadAll,AuditLog,North,DENY,CERT_REVOKED,True
2025-09-14T09:37:34Z,SA-0005759,certifier_irrigate,atk-0289,Certifier,ReadAll,AuditLog,North,DENY,OP_NOT_PERMITTED,True
2025-09-14T14:15:15Z,SA-0005760,certifier_irrigate,atk-0399,Certifier,ControlZone,SensorData,South,DENY,ROLE_INSUFFICIENT,True
2025-09-14T17:31:29Z,SA-0005761,certifier_irrigate,atk-0377,Certifier,ManageRoles,SensorData,West,DENY,ROLE_INSUFFICIENT,True
2025-09-14T18:19:24Z,SA-0005762,certifier_irrigate,atk-0451,Certifier,WriteSensor,RoleAssignment,South,DENY,CERT_REVOKED,True
2025-09-14T18:25:52Z,SA-0005763,certifier_irrigate,atk-0062,Certifier,ReadAudit,RoleAssignment,East,DENY,CERT_REVOKED,True
2025-09-14T22:08:16Z,SA-0005764,certifier_irrigate,atk-0084,Certifier,ControlZone,RoleAssignment,East,DENY,CERT_REVOKED,True
2025-09-14T22:20:06Z,SA-0005765,certifier_irrigate,atk-0380,Certifier,ReadAudit,SensorData,South,DENY,IDS_BLOCKED,True
2025-09-14T22:21:08Z,SA-0005766,certifier_irrigate,atk-0091,Certifier,WriteSensor,IrrigationControl,North,DENY,POLICY_VIOLATION,True
2025-09-14T23:06:31Z,SA-0005767,certifier_irrigate,atk-0288,Certifier,ManageRoles,AuditLog,East,DENY,ROLE_INSUFFICIENT,True
2025-09-15T01:07:30Z,SA-0005768,certifier_irrigate,atk-0471,Certifier,ReadAudit,SensorData,West,DENY,CERT_REVOKED,True
2025-09-15T03:35:08Z,SA-0005769,certifier_irrigate,atk-0374,Certifier,ReadAudit,IrrigationControl,South,DENY,POLICY_VIOLATION,True
2025-09-15T04:59:12Z,SA-0005770,certifier_irrigate,atk-0079,Certifier,ReadAudit,AuditLog,South,DENY,ZONE_MISMATCH,True
2025-09-15T05:57:50Z,SA-0005771,certifier_irrigate,atk-0133,Certifier,ManageRoles,RoleAssignment,South,DENY,ROLE_INSUFFICIENT,True
2025-09-15T10:44:29Z,SA-0005772,certifier_irrigate,atk-0312,Certifier,WriteSensor,RoleAssignment,West,DENY,ZONE_MISMATCH,True
2025-09-15T12:11:31Z,SA-0005773,certifier_irrigate,atk-0364,Certifier,ReadAll,AuditLog,South,DENY,OP_NOT_PERMITTED,True
2025-09-15T12:11:55Z,SA-0005774,certifier_irrigate,atk-0208,Certifier,ManageRoles,SensorData,West,DENY,IDS_BLOCKED,True
2025-09-15T15:32:42Z,SA-0005775,certifier_irrigate,atk-0063,Certifier,ControlZone,RoleAssignment,North,DENY,OP_NOT_PERMITTED,True
2025-09-15T17:18:46Z,SA-0005776,certifier_irrigate,atk-0306,Certifier,ReadAll,AuditLog,East,DENY,CERT_REVOKED,True
2025-09-15T19:10:12Z,SA-0005777,certifier_irrigate,atk-0026,Certifier,ReadAll,SensorData,South,DENY,ROLE_INSUFFICIENT,True
2025-09-15T19:56:59Z,SA-0005778,certifier_irrigate,atk-0148,Certifier,ControlZone,RoleAssignment,North,DENY,ZONE_MISMATCH,True
2025-09-15T21:31:48Z,SA-0005779,certifier_irrigate,atk-0290,Certifier,ReadAudit,SensorData,West,DENY,CERT_REVOKED,True
2025-09-15T21:37:31Z,SA-0005780,certifier_irrigate,atk-0193,Certifier,ReadAll,IrrigationControl,West,DENY,ZONE_MISMATCH,True
2025-09-16T04:03:54Z,SA-0005781,certifier_irrigate,atk-0245,Certifier,ReadAudit,IrrigationControl,East,DENY,IDS_BLOCKED,True
2025-09-16T05:00:53Z,SA-0005782,certifier_irrigate,atk-0235,Certifier,WriteSensor,RoleAssignment,North,DENY,ZONE_MISMATCH,True
2025-09-16T07:29:01Z,SA-0005783,certifier_irrigate,atk-0031,Certifier,ReadAll,AuditLog,West,DENY,CERT_REVOKED,True
2025-09-16T09:17:45Z,SA-0005784,certifier_irrigate,atk-0454,Certifier,WriteSensor,AuditLog,South,DENY,ROLE_INSUFFICIENT,True
2025-09-16T10:28:41Z,SA-0005785,certifier_irrigate,atk-0235,Certifier,ControlZone,AuditLog,East,DENY,IDS_BLOCKED,True
2025-09-16T11:24:27Z,SA-0005786,certifier_irrigate,atk-0004,Certifier,ReadAudit,SensorData,East,DENY,POLICY_VIOLATION,True
2025-09-16T11:55:46Z,SA-0005787,certifier_irrigate,atk-0380,Certifier,ControlZone,AuditLog,East,DENY,IDS_BLOCKED,True
2025-09-16T12:56:37Z,SA-0005788,certifier_irrigate,atk-0223,Certifier,WriteSensor,SensorData,North,DENY,IDS_BLOCKED,True
2025-09-16T14:21:07Z,SA-0005789,certifier_irrigate,atk-0491,Certifier,ReadAll,AuditLog,South,DENY,IDS_BLOCKED,True
2025-09-16T15:34:53Z,SA-0005790,certifier_irrigate,atk-0494,Certifier,ControlZone,IrrigationControl,West,DENY,CERT_REVOKED,True
2025-09-16T15:57:23Z,SA-0005791,certifier_irrigate,atk-0206,Certifier,ManageRoles,IrrigationControl,South,DENY,ZONE_MISMATCH,True
2025-09-16T18:21:44Z,SA-0005792,certifier_irrigate,atk-0139,Certifier,ReadAll,IrrigationControl,North,DENY,IDS_BLOCKED,True
2025-09-16T19:12:27Z,SA-0005793,certifier_irrigate,atk-0326,Certifier,WriteSensor,IrrigationControl,West,DENY,CERT_REVOKED,True
2025-09-16T21:09:18Z,SA-0005794,certifier_irrigate,atk-0321,Certifier,WriteSensor,RoleAssignment,East,DENY,IDS_BLOCKED,True
2025-09-16T22:51:24Z,SA-0005795,certifier_irrigate,atk-0422,Certifier,ReadAll,RoleAssignment,West,DENY,ZONE_MISMATCH,True
2025-09-16T23:21:08Z,SA-0005796,certifier_irrigate,atk-0230,Certifier,ControlZone,IrrigationControl,West,DENY,CERT_REVOKED,True
2025-09-17T00:18:55Z,SA-0005797,certifier_irrigate,atk-0444,Certifier,WriteSensor,IrrigationControl,West,DENY,POLICY_VIOLATION,True
2025-09-17T00:21:04Z,SA-0005798,certifier_irrigate,atk-0156,Certifier,WriteSensor,IrrigationControl,South,DENY,POLICY_VIOLATION,True
2025-09-17T05:11:54Z,SA-0005799,certifier_irrigate,atk-0276,Certifier,ManageRoles,AuditLog,West,DENY,OP_NOT_PERMITTED,True
2025-09-17T07:44:03Z,SA-0005800,certifier_irrigate,atk-0487,Certifier,ControlZone,AuditLog,North,DENY,POLICY_VIOLATION,True
2025-09-17T10:45:24Z,SA-0005801,certifier_irrigate,atk-0274,Certifier,ReadAll,SensorData,North,DENY,OP_NOT_PERMITTED,True
2025-09-17T11:42:48Z,SA-0005802,certifier_irrigate,atk-0083,Certifier,ReadAudit,IrrigationControl,West,DENY,ZONE_MISMATCH,True
2025-09-17T14:23:28Z,SA-0005803,certifier_irrigate,atk-0313,Certifier,ControlZone,IrrigationControl,North,DENY,POLICY_VIOLATION,True
2025-09-17T14:49:32Z,SA-0005804,certifier_irrigate,atk-0103,Certifier,WriteSensor,IrrigationControl,East,DENY,OP_NOT_PERMITTED,True
2025-09-17T17:55:03Z,SA-0005805,certifier_irrigate,atk-0482,Certifier,WriteSensor,RoleAssignment,North,DENY,POLICY_VIOLATION,True
2025-09-17T20:01:10Z,SA-0005806,certifier_irrigate,atk-0182,Certifier,ReadAudit,SensorData,South,DENY,ROLE_INSUFFICIENT,True
2025-09-17T20:30:15Z,SA-0005807,certifier_irrigate,atk-0104,Certifier,ReadAudit,AuditLog,West,DENY,IDS_BLOCKED,True
2025-09-18T01:21:11Z,SA-0005808,certifier_irrigate,atk-0048,Certifier,ControlZone,RoleAssignment,South,DENY,ZONE_MISMATCH,True
2025-09-18T05:39:37Z,SA-0005809,certifier_irrigate,atk-0340,Certifier,ControlZone,AuditLog,East,DENY,ROLE_INSUFFICIENT,True
2025-09-18T07:54:02Z,SA-0005810,certifier_irrigate,atk-0365,Certifier,ManageRoles,RoleAssignment,East,DENY,IDS_BLOCKED,True
2025-09-18T10:11:35Z,SA-0005811,certifier_irrigate,atk-0095,Certifier,ControlZone,RoleAssignment,North,DENY,ZONE_MISMATCH,True
2025-09-18T10:31:20Z,SA-0005812,certifier_irrigate,atk-0011,Certifier,WriteSensor,IrrigationControl,South,DENY,ROLE_INSUFFICIENT,True
2025-09-18T10:52:58Z,SA-0005813,certifier_irrigate,atk-0087,Certifier,ManageRoles,SensorData,North,DENY,ROLE_INSUFFICIENT,True
2025-09-18T11:02:44Z,SA-0005814,certifier_irrigate,atk-0233,Certifier,WriteSensor,IrrigationControl,East,DENY,ROLE_INSUFFICIENT,True
2025-09-18T12:28:11Z,SA-0005815,certifier_irrigate,atk-0296,Certifier,ControlZone,IrrigationControl,South,DENY,ROLE_INSUFFICIENT,True
2025-09-18T12:30:35Z,SA-0005816,certifier_irrigate,atk-0489,Certifier,WriteSensor,AuditLog,South,DENY,ZONE_MISMATCH,True
2025-09-18T12:40:08Z,SA-0005817,certifier_irrigate,atk-0346,Certifier,WriteSensor,RoleAssignment,South,DENY,ROLE_INSUFFICIENT,True
2025-09-18T12:54:45Z,SA-0005818,certifier_irrigate,atk-0109,Certifier,WriteSensor,IrrigationControl,East,DENY,ROLE_INSUFFICIENT,True
2025-09-18T14:22:36Z,SA-0005819,certifier_irrigate,atk-0169,Certifier,ReadAudit,AuditLog,North,DENY,ROLE_INSUFFICIENT,True
2025-09-18T14:37:13Z,SA-0005820,certifier_irrigate,atk-0088,Certifier,ReadAudit,SensorData,South,DENY,ZONE_MISMATCH,True
2025-09-18T15:34:10Z,SA-0005821,certifier_irrigate,atk-0242,Certifier,WriteSensor,RoleAssignment,East,DENY,ROLE_INSUFFICIENT,True
2025-09-18T17:53:54Z,SA-0005822,certifier_irrigate,atk-0489,Certifier,ManageRoles,RoleAssignment,South,DENY,CERT_REVOKED,True
2025-09-18T18:03:28Z,SA-0005823,certifier_irrigate,atk-0445,Certifier,WriteSensor,AuditLog,North,DENY,CERT_REVOKED,True
2025-09-18T21:06:20Z,SA-0005824,certifier_irrigate,atk-0185,Certifier,ManageRoles,RoleAssignment,South,DENY,ZONE_MISMATCH,True
2025-09-18T22:04:29Z,SA-0005825,certifier_irrigate,atk-0051,Certifier,ControlZone,AuditLog,South,DENY,ROLE_INSUFFICIENT,True
2025-09-19T01:24:19Z,SA-0005826,certifier_irrigate,atk-0440,Certifier,ManageRoles,IrrigationControl,East,DENY,ROLE_INSUFFICIENT,True
2025-09-19T01:56:42Z,SA-0005827,certifier_irrigate,atk-0153,Certifier,ManageRoles,RoleAssignment,West,DENY,ZONE_MISMATCH,True
2025-09-19T02:30:01Z,SA-0005828,certifier_irrigate,atk-0130,Certifier,ReadAudit,IrrigationControl,North,DENY,ZONE_MISMATCH,True
2025-09-19T02:50:04Z,SA-0005829,certifier_irrigate,atk-0148,Certifier,ManageRoles,SensorData,East,DENY,ROLE_INSUFFICIENT,True
2025-09-19T11:30:42Z,SA-0005830,certifier_irrigate,atk-0303,Certifier,ReadAll,AuditLog,East,DENY,ZONE_MISMATCH,True
2025-09-19T12:01:34Z,SA-0005831,certifier_irrigate,atk-0289,Certifier,ReadAudit,AuditLog,South,DENY,CERT_REVOKED,True
2025-09-19T16:14:37Z,SA-0005832,certifier_irrigate,atk-0302,Certifier,WriteSensor,RoleAssignment,West,DENY,ROLE_INSUFFICIENT,True
2025-09-19T16:34:06Z,SA-0005833,certifier_irrigate,atk-0370,Certifier,ReadAll,AuditLog,West,DENY,IDS_BLOCKED,True
2025-09-19T20:51:10Z,SA-0005834,certifier_irrigate,atk-0060,Certifier,ReadAll,IrrigationControl,South,DENY,POLICY_VIOLATION,True
2025-09-20T02:26:12Z,SA-0005835,certifier_irrigate,atk-0109,Certifier,ManageRoles,IrrigationControl,South,DENY,CERT_REVOKED,True
2025-09-20T05:03:31Z,SA-0005836,certifier_irrigate,atk-0003,Certifier,WriteSensor,SensorData,South,DENY,ROLE_INSUFFICIENT,True
2025-09-20T13:24:57Z,SA-0005837,certifier_irrigate,atk-0070,Certifier,ReadAudit,RoleAssignment,North,DENY,POLICY_VIOLATION,True
2025-09-20T16:24:40Z,SA-0005838,certifier_irrigate,atk-0424,Certifier,ReadAll,AuditLog,West,DENY,POLICY_VIOLATION,True
2025-09-20T22:21:57Z,SA-0005839,certifier_irrigate,atk-0274,Certifier,ManageRoles,SensorData,East,DENY,ROLE_INSUFFICIENT,True
2025-09-20T22:41:58Z,SA-0005840,certifier_irrigate,atk-0315,Certifier,ControlZone,RoleAssignment,North,DENY,ROLE_INSUFFICIENT,True
2025-09-20T23:32:41Z,SA-0005841,certifier_irrigate,atk-0488,Certifier,ControlZone,RoleAssignment,South,DENY,IDS_BLOCKED,True
2025-09-21T02:01:04Z,SA-0005842,certifier_irrigate,atk-0409,Certifier,ManageRoles,AuditLog,West,DENY,ZONE_MISMATCH,True
2025-09-21T02:36:19Z,SA-0005843,certifier_irrigate,atk-0466,Certifier,ControlZone,SensorData,West,DENY,OP_NOT_PERMITTED,True
2025-09-21T04:18:01Z,SA-0005844,certifier_irrigate,atk-0086,Certifier,ReadAudit,SensorData,West,DENY,IDS_BLOCKED,True
2025-09-21T04:46:07Z,SA-0005845,certifier_irrigate,atk-0363,Certifier,ReadAudit,RoleAssignment,South,DENY,IDS_BLOCKED,True
2025-09-21T05:02:07Z,SA-0005846,certifier_irrigate,atk-0421,Certifier,ReadAll,IrrigationControl,South,DENY,OP_NOT_PERMITTED,True
2025-09-21T07:24:12Z,SA-0005847,certifier_irrigate,atk-0312,Certifier,ControlZone,RoleAssignment,West,DENY,OP_NOT_PERMITTED,True
2025-09-21T08:43:01Z,SA-0005848,certifier_irrigate,atk-0183,Certifier,ControlZone,IrrigationControl,North,DENY,ZONE_MISMATCH,True
2025-09-21T10:29:10Z,SA-0005849,certifier_irrigate,atk-0256,Certifier,ReadAudit,SensorData,West,DENY,CERT_REVOKED,True
2025-09-21T11:29:09Z,SA-0005850,certifier_irrigate,atk-0246,Certifier,WriteSensor,AuditLog,West,DENY,POLICY_VIOLATION,True
2025-09-21T14:35:45Z,SA-0005851,certifier_irrigate,atk-0065,Certifier,WriteSensor,RoleAssignment,South,DENY,IDS_BLOCKED,True
2025-09-21T15:18:31Z,SA-0005852,certifier_irrigate,atk-0148,Certifier,ReadAudit,SensorData,West,DENY,OP_NOT_PERMITTED,True
2025-09-21T15:30:59Z,SA-0005853,certifier_irrigate,atk-0350,Certifier,ReadAudit,AuditLog,South,DENY,CERT_REVOKED,True
2025-09-21T17:02:23Z,SA-0005854,certifier_irrigate,atk-0023,Certifier,ControlZone,IrrigationControl,North,DENY,CERT_REVOKED,True
2025-09-21T20:39:25Z,SA-0005855,certifier_irrigate,atk-0071,Certifier,WriteSensor,SensorData,North,DENY,POLICY_VIOLATION,True
2025-09-21T20:40:06Z,SA-0005856,certifier_irrigate,atk-0184,Certifier,WriteSensor,AuditLog,South,DENY,ROLE_INSUFFICIENT,True
2025-09-21T23:18:13Z,SA-0005857,certifier_irrigate,atk-0243,Certifier,WriteSensor,AuditLog,South,DENY,POLICY_VIOLATION,True
2025-09-22T00:46:21Z,SA-0005858,certifier_irrigate,atk-0012,Certifier,ManageRoles,IrrigationControl,West,DENY,ZONE_MISMATCH,True
2025-09-22T03:08:40Z,SA-0005859,certifier_irrigate,atk-0346,Certifier,ManageRoles,AuditLog,North,DENY,POLICY_VIOLATION,True
2025-09-22T03:57:39Z,SA-0005860,certifier_irrigate,atk-0492,Certifier,ReadAudit,IrrigationControl,South,DENY,OP_NOT_PERMITTED,True
2025-09-22T06:32:39Z,SA-0005861,certifier_irrigate,atk-0298,Certifier,WriteSensor,SensorData,North,DENY,CERT_REVOKED,True
2025-09-22T09:35:50Z,SA-0005862,certifier_irrigate,atk-0138,Certifier,ManageRoles,SensorData,North,DENY,IDS_BLOCKED,True
2025-09-22T11:32:24Z,SA-0005863,certifier_irrigate,atk-0209,Certifier,ReadAll,IrrigationControl,West,DENY,IDS_BLOCKED,True
2025-09-22T11:35:05Z,SA-0005864,certifier_irrigate,atk-0091,Certifier,ControlZone,AuditLog,West,DENY,OP_NOT_PERMITTED,True
2025-09-22T14:58:54Z,SA-0005865,certifier_irrigate,atk-0076,Certifier,ReadAudit,IrrigationControl,West,DENY,IDS_BLOCKED,True
2025-09-22T15:44:12Z,SA-0005866,certifier_irrigate,atk-0186,Certifier,ManageRoles,AuditLog,North,DENY,CERT_REVOKED,True
2025-09-23T07:47:10Z,SA-0005867,certifier_irrigate,atk-0487,Certifier,ControlZone,IrrigationControl,West,DENY,ZONE_MISMATCH,True
2025-09-23T08:09:10Z,SA-0005868,certifier_irrigate,atk-0339,Certifier,ManageRoles,AuditLog,East,DENY,OP_NOT_PERMITTED,True
2025-09-23T08:31:41Z,SA-0005869,certifier_irrigate,atk-0459,Certifier,ManageRoles,RoleAssignment,South,DENY,ROLE_INSUFFICIENT,True
2025-09-23T08:39:47Z,SA-0005870,certifier_irrigate,atk-0042,Certifier,ReadAll,SensorData,South,DENY,ROLE_INSUFFICIENT,True
2025-09-23T09:20:12Z,SA-0005871,certifier_irrigate,atk-0218,Certifier,ControlZone,AuditLog,West,DENY,OP_NOT_PERMITTED,True
2025-09-23T11:16:50Z,SA-0005872,certifier_irrigate,atk-0060,Certifier,ReadAudit,AuditLog,North,DENY,ROLE_INSUFFICIENT,True
2025-09-23T12:03:21Z,SA-0005873,certifier_irrigate,atk-0251,Certifier,ReadAudit,SensorData,South,DENY,ROLE_INSUFFICIENT,True
2025-09-23T12:23:47Z,SA-0005874,certifier_irrigate,atk-0028,Certifier,ReadAll,RoleAssignment,South,DENY,ZONE_MISMATCH,True
2025-09-23T16:43:52Z,SA-0005875,certifier_irrigate,atk-0029,Certifier,ControlZone,AuditLog,South,DENY,ZONE_MISMATCH,True
2025-09-23T16:47:37Z,SA-0005876,certifier_irrigate,atk-0160,Certifier,WriteSensor,SensorData,South,DENY,OP_NOT_PERMITTED,True
2025-09-23T17:13:32Z,SA-0005877,certifier_irrigate,atk-0072,Certifier,ReadAudit,RoleAssignment,East,DENY,CERT_REVOKED,True
2025-09-23T17:31:15Z,SA-0005878,certifier_irrigate,atk-0311,Certifier,ControlZone,SensorData,South,DENY,IDS_BLOCKED,True
2025-09-23T23:20:29Z,SA-0005879,certifier_irrigate,atk-0194,Certifier,WriteSensor,IrrigationControl,East,DENY,IDS_BLOCKED,True
2025-09-23T23:23:15Z,SA-0005880,certifier_irrigate,atk-0226,Certifier,ReadAll,AuditLog,West,DENY,ROLE_INSUFFICIENT,True
2025-09-23T23:26:43Z,SA-0005881,certifier_irrigate,atk-0352,Certifier,ReadAll,RoleAssignment,East,DENY,ZONE_MISMATCH,True
2025-09-24T00:56:40Z,SA-0005882,certifier_irrigate,atk-0280,Certifier,ControlZone,AuditLog,East,DENY,ZONE_MISMATCH,True
2025-09-24T00:59:29Z,SA-0005883,certifier_irrigate,atk-0003,Certifier,ControlZone,AuditLog,North,DENY,ROLE_INSUFFICIENT,True
2025-09-24T02:59:19Z,SA-0005884,certifier_irrigate,atk-0391,Certifier,ControlZone,AuditLog,North,DENY,CERT_REVOKED,True
2025-09-24T05:57:41Z,SA-0005885,certifier_irrigate,atk-0275,Certifier,ManageRoles,IrrigationControl,East,DENY,OP_NOT_PERMITTED,True
2025-09-24T07:08:12Z,SA-0005886,certifier_irrigate,atk-0017,Certifier,ReadAll,SensorData,North,DENY,CERT_REVOKED,True
2025-09-24T08:29:03Z,SA-0005887,certifier_irrigate,atk-0422,Certifier,ReadAll,SensorData,East,DENY,CERT_REVOKED,True
2025-09-24T09:21:22Z,SA-0005888,certifier_irrigate,atk-0067,Certifier,WriteSensor,AuditLog,East,DENY,IDS_BLOCKED,True
2025-09-24T14:40:56Z,SA-0005889,certifier_irrigate,atk-0168,Certifier,ReadAudit,IrrigationControl,East,DENY,ROLE_INSUFFICIENT,True
2025-09-24T15:12:23Z,SA-0005890,certifier_irrigate,atk-0456,Certifier,ReadAudit,RoleAssignment,North,DENY,CERT_REVOKED,True
2025-09-24T22:11:17Z,SA-0005891,certifier_irrigate,atk-0040,Certifier,ReadAudit,RoleAssignment,South,DENY,ROLE_INSUFFICIENT,True
2025-09-24T22:45:54Z,SA-0005892,certifier_irrigate,atk-0415,Certifier,ManageRoles,RoleAssignment,South,DENY,OP_NOT_PERMITTED,True
2025-09-24T22:57:46Z,SA-0005893,certifier_irrigate,atk-0051,Certifier,ReadAll,AuditLog,East,DENY,ZONE_MISMATCH,True
2025-09-24T23:23:15Z,SA-0005894,certifier_irrigate,atk-0478,Certifier,ReadAudit,SensorData,North,DENY,ZONE_MISMATCH,True
2025-09-25T00:37:16Z,SA-0005895,certifier_irrigate,atk-0465,Certifier,ControlZone,SensorData,East,DENY,IDS_BLOCKED,True
2025-09-25T01:41:23Z,SA-0005896,certifier_irrigate,atk-0384,Certifier,ReadAll,RoleAssignment,South,DENY,IDS_BLOCKED,True
2025-09-25T02:19:54Z,SA-0005897,certifier_irrigate,atk-0434,Certifier,ManageRoles,SensorData,North,DENY,POLICY_VIOLATION,True
2025-09-25T06:51:33Z,SA-0005898,certifier_irrigate,atk-0359,Certifier,ReadAudit,AuditLog,North,DENY,IDS_BLOCKED,True
2025-09-25T10:19:53Z,SA-0005899,certifier_irrigate,atk-0329,Certifier,ReadAudit,RoleAssignment,South,DENY,IDS_BLOCKED,True
2025-09-25T10:30:19Z,SA-0005900,certifier_irrigate,atk-0108,Certifier,ManageRoles,IrrigationControl,East,DENY,IDS_BLOCKED,True
2025-09-25T10:35:49Z,SA-0005901,certifier_irrigate,atk-0383,Certifier,ControlZone,SensorData,North,DENY,POLICY_VIOLATION,True
2025-09-25T13:06:01Z,SA-0005902,certifier_irrigate,atk-0013,Certifier,ReadAudit,RoleAssignment,East,DENY,POLICY_VIOLATION,True
2025-09-25T13:27:05Z,SA-0005903,certifier_irrigate,atk-0248,Certifier,ManageRoles,SensorData,South,DENY,CERT_REVOKED,True
2025-09-25T15:17:02Z,SA-0005904,certifier_irrigate,atk-0014,Certifier,ManageRoles,AuditLog,East,DENY,ZONE_MISMATCH,True
2025-09-25T15:21:28Z,SA-0005905,certifier_irrigate,atk-0197,Certifier,ManageRoles,RoleAssignment,East,DENY,POLICY_VIOLATION,True
2025-09-25T18:19:33Z,SA-0005906,certifier_irrigate,atk-0461,Certifier,ManageRoles,AuditLog,South,DENY,POLICY_VIOLATION,True
2025-09-25T21:00:03Z,SA-0005907,certifier_irrigate,atk-0412,Certifier,ReadAudit,IrrigationControl,South,DENY,OP_NOT_PERMITTED,True
2025-09-25T21:40:39Z,SA-0005908,certifier_irrigate,atk-0027,Certifier,ControlZone,AuditLog,East,DENY,IDS_BLOCKED,True
2025-09-26T01:31:59Z,SA-0005909,certifier_irrigate,atk-0096,Certifier,WriteSensor,AuditLog,South,DENY,CERT_REVOKED,True
2025-09-26T07:52:26Z,SA-0005910,certifier_irrigate,atk-0089,Certifier,ReadAudit,AuditLog,East,DENY,IDS_BLOCKED,True
2025-09-26T09:22:40Z,SA-0005911,certifier_irrigate,atk-0320,Certifier,ControlZone,RoleAssignment,West,DENY,ROLE_INSUFFICIENT,True
2025-09-26T09:24:14Z,SA-0005912,certifier_irrigate,atk-0111,Certifier,ReadAudit,SensorData,South,DENY,ZONE_MISMATCH,True
2025-09-26T09:57:02Z,SA-0005913,certifier_irrigate,atk-0407,Certifier,ReadAll,SensorData,West,DENY,IDS_BLOCKED,True
2025-09-26T10:36:26Z,SA-0005914,certifier_irrigate,atk-0100,Certifier,ReadAudit,SensorData,North,DENY,CERT_REVOKED,True
2025-09-26T11:26:54Z,SA-0005915,certifier_irrigate,atk-0370,Certifier,ReadAll,SensorData,West,DENY,POLICY_VIOLATION,True
2025-09-26T15:10:22Z,SA-0005916,certifier_irrigate,atk-0408,Certifier,ManageRoles,IrrigationControl,East,DENY,IDS_BLOCKED,True
2025-09-26T16:00:24Z,SA-0005917,certifier_irrigate,atk-0471,Certifier,WriteSensor,RoleAssignment,North,DENY,CERT_REVOKED,True
2025-09-26T17:02:39Z,SA-0005918,certifier_irrigate,atk-0088,Certifier,ManageRoles,RoleAssignment,West,DENY,IDS_BLOCKED,True
2025-09-26T17:16:13Z,SA-0005919,certifier_irrigate,atk-0417,Certifier,ControlZone,AuditLog,East,DENY,ZONE_MISMATCH,True
2025-09-26T18:19:55Z,SA-0005920,certifier_irrigate,atk-0155,Certifier,ManageRoles,IrrigationControl,North,DENY,ROLE_INSUFFICIENT,True
2025-09-26T19:23:25Z,SA-0005921,certifier_irrigate,atk-0240,Certifier,ManageRoles,IrrigationControl,South,DENY,IDS_BLOCKED,True
2025-09-26T19:28:43Z,SA-0005922,certifier_irrigate,atk-0486,Certifier,ReadAll,SensorData,North,DENY,IDS_BLOCKED,True
2025-09-26T20:49:25Z,SA-0005923,certifier_irrigate,atk-0037,Certifier,ControlZone,IrrigationControl,North,DENY,ROLE_INSUFFICIENT,True
2025-09-26T21:01:54Z,SA-0005924,certifier_irrigate,atk-0107,Certifier,WriteSensor,RoleAssignment,West,DENY,POLICY_VIOLATION,True
2025-09-26T21:37:30Z,SA-0005925,certifier_irrigate,atk-0241,Certifier,ManageRoles,RoleAssignment,West,DENY,OP_NOT_PERMITTED,True
2025-09-26T23:45:00Z,SA-0005926,certifier_irrigate,atk-0480,Certifier,ReadAudit,AuditLog,West,DENY,POLICY_VIOLATION,True
2025-09-27T00:05:10Z,SA-0005927,certifier_irrigate,atk-0418,Certifier,ControlZone,IrrigationControl,North,DENY,POLICY_VIOLATION,True
2025-09-27T00:37:55Z,SA-0005928,certifier_irrigate,atk-0411,Certifier,ReadAll,AuditLog,North,DENY,IDS_BLOCKED,True
2025-09-27T00:48:06Z,SA-0005929,certifier_irrigate,atk-0435,Certifier,ReadAll,SensorData,South,DENY,ROLE_INSUFFICIENT,True
2025-09-27T02:30:53Z,SA-0005930,certifier_irrigate,atk-0356,Certifier,WriteSensor,IrrigationControl,North,DENY,CERT_REVOKED,True
2025-09-27T04:53:12Z,SA-0005931,certifier_irrigate,atk-0267,Certifier,ManageRoles,RoleAssignment,East,DENY,IDS_BLOCKED,True
2025-09-27T05:16:11Z,SA-0005932,certifier_irrigate,atk-0068,Certifier,ReadAll,AuditLog,South,DENY,CERT_REVOKED,True
2025-09-27T08:00:00Z,SA-0005933,certifier_irrigate,atk-0027,Certifier,ControlZone,RoleAssignment,East,DENY,CERT_REVOKED,True
2025-09-27T11:23:03Z,SA-0005934,certifier_irrigate,atk-0281,Certifier,ReadAll,AuditLog,West,DENY,CERT_REVOKED,True
2025-09-27T11:54:03Z,SA-0005935,certifier_irrigate,atk-0044,Certifier,WriteSensor,RoleAssignment,West,DENY,IDS_BLOCKED,True
2025-09-27T13:34:52Z,SA-0005936,certifier_irrigate,atk-0052,Certifier,ReadAll,IrrigationControl,West,DENY,CERT_REVOKED,True
2025-09-27T15:59:28Z,SA-0005937,certifier_irrigate,atk-0058,Certifier,ReadAudit,IrrigationControl,East,DENY,CERT_REVOKED,True
2025-09-27T17:25:44Z,SA-0005938,certifier_irrigate,atk-0221,Certifier,ManageRoles,IrrigationControl,North,DENY,CERT_REVOKED,True
2025-09-27T19:17:54Z,SA-0005939,certifier_irrigate,atk-0363,Certifier,ReadAudit,AuditLog,East,DENY,OP_NOT_PERMITTED,True
2025-09-27T20:10:49Z,SA-0005940,certifier_irrigate,atk-0387,Certifier,ManageRoles,RoleAssignment,East,DENY,OP_NOT_PERMITTED,True
2025-09-27T20:14:21Z,SA-0005941,certifier_irrigate,atk-0190,Certifier,ReadAll,IrrigationControl,West,DENY,ZONE_MISMATCH,True
2025-09-27T20:48:20Z,SA-0005942,certifier_irrigate,atk-0072,Certifier,ReadAll,SensorData,West,DENY,ROLE_INSUFFICIENT,True
2025-09-28T00:42:25Z,SA-0005943,certifier_irrigate,atk-0444,Certifier,ManageRoles,SensorData,West,DENY,OP_NOT_PERMITTED,True
2025-09-28T00:43:34Z,SA-0005944,certifier_irrigate,atk-0281,Certifier,ReadAll,IrrigationControl,South,DENY,OP_NOT_PERMITTED,True
2025-09-28T01:38:56Z,SA-0005945,certifier_irrigate,atk-0134,Certifier,ReadAll,SensorData,South,DENY,IDS_BLOCKED,True
2025-09-28T02:11:33Z,SA-0005946,certifier_irrigate,atk-0408,Certifier,ReadAll,AuditLog,West,DENY,IDS_BLOCKED,True
2025-09-28T05:21:35Z,SA-0005947,certifier_irrigate,atk-0270,Certifier,ManageRoles,RoleAssignment,East,DENY,IDS_BLOCKED,True
2025-09-28T06:14:46Z,SA-0005948,certifier_irrigate,atk-0035,Certifier,ReadAll,RoleAssignment,North,DENY,IDS_BLOCKED,True
2025-09-28T06:17:20Z,SA-0005949,certifier_irrigate,atk-0236,Certifier,ControlZone,SensorData,East,DENY,OP_NOT_PERMITTED,True
2025-09-28T06:22:05Z,SA-0005950,certifier_irrigate,atk-0415,Certifier,WriteSensor,IrrigationControl,East,DENY,IDS_BLOCKED,True
2025-09-28T07:10:13Z,SA-0005951,certifier_irrigate,atk-0111,Certifier,WriteSensor,AuditLog,North,DENY,ZONE_MISMATCH,True
2025-09-28T07:58:32Z,SA-0005952,certifier_irrigate,atk-0476,Certifier,ReadAll,AuditLog,West,DENY,IDS_BLOCKED,True
2025-09-28T09:24:20Z,SA-0005953,certifier_irrigate,atk-0286,Certifier,ReadAll,RoleAssignment,West,DENY,ROLE_INSUFFICIENT,True
2025-09-28T09:51:04Z,SA-0005954,certifier_irrigate,atk-0258,Certifier,ControlZone,SensorData,North,DENY,ROLE_INSUFFICIENT,True
2025-09-28T09:59:41Z,SA-0005955,certifier_irrigate,atk-0089,Certifier,WriteSensor,IrrigationControl,East,DENY,ZONE_MISMATCH,True
2025-09-28T11:43:00Z,SA-0005956,certifier_irrigate,atk-0178,Certifier,ReadAudit,SensorData,East,DENY,OP_NOT_PERMITTED,True
2025-09-28T12:27:50Z,SA-0005957,certifier_irrigate,atk-0365,Certifier,ReadAudit,SensorData,North,DENY,CERT_REVOKED,True
2025-09-28T14:47:00Z,SA-0005958,certifier_irrigate,atk-0105,Certifier,WriteSensor,SensorData,North,DENY,ROLE_INSUFFICIENT,True
2025-09-28T16:23:31Z,SA-0005959,certifier_irrigate,atk-0463,Certifier,ControlZone,SensorData,East,DENY,ROLE_INSUFFICIENT,True
2025-09-28T18:26:03Z,SA-0005960,certifier_irrigate,atk-0416,Certifier,ControlZone,AuditLog,North,DENY,IDS_BLOCKED,True
2025-09-28T20:15:41Z,SA-0005961,certifier_irrigate,atk-0004,Certifier,ReadAll,SensorData,North,DENY,ROLE_INSUFFICIENT,True
2025-09-28T20:53:57Z,SA-0005962,certifier_irrigate,atk-0492,Certifier,ControlZone,RoleAssignment,South,DENY,ROLE_INSUFFICIENT,True
2025-09-28T21:29:43Z,SA-0005963,certifier_irrigate,atk-0489,Certifier,ManageRoles,SensorData,North,DENY,CERT_REVOKED,True
2025-09-29T02:25:10Z,SA-0005964,certifier_irrigate,atk-0155,Certifier,ReadAudit,RoleAssignment,East,DENY,POLICY_VIOLATION,True
2025-09-29T03:28:17Z,SA-0005965,certifier_irrigate,atk-0062,Certifier,ManageRoles,RoleAssignment,East,DENY,IDS_BLOCKED,True
2025-09-29T04:18:50Z,SA-0005966,certifier_irrigate,atk-0445,Certifier,ControlZone,SensorData,East,DENY,OP_NOT_PERMITTED,True
2025-09-29T05:07:27Z,SA-0005967,certifier_irrigate,atk-0406,Certifier,ManageRoles,IrrigationControl,East,DENY,CERT_REVOKED,True
2025-09-29T06:25:01Z,SA-0005968,certifier_irrigate,atk-0127,Certifier,ManageRoles,AuditLog,East,DENY,IDS_BLOCKED,True
2025-09-29T06:34:13Z,SA-0005969,certifier_irrigate,atk-0412,Certifier,ManageRoles,AuditLog,North,DENY,ROLE_INSUFFICIENT,True
2025-09-29T07:58:21Z,SA-0005970,certifier_irrigate,atk-0380,Certifier,ReadAudit,IrrigationControl,South,DENY,POLICY_VIOLATION,True
2025-09-29T08:41:10Z,SA-0005971,certifier_irrigate,atk-0313,Certifier,ReadAudit,SensorData,West,DENY,CERT_REVOKED,True
2025-09-29T10:33:37Z,SA-0005972,certifier_irrigate,atk-0179,Certifier,ReadAudit,RoleAssignment,East,DENY,CERT_REVOKED,True
2025-09-29T12:22:30Z,SA-0005973,certifier_irrigate,atk-0284,Certifier,WriteSensor,AuditLog,East,DENY,POLICY_VIOLATION,True
2025-09-29T12:54:01Z,SA-0005974,certifier_irrigate,atk-0334,Certifier,ReadAll,SensorData,East,DENY,ROLE_INSUFFICIENT,True
2025-09-29T12:58:45Z,SA-0005975,certifier_irrigate,atk-0310,Certifier,ReadAll,IrrigationControl,South,DENY,ZONE_MISMATCH,True
2025-09-29T14:53:36Z,SA-0005976,certifier_irrigate,atk-0487,Certifier,ReadAudit,IrrigationControl,South,DENY,ZONE_MISMATCH,True
2025-09-29T16:03:24Z,SA-0005977,certifier_irrigate,atk-0456,Certifier,ManageRoles,RoleAssignment,South,DENY,IDS_BLOCKED,True
2025-09-29T17:45:30Z,SA-0005978,certifier_irrigate,atk-0434,Certifier,WriteSensor,IrrigationControl,North,DENY,ROLE_INSUFFICIENT,True
2025-09-29T21:37:47Z,SA-0005979,certifier_irrigate,atk-0140,Certifier,ReadAll,AuditLog,South,DENY,OP_NOT_PERMITTED,True
2025-09-29T23:27:35Z,SA-0005980,certifier_irrigate,atk-0452,Certifier,ManageRoles,SensorData,North,DENY,OP_NOT_PERMITTED,True
2025-09-29T23:37:41Z,SA-0005981,certifier_irrigate,atk-0046,Certifier,ManageRoles,RoleAssignment,North,DENY,OP_NOT_PERMITTED,True
2025-09-30T00:05:43Z,SA-0005982,certifier_irrigate,atk-0238,Certifier,ReadAll,RoleAssignment,East,DENY,POLICY_VIOLATION,True
2025-09-30T00:47:21Z,SA-0005983,certifier_irrigate,atk-0414,Certifier,ReadAll,RoleAssignment,South,DENY,OP_NOT_PERMITTED,True
2025-09-30T02:45:19Z,SA-0005984,certifier_irrigate,atk-0479,Certifier,ControlZone,IrrigationControl,South,DENY,IDS_BLOCKED,True
2025-09-30T03:39:08Z,SA-0005985,certifier_irrigate,atk-0465,Certifier,ReadAudit,RoleAssignment,West,DENY,ROLE_INSUFFICIENT,True
2025-09-30T06:07:37Z,SA-0005986,certifier_irrigate,atk-0068,Certifier,WriteSensor,AuditLog,South,DENY,IDS_BLOCKED,True
2025-09-30T06:14:28Z,SA-0005987,certifier_irrigate,atk-0383,Certifier,ManageRoles,IrrigationControl,East,DENY,ROLE_INSUFFICIENT,True
2025-09-30T08:42:29Z,SA-0005988,certifier_irrigate,atk-0089,Certifier,ControlZone,RoleAssignment,West,DENY,POLICY_VIOLATION,True
2025-09-30T09:00:25Z,SA-0005989,certifier_irrigate,atk-0022,Certifier,ManageRoles,IrrigationControl,West,DENY,ROLE_INSUFFICIENT,True
2025-09-30T10:22:49Z,SA-0005990,certifier_irrigate,atk-0423,Certifier,ReadAll,IrrigationControl,South,DENY,OP_NOT_PERMITTED,True
2025-09-30T12:03:53Z,SA-0005991,certifier_irrigate,atk-0017,Certifier,ReadAll,SensorData,North,DENY,IDS_BLOCKED,True
2025-09-30T12:34:12Z,SA-0005992,certifier_irrigate,atk-0383,Certifier,ReadAudit,IrrigationControl,East,DENY,IDS_BLOCKED,True
2025-09-30T12:50:09Z,SA-0005993,certifier_irrigate,atk-0268,Certifier,ReadAudit,IrrigationControl,West,DENY,ZONE_MISMATCH,True
2025-09-30T14:58:27Z,SA-0005994,certifier_irrigate,atk-0377,Certifier,ManageRoles,SensorData,West,DENY,POLICY_VIOLATION,True
2025-09-30T15:42:05Z,SA-0005995,certifier_irrigate,atk-0217,Certifier,ControlZone,IrrigationControl,West,DENY,ZONE_MISMATCH,True
2025-09-30T18:23:50Z,SA-0005996,certifier_irrigate,atk-0419,Certifier,ReadAudit,IrrigationControl,West,DENY,POLICY_VIOLATION,True
2025-09-30T21:54:32Z,SA-0005997,certifier_irrigate,atk-0184,Certifier,ReadAll,IrrigationControl,South,DENY,ROLE_INSUFFICIENT,True
2025-09-30T22:37:07Z,SA-0005998,certifier_irrigate,atk-0271,Certifier,WriteSensor,AuditLog,East,DENY,OP_NOT_PERMITTED,True
2025-09-30T22:44:23Z,SA-0005999,certifier_irrigate,atk-0456,Certifier,ManageRoles,IrrigationControl,West,DENY,ZONE_MISMATCH,True
2025-09-30T23:27:51Z,SA-0006000,certifier_irrigate,atk-0071,Certifier,ReadAudit,RoleAssignment,East,DENY,CERT_REVOKED,True
2025-08-01T00:41:40Z,SA-0006001,supply_write_sensor,atk-0218,Supply,ControlZone,AuditLog,East,DENY,ZONE_MISMATCH,True
2025-08-01T01:37:31Z,SA-0006002,supply_write_sensor,atk-0316,Supply,ReadAudit,RoleAssignment,West,DENY,OP_NOT_PERMITTED,True
2025-08-01T02:03:26Z,SA-0006003,supply_write_sensor,atk-0247,Supply,WriteSensor,SensorData,South,DENY,ZONE_MISMATCH,True
2025-08-01T03:14:47Z,SA-0006004,supply_write_sensor,atk-0467,Supply,ControlZone,IrrigationControl,South,DENY,ROLE_INSUFFICIENT,True
2025-08-01T04:07:09Z,SA-0006005,supply_write_sensor,atk-0254,Supply,ManageRoles,RoleAssignment,East,DENY,ZONE_MISMATCH,True
2025-08-01T04:11:33Z,SA-0006006,supply_write_sensor,atk-0334,Supply,ManageRoles,RoleAssignment,North,DENY,ZONE_MISMATCH,True
2025-08-01T04:58:51Z,SA-0006007,supply_write_sensor,atk-0023,Supply,ReadAll,SensorData,West,DENY,CERT_REVOKED,True
2025-08-01T07:15:58Z,SA-0006008,supply_write_sensor,atk-0468,Supply,ControlZone,AuditLog,East,DENY,OP_NOT_PERMITTED,True
2025-08-01T07:58:43Z,SA-0006009,supply_write_sensor,atk-0390,Supply,ReadAll,RoleAssignment,North,DENY,POLICY_VIOLATION,True
2025-08-01T08:19:44Z,SA-0006010,supply_write_sensor,atk-0406,Supply,ReadAll,AuditLog,South,DENY,POLICY_VIOLATION,True
2025-08-01T10:19:55Z,SA-0006011,supply_write_sensor,atk-0022,Supply,ControlZone,SensorData,North,DENY,ROLE_INSUFFICIENT,True
2025-08-01T17:10:21Z,SA-0006012,supply_write_sensor,atk-0435,Supply,ControlZone,SensorData,West,DENY,OP_NOT_PERMITTED,True
2025-08-01T17:43:01Z,SA-0006013,supply_write_sensor,atk-0269,Supply,WriteSensor,RoleAssignment,East,DENY,OP_NOT_PERMITTED,True
2025-08-01T18:04:47Z,SA-0006014,supply_write_sensor,atk-0051,Supply,ControlZone,SensorData,North,DENY,CERT_REVOKED,True
2025-08-01T19:55:35Z,SA-0006015,supply_write_sensor,atk-0371,Supply,ReadAll,AuditLog,East,DENY,ZONE_MISMATCH,True
2025-08-01T20:07:38Z,SA-0006016,supply_write_sensor,atk-0155,Supply,ControlZone,IrrigationControl,West,DENY,CERT_REVOKED,True
2025-08-01T22:01:01Z,SA-0006017,supply_write_sensor,atk-0162,Supply,ManageRoles,IrrigationControl,West,DENY,OP_NOT_PERMITTED,True
2025-08-01T22:31:40Z,SA-0006018,supply_write_sensor,atk-0347,Supply,WriteSensor,IrrigationControl,East,DENY,ZONE_MISMATCH,True
2025-08-01T22:37:48Z,SA-0006019,supply_write_sensor,atk-0222,Supply,ControlZone,SensorData,South,DENY,ZONE_MISMATCH,True
2025-08-01T23:56:00Z,SA-0006020,supply_write_sensor,atk-0315,Supply,ControlZone,IrrigationControl,North,DENY,POLICY_VIOLATION,True
2025-08-02T04:13:11Z,SA-0006021,supply_write_sensor,atk-0208,Supply,WriteSensor,RoleAssignment,West,DENY,ROLE_INSUFFICIENT,True
2025-08-02T04:29:21Z,SA-0006022,supply_write_sensor,atk-0148,Supply,WriteSensor,IrrigationControl,South,DENY,ZONE_MISMATCH,True
2025-08-02T06:48:30Z,SA-0006023,supply_write_sensor,atk-0207,Supply,ManageRoles,SensorData,East,DENY,CERT_REVOKED,True
2025-08-02T10:00:42Z,SA-0006024,supply_write_sensor,atk-0337,Supply,ManageRoles,SensorData,South,DENY,ZONE_MISMATCH,True
2025-08-02T10:23:28Z,SA-0006025,supply_write_sensor,atk-0288,Supply,ReadAll,AuditLog,West,DENY,OP_NOT_PERMITTED,True
2025-08-02T10:37:51Z,SA-0006026,supply_write_sensor,atk-0057,Supply,ReadAudit,IrrigationControl,South,DENY,ROLE_INSUFFICIENT,True
2025-08-02T10:53:20Z,SA-0006027,supply_write_sensor,atk-0064,Supply,WriteSensor,AuditLog,North,DENY,IDS_BLOCKED,True
2025-08-02T12:16:08Z,SA-0006028,supply_write_sensor,atk-0259,Supply,ReadAudit,IrrigationControl,East,DENY,IDS_BLOCKED,True
2025-08-02T12:51:52Z,SA-0006029,supply_write_sensor,atk-0487,Supply,WriteSensor,RoleAssignment,South,DENY,IDS_BLOCKED,True
2025-08-02T13:39:12Z,SA-0006030,supply_write_sensor,atk-0104,Supply,ControlZone,SensorData,West,DENY,ROLE_INSUFFICIENT,True
2025-08-02T13:44:36Z,SA-0006031,supply_write_sensor,atk-0189,Supply,ManageRoles,RoleAssignment,South,DENY,CERT_REVOKED,True
2025-08-02T14:24:25Z,SA-0006032,supply_write_sensor,atk-0223,Supply,ManageRoles,RoleAssignment,West,DENY,ZONE_MISMATCH,True
2025-08-02T14:27:36Z,SA-0006033,supply_write_sensor,atk-0458,Supply,WriteSensor,IrrigationControl,South,DENY,OP_NOT_PERMITTED,True
2025-08-02T14:55:17Z,SA-0006034,supply_write_sensor,atk-0150,Supply,WriteSensor,RoleAssignment,East,DENY,IDS_BLOCKED,True
2025-08-02T15:32:09Z,SA-0006035,supply_write_sensor,atk-0242,Supply,WriteSensor,IrrigationControl,South,DENY,IDS_BLOCKED,True
2025-08-02T15:46:39Z,SA-0006036,supply_write_sensor,atk-0254,Supply,ReadAll,IrrigationControl,South,DENY,IDS_BLOCKED,True
2025-08-02T16:53:58Z,SA-0006037,supply_write_sensor,atk-0389,Supply,ReadAudit,RoleAssignment,South,DENY,CERT_REVOKED,True
2025-08-02T17:12:31Z,SA-0006038,supply_write_sensor,atk-0176,Supply,ManageRoles,AuditLog,West,DENY,IDS_BLOCKED,True
2025-08-02T17:52:16Z,SA-0006039,supply_write_sensor,atk-0496,Supply,ReadAudit,AuditLog,North,DENY,CERT_REVOKED,True
2025-08-02T19:04:59Z,SA-0006040,supply_write_sensor,atk-0404,Supply,ReadAudit,IrrigationControl,North,DENY,OP_NOT_PERMITTED,True
2025-08-02T20:09:20Z,SA-0006041,supply_write_sensor,atk-0315,Supply,ReadAudit,IrrigationControl,South,DENY,ROLE_INSUFFICIENT,True
2025-08-02T21:05:03Z,SA-0006042,supply_write_sensor,atk-0343,Supply,WriteSensor,RoleAssignment,West,DENY,ZONE_MISMATCH,True
2025-08-02T21:40:50Z,SA-0006043,supply_write_sensor,atk-0253,Supply,ControlZone,AuditLog,North,DENY,CERT_REVOKED,True
2025-08-02T22:03:31Z,SA-0006044,supply_write_sensor,atk-0495,Supply,ManageRoles,RoleAssignment,South,DENY,IDS_BLOCKED,True
2025-08-02T23:58:39Z,SA-0006045,supply_write_sensor,atk-0449,Supply,ReadAll,AuditLog,West,DENY,POLICY_VIOLATION,True
2025-08-03T01:25:36Z,SA-0006046,supply_write_sensor,atk-0218,Supply,ReadAudit,SensorData,North,DENY,POLICY_VIOLATION,True
2025-08-03T01:53:17Z,SA-0006047,supply_write_sensor,atk-0016,Supply,ManageRoles,RoleAssignment,East,DENY,ROLE_INSUFFICIENT,True
2025-08-03T03:30:56Z,SA-0006048,supply_write_sensor,atk-0132,Supply,ReadAudit,SensorData,South,DENY,POLICY_VIOLATION,True
2025-08-03T03:49:38Z,SA-0006049,supply_write_sensor,atk-0015,Supply,ManageRoles,RoleAssignment,South,DENY,OP_NOT_PERMITTED,True
2025-08-03T08:35:20Z,SA-0006050,supply_write_sensor,atk-0365,Supply,ControlZone,SensorData,West,DENY,ZONE_MISMATCH,True
2025-08-03T09:52:41Z,SA-0006051,supply_write_sensor,atk-0207,Supply,ManageRoles,AuditLog,West,DENY,ZONE_MISMATCH,True
2025-08-03T13:03:54Z,SA-0006052,supply_write_sensor,atk-0458,Supply,ReadAudit,SensorData,North,DENY,POLICY_VIOLATION,True
2025-08-03T13:07:21Z,SA-0006053,supply_write_sensor,atk-0271,Supply,ManageRoles,AuditLog,South,DENY,ROLE_INSUFFICIENT,True
2025-08-03T13:58:54Z,SA-0006054,supply_write_sensor,atk-0446,Supply,ControlZone,RoleAssignment,North,DENY,CERT_REVOKED,True
2025-08-03T14:14:17Z,SA-0006055,supply_write_sensor,atk-0058,Supply,ReadAudit,RoleAssignment,North,DENY,POLICY_VIOLATION,True
2025-08-03T15:17:28Z,SA-0006056,supply_write_sensor,atk-0205,Supply,ControlZone,AuditLog,North,DENY,ROLE_INSUFFICIENT,True
2025-08-03T17:49:51Z,SA-0006057,supply_write_sensor,atk-0396,Supply,ManageRoles,IrrigationControl,South,DENY,IDS_BLOCKED,True
2025-08-03T18:19:47Z,SA-0006058,supply_write_sensor,atk-0436,Supply,WriteSensor,IrrigationControl,South,DENY,ROLE_INSUFFICIENT,True
2025-08-03T18:45:09Z,SA-0006059,supply_write_sensor,atk-0019,Supply,ManageRoles,IrrigationControl,North,DENY,OP_NOT_PERMITTED,True
2025-08-03T18:52:42Z,SA-0006060,supply_write_sensor,atk-0374,Supply,WriteSensor,IrrigationControl,South,DENY,OP_NOT_PERMITTED,True
2025-08-03T21:32:37Z,SA-0006061,supply_write_sensor,atk-0147,Supply,ManageRoles,IrrigationControl,East,DENY,ROLE_INSUFFICIENT,True
2025-08-03T23:32:11Z,SA-0006062,supply_write_sensor,atk-0035,Supply,ReadAudit,AuditLog,West,DENY,ROLE_INSUFFICIENT,True
2025-08-04T02:15:43Z,SA-0006063,supply_write_sensor,atk-0015,Supply,WriteSensor,IrrigationControl,West,DENY,IDS_BLOCKED,True
2025-08-04T05:18:59Z,SA-0006064,supply_write_sensor,atk-0181,Supply,ManageRoles,AuditLog,North,DENY,OP_NOT_PERMITTED,True
2025-08-04T07:20:20Z,SA-0006065,supply_write_sensor,atk-0061,Supply,WriteSensor,IrrigationControl,East,DENY,CERT_REVOKED,True
2025-08-04T08:01:36Z,SA-0006066,supply_write_sensor,atk-0059,Supply,ControlZone,IrrigationControl,West,DENY,IDS_BLOCKED,True
2025-08-04T10:34:41Z,SA-0006067,supply_write_sensor,atk-0150,Supply,ReadAudit,AuditLog,East,DENY,IDS_BLOCKED,True
2025-08-04T12:07:05Z,SA-0006068,supply_write_sensor,atk-0294,Supply,ManageRoles,SensorData,North,DENY,ZONE_MISMATCH,True
2025-08-04T13:14:23Z,SA-0006069,supply_write_sensor,atk-0079,Supply,ManageRoles,RoleAssignment,East,DENY,OP_NOT_PERMITTED,True
2025-08-04T13:22:38Z,SA-0006070,supply_write_sensor,atk-0250,Supply,ReadAll,AuditLog,West,DENY,POLICY_VIOLATION,True
2025-08-04T14:53:32Z,SA-0006071,supply_write_sensor,atk-0310,Supply,WriteSensor,RoleAssignment,East,DENY,ROLE_INSUFFICIENT,True
2025-08-04T15:43:03Z,SA-0006072,supply_write_sensor,atk-0461,Supply,ReadAudit,AuditLog,South,DENY,ZONE_MISMATCH,True
2025-08-04T15:43:05Z,SA-0006073,supply_write_sensor,atk-0435,Supply,WriteSensor,RoleAssignment,North,DENY,IDS_BLOCKED,True
2025-08-04T17:35:01Z,SA-0006074,supply_write_sensor,atk-0011,Supply,ManageRoles,RoleAssignment,East,DENY,IDS_BLOCKED,True
2025-08-04T17:55:38Z,SA-0006075,supply_write_sensor,atk-0186,Supply,ReadAudit,IrrigationControl,West,DENY,IDS_BLOCKED,True
2025-08-04T19:45:34Z,SA-0006076,supply_write_sensor,atk-0167,Supply,ManageRoles,RoleAssignment,South,DENY,CERT_REVOKED,True
2025-08-04T22:25:19Z,SA-0006077,supply_write_sensor,atk-0109,Supply,ManageRoles,SensorData,North,DENY,ROLE_INSUFFICIENT,True
2025-08-05T01:37:30Z,SA-0006078,supply_write_sensor,atk-0168,Supply,ControlZone,AuditLog,North,DENY,ZONE_MISMATCH,True
2025-08-05T02:40:52Z,SA-0006079,supply_write_sensor,atk-0104,Supply,ReadAudit,IrrigationControl,North,DENY,POLICY_VIOLATION,True
2025-08-05T03:47:36Z,SA-0006080,supply_write_sensor,atk-0094,Supply,ManageRoles,SensorData,West,DENY,ZONE_MISMATCH,True
2025-08-05T03:57:27Z,SA-0006081,supply_write_sensor,atk-0135,Supply,ControlZone,RoleAssignment,North,DENY,ROLE_INSUFFICIENT,True
2025-08-05T05:00:01Z,SA-0006082,supply_write_sensor,atk-0352,Supply,ManageRoles,SensorData,North,DENY,ROLE_INSUFFICIENT,True
2025-08-05T06:39:10Z,SA-0006083,supply_write_sensor,atk-0116,Supply,ReadAll,RoleAssignment,West,DENY,ROLE_INSUFFICIENT,True
2025-08-05T07:08:25Z,SA-0006084,supply_write_sensor,atk-0215,Supply,WriteSensor,AuditLog,South,DENY,POLICY_VIOLATION,True
2025-08-05T07:09:32Z,SA-0006085,supply_write_sensor,atk-0434,Supply,WriteSensor,SensorData,West,DENY,ROLE_INSUFFICIENT,True
2025-08-05T09:38:56Z,SA-0006086,supply_write_sensor,atk-0496,Supply,WriteSensor,IrrigationControl,West,DENY,POLICY_VIOLATION,True
2025-08-05T10:16:13Z,SA-0006087,supply_write_sensor,atk-0025,Supply,ControlZone,IrrigationControl,West,DENY,ZONE_MISMATCH,True
2025-08-05T13:45:05Z,SA-0006088,supply_write_sensor,atk-0061,Supply,ManageRoles,AuditLog,East,DENY,ROLE_INSUFFICIENT,True
2025-08-05T15:09:13Z,SA-0006089,supply_write_sensor,atk-0265,Supply,WriteSensor,AuditLog,North,DENY,POLICY_VIOLATION,True
2025-08-05T16:22:42Z,SA-0006090,supply_write_sensor,atk-0424,Supply,ReadAll,SensorData,East,DENY,OP_NOT_PERMITTED,True
2025-08-05T18:13:28Z,SA-0006091,supply_write_sensor,atk-0105,Supply,ControlZone,SensorData,East,DENY,ZONE_MISMATCH,True
2025-08-05T22:02:00Z,SA-0006092,supply_write_sensor,atk-0434,Supply,WriteSensor,AuditLog,South,DENY,ZONE_MISMATCH,True
2025-08-05T22:04:01Z,SA-0006093,supply_write_sensor,atk-0052,Supply,ControlZone,IrrigationControl,North,DENY,OP_NOT_PERMITTED,True
2025-08-05T23:58:47Z,SA-0006094,supply_write_sensor,atk-0449,Supply,ReadAll,SensorData,North,DENY,IDS_BLOCKED,True
2025-08-06T01:18:45Z,SA-0006095,supply_write_sensor,atk-0265,Supply,ReadAudit,RoleAssignment,South,DENY,IDS_BLOCKED,True
2025-08-06T02:15:40Z,SA-0006096,supply_write_sensor,atk-0119,Supply,ControlZone,AuditLog,West,DENY,ZONE_MISMATCH,True
2025-08-06T05:08:50Z,SA-0006097,supply_write_sensor,atk-0357,Supply,WriteSensor,IrrigationControl,East,DENY,ZONE_MISMATCH,True
2025-08-06T07:41:31Z,SA-0006098,supply_write_sensor,atk-0469,Supply,ManageRoles,IrrigationControl,West,DENY,IDS_BLOCKED,True
2025-08-06T08:11:46Z,SA-0006099,supply_write_sensor,atk-0177,Supply,ControlZone,IrrigationControl,West,DENY,POLICY_VIOLATION,True
2025-08-06T09:43:56Z,SA-0006100,supply_write_sensor,atk-0404,Supply,WriteSensor,RoleAssignment,North,DENY,IDS_BLOCKED,True
2025-08-06T10:56:47Z,SA-0006101,supply_write_sensor,atk-0165,Supply,ControlZone,SensorData,East,DENY,OP_NOT_PERMITTED,True
2025-08-06T11:06:57Z,SA-0006102,supply_write_sensor,atk-0159,Supply,ControlZone,AuditLog,North,DENY,IDS_BLOCKED,True
2025-08-06T11:35:06Z,SA-0006103,supply_write_sensor,atk-0240,Supply,ReadAll,SensorData,South,DENY,POLICY_VIOLATION,True
2025-08-06T12:09:04Z,SA-0006104,supply_write_sensor,atk-0167,Supply,ControlZone,RoleAssignment,East,DENY,CERT_REVOKED,True
2025-08-06T12:45:03Z,SA-0006105,supply_write_sensor,atk-0416,Supply,ControlZone,AuditLog,North,DENY,POLICY_VIOLATION,True
2025-08-06T13:42:10Z,SA-0006106,supply_write_sensor,atk-0255,Supply,WriteSensor,RoleAssignment,East,DENY,ZONE_MISMATCH,True
2025-08-06T17:23:32Z,SA-0006107,supply_write_sensor,atk-0461,Supply,ReadAll,AuditLog,East,DENY,OP_NOT_PERMITTED,True
2025-08-06T17:57:54Z,SA-0006108,supply_write_sensor,atk-0222,Supply,ManageRoles,RoleAssignment,East,DENY,ZONE_MISMATCH,True
2025-08-06T18:10:50Z,SA-0006109,supply_write_sensor,atk-0214,Supply,WriteSensor,SensorData,West,DENY,IDS_BLOCKED,True
2025-08-06T20:21:39Z,SA-0006110,supply_write_sensor,atk-0018,Supply,ReadAll,RoleAssignment,South,DENY,ROLE_INSUFFICIENT,True
2025-08-06T21:10:55Z,SA-0006111,supply_write_sensor,atk-0323,Supply,ControlZone,SensorData,North,DENY,POLICY_VIOLATION,True
2025-08-06T22:40:28Z,SA-0006112,supply_write_sensor,atk-0178,Supply,WriteSensor,AuditLog,West,DENY,IDS_BLOCKED,True
2025-08-07T03:00:58Z,SA-0006113,supply_write_sensor,atk-0088,Supply,ControlZone,AuditLog,East,DENY,IDS_BLOCKED,True
2025-08-07T05:11:37Z,SA-0006114,supply_write_sensor,atk-0381,Supply,ReadAll,RoleAssignment,West,DENY,OP_NOT_PERMITTED,True
2025-08-07T05:55:32Z,SA-0006115,supply_write_sensor,atk-0192,Supply,ReadAll,RoleAssignment,West,DENY,ZONE_MISMATCH,True
2025-08-07T06:17:26Z,SA-0006116,supply_write_sensor,atk-0390,Supply,ReadAll,IrrigationControl,East,DENY,ROLE_INSUFFICIENT,True
2025-08-07T07:01:48Z,SA-0006117,supply_write_sensor,atk-0057,Supply,WriteSensor,SensorData,North,DENY,POLICY_VIOLATION,True
2025-08-07T07:47:43Z,SA-0006118,supply_write_sensor,atk-0218,Supply,ReadAll,IrrigationControl,East,DENY,IDS_BLOCKED,True
2025-08-07T08:19:25Z,SA-0006119,supply_write_sensor,atk-0188,Supply,ReadAudit,AuditLog,West,DENY,ZONE_MISMATCH,True
2025-08-07T09:02:20Z,SA-0006120,supply_write_sensor,atk-0029,Supply,ControlZone,AuditLog,North,DENY,ROLE_INSUFFICIENT,True
2025-08-07T12:52:29Z,SA-0006121,supply_write_sensor,atk-0095,Supply,ManageRoles,RoleAssignment,North,DENY,IDS_BLOCKED,True
2025-08-07T13:20:45Z,SA-0006122,supply_write_sensor,atk-0117,Supply,WriteSensor,IrrigationControl,West,DENY,OP_NOT_PERMITTED,True
2025-08-07T16:30:25Z,SA-0006123,supply_write_sensor,atk-0296,Supply,ControlZone,SensorData,South,DENY,ROLE_INSUFFICIENT,True
2025-08-07T18:41:17Z,SA-0006124,supply_write_sensor,atk-0397,Supply,ReadAll,AuditLog,East,DENY,ROLE_INSUFFICIENT,True
2025-08-07T19:31:11Z,SA-0006125,supply_write_sensor,atk-0002,Supply,WriteSensor,IrrigationControl,South,DENY,POLICY_VIOLATION,True
2025-08-07T20:19:59Z,SA-0006126,supply_write_sensor,atk-0371,Supply,ManageRoles,AuditLog,West,DENY,IDS_BLOCKED,True
2025-08-07T20:39:19Z,SA-0006127,supply_write_sensor,atk-0426,Supply,ReadAll,RoleAssignment,North,DENY,ROLE_INSUFFICIENT,True
2025-08-08T00:03:18Z,SA-0006128,supply_write_sensor,atk-0059,Supply,ReadAll,IrrigationControl,North,DENY,IDS_BLOCKED,True
2025-08-08T02:04:03Z,SA-0006129,supply_write_sensor,atk-0036,Supply,ControlZone,SensorData,North,DENY,CERT_REVOKED,True
2025-08-08T04:31:04Z,SA-0006130,supply_write_sensor,atk-0410,Supply,ManageRoles,SensorData,South,DENY,OP_NOT_PERMITTED,True
2025-08-08T05:53:57Z,SA-0006131,supply_write_sensor,atk-0088,Supply,ControlZone,SensorData,North,DENY,POLICY_VIOLATION,True
2025-08-08T06:22:10Z,SA-0006132,supply_write_sensor,atk-0072,Supply,ReadAll,RoleAssignment,West,DENY,CERT_REVOKED,True
2025-08-08T08:10:22Z,SA-0006133,supply_write_sensor,atk-0440,Supply,WriteSensor,RoleAssignment,West,DENY,IDS_BLOCKED,True
2025-08-08T09:31:02Z,SA-0006134,supply_write_sensor,atk-0149,Supply,ManageRoles,AuditLog,South,DENY,OP_NOT_PERMITTED,True
2025-08-08T10:37:46Z,SA-0006135,supply_write_sensor,atk-0174,Supply,ReadAll,RoleAssignment,West,DENY,ZONE_MISMATCH,True
2025-08-08T10:47:16Z,SA-0006136,supply_write_sensor,atk-0247,Supply,ControlZone,IrrigationControl,West,DENY,OP_NOT_PERMITTED,True
2025-08-08T11:01:32Z,SA-0006137,supply_write_sensor,atk-0401,Supply,ManageRoles,SensorData,North,DENY,CERT_REVOKED,True
2025-08-08T13:15:05Z,SA-0006138,supply_write_sensor,atk-0127,Supply,ControlZone,AuditLog,South,DENY,ROLE_INSUFFICIENT,True
2025-08-08T19:51:54Z,SA-0006139,supply_write_sensor,atk-0050,Supply,WriteSensor,IrrigationControl,West,DENY,POLICY_VIOLATION,True
2025-08-08T22:58:31Z,SA-0006140,supply_write_sensor,atk-0369,Supply,WriteSensor,SensorData,South,DENY,CERT_REVOKED,True
2025-08-08T23:08:28Z,SA-0006141,supply_write_sensor,atk-0102,Supply,ReadAll,AuditLog,East,DENY,ZONE_MISMATCH,True
2025-08-08T23:43:05Z,SA-0006142,supply_write_sensor,atk-0467,Supply,WriteSensor,SensorData,East,DENY,ROLE_INSUFFICIENT,True
2025-08-09T00:55:17Z,SA-0006143,supply_write_sensor,atk-0251,Supply,ReadAll,AuditLog,East,DENY,POLICY_VIOLATION,True
2025-08-09T01:45:15Z,SA-0006144,supply_write_sensor,atk-0264,Supply,ManageRoles,IrrigationControl,South,DENY,ROLE_INSUFFICIENT,True
2025-08-09T03:04:33Z,SA-0006145,supply_write_sensor,atk-0061,Supply,ManageRoles,AuditLog,West,DENY,CERT_REVOKED,True
2025-08-09T03:22:03Z,SA-0006146,supply_write_sensor,atk-0057,Supply,ReadAll,AuditLog,North,DENY,IDS_BLOCKED,True
2025-08-09T08:28:16Z,SA-0006147,supply_write_sensor,atk-0346,Supply,ReadAudit,RoleAssignment,North,DENY,IDS_BLOCKED,True
2025-08-09T10:59:24Z,SA-0006148,supply_write_sensor,atk-0353,Supply,ManageRoles,IrrigationControl,North,DENY,ZONE_MISMATCH,True
2025-08-09T12:23:32Z,SA-0006149,supply_write_sensor,atk-0209,Supply,ReadAudit,AuditLog,West,DENY,CERT_REVOKED,True
2025-08-09T12:26:38Z,SA-0006150,supply_write_sensor,atk-0338,Supply,ControlZone,RoleAssignment,West,DENY,OP_NOT_PERMITTED,True
2025-08-09T14:55:18Z,SA-0006151,supply_write_sensor,atk-0080,Supply,ReadAll,SensorData,North,DENY,ZONE_MISMATCH,True
2025-08-09T16:53:07Z,SA-0006152,supply_write_sensor,atk-0392,Supply,ReadAll,AuditLog,North,DENY,OP_NOT_PERMITTED,True
2025-08-09T17:35:49Z,SA-0006153,supply_write_sensor,atk-0479,Supply,WriteSensor,RoleAssignment,East,DENY,IDS_BLOCKED,True
2025-08-09T18:18:30Z,SA-0006154,supply_write_sensor,atk-0422,Supply,ControlZone,SensorData,East,DENY,ZONE_MISMATCH,True
2025-08-09T19:21:28Z,SA-0006155,supply_write_sensor,atk-0131,Supply,ReadAudit,SensorData,West,DENY,OP_NOT_PERMITTED,True
2025-08-09T20:15:34Z,SA-0006156,supply_write_sensor,atk-0101,Supply,ReadAudit,IrrigationControl,South,DENY,ZONE_MISMATCH,True
2025-08-09T20:41:24Z,SA-0006157,supply_write_sensor,atk-0091,Supply,ReadAudit,IrrigationControl,North,DENY,CERT_REVOKED,True
2025-08-09T23:22:04Z,SA-0006158,supply_write_sensor,atk-0391,Supply,WriteSensor,AuditLog,West,DENY,POLICY_VIOLATION,True
2025-08-10T00:48:34Z,SA-0006159,supply_write_sensor,atk-0067,Supply,ReadAudit,RoleAssignment,East,DENY,POLICY_VIOLATION,True
2025-08-10T01:15:56Z,SA-0006160,supply_write_sensor,atk-0442,Supply,WriteSensor,RoleAssignment,West,DENY,ROLE_INSUFFICIENT,True
2025-08-10T02:07:15Z,SA-0006161,supply_write_sensor,atk-0242,Supply,WriteSensor,IrrigationControl,West,DENY,CERT_REVOKED,True
2025-08-10T02:25:01Z,SA-0006162,supply_write_sensor,atk-0497,Supply,ReadAudit,SensorData,West,DENY,OP_NOT_PERMITTED,True
2025-08-10T02:31:39Z,SA-0006163,supply_write_sensor,atk-0258,Supply,ReadAll,AuditLog,East,DENY,IDS_BLOCKED,True
2025-08-10T02:36:17Z,SA-0006164,supply_write_sensor,atk-0328,Supply,ReadAudit,SensorData,South,DENY,CERT_REVOKED,True
2025-08-10T04:14:46Z,SA-0006165,supply_write_sensor,atk-0269,Supply,ReadAll,SensorData,South,DENY,POLICY_VIOLATION,True
2025-08-10T04:41:57Z,SA-0006166,supply_write_sensor,atk-0023,Supply,ManageRoles,AuditLog,East,DENY,POLICY_VIOLATION,True
2025-08-10T05:36:11Z,SA-0006167,supply_write_sensor,atk-0482,Supply,ControlZone,IrrigationControl,South,DENY,ROLE_INSUFFICIENT,True
2025-08-10T06:36:40Z,SA-0006168,supply_write_sensor,atk-0105,Supply,WriteSensor,RoleAssignment,South,DENY,CERT_REVOKED,True
2025-08-10T08:39:20Z,SA-0006169,supply_write_sensor,atk-0122,Supply,ControlZone,AuditLog,South,DENY,ROLE_INSUFFICIENT,True
2025-08-10T09:59:39Z,SA-0006170,supply_write_sensor,atk-0389,Supply,ReadAudit,SensorData,West,DENY,ZONE_MISMATCH,True
2025-08-10T12:54:40Z,SA-0006171,supply_write_sensor,atk-0185,Supply,ReadAudit,AuditLog,South,DENY,OP_NOT_PERMITTED,True
2025-08-10T14:33:22Z,SA-0006172,supply_write_sensor,atk-0395,Supply,ReadAll,RoleAssignment,East,DENY,OP_NOT_PERMITTED,True
2025-08-10T14:33:48Z,SA-0006173,supply_write_sensor,atk-0171,Supply,ManageRoles,RoleAssignment,South,DENY,ROLE_INSUFFICIENT,True
2025-08-10T14:39:15Z,SA-0006174,supply_write_sensor,atk-0488,Supply,ReadAll,SensorData,North,DENY,OP_NOT_PERMITTED,True
2025-08-10T14:58:50Z,SA-0006175,supply_write_sensor,atk-0278,Supply,ReadAll,IrrigationControl,East,DENY,POLICY_VIOLATION,True
2025-08-10T15:06:53Z,SA-0006176,supply_write_sensor,atk-0355,Supply,ManageRoles,IrrigationControl,East,DENY,IDS_BLOCKED,True
2025-08-10T17:39:06Z,SA-0006177,supply_write_sensor,atk-0025,Supply,ControlZone,AuditLog,North,DENY,POLICY_VIOLATION,True
2025-08-10T19:34:24Z,SA-0006178,supply_write_sensor,atk-0457,Supply,ReadAll,AuditLog,West,DENY,POLICY_VIOLATION,True
2025-08-10T20:04:19Z,SA-0006179,supply_write_sensor,atk-0395,Supply,ControlZone,RoleAssignment,North,DENY,POLICY_VIOLATION,True
2025-08-10T20:39:56Z,SA-0006180,supply_write_sensor,atk-0413,Supply,WriteSensor,IrrigationControl,South,DENY,ROLE_INSUFFICIENT,True
2025-08-10T20:45:32Z,SA-0006181,supply_write_sensor,atk-0286,Supply,WriteSensor,RoleAssignment,South,DENY,IDS_BLOCKED,True
2025-08-10T21:25:45Z,SA-0006182,supply_write_sensor,atk-0099,Supply,ReadAudit,AuditLog,South,DENY,OP_NOT_PERMITTED,True
2025-08-10T21:33:42Z,SA-0006183,supply_write_sensor,atk-0046,Supply,WriteSensor,SensorData,North,DENY,POLICY_VIOLATION,True
2025-08-11T00:09:58Z,SA-0006184,supply_write_sensor,atk-0466,Supply,ReadAudit,SensorData,South,DENY,CERT_REVOKED,True
2025-08-11T00:48:09Z,SA-0006185,supply_write_sensor,atk-0317,Supply,WriteSensor,IrrigationControl,South,DENY,ROLE_INSUFFICIENT,True
2025-08-11T01:15:38Z,SA-0006186,supply_write_sensor,atk-0363,Supply,ReadAll,SensorData,North,DENY,ROLE_INSUFFICIENT,True
2025-08-11T02:21:09Z,SA-0006187,supply_write_sensor,atk-0350,Supply,ReadAudit,SensorData,North,DENY,ZONE_MISMATCH,True
2025-08-11T02:28:36Z,SA-0006188,supply_write_sensor,atk-0425,Supply,WriteSensor,RoleAssignment,West,DENY,POLICY_VIOLATION,True
2025-08-11T03:29:36Z,SA-0006189,supply_write_sensor,atk-0019,Supply,ReadAll,RoleAssignment,North,DENY,ZONE_MISMATCH,True
2025-08-11T04:28:14Z,SA-0006190,supply_write_sensor,atk-0357,Supply,ReadAudit,IrrigationControl,West,DENY,ROLE_INSUFFICIENT,True
2025-08-11T07:49:07Z,SA-0006191,supply_write_sensor,atk-0061,Supply,ControlZone,RoleAssignment,East,DENY,OP_NOT_PERMITTED,True
2025-08-11T10:21:04Z,SA-0006192,supply_write_sensor,atk-0137,Supply,ReadAudit,AuditLog,West,DENY,OP_NOT_PERMITTED,True
2025-08-11T12:49:53Z,SA-0006193,supply_write_sensor,atk-0260,Supply,ControlZone,RoleAssignment,West,DENY,ROLE_INSUFFICIENT,True
2025-08-11T13:01:09Z,SA-0006194,supply_write_sensor,atk-0255,Supply,ReadAll,IrrigationControl,North,DENY,OP_NOT_PERMITTED,True
2025-08-11T15:12:01Z,SA-0006195,supply_write_sensor,atk-0427,Supply,ManageRoles,RoleAssignment,South,DENY,IDS_BLOCKED,True
2025-08-11T16:52:28Z,SA-0006196,supply_write_sensor,atk-0008,Supply,ReadAudit,SensorData,South,DENY,POLICY_VIOLATION,True
2025-08-11T16:57:58Z,SA-0006197,supply_write_sensor,atk-0283,Supply,ReadAudit,SensorData,West,DENY,ZONE_MISMATCH,True
2025-08-11T17:06:01Z,SA-0006198,supply_write_sensor,atk-0213,Supply,ReadAudit,RoleAssignment,East,DENY,ROLE_INSUFFICIENT,True
2025-08-11T17:58:33Z,SA-0006199,supply_write_sensor,atk-0123,Supply,ReadAudit,SensorData,North,DENY,ZONE_MISMATCH,True
2025-08-11T18:31:51Z,SA-0006200,supply_write_sensor,atk-0039,Supply,ControlZone,SensorData,South,DENY,POLICY_VIOLATION,True
2025-08-11T20:14:34Z,SA-0006201,supply_write_sensor,atk-0051,Supply,ManageRoles,AuditLog,South,DENY,ROLE_INSUFFICIENT,True
2025-08-11T22:10:01Z,SA-0006202,supply_write_sensor,atk-0216,Supply,ControlZone,SensorData,East,DENY,IDS_BLOCKED,True
2025-08-11T22:42:07Z,SA-0006203,supply_write_sensor,atk-0416,Supply,ManageRoles,IrrigationControl,East,DENY,OP_NOT_PERMITTED,True
2025-08-11T23:24:19Z,SA-0006204,supply_write_sensor,atk-0064,Supply,ControlZone,RoleAssignment,South,DENY,CERT_REVOKED,True
2025-08-12T01:08:03Z,SA-0006205,supply_write_sensor,atk-0457,Supply,ReadAll,RoleAssignment,South,DENY,IDS_BLOCKED,True
2025-08-12T01:20:50Z,SA-0006206,supply_write_sensor,atk-0109,Supply,ReadAll,RoleAssignment,West,DENY,ROLE_INSUFFICIENT,True
2025-08-12T01:57:15Z,SA-0006207,supply_write_sensor,atk-0406,Supply,ManageRoles,AuditLog,North,DENY,ZONE_MISMATCH,True
2025-08-12T03:40:25Z,SA-0006208,supply_write_sensor,atk-0186,Supply,ControlZone,RoleAssignment,North,DENY,ROLE_INSUFFICIENT,True
2025-08-12T03:43:20Z,SA-0006209,supply_write_sensor,atk-0194,Supply,ReadAudit,SensorData,East,DENY,OP_NOT_PERMITTED,True
2025-08-12T04:03:14Z,SA-0006210,supply_write_sensor,atk-0307,Supply,ReadAudit,IrrigationControl,East,DENY,CERT_REVOKED,True
2025-08-12T05:52:02Z,SA-0006211,supply_write_sensor,atk-0106,Supply,WriteSensor,SensorData,North,DENY,CERT_REVOKED,True
2025-08-12T07:16:47Z,SA-0006212,supply_write_sensor,atk-0287,Supply,ManageRoles,RoleAssignment,East,DENY,ZONE_MISMATCH,True
2025-08-12T07:53:08Z,SA-0006213,supply_write_sensor,atk-0297,Supply,ReadAll,SensorData,South,DENY,OP_NOT_PERMITTED,True
2025-08-12T13:18:09Z,SA-0006214,supply_write_sensor,atk-0474,Supply,ReadAll,RoleAssignment,West,DENY,IDS_BLOCKED,True
2025-08-12T14:22:34Z,SA-0006215,supply_write_sensor,atk-0092,Supply,WriteSensor,SensorData,South,DENY,ZONE_MISMATCH,True
2025-08-12T15:55:57Z,SA-0006216,supply_write_sensor,atk-0239,Supply,ControlZone,AuditLog,North,DENY,ROLE_INSUFFICIENT,True
2025-08-12T16:00:50Z,SA-0006217,supply_write_sensor,atk-0101,Supply,ManageRoles,SensorData,North,DENY,CERT_REVOKED,True
2025-08-12T16:39:38Z,SA-0006218,supply_write_sensor,atk-0187,Supply,ReadAll,SensorData,West,DENY,ZONE_MISMATCH,True
2025-08-12T19:57:09Z,SA-0006219,supply_write_sensor,atk-0145,Supply,WriteSensor,AuditLog,South,DENY,IDS_BLOCKED,True
2025-08-12T23:23:44Z,SA-0006220,supply_write_sensor,atk-0045,Supply,ReadAudit,AuditLog,North,DENY,ROLE_INSUFFICIENT,True
2025-08-13T00:26:16Z,SA-0006221,supply_write_sensor,atk-0292,Supply,ControlZone,AuditLog,East,DENY,OP_NOT_PERMITTED,True
2025-08-13T00:34:50Z,SA-0006222,supply_write_sensor,atk-0356,Supply,ReadAudit,AuditLog,East,DENY,ZONE_MISMATCH,True
2025-08-13T02:02:58Z,SA-0006223,supply_write_sensor,atk-0381,Supply,ReadAudit,IrrigationControl,East,DENY,IDS_BLOCKED,True
2025-08-13T03:09:59Z,SA-0006224,supply_write_sensor,atk-0067,Supply,ControlZone,IrrigationControl,South,DENY,POLICY_VIOLATION,True
2025-08-13T03:21:37Z,SA-0006225,supply_write_sensor,atk-0063,Supply,WriteSensor,RoleAssignment,East,DENY,ZONE_MISMATCH,True
2025-08-13T05:57:07Z,SA-0006226,supply_write_sensor,atk-0205,Supply,ManageRoles,AuditLog,West,DENY,CERT_REVOKED,True
2025-08-13T07:44:19Z,SA-0006227,supply_write_sensor,atk-0138,Supply,WriteSensor,AuditLog,South,DENY,IDS_BLOCKED,True
2025-08-13T08:21:42Z,SA-0006228,supply_write_sensor,atk-0051,Supply,ReadAll,AuditLog,East,DENY,IDS_BLOCKED,True
2025-08-13T10:07:24Z,SA-0006229,supply_write_sensor,atk-0229,Supply,ControlZone,SensorData,West,DENY,POLICY_VIOLATION,True
2025-08-13T12:13:07Z,SA-0006230,supply_write_sensor,atk-0041,Supply,WriteSensor,IrrigationControl,North,DENY,ROLE_INSUFFICIENT,True
2025-08-13T12:30:16Z,SA-0006231,supply_write_sensor,atk-0498,Supply,WriteSensor,IrrigationControl,South,DENY,IDS_BLOCKED,True
2025-08-13T14:17:06Z,SA-0006232,supply_write_sensor,atk-0089,Supply,ReadAll,RoleAssignment,West,DENY,POLICY_VIOLATION,True
2025-08-13T14:59:49Z,SA-0006233,supply_write_sensor,atk-0137,Supply,ReadAudit,AuditLog,West,DENY,ROLE_INSUFFICIENT,True
2025-08-13T18:30:50Z,SA-0006234,supply_write_sensor,atk-0392,Supply,ControlZone,IrrigationControl,West,DENY,CERT_REVOKED,True
2025-08-13T23:20:37Z,SA-0006235,supply_write_sensor,atk-0274,Supply,ReadAudit,IrrigationControl,South,DENY,CERT_REVOKED,True
2025-08-14T01:32:11Z,SA-0006236,supply_write_sensor,atk-0423,Supply,ControlZone,AuditLog,North,DENY,IDS_BLOCKED,True
2025-08-14T05:47:02Z,SA-0006237,supply_write_sensor,atk-0318,Supply,WriteSensor,RoleAssignment,North,DENY,POLICY_VIOLATION,True
2025-08-14T06:16:07Z,SA-0006238,supply_write_sensor,atk-0337,Supply,ReadAudit,AuditLog,South,DENY,ROLE_INSUFFICIENT,True
2025-08-14T06:34:25Z,SA-0006239,supply_write_sensor,atk-0027,Supply,ManageRoles,IrrigationControl,North,DENY,CERT_REVOKED,True
2025-08-14T06:57:30Z,SA-0006240,supply_write_sensor,atk-0435,Supply,ReadAudit,SensorData,South,DENY,IDS_BLOCKED,True
2025-08-14T08:56:32Z,SA-0006241,supply_write_sensor,atk-0060,Supply,WriteSensor,SensorData,East,DENY,IDS_BLOCKED,True
2025-08-14T10:02:24Z,SA-0006242,supply_write_sensor,atk-0298,Supply,ReadAll,IrrigationControl,East,DENY,IDS_BLOCKED,True
2025-08-14T11:53:42Z,SA-0006243,supply_write_sensor,atk-0462,Supply,ReadAudit,IrrigationControl,South,DENY,OP_NOT_PERMITTED,True
2025-08-14T14:25:24Z,SA-0006244,supply_write_sensor,atk-0476,Supply,ReadAudit,IrrigationControl,North,DENY,IDS_BLOCKED,True
2025-08-14T15:11:59Z,SA-0006245,supply_write_sensor,atk-0220,Supply,WriteSensor,RoleAssignment,South,DENY,CERT_REVOKED,True
2025-08-14T17:49:40Z,SA-0006246,supply_write_sensor,atk-0121,Supply,ReadAll,IrrigationControl,South,DENY,ROLE_INSUFFICIENT,True
2025-08-14T18:05:57Z,SA-0006247,supply_write_sensor,atk-0065,Supply,ReadAudit,AuditLog,North,DENY,CERT_REVOKED,True
2025-08-14T18:22:02Z,SA-0006248,supply_write_sensor,atk-0438,Supply,WriteSensor,AuditLog,East,DENY,POLICY_VIOLATION,True
2025-08-14T18:37:33Z,SA-0006249,supply_write_sensor,atk-0214,Supply,ManageRoles,AuditLog,West,DENY,IDS_BLOCKED,True
2025-08-14T18:45:32Z,SA-0006250,supply_write_sensor,atk-0454,Supply,WriteSensor,RoleAssignment,East,DENY,OP_NOT_PERMITTED,True
2025-08-14T20:41:33Z,SA-0006251,supply_write_sensor,atk-0457,Supply,ReadAudit,RoleAssignment,North,DENY,ZONE_MISMATCH,True
2025-08-14T21:37:00Z,SA-0006252,supply_write_sensor,atk-0271,Supply,WriteSensor,SensorData,North,DENY,POLICY_VIOLATION,True
2025-08-15T02:28:14Z,SA-0006253,supply_write_sensor,atk-0396,Supply,ReadAudit,IrrigationControl,West,DENY,OP_NOT_PERMITTED,True
2025-08-15T03:16:11Z,SA-0006254,supply_write_sensor,atk-0008,Supply,ControlZone,AuditLog,East,DENY,ZONE_MISMATCH,True
2025-08-15T04:04:35Z,SA-0006255,supply_write_sensor,atk-0096,Supply,ControlZone,SensorData,South,DENY,OP_NOT_PERMITTED,True
2025-08-15T05:56:46Z,SA-0006256,supply_write_sensor,atk-0027,Supply,WriteSensor,AuditLog,South,DENY,IDS_BLOCKED,True
2025-08-15T07:47:47Z,SA-0006257,supply_write_sensor,atk-0459,Supply,WriteSensor,RoleAssignment,West,DENY,CERT_REVOKED,True
2025-08-15T08:17:40Z,SA-0006258,supply_write_sensor,atk-0314,Supply,ManageRoles,RoleAssignment,South,DENY,ZONE_MISMATCH,True
2025-08-15T09:41:51Z,SA-0006259,supply_write_sensor,atk-0268,Supply,ControlZone,IrrigationControl,South,DENY,CERT_REVOKED,True
2025-08-15T10:14:24Z,SA-0006260,supply_write_sensor,atk-0334,Supply,ControlZone,IrrigationControl,West,DENY,OP_NOT_PERMITTED,True
2025-08-15T11:20:08Z,SA-0006261,supply_write_sensor,atk-0313,Supply,ReadAudit,AuditLog,West,DENY,ZONE_MISMATCH,True
2025-08-15T12:17:17Z,SA-0006262,supply_write_sensor,atk-0085,Supply,WriteSensor,AuditLog,North,DENY,ROLE_INSUFFICIENT,True
2025-08-15T14:45:59Z,SA-0006263,supply_write_sensor,atk-0050,Supply,ReadAudit,RoleAssignment,South,DENY,CERT_REVOKED,True
2025-08-15T15:22:14Z,SA-0006264,supply_write_sensor,atk-0394,Supply,ReadAll,IrrigationControl,South,DENY,OP_NOT_PERMITTED,True
2025-08-15T15:55:05Z,SA-0006265,supply_write_sensor,atk-0317,Supply,ReadAll,AuditLog,West,DENY,CERT_REVOKED,True
2025-08-15T17:46:50Z,SA-0006266,supply_write_sensor,atk-0154,Supply,ReadAudit,IrrigationControl,East,DENY,IDS_BLOCKED,True
2025-08-15T21:33:38Z,SA-0006267,supply_write_sensor,atk-0335,Supply,ReadAudit,AuditLog,West,DENY,OP_NOT_PERMITTED,True
2025-08-15T22:31:53Z,SA-0006268,supply_write_sensor,atk-0115,Supply,ManageRoles,RoleAssignment,East,DENY,ROLE_INSUFFICIENT,True
2025-08-15T23:29:07Z,SA-0006269,supply_write_sensor,atk-0275,Supply,ReadAudit,IrrigationControl,South,DENY,CERT_REVOKED,True
2025-08-16T03:22:48Z,SA-0006270,supply_write_sensor,atk-0387,Supply,ManageRoles,AuditLog,East,DENY,POLICY_VIOLATION,True
2025-08-16T05:12:53Z,SA-0006271,supply_write_sensor,atk-0155,Supply,WriteSensor,RoleAssignment,West,DENY,POLICY_VIOLATION,True
2025-08-16T06:11:30Z,SA-0006272,supply_write_sensor,atk-0094,Supply,ReadAll,SensorData,North,DENY,POLICY_VIOLATION,True
2025-08-16T07:07:40Z,SA-0006273,supply_write_sensor,atk-0037,Supply,ReadAll,IrrigationControl,South,DENY,ROLE_INSUFFICIENT,True
2025-08-16T07:33:50Z,SA-0006274,supply_write_sensor,atk-0064,Supply,ManageRoles,RoleAssignment,North,DENY,POLICY_VIOLATION,True
2025-08-16T08:31:07Z,SA-0006275,supply_write_sensor,atk-0025,Supply,ReadAll,SensorData,West,DENY,OP_NOT_PERMITTED,True
2025-08-16T12:45:02Z,SA-0006276,supply_write_sensor,atk-0290,Supply,ManageRoles,AuditLog,South,DENY,CERT_REVOKED,True
2025-08-16T13:14:06Z,SA-0006277,supply_write_sensor,atk-0031,Supply,ControlZone,SensorData,North,DENY,ZONE_MISMATCH,True
2025-08-16T18:17:23Z,SA-0006278,supply_write_sensor,atk-0165,Supply,WriteSensor,RoleAssignment,South,DENY,POLICY_VIOLATION,True
2025-08-16T20:32:23Z,SA-0006279,supply_write_sensor,atk-0482,Supply,ReadAll,RoleAssignment,North,DENY,ZONE_MISMATCH,True
2025-08-16T20:45:34Z,SA-0006280,supply_write_sensor,atk-0384,Supply,WriteSensor,RoleAssignment,North,DENY,ROLE_INSUFFICIENT,True
2025-08-16T21:02:19Z,SA-0006281,supply_write_sensor,atk-0362,Supply,ManageRoles,RoleAssignment,North,DENY,CERT_REVOKED,True
2025-08-16T21:22:49Z,SA-0006282,supply_write_sensor,atk-0024,Supply,WriteSensor,SensorData,East,DENY,ZONE_MISMATCH,True
2025-08-16T21:26:46Z,SA-0006283,supply_write_sensor,atk-0163,Supply,WriteSensor,SensorData,South,DENY,ROLE_INSUFFICIENT,True
2025-08-17T01:09:09Z,SA-0006284,supply_write_sensor,atk-0436,Supply,ReadAudit,AuditLog,East,DENY,POLICY_VIOLATION,True
2025-08-17T07:05:02Z,SA-0006285,supply_write_sensor,atk-0177,Supply,ReadAudit,SensorData,West,DENY,OP_NOT_PERMITTED,True
2025-08-17T09:39:39Z,SA-0006286,supply_write_sensor,atk-0216,Supply,WriteSensor,AuditLog,West,DENY,OP_NOT_PERMITTED,True
2025-08-17T10:38:05Z,SA-0006287,supply_write_sensor,atk-0415,Supply,ReadAudit,SensorData,East,DENY,IDS_BLOCKED,True
2025-08-17T12:00:32Z,SA-0006288,supply_write_sensor,atk-0064,Supply,ManageRoles,SensorData,East,DENY,POLICY_VIOLATION,True
2025-08-17T12:06:37Z,SA-0006289,supply_write_sensor,atk-0265,Supply,WriteSensor,IrrigationControl,West,DENY,ZONE_MISMATCH,True
2025-08-17T15:45:46Z,SA-0006290,supply_write_sensor,atk-0231,Supply,ReadAudit,SensorData,East,DENY,IDS_BLOCKED,True
2025-08-17T16:50:50Z,SA-0006291,supply_write_sensor,atk-0163,Supply,ReadAll,RoleAssignment,North,DENY,ROLE_INSUFFICIENT,True
2025-08-17T19:12:54Z,SA-0006292,supply_write_sensor,atk-0457,Supply,ReadAudit,IrrigationControl,South,DENY,POLICY_VIOLATION,True
2025-08-17T19:42:49Z,SA-0006293,supply_write_sensor,atk-0118,Supply,WriteSensor,RoleAssignment,South,DENY,ROLE_INSUFFICIENT,True
2025-08-17T23:11:22Z,SA-0006294,supply_write_sensor,atk-0019,Supply,ControlZone,AuditLog,South,DENY,ROLE_INSUFFICIENT,True
2025-08-17T23:52:12Z,SA-0006295,supply_write_sensor,atk-0189,Supply,ControlZone,RoleAssignment,East,DENY,CERT_REVOKED,True
2025-08-18T00:07:46Z,SA-0006296,supply_write_sensor,atk-0037,Supply,ManageRoles,SensorData,South,DENY,ROLE_INSUFFICIENT,True
2025-08-18T02:14:06Z,SA-0006297,supply_write_sensor,atk-0475,Supply,ManageRoles,SensorData,North,DENY,ROLE_INSUFFICIENT,True
2025-08-18T06:37:01Z,SA-0006298,supply_write_sensor,atk-0094,Supply,ReadAll,SensorData,West,DENY,OP_NOT_PERMITTED,True
2025-08-18T07:24:46Z,SA-0006299,supply_write_sensor,atk-0272,Supply,ControlZone,SensorData,West,DENY,CERT_REVOKED,True
2025-08-18T10:34:51Z,SA-0006300,supply_write_sensor,atk-0385,Supply,ControlZone,RoleAssignment,East,DENY,IDS_BLOCKED,True
2025-08-18T12:23:29Z,SA-0006301,supply_write_sensor,atk-0209,Supply,ControlZone,RoleAssignment,West,DENY,CERT_REVOKED,True
2025-08-18T14:59:09Z,SA-0006302,supply_write_sensor,atk-0280,Supply,ReadAudit,AuditLog,South,DENY,ZONE_MISMATCH,True
2025-08-18T17:27:45Z,SA-0006303,supply_write_sensor,atk-0420,Supply,ControlZone,AuditLog,East,DENY,CERT_REVOKED,True
2025-08-18T22:30:11Z,SA-0006304,supply_write_sensor,atk-0253,Supply,ReadAudit,SensorData,South,DENY,CERT_REVOKED,True
2025-08-18T23:13:17Z,SA-0006305,supply_write_sensor,atk-0099,Supply,ControlZone,AuditLog,West,DENY,POLICY_VIOLATION,True
2025-08-18T23:55:59Z,SA-0006306,supply_write_sensor,atk-0348,Supply,ReadAudit,AuditLog,West,DENY,POLICY_VIOLATION,True
2025-08-19T01:18:09Z,SA-0006307,supply_write_sensor,atk-0046,Supply,ReadAll,RoleAssignment,West,DENY,ROLE_INSUFFICIENT,True
2025-08-19T01:48:10Z,SA-0006308,supply_write_sensor,atk-0287,Supply,ControlZone,AuditLog,North,DENY,POLICY_VIOLATION,True
2025-08-19T02:33:21Z,SA-0006309,supply_write_sensor,atk-0141,Supply,ManageRoles,SensorData,North,DENY,ZONE_MISMATCH,True
2025-08-19T03:25:05Z,SA-0006310,supply_write_sensor,atk-0369,Supply,ManageRoles,IrrigationControl,North,DENY,ZONE_MISMATCH,True
2025-08-19T03:55:58Z,SA-0006311,supply_write_sensor,atk-0178,Supply,ControlZone,RoleAssignment,South,DENY,ROLE_INSUFFICIENT,True
2025-08-19T03:57:26Z,SA-0006312,supply_write_sensor,atk-0206,Supply,ReadAll,RoleAssignment,West,DENY,OP_NOT_PERMITTED,True
2025-08-19T05:55:35Z,SA-0006313,supply_write_sensor,atk-0040,Supply,ManageRoles,SensorData,East,DENY,CERT_REVOKED,True
2025-08-19T07:56:53Z,SA-0006314,supply_write_sensor,atk-0444,Supply,ManageRoles,AuditLog,South,DENY,CERT_REVOKED,True
2025-08-19T10:08:43Z,SA-0006315,supply_write_sensor,atk-0255,Supply,ManageRoles,RoleAssignment,West,DENY,OP_NOT_PERMITTED,True
2025-08-19T12:20:07Z,SA-0006316,supply_write_sensor,atk-0413,Supply,WriteSensor,IrrigationControl,East,DENY,ROLE_INSUFFICIENT,True
2025-08-19T15:25:46Z,SA-0006317,supply_write_sensor,atk-0351,Supply,ReadAll,IrrigationControl,South,DENY,POLICY_VIOLATION,True
2025-08-19T19:44:47Z,SA-0006318,supply_write_sensor,atk-0028,Supply,ReadAll,RoleAssignment,East,DENY,OP_NOT_PERMITTED,True
2025-08-19T22:06:24Z,SA-0006319,supply_write_sensor,atk-0015,Supply,ControlZone,RoleAssignment,West,DENY,CERT_REVOKED,True
2025-08-19T22:09:47Z,SA-0006320,supply_write_sensor,atk-0209,Supply,ReadAll,SensorData,East,DENY,ZONE_MISMATCH,True
2025-08-19T22:26:20Z,SA-0006321,supply_write_sensor,atk-0441,Supply,ReadAll,RoleAssignment,South,DENY,IDS_BLOCKED,True
2025-08-19T23:17:37Z,SA-0006322,supply_write_sensor,atk-0448,Supply,ReadAll,IrrigationControl,West,DENY,ZONE_MISMATCH,True
2025-08-20T00:39:23Z,SA-0006323,supply_write_sensor,atk-0221,Supply,ReadAll,RoleAssignment,West,DENY,ZONE_MISMATCH,True
2025-08-20T02:46:47Z,SA-0006324,supply_write_sensor,atk-0398,Supply,ManageRoles,RoleAssignment,West,DENY,POLICY_VIOLATION,True
2025-08-20T03:11:25Z,SA-0006325,supply_write_sensor,atk-0092,Supply,ManageRoles,AuditLog,East,DENY,POLICY_VIOLATION,True
2025-08-20T05:18:21Z,SA-0006326,supply_write_sensor,atk-0130,Supply,ManageRoles,RoleAssignment,North,DENY,ROLE_INSUFFICIENT,True
2025-08-20T05:54:08Z,SA-0006327,supply_write_sensor,atk-0121,Supply,ControlZone,SensorData,West,DENY,POLICY_VIOLATION,True
2025-08-20T06:03:47Z,SA-0006328,supply_write_sensor,atk-0160,Supply,ReadAudit,SensorData,West,DENY,CERT_REVOKED,True
2025-08-20T06:19:27Z,SA-0006329,supply_write_sensor,atk-0030,Supply,ReadAudit,IrrigationControl,East,DENY,ZONE_MISMATCH,True
2025-08-20T06:24:21Z,SA-0006330,supply_write_sensor,atk-0118,Supply,ReadAudit,IrrigationControl,West,DENY,ROLE_INSUFFICIENT,True
2025-08-20T06:42:28Z,SA-0006331,supply_write_sensor,atk-0101,Supply,ReadAll,SensorData,South,DENY,ZONE_MISMATCH,True
2025-08-20T09:59:37Z,SA-0006332,supply_write_sensor,atk-0081,Supply,ReadAudit,SensorData,South,DENY,CERT_REVOKED,True
2025-08-20T10:38:25Z,SA-0006333,supply_write_sensor,atk-0363,Supply,ControlZone,SensorData,North,DENY,ROLE_INSUFFICIENT,True
2025-08-20T11:03:43Z,SA-0006334,supply_write_sensor,atk-0145,Supply,ControlZone,AuditLog,West,DENY,IDS_BLOCKED,True
2025-08-20T11:40:21Z,SA-0006335,supply_write_sensor,atk-0484,Supply,ControlZone,IrrigationControl,North,DENY,OP_NOT_PERMITTED,True
2025-08-20T13:50:15Z,SA-0006336,supply_write_sensor,atk-0081,Supply,ReadAll,RoleAssignment,East,DENY,ZONE_MISMATCH,True
2025-08-20T15:27:44Z,SA-0006337,supply_write_sensor,atk-0317,Supply,ManageRoles,IrrigationControl,South,DENY,OP_NOT_PERMITTED,True
2025-08-20T15:40:19Z,SA-0006338,supply_write_sensor,atk-0017,Supply,ControlZone,RoleAssignment,North,DENY,OP_NOT_PERMITTED,True
2025-08-20T17:17:32Z,SA-0006339,supply_write_sensor,atk-0486,Supply,ReadAll,IrrigationControl,West,DENY,IDS_BLOCKED,True
2025-08-20T17:35:19Z,SA-0006340,supply_write_sensor,atk-0192,Supply,ReadAudit,RoleAssignment,South,DENY,ROLE_INSUFFICIENT,True
2025-08-20T21:08:32Z,SA-0006341,supply_write_sensor,atk-0293,Supply,ReadAudit,SensorData,North,DENY,CERT_REVOKED,True
2025-08-20T22:40:27Z,SA-0006342,supply_write_sensor,atk-0140,Supply,ReadAll,RoleAssignment,West,DENY,IDS_BLOCKED,True
2025-08-21T00:20:24Z,SA-0006343,supply_write_sensor,atk-0036,Supply,ManageRoles,SensorData,East,DENY,OP_NOT_PERMITTED,True
2025-08-21T00:56:14Z,SA-0006344,supply_write_sensor,atk-0432,Supply,WriteSensor,IrrigationControl,West,DENY,POLICY_VIOLATION,True
2025-08-21T03:58:47Z,SA-0006345,supply_write_sensor,atk-0460,Supply,ControlZone,IrrigationControl,East,DENY,IDS_BLOCKED,True
2025-08-21T07:52:24Z,SA-0006346,supply_write_sensor,atk-0329,Supply,ControlZone,RoleAssignment,North,DENY,IDS_BLOCKED,True
2025-08-21T08:41:35Z,SA-0006347,supply_write_sensor,atk-0051,Supply,ControlZone,SensorData,East,DENY,ROLE_INSUFFICIENT,True
2025-08-21T08:41:48Z,SA-0006348,supply_write_sensor,atk-0009,Supply,ManageRoles,IrrigationControl,East,DENY,OP_NOT_PERMITTED,True
2025-08-21T10:01:38Z,SA-0006349,supply_write_sensor,atk-0086,Supply,ControlZone,RoleAssignment,South,DENY,OP_NOT_PERMITTED,True
2025-08-21T11:00:32Z,SA-0006350,supply_write_sensor,atk-0078,Supply,ControlZone,SensorData,South,DENY,OP_NOT_PERMITTED,True
2025-08-21T12:07:40Z,SA-0006351,supply_write_sensor,atk-0266,Supply,ControlZone,SensorData,North,DENY,CERT_REVOKED,True
2025-08-21T20:21:13Z,SA-0006352,supply_write_sensor,atk-0001,Supply,WriteSensor,IrrigationControl,East,DENY,IDS_BLOCKED,True
2025-08-21T20:41:31Z,SA-0006353,supply_write_sensor,atk-0084,Supply,WriteSensor,IrrigationControl,West,DENY,OP_NOT_PERMITTED,True
2025-08-21T21:53:23Z,SA-0006354,supply_write_sensor,atk-0168,Supply,ReadAll,RoleAssignment,West,DENY,IDS_BLOCKED,True
2025-08-21T21:59:57Z,SA-0006355,supply_write_sensor,atk-0273,Supply,WriteSensor,SensorData,South,DENY,ZONE_MISMATCH,True
2025-08-22T01:28:23Z,SA-0006356,supply_write_sensor,atk-0232,Supply,WriteSensor,AuditLog,West,DENY,IDS_BLOCKED,True
2025-08-22T05:36:01Z,SA-0006357,supply_write_sensor,atk-0468,Supply,WriteSensor,AuditLog,West,DENY,IDS_BLOCKED,True
2025-08-22T06:08:11Z,SA-0006358,supply_write_sensor,atk-0363,Supply,ControlZone,SensorData,North,DENY,IDS_BLOCKED,True
2025-08-22T08:06:34Z,SA-0006359,supply_write_sensor,atk-0415,Supply,ControlZone,AuditLog,North,DENY,CERT_REVOKED,True
2025-08-22T12:25:06Z,SA-0006360,supply_write_sensor,atk-0333,Supply,ReadAudit,IrrigationControl,East,DENY,ROLE_INSUFFICIENT,True
2025-08-22T13:26:00Z,SA-0006361,supply_write_sensor,atk-0341,Supply,ReadAll,IrrigationControl,West,DENY,ZONE_MISMATCH,True
2025-08-22T13:43:46Z,SA-0006362,supply_write_sensor,atk-0350,Supply,ControlZone,IrrigationControl,South,DENY,CERT_REVOKED,True
2025-08-22T15:12:19Z,SA-0006363,supply_write_sensor,atk-0279,Supply,ManageRoles,AuditLog,South,DENY,IDS_BLOCKED,True
2025-08-22T15:35:38Z,SA-0006364,supply_write_sensor,atk-0382,Supply,WriteSensor,AuditLog,South,DENY,ZONE_MISMATCH,True
2025-08-22T18:44:00Z,SA-0006365,supply_write_sensor,atk-0382,Supply,WriteSensor,RoleAssignment,South,DENY,POLICY_VIOLATION,True
2025-08-22T19:12:14Z,SA-0006366,supply_write_sensor,atk-0413,Supply,ControlZone,IrrigationControl,East,DENY,IDS_BLOCKED,True
2025-08-22T23:27:26Z,SA-0006367,supply_write_sensor,atk-0435,Supply,ManageRoles,AuditLog,North,DENY,IDS_BLOCKED,True
2025-08-23T00:20:29Z,SA-0006368,supply_write_sensor,atk-0024,Supply,ReadAudit,SensorData,East,DENY,ROLE_INSUFFICIENT,True
2025-08-23T01:10:25Z,SA-0006369,supply_write_sensor,atk-0318,Supply,ReadAll,IrrigationControl,South,DENY,ROLE_INSUFFICIENT,True
2025-08-23T01:20:54Z,SA-0006370,supply_write_sensor,atk-0288,Supply,ReadAll,IrrigationControl,East,DENY,IDS_BLOCKED,True
2025-08-23T02:47:49Z,SA-0006371,supply_write_sensor,atk-0365,Supply,ManageRoles,AuditLog,South,DENY,OP_NOT_PERMITTED,True
2025-08-23T04:10:57Z,SA-0006372,supply_write_sensor,atk-0256,Supply,ReadAudit,SensorData,West,DENY,IDS_BLOCKED,True
2025-08-23T06:52:33Z,SA-0006373,supply_write_sensor,atk-0059,Supply,ReadAll,AuditLog,North,DENY,ROLE_INSUFFICIENT,True
2025-08-23T10:45:26Z,SA-0006374,supply_write_sensor,atk-0447,Supply,ReadAudit,SensorData,South,DENY,ROLE_INSUFFICIENT,True
2025-08-23T10:56:10Z,SA-0006375,supply_write_sensor,atk-0353,Supply,ReadAudit,SensorData,East,DENY,ROLE_INSUFFICIENT,True
2025-08-23T11:34:18Z,SA-0006376,supply_write_sensor,atk-0224,Supply,ReadAll,IrrigationControl,East,DENY,POLICY_VIOLATION,True
2025-08-23T12:01:40Z,SA-0006377,supply_write_sensor,atk-0310,Supply,ControlZone,RoleAssignment,East,DENY,CERT_REVOKED,True
2025-08-23T12:33:24Z,SA-0006378,supply_write_sensor,atk-0013,Supply,ManageRoles,IrrigationControl,East,DENY,CERT_REVOKED,True
2025-08-23T15:07:44Z,SA-0006379,supply_write_sensor,atk-0315,Supply,ReadAudit,IrrigationControl,North,DENY,OP_NOT_PERMITTED,True
2025-08-23T17:11:41Z,SA-0006380,supply_write_sensor,atk-0282,Supply,ManageRoles,IrrigationControl,West,DENY,CERT_REVOKED,True
2025-08-23T18:21:39Z,SA-0006381,supply_write_sensor,atk-0310,Supply,ManageRoles,IrrigationControl,South,DENY,ZONE_MISMATCH,True
2025-08-24T00:00:18Z,SA-0006382,supply_write_sensor,atk-0332,Supply,ControlZone,AuditLog,South,DENY,CERT_REVOKED,True
2025-08-24T00:15:44Z,SA-0006383,supply_write_sensor,atk-0100,Supply,ReadAll,SensorData,East,DENY,CERT_REVOKED,True
2025-08-24T02:05:13Z,SA-0006384,supply_write_sensor,atk-0302,Supply,ManageRoles,SensorData,South,DENY,ROLE_INSUFFICIENT,True
2025-08-24T05:16:37Z,SA-0006385,supply_write_sensor,atk-0249,Supply,ControlZone,SensorData,West,DENY,OP_NOT_PERMITTED,True
2025-08-24T07:03:09Z,SA-0006386,supply_write_sensor,atk-0327,Supply,ManageRoles,AuditLog,West,DENY,ROLE_INSUFFICIENT,True
2025-08-24T07:23:28Z,SA-0006387,supply_write_sensor,atk-0478,Supply,WriteSensor,RoleAssignment,North,DENY,CERT_REVOKED,True
2025-08-24T08:25:01Z,SA-0006388,supply_write_sensor,atk-0089,Supply,ManageRoles,SensorData,South,DENY,ZONE_MISMATCH,True
2025-08-24T09:07:32Z,SA-0006389,supply_write_sensor,atk-0480,Supply,WriteSensor,AuditLog,East,DENY,OP_NOT_PERMITTED,True
2025-08-24T09:21:34Z,SA-0006390,supply_write_sensor,atk-0140,Supply,ControlZone,AuditLog,North,DENY,OP_NOT_PERMITTED,True
2025-08-24T12:25:28Z,SA-0006391,supply_write_sensor,atk-0102,Supply,WriteSensor,IrrigationControl,South,DENY,IDS_BLOCKED,True
2025-08-24T12:34:20Z,SA-0006392,supply_write_sensor,atk-0068,Supply,ControlZone,RoleAssignment,North,DENY,OP_NOT_PERMITTED,True
2025-08-24T13:06:52Z,SA-0006393,supply_write_sensor,atk-0035,Supply,ManageRoles,RoleAssignment,East,DENY,CERT_REVOKED,True
2025-08-24T13:42:04Z,SA-0006394,supply_write_sensor,atk-0263,Supply,ReadAll,AuditLog,North,DENY,OP_NOT_PERMITTED,True
2025-08-24T17:42:43Z,SA-0006395,supply_write_sensor,atk-0283,Supply,ReadAudit,AuditLog,North,DENY,POLICY_VIOLATION,True
2025-08-24T19:06:46Z,SA-0006396,supply_write_sensor,atk-0275,Supply,ReadAll,AuditLog,East,DENY,OP_NOT_PERMITTED,True
2025-08-24T20:35:15Z,SA-0006397,supply_write_sensor,atk-0395,Supply,ControlZone,SensorData,North,DENY,POLICY_VIOLATION,True
2025-08-24T21:17:06Z,SA-0006398,supply_write_sensor,atk-0294,Supply,ManageRoles,RoleAssignment,South,DENY,OP_NOT_PERMITTED,True
2025-08-25T00:16:15Z,SA-0006399,supply_write_sensor,atk-0133,Supply,ReadAll,AuditLog,South,DENY,IDS_BLOCKED,True
2025-08-25T01:34:21Z,SA-0006400,supply_write_sensor,atk-0421,Supply,WriteSensor,SensorData,East,DENY,IDS_BLOCKED,True
2025-08-25T01:47:39Z,SA-0006401,supply_write_sensor,atk-0383,Supply,ReadAll,SensorData,North,DENY,OP_NOT_PERMITTED,True
2025-08-25T01:50:27Z,SA-0006402,supply_write_sensor,atk-0140,Supply,WriteSensor,RoleAssignment,West,DENY,POLICY_VIOLATION,True
2025-08-25T02:04:52Z,SA-0006403,supply_write_sensor,atk-0131,Supply,ReadAll,RoleAssignment,South,DENY,POLICY_VIOLATION,True
2025-08-25T04:06:13Z,SA-0006404,supply_write_sensor,atk-0403,Supply,ControlZone,AuditLog,West,DENY,OP_NOT_PERMITTED,True
2025-08-25T04:44:49Z,SA-0006405,supply_write_sensor,atk-0099,Supply,WriteSensor,IrrigationControl,South,DENY,ROLE_INSUFFICIENT,True
2025-08-25T06:55:18Z,SA-0006406,supply_write_sensor,atk-0418,Supply,WriteSensor,IrrigationControl,East,DENY,IDS_BLOCKED,True
2025-08-25T07:43:42Z,SA-0006407,supply_write_sensor,atk-0127,Supply,WriteSensor,AuditLog,South,DENY,OP_NOT_PERMITTED,True
2025-08-25T09:51:50Z,SA-0006408,supply_write_sensor,atk-0443,Supply,ManageRoles,IrrigationControl,North,DENY,ZONE_MISMATCH,True
2025-08-25T12:15:38Z,SA-0006409,supply_write_sensor,atk-0302,Supply,ReadAudit,IrrigationControl,North,DENY,ZONE_MISMATCH,True
2025-08-25T14:13:26Z,SA-0006410,supply_write_sensor,atk-0326,Supply,ReadAll,AuditLog,South,DENY,CERT_REVOKED,True
2025-08-25T15:08:07Z,SA-0006411,supply_write_sensor,atk-0057,Supply,ControlZone,SensorData,West,DENY,IDS_BLOCKED,True
2025-08-25T15:36:57Z,SA-0006412,supply_write_sensor,atk-0484,Supply,ReadAll,RoleAssignment,West,DENY,CERT_REVOKED,True
2025-08-25T17:21:23Z,SA-0006413,supply_write_sensor,atk-0313,Supply,ReadAudit,RoleAssignment,South,DENY,CERT_REVOKED,True
2025-08-25T19:09:04Z,SA-0006414,supply_write_sensor,atk-0168,Supply,ReadAll,SensorData,South,DENY,CERT_REVOKED,True
2025-08-25T21:56:31Z,SA-0006415,supply_write_sensor,atk-0483,Supply,WriteSensor,RoleAssignment,North,DENY,POLICY_VIOLATION,True
2025-08-26T00:08:48Z,SA-0006416,supply_write_sensor,atk-0207,Supply,ReadAll,SensorData,East,DENY,ROLE_INSUFFICIENT,True
2025-08-26T00:14:36Z,SA-0006417,supply_write_sensor,atk-0491,Supply,ManageRoles,RoleAssignment,South,DENY,CERT_REVOKED,True
2025-08-26T01:00:14Z,SA-0006418,supply_write_sensor,atk-0469,Supply,ManageRoles,IrrigationControl,South,DENY,CERT_REVOKED,True
2025-08-26T01:23:14Z,SA-0006419,supply_write_sensor,atk-0017,Supply,ReadAudit,SensorData,South,DENY,IDS_BLOCKED,True
2025-08-26T03:08:33Z,SA-0006420,supply_write_sensor,atk-0248,Supply,ControlZone,SensorData,North,DENY,ZONE_MISMATCH,True
2025-08-26T03:18:22Z,SA-0006421,supply_write_sensor,atk-0343,Supply,ManageRoles,RoleAssignment,West,DENY,CERT_REVOKED,True
2025-08-26T05:00:31Z,SA-0006422,supply_write_sensor,atk-0106,Supply,WriteSensor,IrrigationControl,South,DENY,CERT_REVOKED,True
2025-08-26T06:16:38Z,SA-0006423,supply_write_sensor,atk-0286,Supply,ControlZone,AuditLog,West,DENY,POLICY_VIOLATION,True
2025-08-26T06:49:54Z,SA-0006424,supply_write_sensor,atk-0213,Supply,ReadAll,SensorData,North,DENY,ROLE_INSUFFICIENT,True
2025-08-26T07:12:30Z,SA-0006425,supply_write_sensor,atk-0365,Supply,WriteSensor,AuditLog,North,DENY,OP_NOT_PERMITTED,True
2025-08-26T09:09:42Z,SA-0006426,supply_write_sensor,atk-0460,Supply,WriteSensor,SensorData,South,DENY,OP_NOT_PERMITTED,True
2025-08-26T10:51:45Z,SA-0006427,supply_write_sensor,atk-0091,Supply,ManageRoles,SensorData,South,DENY,ROLE_INSUFFICIENT,True
2025-08-26T11:14:56Z,SA-0006428,supply_write_sensor,atk-0074,Supply,ReadAudit,IrrigationControl,North,DENY,POLICY_VIOLATION,True
2025-08-26T12:34:21Z,SA-0006429,supply_write_sensor,atk-0035,Supply,ControlZone,IrrigationControl,West,DENY,OP_NOT_PERMITTED,True
2025-08-26T13:15:06Z,SA-0006430,supply_write_sensor,atk-0346,Supply,ManageRoles,RoleAssignment,North,DENY,IDS_BLOCKED,True
2025-08-26T13:52:14Z,SA-0006431,supply_write_sensor,atk-0086,Supply,ManageRoles,SensorData,West,DENY,OP_NOT_PERMITTED,True
2025-08-26T14:57:47Z,SA-0006432,supply_write_sensor,atk-0079,Supply,ReadAudit,SensorData,West,DENY,OP_NOT_PERMITTED,True
2025-08-26T15:18:51Z,SA-0006433,supply_write_sensor,atk-0322,Supply,WriteSensor,SensorData,West,DENY,CERT_REVOKED,True
2025-08-26T16:04:54Z,SA-0006434,supply_write_sensor,atk-0489,Supply,ReadAll,RoleAssignment,East,DENY,POLICY_VIOLATION,True
2025-08-26T18:34:16Z,SA-0006435,supply_write_sensor,atk-0301,Supply,ReadAll,AuditLog,East,DENY,ROLE_INSUFFICIENT,True
2025-08-26T18:53:46Z,SA-0006436,supply_write_sensor,atk-0388,Supply,ReadAll,RoleAssignment,West,DENY,ROLE_INSUFFICIENT,True
2025-08-26T20:05:17Z,SA-0006437,supply_write_sensor,atk-0117,Supply,ReadAudit,IrrigationControl,East,DENY,POLICY_VIOLATION,True
2025-08-26T20:23:27Z,SA-0006438,supply_write_sensor,atk-0461,Supply,ManageRoles,SensorData,East,DENY,OP_NOT_PERMITTED,True
2025-08-26T21:38:13Z,SA-0006439,supply_write_sensor,atk-0482,Supply,ReadAudit,SensorData,North,DENY,ROLE_INSUFFICIENT,True
2025-08-26T23:12:01Z,SA-0006440,supply_write_sensor,atk-0325,Supply,ReadAudit,RoleAssignment,South,DENY,POLICY_VIOLATION,True
2025-08-27T01:30:10Z,SA-0006441,supply_write_sensor,atk-0449,Supply,ManageRoles,AuditLog,West,DENY,ZONE_MISMATCH,True
2025-08-27T01:48:15Z,SA-0006442,supply_write_sensor,atk-0490,Supply,WriteSensor,RoleAssignment,North,DENY,POLICY_VIOLATION,True
2025-08-27T02:59:19Z,SA-0006443,supply_write_sensor,atk-0216,Supply,ControlZone,RoleAssignment,South,DENY,POLICY_VIOLATION,True
2025-08-27T04:01:28Z,SA-0006444,supply_write_sensor,atk-0317,Supply,ReadAudit,AuditLog,West,DENY,IDS_BLOCKED,True
2025-08-27T04:37:37Z,SA-0006445,supply_write_sensor,atk-0123,Supply,ManageRoles,RoleAssignment,East,DENY,IDS_BLOCKED,True
2025-08-27T05:05:42Z,SA-0006446,supply_write_sensor,atk-0089,Supply,ReadAll,IrrigationControl,West,DENY,CERT_REVOKED,True
2025-08-27T05:15:42Z,SA-0006447,supply_write_sensor,atk-0496,Supply,ControlZone,IrrigationControl,West,DENY,ZONE_MISMATCH,True
2025-08-27T06:12:09Z,SA-0006448,supply_write_sensor,atk-0487,Supply,ControlZone,RoleAssignment,South,DENY,POLICY_VIOLATION,True
2025-08-27T06:48:01Z,SA-0006449,supply_write_sensor,atk-0384,Supply,ReadAudit,SensorData,South,DENY,POLICY_VIOLATION,True
2025-08-27T08:37:14Z,SA-0006450,supply_write_sensor,atk-0450,Supply,ReadAudit,RoleAssignment,East,DENY,OP_NOT_PERMITTED,True
2025-08-27T10:52:59Z,SA-0006451,supply_write_sensor,atk-0278,Supply,WriteSensor,IrrigationControl,West,DENY,IDS_BLOCKED,True
2025-08-27T11:14:37Z,SA-0006452,supply_write_sensor,atk-0287,Supply,WriteSensor,SensorData,South,DENY,CERT_REVOKED,True
2025-08-27T12:29:49Z,SA-0006453,supply_write_sensor,atk-0367,Supply,ReadAll,SensorData,South,DENY,OP_NOT_PERMITTED,True
2025-08-27T12:39:37Z,SA-0006454,supply_write_sensor,atk-0031,Supply,ManageRoles,IrrigationControl,North,DENY,POLICY_VIOLATION,True
2025-08-27T13:54:19Z,SA-0006455,supply_write_sensor,atk-0187,Supply,WriteSensor,SensorData,East,DENY,IDS_BLOCKED,True
2025-08-27T16:13:55Z,SA-0006456,supply_write_sensor,atk-0218,Supply,WriteSensor,AuditLog,North,DENY,IDS_BLOCKED,True
2025-08-27T17:37:40Z,SA-0006457,supply_write_sensor,atk-0346,Supply,WriteSensor,SensorData,East,DENY,OP_NOT_PERMITTED,True
2025-08-27T19:33:55Z,SA-0006458,supply_write_sensor,atk-0122,Supply,ManageRoles,IrrigationControl,North,DENY,CERT_REVOKED,True
2025-08-27T19:58:56Z,SA-0006459,supply_write_sensor,atk-0485,Supply,ControlZone,IrrigationControl,East,DENY,CERT_REVOKED,True
2025-08-27T20:22:54Z,SA-0006460,supply_write_sensor,atk-0280,Supply,WriteSensor,IrrigationControl,East,DENY,ROLE_INSUFFICIENT,True
2025-08-27T20:54:40Z,SA-0006461,supply_write_sensor,atk-0472,Supply,ControlZone,RoleAssignment,West,DENY,ZONE_MISMATCH,True
2025-08-28T02:59:09Z,SA-0006462,supply_write_sensor,atk-0406,Supply,ControlZone,RoleAssignment,East,DENY,CERT_REVOKED,True
2025-08-28T05:35:15Z,SA-0006463,supply_write_sensor,atk-0241,Supply,WriteSensor,SensorData,West,DENY,POLICY_VIOLATION,True
2025-08-28T07:40:26Z,SA-0006464,supply_write_sensor,atk-0418,Supply,ManageRoles,IrrigationControl,North,DENY,OP_NOT_PERMITTED,True
2025-08-28T10:36:34Z,SA-0006465,supply_write_sensor,atk-0408,Supply,ControlZone,AuditLog,South,DENY,ROLE_INSUFFICIENT,True
2025-08-28T13:42:55Z,SA-0006466,supply_write_sensor,atk-0484,Supply,WriteSensor,RoleAssignment,West,DENY,CERT_REVOKED,True
2025-08-28T14:14:49Z,SA-0006467,supply_write_sensor,atk-0382,Supply,ControlZone,IrrigationControl,South,DENY,OP_NOT_PERMITTED,True
2025-08-28T14:42:29Z,SA-0006468,supply_write_sensor,atk-0256,Supply,WriteSensor,RoleAssignment,West,DENY,CERT_REVOKED,True
2025-08-28T15:49:03Z,SA-0006469,supply_write_sensor,atk-0285,Supply,ReadAll,RoleAssignment,South,DENY,OP_NOT_PERMITTED,True
2025-08-28T17:54:48Z,SA-0006470,supply_write_sensor,atk-0192,Supply,ReadAll,SensorData,East,DENY,OP_NOT_PERMITTED,True
2025-08-28T19:57:39Z,SA-0006471,supply_write_sensor,atk-0479,Supply,ReadAll,RoleAssignment,West,DENY,IDS_BLOCKED,True
2025-08-28T20:59:13Z,SA-0006472,supply_write_sensor,atk-0469,Supply,ControlZone,SensorData,North,DENY,ROLE_INSUFFICIENT,True
2025-08-28T21:07:48Z,SA-0006473,supply_write_sensor,atk-0458,Supply,ManageRoles,IrrigationControl,South,DENY,ZONE_MISMATCH,True
2025-08-28T21:52:38Z,SA-0006474,supply_write_sensor,atk-0124,Supply,ManageRoles,SensorData,West,DENY,ROLE_INSUFFICIENT,True
2025-08-28T22:00:25Z,SA-0006475,supply_write_sensor,atk-0358,Supply,ControlZone,RoleAssignment,South,DENY,OP_NOT_PERMITTED,True
2025-08-28T23:54:04Z,SA-0006476,supply_write_sensor,atk-0115,Supply,ReadAudit,SensorData,South,DENY,ZONE_MISMATCH,True
2025-08-29T06:39:37Z,SA-0006477,supply_write_sensor,atk-0166,Supply,ControlZone,IrrigationControl,South,DENY,POLICY_VIOLATION,True
2025-08-29T07:39:25Z,SA-0006478,supply_write_sensor,atk-0107,Supply,ReadAudit,AuditLog,West,DENY,IDS_BLOCKED,True
2025-08-29T07:47:19Z,SA-0006479,supply_write_sensor,atk-0484,Supply,ReadAll,RoleAssignment,South,DENY,ZONE_MISMATCH,True
2025-08-29T12:05:42Z,SA-0006480,supply_write_sensor,atk-0020,Supply,ManageRoles,IrrigationControl,South,DENY,CERT_REVOKED,True
2025-08-29T13:07:29Z,SA-0006481,supply_write_sensor,atk-0384,Supply,ControlZone,AuditLog,West,DENY,CERT_REVOKED,True
2025-08-29T17:27:41Z,SA-0006482,supply_write_sensor,atk-0384,Supply,ControlZone,RoleAssignment,North,DENY,POLICY_VIOLATION,True
2025-08-29T23:57:48Z,SA-0006483,supply_write_sensor,atk-0241,Supply,WriteSensor,AuditLog,North,DENY,IDS_BLOCKED,True
2025-08-30T02:30:45Z,SA-0006484,supply_write_sensor,atk-0341,Supply,ReadAll,IrrigationControl,South,DENY,CERT_REVOKED,True
2025-08-30T03:42:55Z,SA-0006485,supply_write_sensor,atk-0236,Supply,ControlZone,IrrigationControl,South,DENY,POLICY_VIOLATION,True
2025-08-30T03:45:51Z,SA-0006486,supply_write_sensor,atk-0160,Supply,ReadAll,AuditLog,South,DENY,OP_NOT_PERMITTED,True
2025-08-30T04:08:54Z,SA-0006487,supply_write_sensor,atk-0301,Supply,WriteSensor,IrrigationControl,East,DENY,OP_NOT_PERMITTED,True
2025-08-30T04:25:45Z,SA-0006488,supply_write_sensor,atk-0290,Supply,ReadAudit,SensorData,South,DENY,POLICY_VIOLATION,True
2025-08-30T04:37:03Z,SA-0006489,supply_write_sensor,atk-0012,Supply,ReadAudit,RoleAssignment,North,DENY,ROLE_INSUFFICIENT,True
2025-08-30T07:43:16Z,SA-0006490,supply_write_sensor,atk-0288,Supply,ReadAudit,RoleAssignment,North,DENY,CERT_REVOKED,True
2025-08-30T08:56:08Z,SA-0006491,supply_write_sensor,atk-0326,Supply,WriteSensor,RoleAssignment,East,DENY,CERT_REVOKED,True
2025-08-30T13:12:54Z,SA-0006492,supply_write_sensor,atk-0072,Supply,ControlZone,AuditLog,North,DENY,ROLE_INSUFFICIENT,True
2025-08-30T15:05:24Z,SA-0006493,supply_write_sensor,atk-0137,Supply,ReadAudit,IrrigationControl,West,DENY,OP_NOT_PERMITTED,True
2025-08-30T16:56:32Z,SA-0006494,supply_write_sensor,atk-0355,Supply,ControlZone,RoleAssignment,North,DENY,POLICY_VIOLATION,True
2025-08-30T18:38:32Z,SA-0006495,supply_write_sensor,atk-0478,Supply,ReadAll,IrrigationControl,East,DENY,IDS_BLOCKED,True
2025-08-30T21:03:17Z,SA-0006496,supply_write_sensor,atk-0352,Supply,ControlZone,SensorData,South,DENY,OP_NOT_PERMITTED,True
2025-08-30T21:42:26Z,SA-0006497,supply_write_sensor,atk-0027,Supply,ReadAll,IrrigationControl,North,DENY,OP_NOT_PERMITTED,True
2025-08-31T00:07:48Z,SA-0006498,supply_write_sensor,atk-0207,Supply,ManageRoles,AuditLog,North,DENY,CERT_REVOKED,True
2025-08-31T00:41:58Z,SA-0006499,supply_write_sensor,atk-0285,Supply,WriteSensor,IrrigationControl,West,DENY,ZONE_MISMATCH,True
2025-08-31T02:00:49Z,SA-0006500,supply_write_sensor,atk-0443,Supply,ReadAll,RoleAssignment,West,DENY,IDS_BLOCKED,True
2025-08-31T03:09:53Z,SA-0006501,supply_write_sensor,atk-0356,Supply,ReadAudit,SensorData,East,DENY,POLICY_VIOLATION,True
2025-08-31T05:10:24Z,SA-0006502,supply_write_sensor,atk-0173,Supply,ControlZone,AuditLog,South,DENY,CERT_REVOKED,True
2025-08-31T05:29:28Z,SA-0006503,supply_write_sensor,atk-0451,Supply,ManageRoles,AuditLog,South,DENY,IDS_BLOCKED,True
2025-08-31T05:30:01Z,SA-0006504,supply_write_sensor,atk-0274,Supply,ReadAll,RoleAssignment,South,DENY,CERT_REVOKED,True
2025-08-31T06:54:55Z,SA-0006505,supply_write_sensor,atk-0017,Supply,WriteSensor,SensorData,East,DENY,CERT_REVOKED,True
2025-08-31T07:07:21Z,SA-0006506,supply_write_sensor,atk-0214,Supply,ManageRoles,AuditLog,East,DENY,ROLE_INSUFFICIENT,True
2025-08-31T09:24:09Z,SA-0006507,supply_write_sensor,atk-0162,Supply,ReadAudit,AuditLog,East,DENY,ROLE_INSUFFICIENT,True
2025-08-31T10:41:24Z,SA-0006508,supply_write_sensor,atk-0073,Supply,WriteSensor,AuditLog,South,DENY,ZONE_MISMATCH,True
2025-08-31T11:41:54Z,SA-0006509,supply_write_sensor,atk-0389,Supply,ReadAll,RoleAssignment,South,DENY,IDS_BLOCKED,True
2025-08-31T11:52:39Z,SA-0006510,supply_write_sensor,atk-0005,Supply,ControlZone,AuditLog,West,DENY,POLICY_VIOLATION,True
2025-08-31T12:32:12Z,SA-0006511,supply_write_sensor,atk-0089,Supply,ReadAudit,SensorData,South,DENY,IDS_BLOCKED,True
2025-08-31T17:04:08Z,SA-0006512,supply_write_sensor,atk-0014,Supply,ReadAll,AuditLog,West,DENY,POLICY_VIOLATION,True
2025-08-31T17:44:54Z,SA-0006513,supply_write_sensor,atk-0395,Supply,ReadAll,IrrigationControl,East,DENY,ZONE_MISMATCH,True
2025-08-31T19:31:47Z,SA-0006514,supply_write_sensor,atk-0145,Supply,ManageRoles,RoleAssignment,North,DENY,IDS_BLOCKED,True
2025-08-31T19:52:42Z,SA-0006515,supply_write_sensor,atk-0374,Supply,WriteSensor,RoleAssignment,East,DENY,IDS_BLOCKED,True
2025-08-31T19:56:46Z,SA-0006516,supply_write_sensor,atk-0040,Supply,ManageRoles,SensorData,West,DENY,CERT_REVOKED,True
2025-08-31T23:03:23Z,SA-0006517,supply_write_sensor,atk-0307,Supply,ReadAudit,SensorData,East,DENY,ZONE_MISMATCH,True
2025-09-01T02:31:38Z,SA-0006518,supply_write_sensor,atk-0378,Supply,ReadAll,AuditLog,West,DENY,CERT_REVOKED,True
2025-09-01T03:06:45Z,SA-0006519,supply_write_sensor,atk-0020,Supply,ReadAll,IrrigationControl,East,DENY,OP_NOT_PERMITTED,True
2025-09-01T03:24:34Z,SA-0006520,supply_write_sensor,atk-0382,Supply,ControlZone,SensorData,North,DENY,IDS_BLOCKED,True
2025-09-01T05:01:21Z,SA-0006521,supply_write_sensor,atk-0454,Supply,ReadAll,AuditLog,West,DENY,ROLE_INSUFFICIENT,True
2025-09-01T05:48:27Z,SA-0006522,supply_write_sensor,atk-0195,Supply,ReadAll,SensorData,North,DENY,POLICY_VIOLATION,True
2025-09-01T07:15:34Z,SA-0006523,supply_write_sensor,atk-0351,Supply,ReadAudit,RoleAssignment,South,DENY,ROLE_INSUFFICIENT,True
2025-09-01T07:15:38Z,SA-0006524,supply_write_sensor,atk-0201,Supply,WriteSensor,AuditLog,East,DENY,IDS_BLOCKED,True
2025-09-01T07:16:16Z,SA-0006525,supply_write_sensor,atk-0240,Supply,ReadAll,RoleAssignment,West,DENY,ROLE_INSUFFICIENT,True
2025-09-01T07:37:18Z,SA-0006526,supply_write_sensor,atk-0278,Supply,WriteSensor,SensorData,East,DENY,ROLE_INSUFFICIENT,True
2025-09-01T11:41:11Z,SA-0006527,supply_write_sensor,atk-0143,Supply,WriteSensor,AuditLog,West,DENY,CERT_REVOKED,True
2025-09-01T11:45:36Z,SA-0006528,supply_write_sensor,atk-0377,Supply,ReadAudit,IrrigationControl,East,DENY,ROLE_INSUFFICIENT,True
2025-09-01T12:19:37Z,SA-0006529,supply_write_sensor,atk-0234,Supply,ManageRoles,RoleAssignment,North,DENY,CERT_REVOKED,True
2025-09-01T15:50:27Z,SA-0006530,supply_write_sensor,atk-0425,Supply,ReadAll,SensorData,North,DENY,ROLE_INSUFFICIENT,True
2025-09-01T17:59:02Z,SA-0006531,supply_write_sensor,atk-0118,Supply,ManageRoles,IrrigationControl,North,DENY,ROLE_INSUFFICIENT,True
2025-09-01T18:51:50Z,SA-0006532,supply_write_sensor,atk-0052,Supply,WriteSensor,IrrigationControl,West,DENY,CERT_REVOKED,True
2025-09-01T19:20:52Z,SA-0006533,supply_write_sensor,atk-0010,Supply,ManageRoles,AuditLog,North,DENY,ROLE_INSUFFICIENT,True
2025-09-01T22:08:02Z,SA-0006534,supply_write_sensor,atk-0290,Supply,ManageRoles,AuditLog,West,DENY,OP_NOT_PERMITTED,True
2025-09-01T22:24:18Z,SA-0006535,supply_write_sensor,atk-0394,Supply,WriteSensor,IrrigationControl,North,DENY,CERT_REVOKED,True
2025-09-01T22:42:56Z,SA-0006536,supply_write_sensor,atk-0352,Supply,ManageRoles,RoleAssignment,South,DENY,IDS_BLOCKED,True
2025-09-01T22:47:20Z,SA-0006537,supply_write_sensor,atk-0181,Supply,ManageRoles,IrrigationControl,South,DENY,ZONE_MISMATCH,True
2025-09-01T23:33:35Z,SA-0006538,supply_write_sensor,atk-0013,Supply,ReadAudit,AuditLog,South,DENY,OP_NOT_PERMITTED,True
2025-09-01T23:53:53Z,SA-0006539,supply_write_sensor,atk-0485,Supply,ManageRoles,IrrigationControl,West,DENY,POLICY_VIOLATION,True
2025-09-02T00:01:36Z,SA-0006540,supply_write_sensor,atk-0106,Supply,ReadAll,IrrigationControl,North,DENY,ROLE_INSUFFICIENT,True
2025-09-02T00:15:22Z,SA-0006541,supply_write_sensor,atk-0341,Supply,ControlZone,IrrigationControl,North,DENY,OP_NOT_PERMITTED,True
2025-09-02T00:46:01Z,SA-0006542,supply_write_sensor,atk-0376,Supply,ReadAudit,RoleAssignment,West,DENY,ROLE_INSUFFICIENT,True
2025-09-02T04:04:10Z,SA-0006543,supply_write_sensor,atk-0448,Supply,WriteSensor,IrrigationControl,East,DENY,ROLE_INSUFFICIENT,True
2025-09-02T06:53:47Z,SA-0006544,supply_write_sensor,atk-0444,Supply,ReadAudit,AuditLog,West,DENY,IDS_BLOCKED,True
2025-09-02T07:05:01Z,SA-0006545,supply_write_sensor,atk-0306,Supply,ManageRoles,RoleAssignment,East,DENY,CERT_REVOKED,True
2025-09-02T17:39:16Z,SA-0006546,supply_write_sensor,atk-0112,Supply,ReadAll,AuditLog,East,DENY,ROLE_INSUFFICIENT,True
2025-09-02T19:05:58Z,SA-0006547,supply_write_sensor,atk-0470,Supply,ManageRoles,SensorData,West,DENY,ROLE_INSUFFICIENT,True
2025-09-02T21:27:14Z,SA-0006548,supply_write_sensor,atk-0011,Supply,ReadAudit,SensorData,East,DENY,ZONE_MISMATCH,True
2025-09-02T23:54:10Z,SA-0006549,supply_write_sensor,atk-0426,Supply,ControlZone,SensorData,North,DENY,IDS_BLOCKED,True
2025-09-03T04:32:03Z,SA-0006550,supply_write_sensor,atk-0393,Supply,ControlZone,RoleAssignment,North,DENY,CERT_REVOKED,True
2025-09-03T08:23:40Z,SA-0006551,supply_write_sensor,atk-0484,Supply,ControlZone,IrrigationControl,West,DENY,ZONE_MISMATCH,True
2025-09-03T11:34:20Z,SA-0006552,supply_write_sensor,atk-0175,Supply,ControlZone,IrrigationControl,East,DENY,ROLE_INSUFFICIENT,True
2025-09-03T15:02:25Z,SA-0006553,supply_write_sensor,atk-0407,Supply,ReadAll,IrrigationControl,South,DENY,POLICY_VIOLATION,True
2025-09-03T22:00:06Z,SA-0006554,supply_write_sensor,atk-0424,Supply,ReadAll,AuditLog,West,DENY,ZONE_MISMATCH,True
2025-09-03T23:44:44Z,SA-0006555,supply_write_sensor,atk-0330,Supply,ControlZone,AuditLog,North,DENY,POLICY_VIOLATION,True
2025-09-04T00:57:28Z,SA-0006556,supply_write_sensor,atk-0333,Supply,ControlZone,RoleAssignment,North,DENY,CERT_REVOKED,True
2025-09-04T03:06:56Z,SA-0006557,supply_write_sensor,atk-0129,Supply,ControlZone,RoleAssignment,North,DENY,IDS_BLOCKED,True
2025-09-04T04:15:50Z,SA-0006558,supply_write_sensor,atk-0349,Supply,ReadAudit,SensorData,South,DENY,POLICY_VIOLATION,True
2025-09-04T05:36:04Z,SA-0006559,supply_write_sensor,atk-0181,Supply,ReadAudit,IrrigationControl,West,DENY,IDS_BLOCKED,True
2025-09-04T05:37:10Z,SA-0006560,supply_write_sensor,atk-0143,Supply,ReadAudit,IrrigationControl,East,DENY,CERT_REVOKED,True
2025-09-04T06:32:16Z,SA-0006561,supply_write_sensor,atk-0066,Supply,WriteSensor,AuditLog,South,DENY,ROLE_INSUFFICIENT,True
2025-09-04T06:37:35Z,SA-0006562,supply_write_sensor,atk-0029,Supply,ReadAll,RoleAssignment,East,DENY,POLICY_VIOLATION,True
2025-09-04T08:13:25Z,SA-0006563,supply_write_sensor,atk-0246,Supply,ReadAudit,RoleAssignment,West,DENY,POLICY_VIOLATION,True
2025-09-04T08:36:28Z,SA-0006564,supply_write_sensor,atk-0081,Supply,ReadAudit,SensorData,West,DENY,ROLE_INSUFFICIENT,True
2025-09-04T10:42:00Z,SA-0006565,supply_write_sensor,atk-0267,Supply,ManageRoles,IrrigationControl,West,DENY,POLICY_VIOLATION,True
2025-09-04T13:26:06Z,SA-0006566,supply_write_sensor,atk-0057,Supply,ReadAudit,IrrigationControl,East,DENY,CERT_REVOKED,True
2025-09-04T14:04:24Z,SA-0006567,supply_write_sensor,atk-0439,Supply,ManageRoles,RoleAssignment,South,DENY,IDS_BLOCKED,True
2025-09-04T14:08:14Z,SA-0006568,supply_write_sensor,atk-0269,Supply,WriteSensor,SensorData,North,DENY,CERT_REVOKED,True
2025-09-04T14:41:26Z,SA-0006569,supply_write_sensor,atk-0036,Supply,ReadAll,SensorData,South,DENY,ROLE_INSUFFICIENT,True
2025-09-04T15:52:41Z,SA-0006570,supply_write_sensor,atk-0062,Supply,ReadAll,RoleAssignment,West,DENY,IDS_BLOCKED,True
2025-09-04T18:06:50Z,SA-0006571,supply_write_sensor,atk-0152,Supply,ReadAll,RoleAssignment,North,DENY,POLICY_VIOLATION,True
2025-09-04T19:19:31Z,SA-0006572,supply_write_sensor,atk-0347,Supply,ControlZone,AuditLog,South,DENY,IDS_BLOCKED,True
2025-09-05T00:45:01Z,SA-0006573,supply_write_sensor,atk-0368,Supply,ManageRoles,AuditLog,East,DENY,OP_NOT_PERMITTED,True
2025-09-05T02:27:55Z,SA-0006574,supply_write_sensor,atk-0061,Supply,ReadAll,AuditLog,North,DENY,OP_NOT_PERMITTED,True
2025-09-05T03:58:20Z,SA-0006575,supply_write_sensor,atk-0093,Supply,ControlZone,RoleAssignment,South,DENY,POLICY_VIOLATION,True
2025-09-05T04:56:01Z,SA-0006576,supply_write_sensor,atk-0320,Supply,WriteSensor,IrrigationControl,East,DENY,POLICY_VIOLATION,True
2025-09-05T06:06:36Z,SA-0006577,supply_write_sensor,atk-0374,Supply,ReadAudit,RoleAssignment,East,DENY,OP_NOT_PERMITTED,True
2025-09-05T07:01:38Z,SA-0006578,supply_write_sensor,atk-0497,Supply,ReadAll,SensorData,West,DENY,CERT_REVOKED,True
2025-09-05T07:38:52Z,SA-0006579,supply_write_sensor,atk-0287,Supply,ControlZone,IrrigationControl,East,DENY,OP_NOT_PERMITTED,True
2025-09-05T09:07:28Z,SA-0006580,supply_write_sensor,atk-0486,Supply,ManageRoles,RoleAssignment,South,DENY,CERT_REVOKED,True
2025-09-05T09:52:22Z,SA-0006581,supply_write_sensor,atk-0313,Supply,ReadAudit,SensorData,West,DENY,ROLE_INSUFFICIENT,True
2025-09-05T10:09:22Z,SA-0006582,supply_write_sensor,atk-0445,Supply,ManageRoles,AuditLog,West,DENY,POLICY_VIOLATION,True
2025-09-05T14:43:45Z,SA-0006583,supply_write_sensor,atk-0354,Supply,ReadAudit,AuditLog,West,DENY,ZONE_MISMATCH,True
2025-09-05T15:14:26Z,SA-0006584,supply_write_sensor,atk-0496,Supply,ReadAll,RoleAssignment,West,DENY,ROLE_INSUFFICIENT,True
2025-09-05T16:18:21Z,SA-0006585,supply_write_sensor,atk-0428,Supply,ControlZone,SensorData,North,DENY,ROLE_INSUFFICIENT,True
2025-09-05T17:47:48Z,SA-0006586,supply_write_sensor,atk-0366,Supply,ManageRoles,SensorData,West,DENY,OP_NOT_PERMITTED,True
2025-09-05T18:00:59Z,SA-0006587,supply_write_sensor,atk-0156,Supply,ReadAudit,AuditLog,East,DENY,CERT_REVOKED,True
2025-09-05T18:52:57Z,SA-0006588,supply_write_sensor,atk-0043,Supply,WriteSensor,SensorData,East,DENY,ZONE_MISMATCH,True
2025-09-05T20:32:32Z,SA-0006589,supply_write_sensor,atk-0138,Supply,ControlZone,RoleAssignment,East,DENY,IDS_BLOCKED,True
2025-09-05T21:21:07Z,SA-0006590,supply_write_sensor,atk-0296,Supply,ControlZone,IrrigationControl,West,DENY,POLICY_VIOLATION,True
2025-09-05T23:40:56Z,SA-0006591,supply_write_sensor,atk-0382,Supply,ControlZone,AuditLog,East,DENY,POLICY_VIOLATION,True
2025-09-06T01:34:38Z,SA-0006592,supply_write_sensor,atk-0465,Supply,ManageRoles,AuditLog,West,DENY,CERT_REVOKED,True
2025-09-06T01:37:36Z,SA-0006593,supply_write_sensor,atk-0275,Supply,ReadAudit,RoleAssignment,South,DENY,ZONE_MISMATCH,True
2025-09-06T02:39:10Z,SA-0006594,supply_write_sensor,atk-0269,Supply,ManageRoles,AuditLog,East,DENY,POLICY_VIOLATION,True
2025-09-06T03:26:55Z,SA-0006595,supply_write_sensor,atk-0226,Supply,ControlZone,SensorData,North,DENY,ZONE_MISMATCH,True
2025-09-06T04:31:04Z,SA-0006596,supply_write_sensor,atk-0473,Supply,ControlZone,SensorData,West,DENY,ZONE_MISMATCH,True
2025-09-06T04:37:40Z,SA-0006597,supply_write_sensor,atk-0058,Supply,ManageRoles,IrrigationControl,West,DENY,OP_NOT_PERMITTED,True
2025-09-06T05:00:15Z,SA-0006598,supply_write_sensor,atk-0257,Supply,ManageRoles,AuditLog,South,DENY,POLICY_VIOLATION,True
2025-09-06T06:22:17Z,SA-0006599,supply_write_sensor,atk-0474,Supply,ControlZone,SensorData,North,DENY,IDS_BLOCKED,True
2025-09-06T06:36:26Z,SA-0006600,supply_write_sensor,atk-0445,Supply,ReadAudit,AuditLog,South,DENY,CERT_REVOKED,True
2025-09-06T06:42:55Z,SA-0006601,supply_write_sensor,atk-0312,Supply,WriteSensor,AuditLog,East,DENY,ROLE_INSUFFICIENT,True
2025-09-06T07:07:03Z,SA-0006602,supply_write_sensor,atk-0254,Supply,ManageRoles,IrrigationControl,South,DENY,CERT_REVOKED,True
2025-09-06T07:43:52Z,SA-0006603,supply_write_sensor,atk-0059,Supply,ManageRoles,RoleAssignment,South,DENY,ROLE_INSUFFICIENT,True
2025-09-06T10:18:50Z,SA-0006604,supply_write_sensor,atk-0498,Supply,ReadAudit,AuditLog,North,DENY,IDS_BLOCKED,True
2025-09-06T10:23:16Z,SA-0006605,supply_write_sensor,atk-0117,Supply,WriteSensor,RoleAssignment,West,DENY,POLICY_VIOLATION,True
2025-09-06T13:23:25Z,SA-0006606,supply_write_sensor,atk-0202,Supply,ReadAll,IrrigationControl,West,DENY,OP_NOT_PERMITTED,True
2025-09-06T18:30:27Z,SA-0006607,supply_write_sensor,atk-0226,Supply,ControlZone,AuditLog,North,DENY,OP_NOT_PERMITTED,True
2025-09-06T18:56:20Z,SA-0006608,supply_write_sensor,atk-0384,Supply,WriteSensor,SensorData,West,DENY,POLICY_VIOLATION,True
2025-09-06T22:48:29Z,SA-0006609,supply_write_sensor,atk-0187,Supply,ReadAll,IrrigationControl,West,DENY,CERT_REVOKED,True
2025-09-06T23:07:01Z,SA-0006610,supply_write_sensor,atk-0282,Supply,ReadAudit,IrrigationControl,West,DENY,IDS_BLOCKED,True
2025-09-07T00:38:09Z,SA-0006611,supply_write_sensor,atk-0335,Supply,ControlZone,RoleAssignment,South,DENY,POLICY_VIOLATION,True
2025-09-07T02:26:14Z,SA-0006612,supply_write_sensor,atk-0295,Supply,ReadAll,AuditLog,North,DENY,CERT_REVOKED,True
2025-09-07T02:39:59Z,SA-0006613,supply_write_sensor,atk-0433,Supply,ReadAudit,AuditLog,North,DENY,ROLE_INSUFFICIENT,True
2025-09-07T03:39:46Z,SA-0006614,supply_write_sensor,atk-0162,Supply,ReadAll,IrrigationControl,South,DENY,CERT_REVOKED,True
2025-09-07T03:59:18Z,SA-0006615,supply_write_sensor,atk-0126,Supply,ControlZone,AuditLog,West,DENY,ROLE_INSUFFICIENT,True
2025-09-07T04:24:21Z,SA-0006616,supply_write_sensor,atk-0272,Supply,WriteSensor,SensorData,West,DENY,CERT_REVOKED,True
2025-09-07T05:57:23Z,SA-0006617,supply_write_sensor,atk-0360,Supply,ManageRoles,RoleAssignment,North,DENY,IDS_BLOCKED,True
2025-09-07T07:19:46Z,SA-0006618,supply_write_sensor,atk-0368,Supply,ReadAudit,AuditLog,South,DENY,IDS_BLOCKED,True
2025-09-07T09:30:37Z,SA-0006619,supply_write_sensor,atk-0095,Supply,WriteSensor,SensorData,West,DENY,IDS_BLOCKED,True
2025-09-07T09:44:11Z,SA-0006620,supply_write_sensor,atk-0207,Supply,WriteSensor,IrrigationControl,South,DENY,POLICY_VIOLATION,True
2025-09-07T12:36:07Z,SA-0006621,supply_write_sensor,atk-0375,Supply,ReadAudit,RoleAssignment,West,DENY,OP_NOT_PERMITTED,True
2025-09-07T12:38:26Z,SA-0006622,supply_write_sensor,atk-0398,Supply,WriteSensor,AuditLog,South,DENY,IDS_BLOCKED,True
2025-09-07T13:16:37Z,SA-0006623,supply_write_sensor,atk-0286,Supply,ControlZone,AuditLog,East,DENY,OP_NOT_PERMITTED,True
2025-09-07T13:37:20Z,SA-0006624,supply_write_sensor,atk-0025,Supply,ControlZone,RoleAssignment,North,DENY,ROLE_INSUFFICIENT,True
2025-09-07T13:55:45Z,SA-0006625,supply_write_sensor,atk-0225,Supply,ControlZone,RoleAssignment,South,DENY,CERT_REVOKED,True
2025-09-07T14:05:25Z,SA-0006626,supply_write_sensor,atk-0098,Supply,ControlZone,SensorData,North,DENY,CERT_REVOKED,True
2025-09-07T16:03:04Z,SA-0006627,supply_write_sensor,atk-0274,Supply,WriteSensor,AuditLog,North,DENY,IDS_BLOCKED,True
2025-09-07T16:20:22Z,SA-0006628,supply_write_sensor,atk-0475,Supply,WriteSensor,AuditLog,South,DENY,ZONE_MISMATCH,True
2025-09-07T17:03:13Z,SA-0006629,supply_write_sensor,atk-0468,Supply,ReadAll,AuditLog,West,DENY,OP_NOT_PERMITTED,True
2025-09-07T19:57:22Z,SA-0006630,supply_write_sensor,atk-0357,Supply,WriteSensor,RoleAssignment,West,DENY,POLICY_VIOLATION,True
2025-09-07T20:43:55Z,SA-0006631,supply_write_sensor,atk-0333,Supply,ManageRoles,SensorData,North,DENY,OP_NOT_PERMITTED,True
2025-09-07T21:33:17Z,SA-0006632,supply_write_sensor,atk-0480,Supply,ReadAudit,AuditLog,South,DENY,CERT_REVOKED,True
2025-09-07T21:39:53Z,SA-0006633,supply_write_sensor,atk-0443,Supply,ReadAll,SensorData,North,DENY,OP_NOT_PERMITTED,True
2025-09-08T00:20:26Z,SA-0006634,supply_write_sensor,atk-0110,Supply,ReadAudit,RoleAssignment,South,DENY,OP_NOT_PERMITTED,True
2025-09-08T04:09:50Z,SA-0006635,supply_write_sensor,atk-0325,Supply,ManageRoles,SensorData,West,DENY,OP_NOT_PERMITTED,True
2025-09-08T04:11:33Z,SA-0006636,supply_write_sensor,atk-0194,Supply,WriteSensor,SensorData,West,DENY,POLICY_VIOLATION,True
2025-09-08T07:40:08Z,SA-0006637,supply_write_sensor,atk-0161,Supply,ManageRoles,RoleAssignment,South,DENY,CERT_REVOKED,True
2025-09-08T09:33:15Z,SA-0006638,supply_write_sensor,atk-0071,Supply,ManageRoles,RoleAssignment,West,DENY,IDS_BLOCKED,True
2025-09-08T10:40:18Z,SA-0006639,supply_write_sensor,atk-0321,Supply,ReadAll,RoleAssignment,East,DENY,CERT_REVOKED,True
2025-09-08T11:56:32Z,SA-0006640,supply_write_sensor,atk-0095,Supply,WriteSensor,AuditLog,East,DENY,IDS_BLOCKED,True
2025-09-08T13:41:53Z,SA-0006641,supply_write_sensor,atk-0234,Supply,ControlZone,IrrigationControl,North,DENY,IDS_BLOCKED,True
2025-09-08T13:45:41Z,SA-0006642,supply_write_sensor,atk-0349,Supply,ControlZone,RoleAssignment,North,DENY,CERT_REVOKED,True
2025-09-08T16:22:00Z,SA-0006643,supply_write_sensor,atk-0205,Supply,ManageRoles,AuditLog,East,DENY,CERT_REVOKED,True
2025-09-08T17:43:06Z,SA-0006644,supply_write_sensor,atk-0336,Supply,ReadAll,RoleAssignment,West,DENY,POLICY_VIOLATION,True
2025-09-08T19:35:09Z,SA-0006645,supply_write_sensor,atk-0098,Supply,ReadAll,SensorData,East,DENY,CERT_REVOKED,True
2025-09-08T22:45:52Z,SA-0006646,supply_write_sensor,atk-0035,Supply,WriteSensor,AuditLog,East,DENY,OP_NOT_PERMITTED,True
2025-09-09T01:01:49Z,SA-0006647,supply_write_sensor,atk-0366,Supply,ReadAudit,AuditLog,East,DENY,OP_NOT_PERMITTED,True
2025-09-09T02:45:35Z,SA-0006648,supply_write_sensor,atk-0383,Supply,ManageRoles,RoleAssignment,South,DENY,OP_NOT_PERMITTED,True
2025-09-09T03:40:31Z,SA-0006649,supply_write_sensor,atk-0361,Supply,ManageRoles,SensorData,North,DENY,IDS_BLOCKED,True
2025-09-09T03:41:45Z,SA-0006650,supply_write_sensor,atk-0195,Supply,ManageRoles,IrrigationControl,North,DENY,POLICY_VIOLATION,True
2025-09-09T03:54:20Z,SA-0006651,supply_write_sensor,atk-0165,Supply,ReadAll,IrrigationControl,South,DENY,IDS_BLOCKED,True
2025-09-09T06:36:36Z,SA-0006652,supply_write_sensor,atk-0380,Supply,ControlZone,SensorData,East,DENY,POLICY_VIOLATION,True
2025-09-09T07:07:42Z,SA-0006653,supply_write_sensor,atk-0357,Supply,ReadAll,SensorData,East,DENY,ROLE_INSUFFICIENT,True
2025-09-09T08:18:40Z,SA-0006654,supply_write_sensor,atk-0233,Supply,ControlZone,AuditLog,North,DENY,IDS_BLOCKED,True
2025-09-09T09:01:48Z,SA-0006655,supply_write_sensor,atk-0422,Supply,ManageRoles,AuditLog,North,DENY,CERT_REVOKED,True
2025-09-09T10:29:15Z,SA-0006656,supply_write_sensor,atk-0368,Supply,ReadAudit,IrrigationControl,South,DENY,CERT_REVOKED,True
2025-09-09T11:15:26Z,SA-0006657,supply_write_sensor,atk-0036,Supply,WriteSensor,SensorData,South,DENY,POLICY_VIOLATION,True
2025-09-09T16:34:51Z,SA-0006658,supply_write_sensor,atk-0212,Supply,ReadAudit,AuditLog,South,DENY,IDS_BLOCKED,True
2025-09-09T18:25:32Z,SA-0006659,supply_write_sensor,atk-0202,Supply,ManageRoles,SensorData,West,DENY,OP_NOT_PERMITTED,True
2025-09-09T22:10:55Z,SA-0006660,supply_write_sensor,atk-0450,Supply,ManageRoles,AuditLog,North,DENY,IDS_BLOCKED,True
2025-09-09T23:09:15Z,SA-0006661,supply_write_sensor,atk-0390,Supply,WriteSensor,AuditLog,West,DENY,ROLE_INSUFFICIENT,True
2025-09-09T23:48:02Z,SA-0006662,supply_write_sensor,atk-0362,Supply,ControlZone,AuditLog,North,DENY,OP_NOT_PERMITTED,True
2025-09-09T23:59:10Z,SA-0006663,supply_write_sensor,atk-0439,Supply,WriteSensor,IrrigationControl,West,DENY,ZONE_MISMATCH,True
2025-09-10T01:19:40Z,SA-0006664,supply_write_sensor,atk-0050,Supply,ControlZone,SensorData,West,DENY,POLICY_VIOLATION,True
2025-09-10T02:10:33Z,SA-0006665,supply_write_sensor,atk-0425,Supply,ControlZone,RoleAssignment,West,DENY,OP_NOT_PERMITTED,True
2025-09-10T06:58:26Z,SA-0006666,supply_write_sensor,atk-0350,Supply,ReadAudit,IrrigationControl,West,DENY,ROLE_INSUFFICIENT,True
2025-09-10T10:17:25Z,SA-0006667,supply_write_sensor,atk-0279,Supply,ControlZone,AuditLog,North,DENY,ZONE_MISMATCH,True
2025-09-10T16:03:56Z,SA-0006668,supply_write_sensor,atk-0140,Supply,ReadAll,RoleAssignment,South,DENY,CERT_REVOKED,True
2025-09-10T16:36:12Z,SA-0006669,supply_write_sensor,atk-0041,Supply,ManageRoles,SensorData,North,DENY,CERT_REVOKED,True
2025-09-10T18:59:27Z,SA-0006670,supply_write_sensor,atk-0460,Supply,ControlZone,AuditLog,South,DENY,IDS_BLOCKED,True
2025-09-10T20:29:13Z,SA-0006671,supply_write_sensor,atk-0425,Supply,ReadAudit,RoleAssignment,North,DENY,POLICY_VIOLATION,True
2025-09-10T20:58:41Z,SA-0006672,supply_write_sensor,atk-0261,Supply,ControlZone,IrrigationControl,East,DENY,IDS_BLOCKED,True
2025-09-10T22:03:15Z,SA-0006673,supply_write_sensor,atk-0110,Supply,ReadAll,RoleAssignment,East,DENY,CERT_REVOKED,True
2025-09-10T22:19:39Z,SA-0006674,supply_write_sensor,atk-0310,Supply,ReadAll,SensorData,West,DENY,POLICY_VIOLATION,True
2025-09-10T22:20:17Z,SA-0006675,supply_write_sensor,atk-0207,Supply,ManageRoles,SensorData,West,DENY,ROLE_INSUFFICIENT,True
2025-09-10T23:20:02Z,SA-0006676,supply_write_sensor,atk-0311,Supply,ManageRoles,RoleAssignment,East,DENY,ZONE_MISMATCH,True
2025-09-10T23:59:55Z,SA-0006677,supply_write_sensor,atk-0089,Supply,WriteSensor,AuditLog,East,DENY,POLICY_VIOLATION,True
2025-09-11T01:07:10Z,SA-0006678,supply_write_sensor,atk-0039,Supply,ReadAudit,SensorData,West,DENY,IDS_BLOCKED,True
2025-09-11T01:29:49Z,SA-0006679,supply_write_sensor,atk-0348,Supply,ReadAudit,IrrigationControl,West,DENY,POLICY_VIOLATION,True
2025-09-11T04:00:04Z,SA-0006680,supply_write_sensor,atk-0303,Supply,ControlZone,SensorData,South,DENY,CERT_REVOKED,True
2025-09-11T05:56:29Z,SA-0006681,supply_write_sensor,atk-0035,Supply,ReadAll,RoleAssignment,West,DENY,OP_NOT_PERMITTED,True
2025-09-11T06:19:09Z,SA-0006682,supply_write_sensor,atk-0277,Supply,ReadAll,RoleAssignment,East,DENY,IDS_BLOCKED,True
2025-09-11T07:10:03Z,SA-0006683,supply_write_sensor,atk-0452,Supply,ManageRoles,IrrigationControl,North,DENY,ROLE_INSUFFICIENT,True
2025-09-11T08:32:41Z,SA-0006684,supply_write_sensor,atk-0360,Supply,ControlZone,SensorData,North,DENY,IDS_BLOCKED,True
2025-09-11T09:53:54Z,SA-0006685,supply_write_sensor,atk-0110,Supply,ReadAudit,SensorData,West,DENY,POLICY_VIOLATION,True
2025-09-11T11:33:24Z,SA-0006686,supply_write_sensor,atk-0268,Supply,ReadAudit,RoleAssignment,South,DENY,CERT_REVOKED,True
2025-09-11T12:30:52Z,SA-0006687,supply_write_sensor,atk-0056,Supply,ReadAudit,RoleAssignment,West,DENY,OP_NOT_PERMITTED,True
2025-09-11T12:40:00Z,SA-0006688,supply_write_sensor,atk-0049,Supply,WriteSensor,RoleAssignment,South,DENY,ZONE_MISMATCH,True
2025-09-11T13:39:31Z,SA-0006689,supply_write_sensor,atk-0006,Supply,WriteSensor,AuditLog,West,DENY,ROLE_INSUFFICIENT,True
2025-09-11T14:34:34Z,SA-0006690,supply_write_sensor,atk-0003,Supply,ReadAudit,SensorData,West,DENY,ROLE_INSUFFICIENT,True
2025-09-11T14:58:41Z,SA-0006691,supply_write_sensor,atk-0334,Supply,ManageRoles,SensorData,North,DENY,IDS_BLOCKED,True
2025-09-11T17:58:01Z,SA-0006692,supply_write_sensor,atk-0488,Supply,ControlZone,AuditLog,West,DENY,IDS_BLOCKED,True
2025-09-11T18:38:02Z,SA-0006693,supply_write_sensor,atk-0303,Supply,ControlZone,RoleAssignment,West,DENY,CERT_REVOKED,True
2025-09-11T18:55:56Z,SA-0006694,supply_write_sensor,atk-0446,Supply,WriteSensor,SensorData,East,DENY,OP_NOT_PERMITTED,True
2025-09-11T19:15:40Z,SA-0006695,supply_write_sensor,atk-0466,Supply,ReadAudit,AuditLog,East,DENY,OP_NOT_PERMITTED,True
2025-09-11T22:41:01Z,SA-0006696,supply_write_sensor,atk-0480,Supply,ReadAll,SensorData,West,DENY,CERT_REVOKED,True
2025-09-11T23:06:20Z,SA-0006697,supply_write_sensor,atk-0246,Supply,ReadAudit,AuditLog,East,DENY,IDS_BLOCKED,True
2025-09-11T23:20:39Z,SA-0006698,supply_write_sensor,atk-0350,Supply,ReadAudit,AuditLog,West,DENY,POLICY_VIOLATION,True
2025-09-11T23:31:40Z,SA-0006699,supply_write_sensor,atk-0259,Supply,ReadAudit,RoleAssignment,South,DENY,POLICY_VIOLATION,True
2025-09-12T01:24:39Z,SA-0006700,supply_write_sensor,atk-0055,Supply,WriteSensor,RoleAssignment,South,DENY,CERT_REVOKED,True
2025-09-12T04:29:39Z,SA-0006701,supply_write_sensor,atk-0392,Supply,WriteSensor,AuditLog,North,DENY,OP_NOT_PERMITTED,True
2025-09-12T05:22:38Z,SA-0006702,supply_write_sensor,atk-0322,Supply,ReadAll,AuditLog,North,DENY,ROLE_INSUFFICIENT,True
2025-09-12T06:48:48Z,SA-0006703,supply_write_sensor,atk-0121,Supply,ManageRoles,SensorData,South,DENY,ZONE_MISMATCH,True
2025-09-12T07:49:25Z,SA-0006704,supply_write_sensor,atk-0387,Supply,ReadAll,IrrigationControl,North,DENY,CERT_REVOKED,True
2025-09-12T10:36:54Z,SA-0006705,supply_write_sensor,atk-0466,Supply,WriteSensor,SensorData,East,DENY,CERT_REVOKED,True
2025-09-12T12:54:59Z,SA-0006706,supply_write_sensor,atk-0184,Supply,ManageRoles,RoleAssignment,East,DENY,POLICY_VIOLATION,True
2025-09-12T13:01:37Z,SA-0006707,supply_write_sensor,atk-0056,Supply,ReadAll,RoleAssignment,South,DENY,POLICY_VIOLATION,True
2025-09-12T13:37:24Z,SA-0006708,supply_write_sensor,atk-0495,Supply,ReadAll,SensorData,East,DENY,OP_NOT_PERMITTED,True
2025-09-12T13:39:49Z,SA-0006709,supply_write_sensor,atk-0231,Supply,ReadAudit,SensorData,East,DENY,POLICY_VIOLATION,True
2025-09-12T15:36:21Z,SA-0006710,supply_write_sensor,atk-0386,Supply,ControlZone,RoleAssignment,North,DENY,IDS_BLOCKED,True
2025-09-12T17:12:59Z,SA-0006711,supply_write_sensor,atk-0433,Supply,ManageRoles,AuditLog,North,DENY,POLICY_VIOLATION,True
2025-09-12T19:48:24Z,SA-0006712,supply_write_sensor,atk-0248,Supply,ManageRoles,SensorData,North,DENY,IDS_BLOCKED,True
2025-09-12T20:06:25Z,SA-0006713,supply_write_sensor,atk-0044,Supply,ManageRoles,RoleAssignment,East,DENY,ZONE_MISMATCH,True
2025-09-12T21:29:26Z,SA-0006714,supply_write_sensor,atk-0136,Supply,WriteSensor,AuditLog,South,DENY,ROLE_INSUFFICIENT,True
2025-09-12T21:39:50Z,SA-0006715,supply_write_sensor,atk-0289,Supply,ManageRoles,SensorData,South,DENY,POLICY_VIOLATION,True
2025-09-12T22:33:12Z,SA-0006716,supply_write_sensor,atk-0142,Supply,ManageRoles,AuditLog,North,DENY,POLICY_VIOLATION,True
2025-09-12T23:06:16Z,SA-0006717,supply_write_sensor,atk-0295,Supply,ReadAudit,IrrigationControl,West,DENY,POLICY_VIOLATION,True
2025-09-13T06:07:10Z,SA-0006718,supply_write_sensor,atk-0161,Supply,ManageRoles,IrrigationControl,South,DENY,POLICY_VIOLATION,True
2025-09-13T06:39:07Z,SA-0006719,supply_write_sensor,atk-0235,Supply,ReadAll,IrrigationControl,South,DENY,CERT_REVOKED,True
2025-09-13T06:50:00Z,SA-0006720,supply_write_sensor,atk-0074,Supply,ReadAll,RoleAssignment,North,DENY,CERT_REVOKED,True
2025-09-13T07:44:54Z,SA-0006721,supply_write_sensor,atk-0281,Supply,ReadAudit,SensorData,North,DENY,ROLE_INSUFFICIENT,True
2025-09-13T08:03:25Z,SA-0006722,supply_write_sensor,atk-0452,Supply,ManageRoles,AuditLog,East,DENY,CERT_REVOKED,True
2025-09-13T09:14:30Z,SA-0006723,supply_write_sensor,atk-0121,Supply,WriteSensor,RoleAssignment,East,DENY,OP_NOT_PERMITTED,True
2025-09-13T10:02:30Z,SA-0006724,supply_write_sensor,atk-0214,Supply,ManageRoles,IrrigationControl,North,DENY,ROLE_INSUFFICIENT,True
2025-09-13T12:33:02Z,SA-0006725,supply_write_sensor,atk-0060,Supply,WriteSensor,RoleAssignment,West,DENY,CERT_REVOKED,True
2025-09-13T17:30:13Z,SA-0006726,supply_write_sensor,atk-0393,Supply,ManageRoles,SensorData,West,DENY,CERT_REVOKED,True
2025-09-13T20:23:23Z,SA-0006727,supply_write_sensor,atk-0061,Supply,ReadAudit,IrrigationControl,West,DENY,ROLE_INSUFFICIENT,True
2025-09-13T21:58:44Z,SA-0006728,supply_write_sensor,atk-0463,Supply,WriteSensor,SensorData,South,DENY,CERT_REVOKED,True
2025-09-14T00:39:08Z,SA-0006729,supply_write_sensor,atk-0050,Supply,ControlZone,RoleAssignment,South,DENY,IDS_BLOCKED,True
2025-09-14T01:16:05Z,SA-0006730,supply_write_sensor,atk-0346,Supply,ReadAudit,RoleAssignment,East,DENY,ZONE_MISMATCH,True
2025-09-14T03:03:35Z,SA-0006731,supply_write_sensor,atk-0238,Supply,ManageRoles,AuditLog,East,DENY,POLICY_VIOLATION,True
2025-09-14T03:52:46Z,SA-0006732,supply_write_sensor,atk-0381,Supply,ControlZone,SensorData,West,DENY,IDS_BLOCKED,True
2025-09-14T06:04:42Z,SA-0006733,supply_write_sensor,atk-0103,Supply,WriteSensor,RoleAssignment,North,DENY,ROLE_INSUFFICIENT,True
2025-09-14T08:09:19Z,SA-0006734,supply_write_sensor,atk-0409,Supply,ManageRoles,SensorData,North,DENY,IDS_BLOCKED,True
2025-09-14T09:20:52Z,SA-0006735,supply_write_sensor,atk-0052,Supply,ControlZone,AuditLog,West,DENY,OP_NOT_PERMITTED,True
2025-09-14T11:24:42Z,SA-0006736,supply_write_sensor,atk-0383,Supply,ReadAll,RoleAssignment,East,DENY,OP_NOT_PERMITTED,True
2025-09-14T15:23:49Z,SA-0006737,supply_write_sensor,atk-0446,Supply,ControlZone,AuditLog,South,DENY,ROLE_INSUFFICIENT,True
2025-09-14T17:52:56Z,SA-0006738,supply_write_sensor,atk-0482,Supply,ControlZone,RoleAssignment,North,DENY,OP_NOT_PERMITTED,True
2025-09-14T18:32:01Z,SA-0006739,supply_write_sensor,atk-0379,Supply,ControlZone,IrrigationControl,South,DENY,ROLE_INSUFFICIENT,True
2025-09-14T18:59:09Z,SA-0006740,supply_write_sensor,atk-0085,Supply,ControlZone,IrrigationControl,South,DENY,ROLE_INSUFFICIENT,True
2025-09-14T19:26:32Z,SA-0006741,supply_write_sensor,atk-0432,Supply,ManageRoles,RoleAssignment,South,DENY,CERT_REVOKED,True
2025-09-14T20:16:02Z,SA-0006742,supply_write_sensor,atk-0493,Supply,WriteSensor,RoleAssignment,West,DENY,ROLE_INSUFFICIENT,True
2025-09-15T06:47:16Z,SA-0006743,supply_write_sensor,atk-0296,Supply,ManageRoles,IrrigationControl,South,DENY,IDS_BLOCKED,True
2025-09-15T06:55:10Z,SA-0006744,supply_write_sensor,atk-0239,Supply,ReadAll,IrrigationControl,North,DENY,ROLE_INSUFFICIENT,True
2025-09-15T08:20:19Z,SA-0006745,supply_write_sensor,atk-0109,Supply,ManageRoles,IrrigationControl,North,DENY,POLICY_VIOLATION,True
2025-09-15T08:57:31Z,SA-0006746,supply_write_sensor,atk-0035,Supply,ManageRoles,RoleAssignment,South,DENY,IDS_BLOCKED,True
2025-09-15T09:06:14Z,SA-0006747,supply_write_sensor,atk-0400,Supply,ManageRoles,RoleAssignment,North,DENY,OP_NOT_PERMITTED,True
2025-09-15T09:20:10Z,SA-0006748,supply_write_sensor,atk-0055,Supply,ReadAll,AuditLog,East,DENY,ROLE_INSUFFICIENT,True
2025-09-15T10:40:19Z,SA-0006749,supply_write_sensor,atk-0198,Supply,ControlZone,RoleAssignment,West,DENY,ZONE_MISMATCH,True
2025-09-15T10:58:15Z,SA-0006750,supply_write_sensor,atk-0104,Supply,ReadAll,SensorData,North,DENY,CERT_REVOKED,True
2025-09-15T11:32:11Z,SA-0006751,supply_write_sensor,atk-0038,Supply,ManageRoles,SensorData,West,DENY,IDS_BLOCKED,True
2025-09-15T13:33:35Z,SA-0006752,supply_write_sensor,atk-0145,Supply,ControlZone,RoleAssignment,North,DENY,ZONE_MISMATCH,True
2025-09-15T15:18:53Z,SA-0006753,supply_write_sensor,atk-0242,Supply,ManageRoles,RoleAssignment,East,DENY,POLICY_VIOLATION,True
2025-09-15T17:10:41Z,SA-0006754,supply_write_sensor,atk-0075,Supply,ReadAudit,IrrigationControl,North,DENY,OP_NOT_PERMITTED,True
2025-09-15T19:10:21Z,SA-0006755,supply_write_sensor,atk-0057,Supply,ControlZone,AuditLog,West,DENY,IDS_BLOCKED,True
2025-09-15T20:03:24Z,SA-0006756,supply_write_sensor,atk-0244,Supply,ReadAll,AuditLog,East,DENY,ROLE_INSUFFICIENT,True
2025-09-15T22:29:04Z,SA-0006757,supply_write_sensor,atk-0077,Supply,ReadAll,AuditLog,West,DENY,IDS_BLOCKED,True
2025-09-15T23:08:29Z,SA-0006758,supply_write_sensor,atk-0054,Supply,ControlZone,IrrigationControl,South,DENY,POLICY_VIOLATION,True
2025-09-15T23:33:30Z,SA-0006759,supply_write_sensor,atk-0153,Supply,ReadAudit,AuditLog,South,DENY,ROLE_INSUFFICIENT,True
2025-09-15T23:38:14Z,SA-0006760,supply_write_sensor,atk-0259,Supply,WriteSensor,RoleAssignment,West,DENY,CERT_REVOKED,True
2025-09-15T23:48:04Z,SA-0006761,supply_write_sensor,atk-0219,Supply,ControlZone,RoleAssignment,South,DENY,IDS_BLOCKED,True
2025-09-16T03:29:05Z,SA-0006762,supply_write_sensor,atk-0151,Supply,ManageRoles,AuditLog,East,DENY,ROLE_INSUFFICIENT,True
2025-09-16T04:32:45Z,SA-0006763,supply_write_sensor,atk-0344,Supply,ControlZone,IrrigationControl,East,DENY,ROLE_INSUFFICIENT,True
2025-09-16T04:43:42Z,SA-0006764,supply_write_sensor,atk-0405,Supply,WriteSensor,RoleAssignment,West,DENY,ROLE_INSUFFICIENT,True
2025-09-16T05:17:20Z,SA-0006765,supply_write_sensor,atk-0478,Supply,WriteSensor,SensorData,East,DENY,IDS_BLOCKED,True
2025-09-16T08:15:44Z,SA-0006766,supply_write_sensor,atk-0224,Supply,ManageRoles,IrrigationControl,West,DENY,POLICY_VIOLATION,True
2025-09-16T09:33:07Z,SA-0006767,supply_write_sensor,atk-0099,Supply,ReadAll,SensorData,North,DENY,ROLE_INSUFFICIENT,True
2025-09-16T09:51:32Z,SA-0006768,supply_write_sensor,atk-0011,Supply,ReadAudit,AuditLog,West,DENY,POLICY_VIOLATION,True
2025-09-16T12:33:45Z,SA-0006769,supply_write_sensor,atk-0067,Supply,ReadAll,RoleAssignment,East,DENY,ZONE_MISMATCH,True
2025-09-16T14:05:26Z,SA-0006770,supply_write_sensor,atk-0337,Supply,ControlZone,SensorData,South,DENY,ROLE_INSUFFICIENT,True
2025-09-16T14:07:06Z,SA-0006771,supply_write_sensor,atk-0437,Supply,ReadAudit,RoleAssignment,East,DENY,OP_NOT_PERMITTED,True
2025-09-16T14:39:59Z,SA-0006772,supply_write_sensor,atk-0078,Supply,ManageRoles,RoleAssignment,West,DENY,IDS_BLOCKED,True
2025-09-16T16:36:10Z,SA-0006773,supply_write_sensor,atk-0164,Supply,WriteSensor,SensorData,East,DENY,ROLE_INSUFFICIENT,True
2025-09-16T17:47:28Z,SA-0006774,supply_write_sensor,atk-0287,Supply,WriteSensor,RoleAssignment,North,DENY,ROLE_INSUFFICIENT,True
2025-09-16T19:25:15Z,SA-0006775,supply_write_sensor,atk-0130,Supply,WriteSensor,IrrigationControl,West,DENY,CERT_REVOKED,True
2025-09-16T20:19:22Z,SA-0006776,supply_write_sensor,atk-0404,Supply,WriteSensor,AuditLog,North,DENY,ROLE_INSUFFICIENT,True
2025-09-16T22:59:29Z,SA-0006777,supply_write_sensor,atk-0315,Supply,ReadAll,AuditLog,East,DENY,CERT_REVOKED,True
2025-09-16T23:12:48Z,SA-0006778,supply_write_sensor,atk-0404,Supply,ReadAudit,IrrigationControl,West,DENY,ROLE_INSUFFICIENT,True
2025-09-16T23:21:39Z,SA-0006779,supply_write_sensor,atk-0281,Supply,ManageRoles,AuditLog,West,DENY,POLICY_VIOLATION,True
2025-09-17T00:05:51Z,SA-0006780,supply_write_sensor,atk-0344,Supply,ManageRoles,SensorData,South,DENY,POLICY_VIOLATION,True
2025-09-17T01:21:56Z,SA-0006781,supply_write_sensor,atk-0299,Supply,ReadAll,AuditLog,West,DENY,POLICY_VIOLATION,True
2025-09-17T01:56:56Z,SA-0006782,supply_write_sensor,atk-0311,Supply,WriteSensor,AuditLog,East,DENY,ROLE_INSUFFICIENT,True
2025-09-17T03:29:15Z,SA-0006783,supply_write_sensor,atk-0266,Supply,WriteSensor,RoleAssignment,East,DENY,ZONE_MISMATCH,True
2025-09-17T05:05:01Z,SA-0006784,supply_write_sensor,atk-0107,Supply,ManageRoles,IrrigationControl,East,DENY,ZONE_MISMATCH,True
2025-09-17T07:04:22Z,SA-0006785,supply_write_sensor,atk-0446,Supply,ReadAll,SensorData,East,DENY,POLICY_VIOLATION,True
2025-09-17T07:10:22Z,SA-0006786,supply_write_sensor,atk-0262,Supply,ReadAudit,AuditLog,East,DENY,CERT_REVOKED,True
2025-09-17T08:37:14Z,SA-0006787,supply_write_sensor,atk-0129,Supply,ReadAll,AuditLog,West,DENY,CERT_REVOKED,True
2025-09-17T10:29:05Z,SA-0006788,supply_write_sensor,atk-0204,Supply,ReadAudit,SensorData,North,DENY,ZONE_MISMATCH,True
2025-09-17T16:04:17Z,SA-0006789,supply_write_sensor,atk-0050,Supply,ReadAudit,AuditLog,South,DENY,OP_NOT_PERMITTED,True
2025-09-17T19:57:26Z,SA-0006790,supply_write_sensor,atk-0117,Supply,ReadAudit,RoleAssignment,West,DENY,IDS_BLOCKED,True
2025-09-17T20:35:15Z,SA-0006791,supply_write_sensor,atk-0418,Supply,ReadAll,IrrigationControl,South,DENY,IDS_BLOCKED,True
2025-09-17T20:38:24Z,SA-0006792,supply_write_sensor,atk-0135,Supply,ReadAudit,SensorData,East,DENY,OP_NOT_PERMITTED,True
2025-09-17T22:03:52Z,SA-0006793,supply_write_sensor,atk-0495,Supply,ReadAudit,SensorData,South,DENY,ZONE_MISMATCH,True
2025-09-18T03:33:30Z,SA-0006794,supply_write_sensor,atk-0001,Supply,ControlZone,SensorData,North,DENY,ROLE_INSUFFICIENT,True
2025-09-18T06:01:16Z,SA-0006795,supply_write_sensor,atk-0448,Supply,ReadAudit,IrrigationControl,West,DENY,ROLE_INSUFFICIENT,True
2025-09-18T06:03:17Z,SA-0006796,supply_write_sensor,atk-0366,Supply,ReadAudit,RoleAssignment,East,DENY,IDS_BLOCKED,True
2025-09-18T06:31:09Z,SA-0006797,supply_write_sensor,atk-0058,Supply,ManageRoles,RoleAssignment,West,DENY,ROLE_INSUFFICIENT,True
2025-09-18T08:46:03Z,SA-0006798,supply_write_sensor,atk-0118,Supply,ReadAudit,AuditLog,North,DENY,ROLE_INSUFFICIENT,True
2025-09-18T09:27:08Z,SA-0006799,supply_write_sensor,atk-0332,Supply,ReadAudit,SensorData,South,DENY,OP_NOT_PERMITTED,True
2025-09-18T10:33:45Z,SA-0006800,supply_write_sensor,atk-0039,Supply,ManageRoles,RoleAssignment,North,DENY,ZONE_MISMATCH,True
2025-09-18T11:33:12Z,SA-0006801,supply_write_sensor,atk-0287,Supply,ReadAll,IrrigationControl,East,DENY,CERT_REVOKED,True
2025-09-18T11:54:59Z,SA-0006802,supply_write_sensor,atk-0298,Supply,ReadAudit,AuditLog,East,DENY,ZONE_MISMATCH,True
2025-09-18T12:46:33Z,SA-0006803,supply_write_sensor,atk-0496,Supply,ControlZone,RoleAssignment,East,DENY,OP_NOT_PERMITTED,True
2025-09-18T17:05:53Z,SA-0006804,supply_write_sensor,atk-0144,Supply,WriteSensor,IrrigationControl,East,DENY,IDS_BLOCKED,True
2025-09-18T18:17:28Z,SA-0006805,supply_write_sensor,atk-0104,Supply,ReadAll,AuditLog,North,DENY,ROLE_INSUFFICIENT,True
2025-09-18T19:54:35Z,SA-0006806,supply_write_sensor,atk-0473,Supply,ReadAll,AuditLog,North,DENY,POLICY_VIOLATION,True
2025-09-19T01:34:23Z,SA-0006807,supply_write_sensor,atk-0306,Supply,ReadAudit,SensorData,North,DENY,POLICY_VIOLATION,True
2025-09-19T06:31:47Z,SA-0006808,supply_write_sensor,atk-0357,Supply,ReadAll,IrrigationControl,East,DENY,ROLE_INSUFFICIENT,True
2025-09-19T07:08:32Z,SA-0006809,supply_write_sensor,atk-0001,Supply,ControlZone,SensorData,East,DENY,ZONE_MISMATCH,True
2025-09-19T09:37:48Z,SA-0006810,supply_write_sensor,atk-0350,Supply,ReadAudit,SensorData,South,DENY,CERT_REVOKED,True
2025-09-19T11:00:59Z,SA-0006811,supply_write_sensor,atk-0093,Supply,WriteSensor,AuditLog,North,DENY,IDS_BLOCKED,True
2025-09-19T13:54:52Z,SA-0006812,supply_write_sensor,atk-0232,Supply,ReadAudit,RoleAssignment,West,DENY,IDS_BLOCKED,True
2025-09-19T14:29:41Z,SA-0006813,supply_write_sensor,atk-0397,Supply,ReadAll,IrrigationControl,South,DENY,CERT_REVOKED,True
2025-09-19T14:47:44Z,SA-0006814,supply_write_sensor,atk-0245,Supply,ReadAll,RoleAssignment,East,DENY,ROLE_INSUFFICIENT,True
2025-09-19T20:50:29Z,SA-0006815,supply_write_sensor,atk-0080,Supply,ControlZone,SensorData,West,DENY,ZONE_MISMATCH,True
2025-09-19T21:40:34Z,SA-0006816,supply_write_sensor,atk-0066,Supply,WriteSensor,AuditLog,North,DENY,OP_NOT_PERMITTED,True
2025-09-19T22:09:18Z,SA-0006817,supply_write_sensor,atk-0276,Supply,WriteSensor,RoleAssignment,South,DENY,OP_NOT_PERMITTED,True
2025-09-19T22:09:38Z,SA-0006818,supply_write_sensor,atk-0411,Supply,ReadAudit,SensorData,South,DENY,ROLE_INSUFFICIENT,True
2025-09-19T23:11:53Z,SA-0006819,supply_write_sensor,atk-0168,Supply,ManageRoles,RoleAssignment,East,DENY,CERT_REVOKED,True
2025-09-20T00:36:13Z,SA-0006820,supply_write_sensor,atk-0150,Supply,ReadAudit,SensorData,East,DENY,CERT_REVOKED,True
2025-09-20T04:13:26Z,SA-0006821,supply_write_sensor,atk-0450,Supply,ManageRoles,RoleAssignment,South,DENY,ZONE_MISMATCH,True
2025-09-20T04:50:41Z,SA-0006822,supply_write_sensor,atk-0315,Supply,ReadAudit,RoleAssignment,West,DENY,POLICY_VIOLATION,True
2025-09-20T05:02:29Z,SA-0006823,supply_write_sensor,atk-0137,Supply,ReadAudit,IrrigationControl,West,DENY,OP_NOT_PERMITTED,True
2025-09-20T05:09:50Z,SA-0006824,supply_write_sensor,atk-0312,Supply,ReadAudit,SensorData,South,DENY,CERT_REVOKED,True
2025-09-20T08:03:19Z,SA-0006825,supply_write_sensor,atk-0238,Supply,ReadAudit,AuditLog,South,DENY,CERT_REVOKED,True
2025-09-20T09:19:39Z,SA-0006826,supply_write_sensor,atk-0132,Supply,ManageRoles,RoleAssignment,North,DENY,CERT_REVOKED,True
2025-09-20T10:24:07Z,SA-0006827,supply_write_sensor,atk-0394,Supply,ControlZone,SensorData,North,DENY,CERT_REVOKED,True
2025-09-20T12:12:15Z,SA-0006828,supply_write_sensor,atk-0224,Supply,ControlZone,SensorData,South,DENY,ZONE_MISMATCH,True
2025-09-20T14:11:34Z,SA-0006829,supply_write_sensor,atk-0134,Supply,WriteSensor,AuditLog,West,DENY,ROLE_INSUFFICIENT,True
2025-09-20T14:53:34Z,SA-0006830,supply_write_sensor,atk-0256,Supply,WriteSensor,AuditLog,East,DENY,ZONE_MISMATCH,True
2025-09-20T16:57:18Z,SA-0006831,supply_write_sensor,atk-0004,Supply,ControlZone,AuditLog,West,DENY,OP_NOT_PERMITTED,True
2025-09-20T19:09:02Z,SA-0006832,supply_write_sensor,atk-0136,Supply,ManageRoles,IrrigationControl,North,DENY,POLICY_VIOLATION,True
2025-09-20T23:46:42Z,SA-0006833,supply_write_sensor,atk-0197,Supply,ReadAudit,RoleAssignment,North,DENY,CERT_REVOKED,True
2025-09-21T03:18:25Z,SA-0006834,supply_write_sensor,atk-0396,Supply,ControlZone,RoleAssignment,South,DENY,OP_NOT_PERMITTED,True
2025-09-21T05:13:56Z,SA-0006835,supply_write_sensor,atk-0289,Supply,ManageRoles,SensorData,East,DENY,IDS_BLOCKED,True
2025-09-21T06:05:05Z,SA-0006836,supply_write_sensor,atk-0325,Supply,ReadAudit,IrrigationControl,North,DENY,CERT_REVOKED,True
2025-09-21T08:24:23Z,SA-0006837,supply_write_sensor,atk-0421,Supply,WriteSensor,RoleAssignment,West,DENY,ZONE_MISMATCH,True
2025-09-21T11:26:34Z,SA-0006838,supply_write_sensor,atk-0430,Supply,ControlZone,IrrigationControl,East,DENY,POLICY_VIOLATION,True
2025-09-21T11:47:09Z,SA-0006839,supply_write_sensor,atk-0024,Supply,ManageRoles,SensorData,East,DENY,ZONE_MISMATCH,True
2025-09-21T12:06:23Z,SA-0006840,supply_write_sensor,atk-0436,Supply,ManageRoles,AuditLog,West,DENY,CERT_REVOKED,True
2025-09-21T14:26:08Z,SA-0006841,supply_write_sensor,atk-0421,Supply,ReadAll,IrrigationControl,South,DENY,CERT_REVOKED,True
2025-09-21T16:05:53Z,SA-0006842,supply_write_sensor,atk-0167,Supply,ControlZone,AuditLog,West,DENY,CERT_REVOKED,True
2025-09-21T20:17:12Z,SA-0006843,supply_write_sensor,atk-0411,Supply,ReadAll,IrrigationControl,South,DENY,OP_NOT_PERMITTED,True
2025-09-21T20:28:09Z,SA-0006844,supply_write_sensor,atk-0120,Supply,ManageRoles,AuditLog,East,DENY,OP_NOT_PERMITTED,True
2025-09-22T00:56:36Z,SA-0006845,supply_write_sensor,atk-0125,Supply,WriteSensor,SensorData,West,DENY,OP_NOT_PERMITTED,True
2025-09-22T01:10:08Z,SA-0006846,supply_write_sensor,atk-0219,Supply,ReadAudit,IrrigationControl,East,DENY,ROLE_INSUFFICIENT,True
2025-09-22T02:01:27Z,SA-0006847,supply_write_sensor,atk-0112,Supply,WriteSensor,SensorData,East,DENY,ZONE_MISMATCH,True
2025-09-22T05:53:08Z,SA-0006848,supply_write_sensor,atk-0141,Supply,ManageRoles,AuditLog,West,DENY,IDS_BLOCKED,True
2025-09-22T06:47:46Z,SA-0006849,supply_write_sensor,atk-0102,Supply,ReadAll,SensorData,North,DENY,OP_NOT_PERMITTED,True
2025-09-22T11:01:46Z,SA-0006850,supply_write_sensor,atk-0069,Supply,ManageRoles,SensorData,South,DENY,OP_NOT_PERMITTED,True
2025-09-22T13:04:37Z,SA-0006851,supply_write_sensor,atk-0318,Supply,ControlZone,RoleAssignment,South,DENY,CERT_REVOKED,True
2025-09-22T13:33:27Z,SA-0006852,supply_write_sensor,atk-0038,Supply,ManageRoles,AuditLog,East,DENY,POLICY_VIOLATION,True
2025-09-22T13:42:00Z,SA-0006853,supply_write_sensor,atk-0228,Supply,WriteSensor,AuditLog,North,DENY,ROLE_INSUFFICIENT,True
2025-09-22T18:23:53Z,SA-0006854,supply_write_sensor,atk-0142,Supply,ReadAudit,AuditLog,East,DENY,OP_NOT_PERMITTED,True
2025-09-22T20:38:24Z,SA-0006855,supply_write_sensor,atk-0442,Supply,ReadAudit,IrrigationControl,East,DENY,POLICY_VIOLATION,True
2025-09-22T20:39:45Z,SA-0006856,supply_write_sensor,atk-0331,Supply,WriteSensor,IrrigationControl,North,DENY,ROLE_INSUFFICIENT,True
2025-09-22T20:46:32Z,SA-0006857,supply_write_sensor,atk-0066,Supply,ReadAll,AuditLog,North,DENY,OP_NOT_PERMITTED,True
2025-09-22T21:27:37Z,SA-0006858,supply_write_sensor,atk-0075,Supply,ReadAll,AuditLog,North,DENY,OP_NOT_PERMITTED,True
2025-09-22T21:57:52Z,SA-0006859,supply_write_sensor,atk-0215,Supply,WriteSensor,IrrigationControl,East,DENY,OP_NOT_PERMITTED,True
2025-09-22T23:08:35Z,SA-0006860,supply_write_sensor,atk-0394,Supply,ManageRoles,SensorData,South,DENY,ZONE_MISMATCH,True
2025-09-23T00:53:07Z,SA-0006861,supply_write_sensor,atk-0152,Supply,ReadAll,RoleAssignment,South,DENY,POLICY_VIOLATION,True
2025-09-23T01:59:42Z,SA-0006862,supply_write_sensor,atk-0209,Supply,WriteSensor,SensorData,South,DENY,IDS_BLOCKED,True
2025-09-23T02:15:16Z,SA-0006863,supply_write_sensor,atk-0421,Supply,ManageRoles,IrrigationControl,West,DENY,ZONE_MISMATCH,True
2025-09-23T02:25:12Z,SA-0006864,supply_write_sensor,atk-0281,Supply,ReadAudit,SensorData,East,DENY,ROLE_INSUFFICIENT,True
2025-09-23T02:25:56Z,SA-0006865,supply_write_sensor,atk-0180,Supply,ControlZone,IrrigationControl,East,DENY,CERT_REVOKED,True
2025-09-23T07:38:04Z,SA-0006866,supply_write_sensor,atk-0183,Supply,ReadAudit,AuditLog,South,DENY,IDS_BLOCKED,True
2025-09-23T08:33:46Z,SA-0006867,supply_write_sensor,atk-0050,Supply,ControlZone,IrrigationControl,East,DENY,OP_NOT_PERMITTED,True
2025-09-23T09:02:59Z,SA-0006868,supply_write_sensor,atk-0477,Supply,ControlZone,AuditLog,West,DENY,CERT_REVOKED,True
2025-09-23T13:11:49Z,SA-0006869,supply_write_sensor,atk-0082,Supply,ReadAll,RoleAssignment,West,DENY,POLICY_VIOLATION,True
2025-09-23T13:13:25Z,SA-0006870,supply_write_sensor,atk-0195,Supply,ReadAll,AuditLog,West,DENY,OP_NOT_PERMITTED,True
2025-09-23T13:34:33Z,SA-0006871,supply_write_sensor,atk-0307,Supply,ControlZone,SensorData,North,DENY,OP_NOT_PERMITTED,True
2025-09-23T14:17:16Z,SA-0006872,supply_write_sensor,atk-0269,Supply,ControlZone,IrrigationControl,South,DENY,OP_NOT_PERMITTED,True
2025-09-23T14:33:15Z,SA-0006873,supply_write_sensor,atk-0255,Supply,ReadAll,SensorData,South,DENY,CERT_REVOKED,True
2025-09-23T15:20:43Z,SA-0006874,supply_write_sensor,atk-0082,Supply,ReadAll,AuditLog,West,DENY,POLICY_VIOLATION,True
2025-09-23T15:37:10Z,SA-0006875,supply_write_sensor,atk-0486,Supply,ManageRoles,IrrigationControl,North,DENY,ROLE_INSUFFICIENT,True
2025-09-23T16:25:05Z,SA-0006876,supply_write_sensor,atk-0156,Supply,ControlZone,RoleAssignment,North,DENY,ZONE_MISMATCH,True
2025-09-23T16:52:55Z,SA-0006877,supply_write_sensor,atk-0121,Supply,ManageRoles,SensorData,North,DENY,ZONE_MISMATCH,True
2025-09-23T20:33:56Z,SA-0006878,supply_write_sensor,atk-0415,Supply,ControlZone,AuditLog,South,DENY,CERT_REVOKED,True
2025-09-23T21:41:13Z,SA-0006879,supply_write_sensor,atk-0121,Supply,WriteSensor,RoleAssignment,West,DENY,IDS_BLOCKED,True
2025-09-23T23:30:43Z,SA-0006880,supply_write_sensor,atk-0466,Supply,WriteSensor,AuditLog,South,DENY,ROLE_INSUFFICIENT,True
2025-09-24T05:09:16Z,SA-0006881,supply_write_sensor,atk-0033,Supply,ReadAll,IrrigationControl,West,DENY,CERT_REVOKED,True
2025-09-24T06:27:03Z,SA-0006882,supply_write_sensor,atk-0484,Supply,WriteSensor,RoleAssignment,South,DENY,ROLE_INSUFFICIENT,True
2025-09-24T06:38:19Z,SA-0006883,supply_write_sensor,atk-0281,Supply,WriteSensor,SensorData,West,DENY,ROLE_INSUFFICIENT,True
2025-09-24T07:46:16Z,SA-0006884,supply_write_sensor,atk-0126,Supply,ControlZone,RoleAssignment,East,DENY,CERT_REVOKED,True
2025-09-24T08:14:11Z,SA-0006885,supply_write_sensor,atk-0011,Supply,WriteSensor,IrrigationControl,East,DENY,POLICY_VIOLATION,True
2025-09-24T09:22:14Z,SA-0006886,supply_write_sensor,atk-0410,Supply,ReadAll,IrrigationControl,East,DENY,POLICY_VIOLATION,True
2025-09-24T10:01:42Z,SA-0006887,supply_write_sensor,atk-0237,Supply,ManageRoles,AuditLog,North,DENY,CERT_REVOKED,True
2025-09-24T10:46:17Z,SA-0006888,supply_write_sensor,atk-0157,Supply,ControlZone,RoleAssignment,North,DENY,ROLE_INSUFFICIENT,True
2025-09-24T12:02:08Z,SA-0006889,supply_write_sensor,atk-0402,Supply,ReadAll,SensorData,West,DENY,CERT_REVOKED,True
2025-09-24T16:25:54Z,SA-0006890,supply_write_sensor,atk-0085,Supply,ControlZone,IrrigationControl,South,DENY,IDS_BLOCKED,True
2025-09-24T16:42:17Z,SA-0006891,supply_write_sensor,atk-0286,Supply,ReadAll,SensorData,East,DENY,ZONE_MISMATCH,True
2025-09-24T17:47:34Z,SA-0006892,supply_write_sensor,atk-0173,Supply,ControlZone,SensorData,West,DENY,OP_NOT_PERMITTED,True
2025-09-24T23:30:48Z,SA-0006893,supply_write_sensor,atk-0364,Supply,ReadAll,SensorData,West,DENY,IDS_BLOCKED,True
2025-09-24T23:33:33Z,SA-0006894,supply_write_sensor,atk-0083,Supply,ReadAll,IrrigationControl,South,DENY,OP_NOT_PERMITTED,True
2025-09-25T00:33:15Z,SA-0006895,supply_write_sensor,atk-0167,Supply,ManageRoles,IrrigationControl,West,DENY,OP_NOT_PERMITTED,True
2025-09-25T01:07:06Z,SA-0006896,supply_write_sensor,atk-0487,Supply,ControlZone,AuditLog,West,DENY,POLICY_VIOLATION,True
2025-09-25T04:21:32Z,SA-0006897,supply_write_sensor,atk-0161,Supply,ReadAudit,IrrigationControl,West,DENY,POLICY_VIOLATION,True
2025-09-25T08:31:29Z,SA-0006898,supply_write_sensor,atk-0151,Supply,ReadAll,IrrigationControl,West,DENY,IDS_BLOCKED,True
2025-09-25T08:42:58Z,SA-0006899,supply_write_sensor,atk-0154,Supply,WriteSensor,SensorData,South,DENY,ZONE_MISMATCH,True
2025-09-25T12:29:43Z,SA-0006900,supply_write_sensor,atk-0014,Supply,WriteSensor,RoleAssignment,West,DENY,IDS_BLOCKED,True
2025-09-25T15:24:12Z,SA-0006901,supply_write_sensor,atk-0021,Supply,ManageRoles,AuditLog,East,DENY,CERT_REVOKED,True
2025-09-25T16:51:49Z,SA-0006902,supply_write_sensor,atk-0305,Supply,ReadAudit,IrrigationControl,East,DENY,IDS_BLOCKED,True
2025-09-25T18:10:19Z,SA-0006903,supply_write_sensor,atk-0275,Supply,ManageRoles,SensorData,West,DENY,POLICY_VIOLATION,True
2025-09-25T18:51:16Z,SA-0006904,supply_write_sensor,atk-0018,Supply,ManageRoles,SensorData,South,DENY,IDS_BLOCKED,True
2025-09-25T18:59:21Z,SA-0006905,supply_write_sensor,atk-0251,Supply,WriteSensor,AuditLog,West,DENY,ROLE_INSUFFICIENT,True
2025-09-25T19:11:08Z,SA-0006906,supply_write_sensor,atk-0263,Supply,ReadAudit,RoleAssignment,South,DENY,ROLE_INSUFFICIENT,True
2025-09-25T19:56:20Z,SA-0006907,supply_write_sensor,atk-0382,Supply,ReadAll,RoleAssignment,South,DENY,CERT_REVOKED,True
2025-09-25T22:13:55Z,SA-0006908,supply_write_sensor,atk-0315,Supply,ReadAudit,IrrigationControl,South,DENY,POLICY_VIOLATION,True
2025-09-25T23:56:14Z,SA-0006909,supply_write_sensor,atk-0421,Supply,WriteSensor,IrrigationControl,East,DENY,POLICY_VIOLATION,True
2025-09-26T04:08:32Z,SA-0006910,supply_write_sensor,atk-0065,Supply,ControlZone,RoleAssignment,North,DENY,CERT_REVOKED,True
2025-09-26T08:24:39Z,SA-0006911,supply_write_sensor,atk-0194,Supply,WriteSensor,RoleAssignment,East,DENY,IDS_BLOCKED,True
2025-09-26T09:00:18Z,SA-0006912,supply_write_sensor,atk-0155,Supply,ReadAudit,AuditLog,South,DENY,ROLE_INSUFFICIENT,True
2025-09-26T09:45:43Z,SA-0006913,supply_write_sensor,atk-0035,Supply,ManageRoles,AuditLog,South,DENY,CERT_REVOKED,True
2025-09-26T10:32:56Z,SA-0006914,supply_write_sensor,atk-0051,Supply,ReadAudit,AuditLog,North,DENY,CERT_REVOKED,True
2025-09-26T10:57:17Z,SA-0006915,supply_write_sensor,atk-0278,Supply,ControlZone,IrrigationControl,North,DENY,CERT_REVOKED,True
2025-09-26T12:34:06Z,SA-0006916,supply_write_sensor,atk-0036,Supply,ReadAudit,IrrigationControl,East,DENY,ZONE_MISMATCH,True
2025-09-26T14:06:29Z,SA-0006917,supply_write_sensor,atk-0140,Supply,ManageRoles,SensorData,East,DENY,POLICY_VIOLATION,True
2025-09-26T16:08:19Z,SA-0006918,supply_write_sensor,atk-0218,Supply,ControlZone,IrrigationControl,South,DENY,CERT_REVOKED,True
2025-09-26T16:29:33Z,SA-0006919,supply_write_sensor,atk-0362,Supply,WriteSensor,SensorData,South,DENY,OP_NOT_PERMITTED,True
2025-09-26T17:59:05Z,SA-0006920,supply_write_sensor,atk-0189,Supply,ReadAudit,SensorData,East,DENY,POLICY_VIOLATION,True
2025-09-26T19:42:03Z,SA-0006921,supply_write_sensor,atk-0057,Supply,ControlZone,RoleAssignment,North,DENY,POLICY_VIOLATION,True
2025-09-26T20:25:10Z,SA-0006922,supply_write_sensor,atk-0153,Supply,ManageRoles,IrrigationControl,West,DENY,IDS_BLOCKED,True
2025-09-26T21:10:13Z,SA-0006923,supply_write_sensor,atk-0317,Supply,ControlZone,IrrigationControl,South,DENY,ROLE_INSUFFICIENT,True
2025-09-26T22:13:14Z,SA-0006924,supply_write_sensor,atk-0054,Supply,ControlZone,IrrigationControl,East,DENY,CERT_REVOKED,True
2025-09-26T23:31:03Z,SA-0006925,supply_write_sensor,atk-0015,Supply,ReadAll,AuditLog,East,DENY,OP_NOT_PERMITTED,True
2025-09-26T23:31:25Z,SA-0006926,supply_write_sensor,atk-0338,Supply,ManageRoles,SensorData,East,DENY,POLICY_VIOLATION,True
2025-09-26T23:43:00Z,SA-0006927,supply_write_sensor,atk-0373,Supply,ReadAll,IrrigationControl,South,DENY,POLICY_VIOLATION,True
2025-09-27T01:08:07Z,SA-0006928,supply_write_sensor,atk-0407,Supply,ReadAudit,AuditLog,South,DENY,POLICY_VIOLATION,True
2025-09-27T02:50:05Z,SA-0006929,supply_write_sensor,atk-0461,Supply,ReadAll,RoleAssignment,North,DENY,OP_NOT_PERMITTED,True
2025-09-27T03:00:37Z,SA-0006930,supply_write_sensor,atk-0441,Supply,WriteSensor,RoleAssignment,South,DENY,OP_NOT_PERMITTED,True
2025-09-27T03:05:39Z,SA-0006931,supply_write_sensor,atk-0211,Supply,ReadAudit,AuditLog,East,DENY,OP_NOT_PERMITTED,True
2025-09-27T03:37:12Z,SA-0006932,supply_write_sensor,atk-0048,Supply,ManageRoles,AuditLog,South,DENY,CERT_REVOKED,True
2025-09-27T04:23:34Z,SA-0006933,supply_write_sensor,atk-0315,Supply,WriteSensor,IrrigationControl,West,DENY,POLICY_VIOLATION,True
2025-09-27T07:28:26Z,SA-0006934,supply_write_sensor,atk-0419,Supply,ReadAudit,RoleAssignment,South,DENY,IDS_BLOCKED,True
2025-09-27T09:30:54Z,SA-0006935,supply_write_sensor,atk-0298,Supply,ControlZone,IrrigationControl,West,DENY,POLICY_VIOLATION,True
2025-09-27T15:03:06Z,SA-0006936,supply_write_sensor,atk-0245,Supply,ControlZone,SensorData,West,DENY,IDS_BLOCKED,True
2025-09-27T16:45:55Z,SA-0006937,supply_write_sensor,atk-0076,Supply,ControlZone,AuditLog,North,DENY,OP_NOT_PERMITTED,True
2025-09-27T17:23:27Z,SA-0006938,supply_write_sensor,atk-0119,Supply,ReadAudit,IrrigationControl,North,DENY,CERT_REVOKED,True
2025-09-27T18:03:04Z,SA-0006939,supply_write_sensor,atk-0424,Supply,ReadAll,IrrigationControl,North,DENY,CERT_REVOKED,True
2025-09-27T19:44:29Z,SA-0006940,supply_write_sensor,atk-0045,Supply,WriteSensor,AuditLog,West,DENY,ZONE_MISMATCH,True
2025-09-27T20:35:54Z,SA-0006941,supply_write_sensor,atk-0277,Supply,ManageRoles,IrrigationControl,North,DENY,ZONE_MISMATCH,True
2025-09-27T23:19:56Z,SA-0006942,supply_write_sensor,atk-0030,Supply,ManageRoles,IrrigationControl,South,DENY,ROLE_INSUFFICIENT,True
2025-09-27T23:21:50Z,SA-0006943,supply_write_sensor,atk-0320,Supply,ManageRoles,SensorData,South,DENY,OP_NOT_PERMITTED,True
2025-09-28T00:15:28Z,SA-0006944,supply_write_sensor,atk-0229,Supply,ControlZone,SensorData,East,DENY,IDS_BLOCKED,True
2025-09-28T00:20:20Z,SA-0006945,supply_write_sensor,atk-0362,Supply,ReadAudit,SensorData,North,DENY,CERT_REVOKED,True
2025-09-28T02:06:26Z,SA-0006946,supply_write_sensor,atk-0253,Supply,ReadAudit,RoleAssignment,East,DENY,OP_NOT_PERMITTED,True
2025-09-28T02:28:21Z,SA-0006947,supply_write_sensor,atk-0187,Supply,ControlZone,SensorData,South,DENY,IDS_BLOCKED,True
2025-09-28T02:42:02Z,SA-0006948,supply_write_sensor,atk-0239,Supply,WriteSensor,SensorData,East,DENY,ZONE_MISMATCH,True
2025-09-28T03:38:31Z,SA-0006949,supply_write_sensor,atk-0294,Supply,ManageRoles,SensorData,East,DENY,ROLE_INSUFFICIENT,True
2025-09-28T04:19:59Z,SA-0006950,supply_write_sensor,atk-0332,Supply,ManageRoles,RoleAssignment,West,DENY,ROLE_INSUFFICIENT,True
2025-09-28T07:51:50Z,SA-0006951,supply_write_sensor,atk-0364,Supply,ReadAll,RoleAssignment,East,DENY,ROLE_INSUFFICIENT,True
2025-09-28T08:16:03Z,SA-0006952,supply_write_sensor,atk-0143,Supply,ControlZone,AuditLog,South,DENY,POLICY_VIOLATION,True
2025-09-28T11:16:19Z,SA-0006953,supply_write_sensor,atk-0075,Supply,ControlZone,SensorData,South,DENY,POLICY_VIOLATION,True
2025-09-28T11:18:56Z,SA-0006954,supply_write_sensor,atk-0461,Supply,ReadAudit,RoleAssignment,West,DENY,OP_NOT_PERMITTED,True
2025-09-28T13:39:40Z,SA-0006955,supply_write_sensor,atk-0221,Supply,ReadAudit,SensorData,East,DENY,CERT_REVOKED,True
2025-09-28T17:45:43Z,SA-0006956,supply_write_sensor,atk-0168,Supply,ManageRoles,RoleAssignment,South,DENY,POLICY_VIOLATION,True
2025-09-28T18:14:34Z,SA-0006957,supply_write_sensor,atk-0078,Supply,WriteSensor,SensorData,East,DENY,OP_NOT_PERMITTED,True
2025-09-28T21:17:01Z,SA-0006958,supply_write_sensor,atk-0346,Supply,ControlZone,SensorData,South,DENY,CERT_REVOKED,True
2025-09-28T22:18:19Z,SA-0006959,supply_write_sensor,atk-0072,Supply,ReadAll,AuditLog,West,DENY,IDS_BLOCKED,True
2025-09-28T22:55:36Z,SA-0006960,supply_write_sensor,atk-0162,Supply,WriteSensor,RoleAssignment,East,DENY,ZONE_MISMATCH,True
2025-09-29T00:53:37Z,SA-0006961,supply_write_sensor,atk-0121,Supply,WriteSensor,SensorData,East,DENY,POLICY_VIOLATION,True
2025-09-29T02:27:30Z,SA-0006962,supply_write_sensor,atk-0485,Supply,ReadAll,IrrigationControl,North,DENY,POLICY_VIOLATION,True
2025-09-29T03:11:23Z,SA-0006963,supply_write_sensor,atk-0034,Supply,WriteSensor,IrrigationControl,West,DENY,OP_NOT_PERMITTED,True
2025-09-29T03:24:17Z,SA-0006964,supply_write_sensor,atk-0013,Supply,WriteSensor,RoleAssignment,West,DENY,ZONE_MISMATCH,True
2025-09-29T04:44:52Z,SA-0006965,supply_write_sensor,atk-0203,Supply,ControlZone,AuditLog,South,DENY,ROLE_INSUFFICIENT,True
2025-09-29T05:51:17Z,SA-0006966,supply_write_sensor,atk-0394,Supply,ReadAudit,AuditLog,North,DENY,CERT_REVOKED,True
2025-09-29T05:59:12Z,SA-0006967,supply_write_sensor,atk-0241,Supply,WriteSensor,AuditLog,West,DENY,ROLE_INSUFFICIENT,True
2025-09-29T05:59:42Z,SA-0006968,supply_write_sensor,atk-0097,Supply,ReadAudit,SensorData,West,DENY,ROLE_INSUFFICIENT,True
2025-09-29T09:07:20Z,SA-0006969,supply_write_sensor,atk-0362,Supply,ControlZone,RoleAssignment,North,DENY,POLICY_VIOLATION,True
2025-09-29T09:30:45Z,SA-0006970,supply_write_sensor,atk-0216,Supply,ControlZone,SensorData,South,DENY,CERT_REVOKED,True
2025-09-29T12:24:15Z,SA-0006971,supply_write_sensor,atk-0267,Supply,ReadAudit,SensorData,East,DENY,ZONE_MISMATCH,True
2025-09-29T13:05:21Z,SA-0006972,supply_write_sensor,atk-0299,Supply,WriteSensor,SensorData,South,DENY,IDS_BLOCKED,True
2025-09-29T14:31:45Z,SA-0006973,supply_write_sensor,atk-0121,Supply,ReadAudit,SensorData,East,DENY,CERT_REVOKED,True
2025-09-29T16:02:34Z,SA-0006974,supply_write_sensor,atk-0217,Supply,ReadAudit,SensorData,North,DENY,ROLE_INSUFFICIENT,True
2025-09-29T16:49:49Z,SA-0006975,supply_write_sensor,atk-0191,Supply,ReadAll,IrrigationControl,East,DENY,IDS_BLOCKED,True
2025-09-29T18:20:23Z,SA-0006976,supply_write_sensor,atk-0303,Supply,ReadAudit,RoleAssignment,East,DENY,OP_NOT_PERMITTED,True
2025-09-29T19:15:06Z,SA-0006977,supply_write_sensor,atk-0012,Supply,ReadAll,RoleAssignment,East,DENY,OP_NOT_PERMITTED,True
2025-09-29T19:38:58Z,SA-0006978,supply_write_sensor,atk-0285,Supply,ReadAudit,RoleAssignment,West,DENY,ZONE_MISMATCH,True
2025-09-29T21:46:46Z,SA-0006979,supply_write_sensor,atk-0313,Supply,ReadAudit,RoleAssignment,North,DENY,OP_NOT_PERMITTED,True
2025-09-29T23:52:17Z,SA-0006980,supply_write_sensor,atk-0292,Supply,ControlZone,IrrigationControl,South,DENY,POLICY_VIOLATION,True
2025-09-30T00:05:03Z,SA-0006981,supply_write_sensor,atk-0463,Supply,ReadAll,IrrigationControl,North,DENY,ROLE_INSUFFICIENT,True
2025-09-30T01:28:08Z,SA-0006982,supply_write_sensor,atk-0135,Supply,ReadAudit,AuditLog,North,DENY,OP_NOT_PERMITTED,True
2025-09-30T02:29:57Z,SA-0006983,supply_write_sensor,atk-0028,Supply,WriteSensor,RoleAssignment,West,DENY,CERT_REVOKED,True
2025-09-30T02:35:37Z,SA-0006984,supply_write_sensor,atk-0093,Supply,ManageRoles,IrrigationControl,East,DENY,CERT_REVOKED,True
2025-09-30T03:53:54Z,SA-0006985,supply_write_sensor,atk-0074,Supply,ControlZone,AuditLog,South,DENY,OP_NOT_PERMITTED,True
2025-09-30T04:07:43Z,SA-0006986,supply_write_sensor,atk-0107,Supply,ControlZone,RoleAssignment,South,DENY,POLICY_VIOLATION,True
2025-09-30T04:58:22Z,SA-0006987,supply_write_sensor,atk-0416,Supply,ReadAudit,IrrigationControl,East,DENY,ROLE_INSUFFICIENT,True
2025-09-30T07:28:17Z,SA-0006988,supply_write_sensor,atk-0471,Supply,ControlZone,IrrigationControl,East,DENY,CERT_REVOKED,True
2025-09-30T09:08:01Z,SA-0006989,supply_write_sensor,atk-0155,Supply,WriteSensor,AuditLog,South,DENY,IDS_BLOCKED,True
2025-09-30T11:44:41Z,SA-0006990,supply_write_sensor,atk-0322,Supply,WriteSensor,AuditLog,East,DENY,OP_NOT_PERMITTED,True
2025-09-30T11:51:50Z,SA-0006991,supply_write_sensor,atk-0123,Supply,ManageRoles,IrrigationControl,East,DENY,ZONE_MISMATCH,True
2025-09-30T15:35:19Z,SA-0006992,supply_write_sensor,atk-0313,Supply,ReadAll,AuditLog,South,DENY,ZONE_MISMATCH,True
2025-09-30T16:06:35Z,SA-0006993,supply_write_sensor,atk-0303,Supply,ManageRoles,AuditLog,North,DENY,OP_NOT_PERMITTED,True
2025-09-30T16:35:12Z,SA-0006994,supply_write_sensor,atk-0472,Supply,ReadAll,SensorData,South,DENY,ZONE_MISMATCH,True
2025-09-30T17:03:11Z,SA-0006995,supply_write_sensor,atk-0426,Supply,ReadAll,RoleAssignment,West,DENY,IDS_BLOCKED,True
2025-09-30T18:22:05Z,SA-0006996,supply_write_sensor,atk-0140,Supply,ReadAll,RoleAssignment,South,DENY,ROLE_INSUFFICIENT,True
2025-09-30T18:27:22Z,SA-0006997,supply_write_sensor,atk-0291,Supply,ReadAll,IrrigationControl,North,DENY,IDS_BLOCKED,True
2025-09-30T19:32:31Z,SA-0006998,supply_write_sensor,atk-0389,Supply,WriteSensor,AuditLog,South,DENY,CERT_REVOKED,True
2025-09-30T20:31:12Z,SA-0006999,supply_write_sensor,atk-0024,Supply,ReadAudit,RoleAssignment,North,DENY,CERT_REVOKED,True
2025-09-30T20:46:10Z,SA-0007000,supply_write_sensor,atk-0302,Supply,WriteSensor,IrrigationControl,East,DENY,IDS_BLOCKED,True
2025-08-01T01:56:31Z,SA-0007001,sensor_read_audit,atk-0301,Sensor,ControlZone,IrrigationControl,North,DENY,IDS_BLOCKED,True
2025-08-01T08:19:16Z,SA-0007002,sensor_read_audit,atk-0341,Sensor,ReadAudit,RoleAssignment,North,DENY,CERT_REVOKED,True
2025-08-01T08:42:10Z,SA-0007003,sensor_read_audit,atk-0128,Sensor,ControlZone,AuditLog,West,DENY,CERT_REVOKED,True
2025-08-01T11:42:28Z,SA-0007004,sensor_read_audit,atk-0458,Sensor,WriteSensor,AuditLog,East,DENY,ZONE_MISMATCH,True
2025-08-01T11:51:08Z,SA-0007005,sensor_read_audit,atk-0244,Sensor,ControlZone,SensorData,East,DENY,IDS_BLOCKED,True
2025-08-01T12:54:15Z,SA-0007006,sensor_read_audit,atk-0054,Sensor,ManageRoles,RoleAssignment,West,DENY,POLICY_VIOLATION,True
2025-08-01T13:23:01Z,SA-0007007,sensor_read_audit,atk-0341,Sensor,ControlZone,SensorData,West,DENY,ZONE_MISMATCH,True
2025-08-01T13:36:43Z,SA-0007008,sensor_read_audit,atk-0227,Sensor,ReadAudit,SensorData,North,DENY,POLICY_VIOLATION,True
2025-08-01T14:53:09Z,SA-0007009,sensor_read_audit,atk-0392,Sensor,WriteSensor,SensorData,North,DENY,IDS_BLOCKED,True
2025-08-01T15:28:17Z,SA-0007010,sensor_read_audit,atk-0424,Sensor,ManageRoles,SensorData,North,DENY,ZONE_MISMATCH,True
2025-08-01T15:47:32Z,SA-0007011,sensor_read_audit,atk-0050,Sensor,ReadAudit,SensorData,East,DENY,ROLE_INSUFFICIENT,True
2025-08-01T17:53:35Z,SA-0007012,sensor_read_audit,atk-0428,Sensor,ReadAudit,IrrigationControl,East,DENY,OP_NOT_PERMITTED,True
2025-08-01T18:10:04Z,SA-0007013,sensor_read_audit,atk-0437,Sensor,ReadAll,SensorData,East,DENY,ZONE_MISMATCH,True
2025-08-01T18:57:04Z,SA-0007014,sensor_read_audit,atk-0028,Sensor,ReadAudit,IrrigationControl,West,DENY,IDS_BLOCKED,True
2025-08-01T20:23:12Z,SA-0007015,sensor_read_audit,atk-0329,Sensor,ReadAll,RoleAssignment,West,DENY,POLICY_VIOLATION,True
2025-08-01T23:51:45Z,SA-0007016,sensor_read_audit,atk-0360,Sensor,ManageRoles,SensorData,East,DENY,CERT_REVOKED,True
2025-08-02T01:18:34Z,SA-0007017,sensor_read_audit,atk-0033,Sensor,ControlZone,SensorData,East,DENY,ZONE_MISMATCH,True
2025-08-02T04:24:08Z,SA-0007018,sensor_read_audit,atk-0345,Sensor,ReadAll,IrrigationControl,East,DENY,CERT_REVOKED,True
2025-08-02T04:52:40Z,SA-0007019,sensor_read_audit,atk-0240,Sensor,WriteSensor,AuditLog,South,DENY,CERT_REVOKED,True
2025-08-02T04:58:54Z,SA-0007020,sensor_read_audit,atk-0211,Sensor,ControlZone,RoleAssignment,South,DENY,CERT_REVOKED,True
2025-08-02T06:05:05Z,SA-0007021,sensor_read_audit,atk-0248,Sensor,ReadAll,IrrigationControl,South,DENY,ROLE_INSUFFICIENT,True
2025-08-02T06:59:01Z,SA-0007022,sensor_read_audit,atk-0331,Sensor,ControlZone,AuditLog,South,DENY,POLICY_VIOLATION,True
2025-08-02T07:30:22Z,SA-0007023,sensor_read_audit,atk-0043,Sensor,ReadAudit,AuditLog,East,DENY,IDS_BLOCKED,True
2025-08-02T07:30:37Z,SA-0007024,sensor_read_audit,atk-0438,Sensor,ManageRoles,SensorData,South,DENY,ROLE_INSUFFICIENT,True
2025-08-02T07:54:41Z,SA-0007025,sensor_read_audit,atk-0440,Sensor,ReadAudit,AuditLog,West,DENY,ZONE_MISMATCH,True
2025-08-02T08:28:30Z,SA-0007026,sensor_read_audit,atk-0351,Sensor,WriteSensor,RoleAssignment,South,DENY,CERT_REVOKED,True
2025-08-02T08:34:12Z,SA-0007027,sensor_read_audit,atk-0496,Sensor,ReadAudit,RoleAssignment,North,DENY,ROLE_INSUFFICIENT,True
2025-08-02T09:51:11Z,SA-0007028,sensor_read_audit,atk-0087,Sensor,ReadAll,IrrigationControl,West,DENY,IDS_BLOCKED,True
2025-08-02T09:56:36Z,SA-0007029,sensor_read_audit,atk-0019,Sensor,WriteSensor,AuditLog,South,DENY,CERT_REVOKED,True
2025-08-02T10:23:37Z,SA-0007030,sensor_read_audit,atk-0363,Sensor,ManageRoles,RoleAssignment,East,DENY,CERT_REVOKED,True
2025-08-02T19:00:36Z,SA-0007031,sensor_read_audit,atk-0333,Sensor,ControlZone,AuditLog,West,DENY,ROLE_INSUFFICIENT,True
2025-08-02T19:10:11Z,SA-0007032,sensor_read_audit,atk-0021,Sensor,ReadAll,RoleAssignment,West,DENY,IDS_BLOCKED,True
2025-08-02T20:48:42Z,SA-0007033,sensor_read_audit,atk-0404,Sensor,WriteSensor,IrrigationControl,East,DENY,ROLE_INSUFFICIENT,True
2025-08-03T00:12:25Z,SA-0007034,sensor_read_audit,atk-0195,Sensor,ManageRoles,IrrigationControl,South,DENY,IDS_BLOCKED,True
2025-08-03T03:19:15Z,SA-0007035,sensor_read_audit,atk-0372,Sensor,ReadAudit,RoleAssignment,North,DENY,OP_NOT_PERMITTED,True
2025-08-03T04:04:57Z,SA-0007036,sensor_read_audit,atk-0389,Sensor,ReadAll,SensorData,North,DENY,ROLE_INSUFFICIENT,True
2025-08-03T05:34:03Z,SA-0007037,sensor_read_audit,atk-0330,Sensor,ReadAudit,SensorData,South,DENY,ZONE_MISMATCH,True
2025-08-03T07:16:48Z,SA-0007038,sensor_read_audit,atk-0208,Sensor,ManageRoles,RoleAssignment,East,DENY,CERT_REVOKED,True
2025-08-03T08:41:43Z,SA-0007039,sensor_read_audit,atk-0074,Sensor,ManageRoles,IrrigationControl,North,DENY,OP_NOT_PERMITTED,True
2025-08-03T11:30:17Z,SA-0007040,sensor_read_audit,atk-0051,Sensor,ManageRoles,SensorData,East,DENY,OP_NOT_PERMITTED,True
2025-08-03T11:42:09Z,SA-0007041,sensor_read_audit,atk-0057,Sensor,WriteSensor,IrrigationControl,North,DENY,CERT_REVOKED,True
2025-08-03T11:56:33Z,SA-0007042,sensor_read_audit,atk-0043,Sensor,ManageRoles,RoleAssignment,East,DENY,POLICY_VIOLATION,True
2025-08-03T13:02:35Z,SA-0007043,sensor_read_audit,atk-0048,Sensor,ManageRoles,RoleAssignment,South,DENY,CERT_REVOKED,True
2025-08-03T14:05:27Z,SA-0007044,sensor_read_audit,atk-0118,Sensor,ManageRoles,IrrigationControl,South,DENY,OP_NOT_PERMITTED,True
2025-08-03T15:07:52Z,SA-0007045,sensor_read_audit,atk-0160,Sensor,WriteSensor,RoleAssignment,South,DENY,OP_NOT_PERMITTED,True
2025-08-03T16:46:08Z,SA-0007046,sensor_read_audit,atk-0019,Sensor,ControlZone,AuditLog,West,DENY,IDS_BLOCKED,True
2025-08-03T18:32:27Z,SA-0007047,sensor_read_audit,atk-0271,Sensor,WriteSensor,RoleAssignment,North,DENY,IDS_BLOCKED,True
2025-08-03T18:33:54Z,SA-0007048,sensor_read_audit,atk-0139,Sensor,ManageRoles,RoleAssignment,East,DENY,ROLE_INSUFFICIENT,True
2025-08-03T20:35:08Z,SA-0007049,sensor_read_audit,atk-0025,Sensor,ControlZone,RoleAssignment,East,DENY,POLICY_VIOLATION,True
2025-08-03T22:04:42Z,SA-0007050,sensor_read_audit,atk-0238,Sensor,WriteSensor,RoleAssignment,North,DENY,IDS_BLOCKED,True
2025-08-04T00:18:18Z,SA-0007051,sensor_read_audit,atk-0032,Sensor,ReadAll,SensorData,North,DENY,POLICY_VIOLATION,True
2025-08-04T02:49:31Z,SA-0007052,sensor_read_audit,atk-0176,Sensor,ManageRoles,IrrigationControl,East,DENY,POLICY_VIOLATION,True
2025-08-04T06:49:03Z,SA-0007053,sensor_read_audit,atk-0084,Sensor,ReadAll,IrrigationControl,North,DENY,ZONE_MISMATCH,True
2025-08-04T07:36:45Z,SA-0007054,sensor_read_audit,atk-0410,Sensor,ReadAll,IrrigationControl,East,DENY,OP_NOT_PERMITTED,True
2025-08-04T08:00:52Z,SA-0007055,sensor_read_audit,atk-0330,Sensor,ManageRoles,AuditLog,North,DENY,ZONE_MISMATCH,True
2025-08-04T08:26:47Z,SA-0007056,sensor_read_audit,atk-0110,Sensor,ControlZone,SensorData,North,DENY,CERT_REVOKED,True
2025-08-04T08:27:38Z,SA-0007057,sensor_read_audit,atk-0305,Sensor,WriteSensor,RoleAssignment,West,DENY,OP_NOT_PERMITTED,True
2025-08-04T08:57:32Z,SA-0007058,sensor_read_audit,atk-0053,Sensor,ReadAudit,SensorData,South,DENY,ZONE_MISMATCH,True
2025-08-04T08:59:48Z,SA-0007059,sensor_read_audit,atk-0441,Sensor,WriteSensor,SensorData,West,DENY,POLICY_VIOLATION,True
2025-08-04T13:12:48Z,SA-0007060,sensor_read_audit,atk-0292,Sensor,ControlZone,RoleAssignment,East,DENY,IDS_BLOCKED,True
2025-08-04T13:15:21Z,SA-0007061,sensor_read_audit,atk-0254,Sensor,WriteSensor,RoleAssignment,North,DENY,IDS_BLOCKED,True
2025-08-04T13:55:42Z,SA-0007062,sensor_read_audit,atk-0323,Sensor,ReadAll,SensorData,East,DENY,IDS_BLOCKED,True
2025-08-04T15:00:56Z,SA-0007063,sensor_read_audit,atk-0206,Sensor,ReadAudit,IrrigationControl,East,DENY,CERT_REVOKED,True
2025-08-04T16:37:46Z,SA-0007064,sensor_read_audit,atk-0418,Sensor,ReadAll,IrrigationControl,West,DENY,ZONE_MISMATCH,True
2025-08-04T19:37:19Z,SA-0007065,sensor_read_audit,atk-0043,Sensor,ReadAudit,RoleAssignment,East,DENY,IDS_BLOCKED,True
2025-08-04T21:03:07Z,SA-0007066,sensor_read_audit,atk-0308,Sensor,ReadAll,RoleAssignment,West,DENY,OP_NOT_PERMITTED,True
2025-08-04T21:05:50Z,SA-0007067,sensor_read_audit,atk-0218,Sensor,WriteSensor,IrrigationControl,North,DENY,ZONE_MISMATCH,True
2025-08-05T00:37:18Z,SA-0007068,sensor_read_audit,atk-0411,Sensor,ControlZone,RoleAssignment,West,DENY,ROLE_INSUFFICIENT,True
2025-08-05T01:28:41Z,SA-0007069,sensor_read_audit,atk-0056,Sensor,ManageRoles,SensorData,North,DENY,ZONE_MISMATCH,True
2025-08-05T02:42:24Z,SA-0007070,sensor_read_audit,atk-0473,Sensor,ManageRoles,RoleAssignment,North,DENY,OP_NOT_PERMITTED,True
2025-08-05T03:55:38Z,SA-0007071,sensor_read_audit,atk-0471,Sensor,WriteSensor,RoleAssignment,East,DENY,POLICY_VIOLATION,True
2025-08-05T04:37:51Z,SA-0007072,sensor_read_audit,atk-0204,Sensor,WriteSensor,IrrigationControl,North,DENY,OP_NOT_PERMITTED,True
2025-08-05T07:21:40Z,SA-0007073,sensor_read_audit,atk-0286,Sensor,ReadAll,AuditLog,South,DENY,ROLE_INSUFFICIENT,True
2025-08-05T12:14:48Z,SA-0007074,sensor_read_audit,atk-0350,Sensor,WriteSensor,SensorData,East,DENY,POLICY_VIOLATION,True
2025-08-05T13:41:49Z,SA-0007075,sensor_read_audit,atk-0119,Sensor,ReadAudit,RoleAssignment,East,DENY,IDS_BLOCKED,True
2025-08-05T13:54:56Z,SA-0007076,sensor_read_audit,atk-0050,Sensor,WriteSensor,AuditLog,South,DENY,CERT_REVOKED,True
2025-08-05T14:28:17Z,SA-0007077,sensor_read_audit,atk-0072,Sensor,ReadAudit,RoleAssignment,North,DENY,IDS_BLOCKED,True
2025-08-05T20:05:20Z,SA-0007078,sensor_read_audit,atk-0345,Sensor,ReadAudit,SensorData,West,DENY,ZONE_MISMATCH,True
2025-08-05T20:41:39Z,SA-0007079,sensor_read_audit,atk-0438,Sensor,ManageRoles,IrrigationControl,South,DENY,ROLE_INSUFFICIENT,True
2025-08-05T22:00:35Z,SA-0007080,sensor_read_audit,atk-0485,Sensor,ReadAudit,AuditLog,East,DENY,OP_NOT_PERMITTED,True
2025-08-05T23:33:55Z,SA-0007081,sensor_read_audit,atk-0287,Sensor,ReadAll,RoleAssignment,North,DENY,ROLE_INSUFFICIENT,True
2025-08-06T01:31:11Z,SA-0007082,sensor_read_audit,atk-0233,Sensor,ControlZone,SensorData,East,DENY,OP_NOT_PERMITTED,True
2025-08-06T04:59:51Z,SA-0007083,sensor_read_audit,atk-0081,Sensor,ManageRoles,SensorData,South,DENY,IDS_BLOCKED,True
2025-08-06T09:31:05Z,SA-0007084,sensor_read_audit,atk-0259,Sensor,ManageRoles,AuditLog,East,DENY,ROLE_INSUFFICIENT,True
2025-08-06T11:37:55Z,SA-0007085,sensor_read_audit,atk-0405,Sensor,ManageRoles,AuditLog,East,DENY,ROLE_INSUFFICIENT,True
2025-08-06T12:53:52Z,SA-0007086,sensor_read_audit,atk-0407,Sensor,ControlZone,AuditLog,East,DENY,OP_NOT_PERMITTED,True
2025-08-06T13:11:05Z,SA-0007087,sensor_read_audit,atk-0417,Sensor,ReadAll,IrrigationControl,East,DENY,CERT_REVOKED,True
2025-08-06T13:43:54Z,SA-0007088,sensor_read_audit,atk-0253,Sensor,WriteSensor,RoleAssignment,East,DENY,ROLE_INSUFFICIENT,True
2025-08-06T18:23:26Z,SA-0007089,sensor_read_audit,atk-0262,Sensor,ReadAudit,IrrigationControl,South,DENY,ROLE_INSUFFICIENT,True
2025-08-06T20:21:19Z,SA-0007090,sensor_read_audit,atk-0065,Sensor,ReadAudit,AuditLog,South,DENY,IDS_BLOCKED,True
2025-08-06T22:24:33Z,SA-0007091,sensor_read_audit,atk-0220,Sensor,ControlZone,AuditLog,East,DENY,ROLE_INSUFFICIENT,True
2025-08-06T23:42:50Z,SA-0007092,sensor_read_audit,atk-0078,Sensor,ControlZone,IrrigationControl,West,DENY,CERT_REVOKED,True
2025-08-07T02:26:21Z,SA-0007093,sensor_read_audit,atk-0326,Sensor,ReadAll,SensorData,West,DENY,IDS_BLOCKED,True
2025-08-07T03:08:52Z,SA-0007094,sensor_read_audit,atk-0283,Sensor,ReadAudit,IrrigationControl,South,DENY,ZONE_MISMATCH,True
2025-08-07T04:11:48Z,SA-0007095,sensor_read_audit,atk-0096,Sensor,ControlZone,SensorData,East,DENY,ROLE_INSUFFICIENT,True
2025-08-07T05:44:25Z,SA-0007096,sensor_read_audit,atk-0466,Sensor,ManageRoles,IrrigationControl,East,DENY,ROLE_INSUFFICIENT,True
2025-08-07T07:53:11Z,SA-0007097,sensor_read_audit,atk-0219,Sensor,ReadAll,AuditLog,West,DENY,ZONE_MISMATCH,True
2025-08-07T09:42:23Z,SA-0007098,sensor_read_audit,atk-0091,Sensor,ManageRoles,IrrigationControl,West,DENY,ROLE_INSUFFICIENT,True
2025-08-07T09:58:10Z,SA-0007099,sensor_read_audit,atk-0197,Sensor,ControlZone,RoleAssignment,South,DENY,ROLE_INSUFFICIENT,True
2025-08-07T10:26:52Z,SA-0007100,sensor_read_audit,atk-0423,Sensor,WriteSensor,RoleAssignment,South,DENY,IDS_BLOCKED,True
2025-08-07T14:09:46Z,SA-0007101,sensor_read_audit,atk-0353,Sensor,ReadAudit,SensorData,South,DENY,CERT_REVOKED,True
2025-08-07T15:06:42Z,SA-0007102,sensor_read_audit,atk-0438,Sensor,ManageRoles,AuditLog,North,DENY,ROLE_INSUFFICIENT,True
2025-08-07T15:15:45Z,SA-0007103,sensor_read_audit,atk-0232,Sensor,ReadAll,RoleAssignment,North,DENY,OP_NOT_PERMITTED,True
2025-08-07T16:52:31Z,SA-0007104,sensor_read_audit,atk-0105,Sensor,ControlZone,SensorData,West,DENY,OP_NOT_PERMITTED,True
2025-08-07T18:33:20Z,SA-0007105,sensor_read_audit,atk-0139,Sensor,WriteSensor,IrrigationControl,North,DENY,IDS_BLOCKED,True
2025-08-07T19:58:46Z,SA-0007106,sensor_read_audit,atk-0012,Sensor,WriteSensor,AuditLog,North,DENY,POLICY_VIOLATION,True
2025-08-07T21:20:20Z,SA-0007107,sensor_read_audit,atk-0189,Sensor,ControlZone,RoleAssignment,North,DENY,CERT_REVOKED,True
2025-08-08T05:16:26Z,SA-0007108,sensor_read_audit,atk-0433,Sensor,ReadAudit,IrrigationControl,West,DENY,CERT_REVOKED,True
2025-08-08T06:39:30Z,SA-0007109,sensor_read_audit,atk-0101,Sensor,ManageRoles,SensorData,West,DENY,CERT_REVOKED,True
2025-08-08T06:53:27Z,SA-0007110,sensor_read_audit,atk-0037,Sensor,ReadAll,IrrigationControl,North,DENY,OP_NOT_PERMITTED,True
2025-08-08T09:18:31Z,SA-0007111,sensor_read_audit,atk-0100,Sensor,ReadAudit,SensorData,South,DENY,POLICY_VIOLATION,True
2025-08-08T10:19:26Z,SA-0007112,sensor_read_audit,atk-0110,Sensor,ReadAll,RoleAssignment,East,DENY,ROLE_INSUFFICIENT,True
2025-08-08T10:27:49Z,SA-0007113,sensor_read_audit,atk-0098,Sensor,ManageRoles,SensorData,East,DENY,ROLE_INSUFFICIENT,True
2025-08-08T11:57:47Z,SA-0007114,sensor_read_audit,atk-0121,Sensor,ReadAudit,AuditLog,East,DENY,ROLE_INSUFFICIENT,True
2025-08-08T13:19:08Z,SA-0007115,sensor_read_audit,atk-0290,Sensor,ReadAudit,SensorData,East,DENY,IDS_BLOCKED,True
2025-08-08T15:57:21Z,SA-0007116,sensor_read_audit,atk-0499,Sensor,ReadAudit,RoleAssignment,West,DENY,ROLE_INSUFFICIENT,True
2025-08-08T16:34:20Z,SA-0007117,sensor_read_audit,atk-0113,Sensor,ControlZone,IrrigationControl,North,DENY,POLICY_VIOLATION,True
2025-08-08T16:51:21Z,SA-0007118,sensor_read_audit,atk-0132,Sensor,WriteSensor,IrrigationControl,North,DENY,IDS_BLOCKED,True
2025-08-08T17:52:52Z,SA-0007119,sensor_read_audit,atk-0078,Sensor,ControlZone,RoleAssignment,South,DENY,ZONE_MISMATCH,True
2025-08-08T19:55:58Z,SA-0007120,sensor_read_audit,atk-0470,Sensor,ControlZone,IrrigationControl,West,DENY,ZONE_MISMATCH,True
2025-08-08T20:35:30Z,SA-0007121,sensor_read_audit,atk-0275,Sensor,ManageRoles,RoleAssignment,East,DENY,CERT_REVOKED,True
2025-08-08T20:57:13Z,SA-0007122,sensor_read_audit,atk-0221,Sensor,ManageRoles,RoleAssignment,North,DENY,ROLE_INSUFFICIENT,True
2025-08-09T00:54:31Z,SA-0007123,sensor_read_audit,atk-0398,Sensor,WriteSensor,IrrigationControl,South,DENY,ROLE_INSUFFICIENT,True
2025-08-09T03:12:51Z,SA-0007124,sensor_read_audit,atk-0311,Sensor,ManageRoles,SensorData,East,DENY,ROLE_INSUFFICIENT,True
2025-08-09T03:45:28Z,SA-0007125,sensor_read_audit,atk-0336,Sensor,ReadAll,IrrigationControl,East,DENY,POLICY_VIOLATION,True
2025-08-09T04:03:30Z,SA-0007126,sensor_read_audit,atk-0002,Sensor,ReadAll,IrrigationControl,East,DENY,CERT_REVOKED,True
2025-08-09T09:51:12Z,SA-0007127,sensor_read_audit,atk-0058,Sensor,ManageRoles,SensorData,North,DENY,ZONE_MISMATCH,True
2025-08-09T11:58:02Z,SA-0007128,sensor_read_audit,atk-0160,Sensor,ReadAudit,SensorData,North,DENY,ZONE_MISMATCH,True
2025-08-09T12:11:52Z,SA-0007129,sensor_read_audit,atk-0467,Sensor,ControlZone,SensorData,North,DENY,ZONE_MISMATCH,True
2025-08-09T12:36:31Z,SA-0007130,sensor_read_audit,atk-0254,Sensor,ControlZone,RoleAssignment,West,DENY,POLICY_VIOLATION,True
2025-08-09T13:22:17Z,SA-0007131,sensor_read_audit,atk-0057,Sensor,WriteSensor,SensorData,West,DENY,CERT_REVOKED,True
2025-08-09T15:16:46Z,SA-0007132,sensor_read_audit,atk-0385,Sensor,ReadAll,IrrigationControl,North,DENY,ROLE_INSUFFICIENT,True
2025-08-09T15:21:55Z,SA-0007133,sensor_read_audit,atk-0482,Sensor,ManageRoles,AuditLog,South,DENY,IDS_BLOCKED,True
2025-08-09T15:50:05Z,SA-0007134,sensor_read_audit,atk-0492,Sensor,ControlZone,RoleAssignment,South,DENY,OP_NOT_PERMITTED,True
2025-08-09T17:31:04Z,SA-0007135,sensor_read_audit,atk-0213,Sensor,ReadAll,SensorData,West,DENY,IDS_BLOCKED,True
2025-08-09T19:00:58Z,SA-0007136,sensor_read_audit,atk-0489,Sensor,WriteSensor,SensorData,East,DENY,ROLE_INSUFFICIENT,True
2025-08-09T19:24:53Z,SA-0007137,sensor_read_audit,atk-0308,Sensor,ControlZone,AuditLog,East,DENY,CERT_REVOKED,True
2025-08-09T20:37:29Z,SA-0007138,sensor_read_audit,atk-0123,Sensor,WriteSensor,SensorData,South,DENY,POLICY_VIOLATION,True
2025-08-09T21:53:39Z,SA-0007139,sensor_read_audit,atk-0053,Sensor,ControlZone,RoleAssignment,West,DENY,ROLE_INSUFFICIENT,True
2025-08-09T22:11:44Z,SA-0007140,sensor_read_audit,atk-0408,Sensor,ReadAudit,SensorData,West,DENY,CERT_REVOKED,True
2025-08-09T22:34:02Z,SA-0007141,sensor_read_audit,atk-0427,Sensor,WriteSensor,IrrigationControl,North,DENY,ROLE_INSUFFICIENT,True
2025-08-09T23:45:26Z,SA-0007142,sensor_read_audit,atk-0112,Sensor,ManageRoles,RoleAssignment,East,DENY,CERT_REVOKED,True
2025-08-10T01:44:24Z,SA-0007143,sensor_read_audit,atk-0162,Sensor,WriteSensor,AuditLog,East,DENY,ZONE_MISMATCH,True
2025-08-10T02:20:01Z,SA-0007144,sensor_read_audit,atk-0117,Sensor,ControlZone,IrrigationControl,West,DENY,IDS_BLOCKED,True
2025-08-10T07:02:58Z,SA-0007145,sensor_read_audit,atk-0402,Sensor,ReadAll,IrrigationControl,North,DENY,POLICY_VIOLATION,True
2025-08-10T07:24:35Z,SA-0007146,sensor_read_audit,atk-0146,Sensor,WriteSensor,AuditLog,North,DENY,OP_NOT_PERMITTED,True
2025-08-10T09:32:51Z,SA-0007147,sensor_read_audit,atk-0394,Sensor,ReadAll,RoleAssignment,South,DENY,ZONE_MISMATCH,True
2025-08-10T09:45:08Z,SA-0007148,sensor_read_audit,atk-0410,Sensor,ReadAll,AuditLog,South,DENY,IDS_BLOCKED,True
2025-08-10T11:02:45Z,SA-0007149,sensor_read_audit,atk-0304,Sensor,WriteSensor,AuditLog,West,DENY,OP_NOT_PERMITTED,True
2025-08-10T11:13:52Z,SA-0007150,sensor_read_audit,atk-0230,Sensor,WriteSensor,SensorData,South,DENY,POLICY_VIOLATION,True
2025-08-10T12:17:49Z,SA-0007151,sensor_read_audit,atk-0284,Sensor,ControlZone,SensorData,West,DENY,ROLE_INSUFFICIENT,True
2025-08-10T13:02:06Z,SA-0007152,sensor_read_audit,atk-0014,Sensor,ReadAudit,SensorData,West,DENY,CERT_REVOKED,True
2025-08-10T15:16:28Z,SA-0007153,sensor_read_audit,atk-0070,Sensor,ManageRoles,SensorData,West,DENY,ROLE_INSUFFICIENT,True
2025-08-10T20:21:28Z,SA-0007154,sensor_read_audit,atk-0386,Sensor,ControlZone,RoleAssignment,North,DENY,ZONE_MISMATCH,True
2025-08-10T21:26:55Z,SA-0007155,sensor_read_audit,atk-0208,Sensor,ControlZone,SensorData,North,DENY,OP_NOT_PERMITTED,True
2025-08-10T23:04:30Z,SA-0007156,sensor_read_audit,atk-0052,Sensor,ReadAudit,SensorData,West,DENY,ROLE_INSUFFICIENT,True
2025-08-10T23:54:25Z,SA-0007157,sensor_read_audit,atk-0436,Sensor,ReadAudit,IrrigationControl,South,DENY,CERT_REVOKED,True
2025-08-11T02:06:40Z,SA-0007158,sensor_read_audit,atk-0256,Sensor,ControlZone,SensorData,West,DENY,OP_NOT_PERMITTED,True
2025-08-11T03:24:08Z,SA-0007159,sensor_read_audit,atk-0484,Sensor,ReadAll,RoleAssignment,North,DENY,ZONE_MISMATCH,True
2025-08-11T03:37:41Z,SA-0007160,sensor_read_audit,atk-0306,Sensor,ReadAll,IrrigationControl,West,DENY,ZONE_MISMATCH,True
2025-08-11T05:32:31Z,SA-0007161,sensor_read_audit,atk-0009,Sensor,ReadAll,RoleAssignment,East,DENY,IDS_BLOCKED,True
2025-08-11T06:11:50Z,SA-0007162,sensor_read_audit,atk-0213,Sensor,ReadAll,SensorData,East,DENY,POLICY_VIOLATION,True
2025-08-11T07:12:14Z,SA-0007163,sensor_read_audit,atk-0069,Sensor,ControlZone,IrrigationControl,North,DENY,OP_NOT_PERMITTED,True
2025-08-11T09:26:14Z,SA-0007164,sensor_read_audit,atk-0226,Sensor,WriteSensor,SensorData,East,DENY,POLICY_VIOLATION,True
2025-08-11T11:32:31Z,SA-0007165,sensor_read_audit,atk-0257,Sensor,ReadAll,SensorData,West,DENY,OP_NOT_PERMITTED,True
2025-08-11T11:42:50Z,SA-0007166,sensor_read_audit,atk-0497,Sensor,ReadAll,RoleAssignment,South,DENY,ZONE_MISMATCH,True
2025-08-11T11:46:55Z,SA-0007167,sensor_read_audit,atk-0160,Sensor,WriteSensor,RoleAssignment,West,DENY,POLICY_VIOLATION,True
2025-08-11T12:16:14Z,SA-0007168,sensor_read_audit,atk-0227,Sensor,WriteSensor,SensorData,East,DENY,ZONE_MISMATCH,True
2025-08-11T13:20:20Z,SA-0007169,sensor_read_audit,atk-0158,Sensor,ReadAll,AuditLog,South,DENY,POLICY_VIOLATION,True
2025-08-11T14:00:31Z,SA-0007170,sensor_read_audit,atk-0088,Sensor,ManageRoles,RoleAssignment,North,DENY,ZONE_MISMATCH,True
2025-08-11T15:03:28Z,SA-0007171,sensor_read_audit,atk-0309,Sensor,ReadAll,IrrigationControl,West,DENY,IDS_BLOCKED,True
2025-08-11T16:31:00Z,SA-0007172,sensor_read_audit,atk-0452,Sensor,ReadAll,IrrigationControl,West,DENY,POLICY_VIOLATION,True
2025-08-11T18:02:33Z,SA-0007173,sensor_read_audit,atk-0233,Sensor,ManageRoles,AuditLog,East,DENY,ZONE_MISMATCH,True
2025-08-11T18:38:07Z,SA-0007174,sensor_read_audit,atk-0170,Sensor,ReadAll,IrrigationControl,South,DENY,IDS_BLOCKED,True
2025-08-11T18:45:46Z,SA-0007175,sensor_read_audit,atk-0007,Sensor,WriteSensor,IrrigationControl,East,DENY,POLICY_VIOLATION,True
2025-08-11T20:09:28Z,SA-0007176,sensor_read_audit,atk-0461,Sensor,ReadAudit,RoleAssignment,South,DENY,POLICY_VIOLATION,True
2025-08-11T20:56:38Z,SA-0007177,sensor_read_audit,atk-0456,Sensor,ReadAudit,RoleAssignment,North,DENY,ZONE_MISMATCH,True
2025-08-12T00:24:27Z,SA-0007178,sensor_read_audit,atk-0232,Sensor,ManageRoles,SensorData,West,DENY,IDS_BLOCKED,True
2025-08-12T01:26:25Z,SA-0007179,sensor_read_audit,atk-0107,Sensor,ManageRoles,IrrigationControl,East,DENY,POLICY_VIOLATION,True
2025-08-12T01:45:12Z,SA-0007180,sensor_read_audit,atk-0250,Sensor,WriteSensor,RoleAssignment,West,DENY,POLICY_VIOLATION,True
2025-08-12T04:07:49Z,SA-0007181,sensor_read_audit,atk-0454,Sensor,WriteSensor,RoleAssignment,South,DENY,ZONE_MISMATCH,True
2025-08-12T06:21:24Z,SA-0007182,sensor_read_audit,atk-0151,Sensor,ControlZone,RoleAssignment,North,DENY,OP_NOT_PERMITTED,True
2025-08-12T07:32:19Z,SA-0007183,sensor_read_audit,atk-0411,Sensor,ControlZone,SensorData,East,DENY,CERT_REVOKED,True
2025-08-12T10:30:04Z,SA-0007184,sensor_read_audit,atk-0146,Sensor,ManageRoles,AuditLog,West,DENY,ROLE_INSUFFICIENT,True
2025-08-12T10:34:20Z,SA-0007185,sensor_read_audit,atk-0016,Sensor,WriteSensor,IrrigationControl,South,DENY,CERT_REVOKED,True
2025-08-12T14:58:21Z,SA-0007186,sensor_read_audit,atk-0250,Sensor,WriteSensor,IrrigationControl,South,DENY,POLICY_VIOLATION,True
2025-08-12T16:14:06Z,SA-0007187,sensor_read_audit,atk-0399,Sensor,WriteSensor,RoleAssignment,East,DENY,ZONE_MISMATCH,True
2025-08-12T17:49:47Z,SA-0007188,sensor_read_audit,atk-0394,Sensor,ReadAudit,SensorData,West,DENY,POLICY_VIOLATION,True
2025-08-12T18:23:03Z,SA-0007189,sensor_read_audit,atk-0395,Sensor,WriteSensor,RoleAssignment,West,DENY,IDS_BLOCKED,True
2025-08-12T19:48:15Z,SA-0007190,sensor_read_audit,atk-0118,Sensor,ManageRoles,RoleAssignment,West,DENY,ROLE_INSUFFICIENT,True
2025-08-12T21:19:31Z,SA-0007191,sensor_read_audit,atk-0154,Sensor,WriteSensor,IrrigationControl,South,DENY,IDS_BLOCKED,True
2025-08-12T22:29:22Z,SA-0007192,sensor_read_audit,atk-0017,Sensor,ReadAll,AuditLog,East,DENY,IDS_BLOCKED,True
2025-08-12T22:32:34Z,SA-0007193,sensor_read_audit,atk-0243,Sensor,ControlZone,RoleAssignment,North,DENY,OP_NOT_PERMITTED,True
2025-08-12T23:47:38Z,SA-0007194,sensor_read_audit,atk-0334,Sensor,WriteSensor,AuditLog,West,DENY,ROLE_INSUFFICIENT,True
2025-08-12T23:48:32Z,SA-0007195,sensor_read_audit,atk-0295,Sensor,WriteSensor,IrrigationControl,North,DENY,OP_NOT_PERMITTED,True
2025-08-12T23:53:20Z,SA-0007196,sensor_read_audit,atk-0091,Sensor,ReadAudit,AuditLog,West,DENY,OP_NOT_PERMITTED,True
2025-08-13T01:58:49Z,SA-0007197,sensor_read_audit,atk-0062,Sensor,ControlZone,IrrigationControl,East,DENY,POLICY_VIOLATION,True
2025-08-13T07:44:10Z,SA-0007198,sensor_read_audit,atk-0269,Sensor,ReadAudit,RoleAssignment,East,DENY,OP_NOT_PERMITTED,True
2025-08-13T08:32:06Z,SA-0007199,sensor_read_audit,atk-0273,Sensor,ControlZone,SensorData,North,DENY,CERT_REVOKED,True
2025-08-13T10:08:15Z,SA-0007200,sensor_read_audit,atk-0455,Sensor,ReadAudit,AuditLog,East,DENY,ROLE_INSUFFICIENT,True
2025-08-13T11:57:00Z,SA-0007201,sensor_read_audit,atk-0412,Sensor,ControlZone,IrrigationControl,South,DENY,POLICY_VIOLATION,True
2025-08-13T12:52:29Z,SA-0007202,sensor_read_audit,atk-0492,Sensor,WriteSensor,AuditLog,South,DENY,OP_NOT_PERMITTED,True
2025-08-13T13:01:14Z,SA-0007203,sensor_read_audit,atk-0322,Sensor,WriteSensor,RoleAssignment,West,DENY,ZONE_MISMATCH,True
2025-08-13T14:16:52Z,SA-0007204,sensor_read_audit,atk-0440,Sensor,ReadAudit,SensorData,North,DENY,IDS_BLOCKED,True
2025-08-13T15:45:35Z,SA-0007205,sensor_read_audit,atk-0017,Sensor,ReadAudit,SensorData,South,DENY,IDS_BLOCKED,True
2025-08-13T16:58:35Z,SA-0007206,sensor_read_audit,atk-0241,Sensor,ControlZone,IrrigationControl,South,DENY,IDS_BLOCKED,True
2025-08-13T19:51:46Z,SA-0007207,sensor_read_audit,atk-0181,Sensor,ReadAudit,AuditLog,West,DENY,ROLE_INSUFFICIENT,True
2025-08-13T21:23:06Z,SA-0007208,sensor_read_audit,atk-0067,Sensor,ReadAll,AuditLog,East,DENY,POLICY_VIOLATION,True
2025-08-13T22:57:26Z,SA-0007209,sensor_read_audit,atk-0230,Sensor,ReadAll,RoleAssignment,West,DENY,IDS_BLOCKED,True
2025-08-14T00:16:10Z,SA-0007210,sensor_read_audit,atk-0024,Sensor,ReadAudit,AuditLog,North,DENY,ZONE_MISMATCH,True
2025-08-14T05:33:52Z,SA-0007211,sensor_read_audit,atk-0284,Sensor,WriteSensor,SensorData,North,DENY,OP_NOT_PERMITTED,True
2025-08-14T05:51:39Z,SA-0007212,sensor_read_audit,atk-0332,Sensor,ReadAll,SensorData,West,DENY,ZONE_MISMATCH,True
2025-08-14T06:58:40Z,SA-0007213,sensor_read_audit,atk-0387,Sensor,ControlZone,SensorData,East,DENY,CERT_REVOKED,True
2025-08-14T07:44:00Z,SA-0007214,sensor_read_audit,atk-0448,Sensor,WriteSensor,SensorData,North,DENY,OP_NOT_PERMITTED,True
2025-08-14T08:24:37Z,SA-0007215,sensor_read_audit,atk-0186,Sensor,ReadAudit,IrrigationControl,North,DENY,ZONE_MISMATCH,True
2025-08-14T09:11:32Z,SA-0007216,sensor_read_audit,atk-0442,Sensor,ReadAll,IrrigationControl,North,DENY,ROLE_INSUFFICIENT,True
2025-08-14T11:01:17Z,SA-0007217,sensor_read_audit,atk-0356,Sensor,ManageRoles,SensorData,North,DENY,ROLE_INSUFFICIENT,True
2025-08-14T11:53:10Z,SA-0007218,sensor_read_audit,atk-0015,Sensor,ReadAll,AuditLog,East,DENY,OP_NOT_PERMITTED,True
2025-08-14T11:54:40Z,SA-0007219,sensor_read_audit,atk-0221,Sensor,ManageRoles,SensorData,East,DENY,CERT_REVOKED,True
2025-08-14T13:06:01Z,SA-0007220,sensor_read_audit,atk-0438,Sensor,ReadAll,SensorData,South,DENY,OP_NOT_PERMITTED,True
2025-08-14T13:11:38Z,SA-0007221,sensor_read_audit,atk-0129,Sensor,ControlZone,RoleAssignment,East,DENY,ZONE_MISMATCH,True
2025-08-14T15:58:25Z,SA-0007222,sensor_read_audit,atk-0318,Sensor,ReadAudit,AuditLog,North,DENY,IDS_BLOCKED,True
2025-08-14T16:31:50Z,SA-0007223,sensor_read_audit,atk-0417,Sensor,ReadAll,AuditLog,West,DENY,IDS_BLOCKED,True
2025-08-14T20:11:16Z,SA-0007224,sensor_read_audit,atk-0252,Sensor,ReadAll,IrrigationControl,West,DENY,IDS_BLOCKED,True
2025-08-14T21:51:48Z,SA-0007225,sensor_read_audit,atk-0463,Sensor,ReadAudit,SensorData,East,DENY,CERT_REVOKED,True
2025-08-15T03:38:37Z,SA-0007226,sensor_read_audit,atk-0134,Sensor,WriteSensor,IrrigationControl,North,DENY,IDS_BLOCKED,True
2025-08-15T07:05:28Z,SA-0007227,sensor_read_audit,atk-0398,Sensor,ControlZone,SensorData,South,DENY,ZONE_MISMATCH,True
2025-08-15T07:20:51Z,SA-0007228,sensor_read_audit,atk-0327,Sensor,ControlZone,IrrigationControl,West,DENY,OP_NOT_PERMITTED,True
2025-08-15T09:29:32Z,SA-0007229,sensor_read_audit,atk-0091,Sensor,ControlZone,SensorData,East,DENY,OP_NOT_PERMITTED,True
2025-08-15T11:18:09Z,SA-0007230,sensor_read_audit,atk-0400,Sensor,WriteSensor,SensorData,West,DENY,OP_NOT_PERMITTED,True
2025-08-15T12:22:32Z,SA-0007231,sensor_read_audit,atk-0149,Sensor,ControlZone,SensorData,East,DENY,ZONE_MISMATCH,True
2025-08-15T14:17:09Z,SA-0007232,sensor_read_audit,atk-0219,Sensor,WriteSensor,AuditLog,South,DENY,POLICY_VIOLATION,True
2025-08-15T15:21:51Z,SA-0007233,sensor_read_audit,atk-0280,Sensor,ControlZone,IrrigationControl,North,DENY,OP_NOT_PERMITTED,True
2025-08-15T15:39:25Z,SA-0007234,sensor_read_audit,atk-0146,Sensor,ReadAudit,RoleAssignment,East,DENY,ZONE_MISMATCH,True
2025-08-15T16:46:22Z,SA-0007235,sensor_read_audit,atk-0340,Sensor,ManageRoles,AuditLog,West,DENY,ROLE_INSUFFICIENT,True
2025-08-15T16:59:28Z,SA-0007236,sensor_read_audit,atk-0418,Sensor,WriteSensor,AuditLog,East,DENY,POLICY_VIOLATION,True
2025-08-15T21:10:36Z,SA-0007237,sensor_read_audit,atk-0086,Sensor,ControlZone,SensorData,West,DENY,ZONE_MISMATCH,True
2025-08-15T23:06:57Z,SA-0007238,sensor_read_audit,atk-0432,Sensor,ReadAudit,IrrigationControl,East,DENY,POLICY_VIOLATION,True
2025-08-16T01:19:14Z,SA-0007239,sensor_read_audit,atk-0422,Sensor,WriteSensor,SensorData,South,DENY,ZONE_MISMATCH,True
2025-08-16T02:29:41Z,SA-0007240,sensor_read_audit,atk-0143,Sensor,ManageRoles,IrrigationControl,East,DENY,POLICY_VIOLATION,True
2025-08-16T04:23:53Z,SA-0007241,sensor_read_audit,atk-0345,Sensor,WriteSensor,RoleAssignment,East,DENY,ROLE_INSUFFICIENT,True
2025-08-16T06:36:54Z,SA-0007242,sensor_read_audit,atk-0434,Sensor,ReadAudit,SensorData,North,DENY,ZONE_MISMATCH,True
2025-08-16T06:39:50Z,SA-0007243,sensor_read_audit,atk-0020,Sensor,ControlZone,RoleAssignment,East,DENY,ROLE_INSUFFICIENT,True
2025-08-16T07:01:41Z,SA-0007244,sensor_read_audit,atk-0138,Sensor,WriteSensor,RoleAssignment,East,DENY,ROLE_INSUFFICIENT,True
2025-08-16T09:16:57Z,SA-0007245,sensor_read_audit,atk-0417,Sensor,ManageRoles,AuditLog,East,DENY,OP_NOT_PERMITTED,True
2025-08-16T09:22:33Z,SA-0007246,sensor_read_audit,atk-0387,Sensor,WriteSensor,AuditLog,West,DENY,IDS_BLOCKED,True
2025-08-16T09:27:23Z,SA-0007247,sensor_read_audit,atk-0479,Sensor,WriteSensor,AuditLog,East,DENY,OP_NOT_PERMITTED,True
2025-08-16T09:34:05Z,SA-0007248,sensor_read_audit,atk-0293,Sensor,WriteSensor,AuditLog,North,DENY,POLICY_VIOLATION,True
2025-08-16T11:06:07Z,SA-0007249,sensor_read_audit,atk-0290,Sensor,WriteSensor,RoleAssignment,West,DENY,OP_NOT_PERMITTED,True
2025-08-16T14:28:30Z,SA-0007250,sensor_read_audit,atk-0080,Sensor,WriteSensor,IrrigationControl,West,DENY,POLICY_VIOLATION,True
2025-08-16T21:05:31Z,SA-0007251,sensor_read_audit,atk-0190,Sensor,ControlZone,AuditLog,West,DENY,ZONE_MISMATCH,True
2025-08-16T21:16:09Z,SA-0007252,sensor_read_audit,atk-0403,Sensor,WriteSensor,RoleAssignment,West,DENY,IDS_BLOCKED,True
2025-08-16T22:27:48Z,SA-0007253,sensor_read_audit,atk-0087,Sensor,ReadAudit,SensorData,North,DENY,ZONE_MISMATCH,True
2025-08-17T02:27:33Z,SA-0007254,sensor_read_audit,atk-0162,Sensor,ControlZone,RoleAssignment,North,DENY,POLICY_VIOLATION,True
2025-08-17T03:58:45Z,SA-0007255,sensor_read_audit,atk-0464,Sensor,ReadAudit,AuditLog,South,DENY,ROLE_INSUFFICIENT,True
2025-08-17T04:06:36Z,SA-0007256,sensor_read_audit,atk-0439,Sensor,ControlZone,SensorData,South,DENY,POLICY_VIOLATION,True
2025-08-17T10:21:05Z,SA-0007257,sensor_read_audit,atk-0486,Sensor,ReadAudit,AuditLog,South,DENY,ZONE_MISMATCH,True
2025-08-17T11:14:18Z,SA-0007258,sensor_read_audit,atk-0040,Sensor,ControlZone,SensorData,East,DENY,ZONE_MISMATCH,True
2025-08-17T12:09:53Z,SA-0007259,sensor_read_audit,atk-0005,Sensor,ReadAll,IrrigationControl,North,DENY,ZONE_MISMATCH,True
2025-08-17T14:03:25Z,SA-0007260,sensor_read_audit,atk-0042,Sensor,WriteSensor,SensorData,West,DENY,IDS_BLOCKED,True
2025-08-17T16:09:15Z,SA-0007261,sensor_read_audit,atk-0164,Sensor,ReadAll,SensorData,West,DENY,CERT_REVOKED,True
2025-08-17T17:29:57Z,SA-0007262,sensor_read_audit,atk-0389,Sensor,ReadAll,SensorData,East,DENY,POLICY_VIOLATION,True
2025-08-17T21:58:34Z,SA-0007263,sensor_read_audit,atk-0184,Sensor,ReadAll,RoleAssignment,South,DENY,POLICY_VIOLATION,True
2025-08-17T22:44:54Z,SA-0007264,sensor_read_audit,atk-0035,Sensor,WriteSensor,IrrigationControl,South,DENY,IDS_BLOCKED,True
2025-08-18T01:06:08Z,SA-0007265,sensor_read_audit,atk-0486,Sensor,ReadAudit,IrrigationControl,West,DENY,ROLE_INSUFFICIENT,True
2025-08-18T02:22:45Z,SA-0007266,sensor_read_audit,atk-0257,Sensor,ReadAudit,IrrigationControl,West,DENY,CERT_REVOKED,True
2025-08-18T06:08:16Z,SA-0007267,sensor_read_audit,atk-0034,Sensor,WriteSensor,SensorData,West,DENY,OP_NOT_PERMITTED,True
2025-08-18T07:17:52Z,SA-0007268,sensor_read_audit,atk-0302,Sensor,ManageRoles,AuditLog,West,DENY,OP_NOT_PERMITTED,True
2025-08-18T09:13:39Z,SA-0007269,sensor_read_audit,atk-0338,Sensor,ControlZone,RoleAssignment,North,DENY,ROLE_INSUFFICIENT,True
2025-08-18T09:23:36Z,SA-0007270,sensor_read_audit,atk-0022,Sensor,ManageRoles,IrrigationControl,East,DENY,ZONE_MISMATCH,True
2025-08-18T10:40:44Z,SA-0007271,sensor_read_audit,atk-0375,Sensor,ReadAll,AuditLog,South,DENY,ROLE_INSUFFICIENT,True
2025-08-18T11:01:38Z,SA-0007272,sensor_read_audit,atk-0317,Sensor,WriteSensor,AuditLog,West,DENY,ROLE_INSUFFICIENT,True
2025-08-18T17:18:31Z,SA-0007273,sensor_read_audit,atk-0480,Sensor,WriteSensor,SensorData,South,DENY,ZONE_MISMATCH,True
2025-08-18T18:19:54Z,SA-0007274,sensor_read_audit,atk-0045,Sensor,WriteSensor,RoleAssignment,East,DENY,ROLE_INSUFFICIENT,True
2025-08-18T18:22:06Z,SA-0007275,sensor_read_audit,atk-0404,Sensor,ControlZone,IrrigationControl,South,DENY,OP_NOT_PERMITTED,True
2025-08-18T18:59:28Z,SA-0007276,sensor_read_audit,atk-0146,Sensor,ReadAll,IrrigationControl,North,DENY,IDS_BLOCKED,True
2025-08-19T01:31:54Z,SA-0007277,sensor_read_audit,atk-0061,Sensor,ControlZone,SensorData,North,DENY,ROLE_INSUFFICIENT,True
2025-08-19T02:13:30Z,SA-0007278,sensor_read_audit,atk-0256,Sensor,WriteSensor,AuditLog,West,DENY,ROLE_INSUFFICIENT,True
2025-08-19T02:54:32Z,SA-0007279,sensor_read_audit,atk-0162,Sensor,WriteSensor,IrrigationControl,West,DENY,IDS_BLOCKED,True
2025-08-19T03:17:44Z,SA-0007280,sensor_read_audit,atk-0159,Sensor,ManageRoles,SensorData,West,DENY,ZONE_MISMATCH,True
2025-08-19T04:05:34Z,SA-0007281,sensor_read_audit,atk-0099,Sensor,ReadAll,IrrigationControl,East,DENY,POLICY_VIOLATION,True
2025-08-19T04:06:29Z,SA-0007282,sensor_read_audit,atk-0404,Sensor,WriteSensor,AuditLog,South,DENY,CERT_REVOKED,True
2025-08-19T04:46:20Z,SA-0007283,sensor_read_audit,atk-0241,Sensor,ControlZone,SensorData,South,DENY,OP_NOT_PERMITTED,True
2025-08-19T04:57:12Z,SA-0007284,sensor_read_audit,atk-0409,Sensor,ReadAll,SensorData,South,DENY,ROLE_INSUFFICIENT,True
2025-08-19T06:46:49Z,SA-0007285,sensor_read_audit,atk-0253,Sensor,ControlZone,IrrigationControl,North,DENY,POLICY_VIOLATION,True
2025-08-19T07:15:19Z,SA-0007286,sensor_read_audit,atk-0408,Sensor,ReadAll,IrrigationControl,West,DENY,ZONE_MISMATCH,True
2025-08-19T08:16:46Z,SA-0007287,sensor_read_audit,atk-0004,Sensor,ControlZone,RoleAssignment,East,DENY,POLICY_VIOLATION,True
2025-08-19T11:33:39Z,SA-0007288,sensor_read_audit,atk-0316,Sensor,ManageRoles,SensorData,North,DENY,POLICY_VIOLATION,True
2025-08-19T12:26:58Z,SA-0007289,sensor_read_audit,atk-0391,Sensor,ReadAudit,RoleAssignment,West,DENY,ZONE_MISMATCH,True
2025-08-19T17:53:29Z,SA-0007290,sensor_read_audit,atk-0382,Sensor,ControlZone,AuditLog,South,DENY,ROLE_INSUFFICIENT,True
2025-08-19T23:57:36Z,SA-0007291,sensor_read_audit,atk-0119,Sensor,ControlZone,IrrigationControl,South,DENY,CERT_REVOKED,True
2025-08-20T07:47:18Z,SA-0007292,sensor_read_audit,atk-0183,Sensor,ReadAll,IrrigationControl,North,DENY,OP_NOT_PERMITTED,True
2025-08-20T08:55:28Z,SA-0007293,sensor_read_audit,atk-0461,Sensor,WriteSensor,AuditLog,North,DENY,ROLE_INSUFFICIENT,True
2025-08-20T09:19:30Z,SA-0007294,sensor_read_audit,atk-0373,Sensor,ControlZone,IrrigationControl,West,DENY,ROLE_INSUFFICIENT,True
2025-08-20T11:50:43Z,SA-0007295,sensor_read_audit,atk-0464,Sensor,ReadAll,RoleAssignment,West,DENY,IDS_BLOCKED,True
2025-08-20T12:11:21Z,SA-0007296,sensor_read_audit,atk-0140,Sensor,ReadAudit,SensorData,West,DENY,ROLE_INSUFFICIENT,True
2025-08-20T12:54:54Z,SA-0007297,sensor_read_audit,atk-0316,Sensor,WriteSensor,RoleAssignment,South,DENY,ROLE_INSUFFICIENT,True
2025-08-20T15:52:00Z,SA-0007298,sensor_read_audit,atk-0084,Sensor,ControlZone,SensorData,North,DENY,IDS_BLOCKED,True
2025-08-20T16:23:09Z,SA-0007299,sensor_read_audit,atk-0063,Sensor,ReadAudit,SensorData,East,DENY,IDS_BLOCKED,True
2025-08-20T17:21:13Z,SA-0007300,sensor_read_audit,atk-0264,Sensor,ControlZone,RoleAssignment,West,DENY,POLICY_VIOLATION,True
2025-08-20T19:46:57Z,SA-0007301,sensor_read_audit,atk-0432,Sensor,WriteSensor,AuditLog,East,DENY,CERT_REVOKED,True
2025-08-20T20:20:00Z,SA-0007302,sensor_read_audit,atk-0295,Sensor,ManageRoles,AuditLog,East,DENY,POLICY_VIOLATION,True
2025-08-20T20:41:18Z,SA-0007303,sensor_read_audit,atk-0400,Sensor,WriteSensor,IrrigationControl,West,DENY,ROLE_INSUFFICIENT,True
2025-08-20T20:56:13Z,SA-0007304,sensor_read_audit,atk-0084,Sensor,WriteSensor,IrrigationControl,East,DENY,IDS_BLOCKED,True
2025-08-20T22:29:30Z,SA-0007305,sensor_read_audit,atk-0071,Sensor,ReadAudit,IrrigationControl,East,DENY,IDS_BLOCKED,True
2025-08-21T03:10:23Z,SA-0007306,sensor_read_audit,atk-0025,Sensor,ReadAll,AuditLog,West,DENY,POLICY_VIOLATION,True
2025-08-21T05:01:24Z,SA-0007307,sensor_read_audit,atk-0359,Sensor,ControlZone,RoleAssignment,East,DENY,POLICY_VIOLATION,True
2025-08-21T06:16:43Z,SA-0007308,sensor_read_audit,atk-0138,Sensor,ReadAll,AuditLog,South,DENY,ZONE_MISMATCH,True
2025-08-21T08:05:24Z,SA-0007309,sensor_read_audit,atk-0382,Sensor,ReadAll,AuditLog,South,DENY,CERT_REVOKED,True
2025-08-21T08:21:42Z,SA-0007310,sensor_read_audit,atk-0371,Sensor,ControlZone,SensorData,East,DENY,CERT_REVOKED,True
2025-08-21T09:16:37Z,SA-0007311,sensor_read_audit,atk-0377,Sensor,ReadAudit,AuditLog,South,DENY,ZONE_MISMATCH,True
2025-08-21T11:06:09Z,SA-0007312,sensor_read_audit,atk-0163,Sensor,ReadAudit,RoleAssignment,North,DENY,CERT_REVOKED,True
2025-08-21T13:07:21Z,SA-0007313,sensor_read_audit,atk-0248,Sensor,ManageRoles,IrrigationControl,South,DENY,ROLE_INSUFFICIENT,True
2025-08-21T13:30:21Z,SA-0007314,sensor_read_audit,atk-0213,Sensor,WriteSensor,RoleAssignment,South,DENY,OP_NOT_PERMITTED,True
2025-08-21T16:44:38Z,SA-0007315,sensor_read_audit,atk-0228,Sensor,ControlZone,AuditLog,North,DENY,POLICY_VIOLATION,True
2025-08-21T17:38:33Z,SA-0007316,sensor_read_audit,atk-0350,Sensor,ReadAudit,SensorData,West,DENY,OP_NOT_PERMITTED,True
2025-08-21T18:28:15Z,SA-0007317,sensor_read_audit,atk-0293,Sensor,ControlZone,RoleAssignment,North,DENY,ZONE_MISMATCH,True
2025-08-21T21:07:06Z,SA-0007318,sensor_read_audit,atk-0449,Sensor,ControlZone,IrrigationControl,East,DENY,CERT_REVOKED,True
2025-08-21T21:49:25Z,SA-0007319,sensor_read_audit,atk-0405,Sensor,ControlZone,IrrigationControl,West,DENY,ZONE_MISMATCH,True
2025-08-22T00:56:00Z,SA-0007320,sensor_read_audit,atk-0399,Sensor,WriteSensor,RoleAssignment,North,DENY,POLICY_VIOLATION,True
2025-08-22T03:07:48Z,SA-0007321,sensor_read_audit,atk-0160,Sensor,ReadAll,SensorData,South,DENY,ZONE_MISMATCH,True
2025-08-22T04:27:20Z,SA-0007322,sensor_read_audit,atk-0476,Sensor,ManageRoles,RoleAssignment,West,DENY,POLICY_VIOLATION,True
2025-08-22T05:53:19Z,SA-0007323,sensor_read_audit,atk-0358,Sensor,ControlZone,IrrigationControl,South,DENY,IDS_BLOCKED,True
2025-08-22T06:35:14Z,SA-0007324,sensor_read_audit,atk-0354,Sensor,ReadAll,RoleAssignment,South,DENY,IDS_BLOCKED,True
2025-08-22T07:08:25Z,SA-0007325,sensor_read_audit,atk-0083,Sensor,ControlZone,AuditLog,North,DENY,CERT_REVOKED,True
2025-08-22T07:16:04Z,SA-0007326,sensor_read_audit,atk-0051,Sensor,ReadAudit,AuditLog,East,DENY,POLICY_VIOLATION,True
2025-08-22T08:12:34Z,SA-0007327,sensor_read_audit,atk-0468,Sensor,ManageRoles,SensorData,East,DENY,ZONE_MISMATCH,True
2025-08-22T08:15:14Z,SA-0007328,sensor_read_audit,atk-0207,Sensor,ManageRoles,IrrigationControl,West,DENY,POLICY_VIOLATION,True
2025-08-22T10:33:17Z,SA-0007329,sensor_read_audit,atk-0489,Sensor,ReadAudit,RoleAssignment,North,DENY,IDS_BLOCKED,True
2025-08-22T11:32:01Z,SA-0007330,sensor_read_audit,atk-0174,Sensor,ReadAll,AuditLog,South,DENY,IDS_BLOCKED,True
2025-08-22T14:13:19Z,SA-0007331,sensor_read_audit,atk-0015,Sensor,WriteSensor,RoleAssignment,South,DENY,POLICY_VIOLATION,True
2025-08-22T14:26:38Z,SA-0007332,sensor_read_audit,atk-0429,Sensor,ReadAll,IrrigationControl,West,DENY,POLICY_VIOLATION,True
2025-08-22T14:30:58Z,SA-0007333,sensor_read_audit,atk-0132,Sensor,ReadAll,SensorData,North,DENY,OP_NOT_PERMITTED,True
2025-08-22T16:00:26Z,SA-0007334,sensor_read_audit,atk-0131,Sensor,WriteSensor,IrrigationControl,South,DENY,ROLE_INSUFFICIENT,True
2025-08-22T16:50:13Z,SA-0007335,sensor_read_audit,atk-0307,Sensor,WriteSensor,RoleAssignment,West,DENY,ZONE_MISMATCH,True
2025-08-22T19:17:39Z,SA-0007336,sensor_read_audit,atk-0203,Sensor,WriteSensor,SensorData,South,DENY,OP_NOT_PERMITTED,True
2025-08-22T19:27:34Z,SA-0007337,sensor_read_audit,atk-0081,Sensor,ControlZone,IrrigationControl,North,DENY,ZONE_MISMATCH,True
2025-08-22T20:36:57Z,SA-0007338,sensor_read_audit,atk-0387,Sensor,ControlZone,IrrigationControl,South,DENY,IDS_BLOCKED,True
2025-08-22T21:10:51Z,SA-0007339,sensor_read_audit,atk-0362,Sensor,WriteSensor,SensorData,South,DENY,POLICY_VIOLATION,True
2025-08-22T21:25:31Z,SA-0007340,sensor_read_audit,atk-0495,Sensor,WriteSensor,SensorData,South,DENY,ZONE_MISMATCH,True
2025-08-22T21:26:22Z,SA-0007341,sensor_read_audit,atk-0221,Sensor,ControlZone,AuditLog,North,DENY,ZONE_MISMATCH,True
2025-08-22T22:09:01Z,SA-0007342,sensor_read_audit,atk-0050,Sensor,ReadAudit,SensorData,North,DENY,CERT_REVOKED,True
2025-08-22T22:58:06Z,SA-0007343,sensor_read_audit,atk-0111,Sensor,ControlZone,AuditLog,West,DENY,ZONE_MISMATCH,True
2025-08-23T00:48:08Z,SA-0007344,sensor_read_audit,atk-0370,Sensor,ControlZone,RoleAssignment,North,DENY,CERT_REVOKED,True
2025-08-23T01:34:33Z,SA-0007345,sensor_read_audit,atk-0187,Sensor,WriteSensor,AuditLog,North,DENY,POLICY_VIOLATION,True
2025-08-23T07:48:56Z,SA-0007346,sensor_read_audit,atk-0340,Sensor,WriteSensor,IrrigationControl,West,DENY,ZONE_MISMATCH,True
2025-08-23T07:53:06Z,SA-0007347,sensor_read_audit,atk-0418,Sensor,ControlZone,AuditLog,East,DENY,OP_NOT_PERMITTED,True
2025-08-23T08:45:17Z,SA-0007348,sensor_read_audit,atk-0357,Sensor,ReadAudit,IrrigationControl,South,DENY,ZONE_MISMATCH,True
2025-08-23T11:22:02Z,SA-0007349,sensor_read_audit,atk-0242,Sensor,ControlZone,IrrigationControl,South,DENY,CERT_REVOKED,True
2025-08-23T14:50:34Z,SA-0007350,sensor_read_audit,atk-0334,Sensor,ManageRoles,RoleAssignment,West,DENY,CERT_REVOKED,True
2025-08-23T15:39:28Z,SA-0007351,sensor_read_audit,atk-0330,Sensor,ControlZone,AuditLog,North,DENY,ZONE_MISMATCH,True
2025-08-23T16:33:21Z,SA-0007352,sensor_read_audit,atk-0052,Sensor,WriteSensor,IrrigationControl,South,DENY,OP_NOT_PERMITTED,True
2025-08-23T16:56:59Z,SA-0007353,sensor_read_audit,atk-0294,Sensor,ReadAll,AuditLog,West,DENY,ZONE_MISMATCH,True
2025-08-23T17:47:37Z,SA-0007354,sensor_read_audit,atk-0198,Sensor,ManageRoles,RoleAssignment,East,DENY,IDS_BLOCKED,True
2025-08-23T19:58:35Z,SA-0007355,sensor_read_audit,atk-0163,Sensor,WriteSensor,IrrigationControl,South,DENY,OP_NOT_PERMITTED,True
2025-08-23T20:51:09Z,SA-0007356,sensor_read_audit,atk-0142,Sensor,ManageRoles,RoleAssignment,East,DENY,ROLE_INSUFFICIENT,True
2025-08-23T21:19:30Z,SA-0007357,sensor_read_audit,atk-0466,Sensor,ControlZone,SensorData,East,DENY,ROLE_INSUFFICIENT,True
2025-08-23T21:44:13Z,SA-0007358,sensor_read_audit,atk-0254,Sensor,ReadAudit,SensorData,North,DENY,IDS_BLOCKED,True
2025-08-23T22:37:17Z,SA-0007359,sensor_read_audit,atk-0494,Sensor,ControlZone,AuditLog,East,DENY,CERT_REVOKED,True
2025-08-24T07:17:42Z,SA-0007360,sensor_read_audit,atk-0451,Sensor,ReadAll,IrrigationControl,East,DENY,ROLE_INSUFFICIENT,True
2025-08-24T08:17:23Z,SA-0007361,sensor_read_audit,atk-0298,Sensor,ReadAll,RoleAssignment,South,DENY,OP_NOT_PERMITTED,True
2025-08-24T08:48:59Z,SA-0007362,sensor_read_audit,atk-0172,Sensor,ReadAudit,RoleAssignment,East,DENY,POLICY_VIOLATION,True
2025-08-24T09:08:55Z,SA-0007363,sensor_read_audit,atk-0071,Sensor,ReadAudit,SensorData,North,DENY,ZONE_MISMATCH,True
2025-08-24T10:24:34Z,SA-0007364,sensor_read_audit,atk-0419,Sensor,ReadAll,IrrigationControl,West,DENY,POLICY_VIOLATION,True
2025-08-24T10:38:11Z,SA-0007365,sensor_read_audit,atk-0236,Sensor,ReadAudit,RoleAssignment,South,DENY,OP_NOT_PERMITTED,True
2025-08-24T14:04:02Z,SA-0007366,sensor_read_audit,atk-0465,Sensor,ManageRoles,RoleAssignment,West,DENY,IDS_BLOCKED,True
2025-08-24T14:05:30Z,SA-0007367,sensor_read_audit,atk-0026,Sensor,ManageRoles,IrrigationControl,East,DENY,ROLE_INSUFFICIENT,True
2025-08-24T14:06:38Z,SA-0007368,sensor_read_audit,atk-0243,Sensor,ControlZone,RoleAssignment,North,DENY,ZONE_MISMATCH,True
2025-08-24T14:37:42Z,SA-0007369,sensor_read_audit,atk-0247,Sensor,ReadAudit,IrrigationControl,West,DENY,POLICY_VIOLATION,True
2025-08-24T16:28:49Z,SA-0007370,sensor_read_audit,atk-0450,Sensor,ReadAudit,IrrigationControl,South,DENY,IDS_BLOCKED,True
2025-08-24T16:41:47Z,SA-0007371,sensor_read_audit,atk-0203,Sensor,ManageRoles,RoleAssignment,East,DENY,CERT_REVOKED,True
2025-08-24T16:49:10Z,SA-0007372,sensor_read_audit,atk-0221,Sensor,ReadAll,AuditLog,East,DENY,CERT_REVOKED,True
2025-08-24T17:06:10Z,SA-0007373,sensor_read_audit,atk-0096,Sensor,WriteSensor,IrrigationControl,South,DENY,OP_NOT_PERMITTED,True
2025-08-24T21:07:13Z,SA-0007374,sensor_read_audit,atk-0156,Sensor,WriteSensor,AuditLog,West,DENY,OP_NOT_PERMITTED,True
2025-08-24T21:43:39Z,SA-0007375,sensor_read_audit,atk-0259,Sensor,WriteSensor,SensorData,West,DENY,CERT_REVOKED,True
2025-08-24T23:03:30Z,SA-0007376,sensor_read_audit,atk-0394,Sensor,ReadAudit,AuditLog,East,DENY,POLICY_VIOLATION,True
2025-08-24T23:11:44Z,SA-0007377,sensor_read_audit,atk-0272,Sensor,WriteSensor,AuditLog,South,DENY,ZONE_MISMATCH,True
2025-08-24T23:16:36Z,SA-0007378,sensor_read_audit,atk-0119,Sensor,WriteSensor,SensorData,South,DENY,OP_NOT_PERMITTED,True
2025-08-24T23:34:09Z,SA-0007379,sensor_read_audit,atk-0361,Sensor,WriteSensor,IrrigationControl,East,DENY,OP_NOT_PERMITTED,True
2025-08-25T00:10:42Z,SA-0007380,sensor_read_audit,atk-0261,Sensor,WriteSensor,RoleAssignment,South,DENY,CERT_REVOKED,True
2025-08-25T00:25:23Z,SA-0007381,sensor_read_audit,atk-0093,Sensor,ReadAudit,AuditLog,West,DENY,ROLE_INSUFFICIENT,True
2025-08-25T00:33:22Z,SA-0007382,sensor_read_audit,atk-0490,Sensor,ControlZone,RoleAssignment,South,DENY,POLICY_VIOLATION,True
2025-08-25T02:03:27Z,SA-0007383,sensor_read_audit,atk-0298,Sensor,ManageRoles,IrrigationControl,North,DENY,IDS_BLOCKED,True
2025-08-25T03:01:49Z,SA-0007384,sensor_read_audit,atk-0173,Sensor,ReadAudit,RoleAssignment,South,DENY,ZONE_MISMATCH,True
2025-08-25T06:29:56Z,SA-0007385,sensor_read_audit,atk-0041,Sensor,ControlZone,RoleAssignment,West,DENY,POLICY_VIOLATION,True
2025-08-25T06:47:48Z,SA-0007386,sensor_read_audit,atk-0114,Sensor,WriteSensor,RoleAssignment,South,DENY,IDS_BLOCKED,True
2025-08-25T09:12:34Z,SA-0007387,sensor_read_audit,atk-0260,Sensor,ReadAll,AuditLog,South,DENY,ZONE_MISMATCH,True
2025-08-25T10:22:28Z,SA-0007388,sensor_read_audit,atk-0160,Sensor,WriteSensor,SensorData,South,DENY,CERT_REVOKED,True
2025-08-25T10:27:56Z,SA-0007389,sensor_read_audit,atk-0429,Sensor,WriteSensor,AuditLog,East,DENY,ROLE_INSUFFICIENT,True
2025-08-25T10:39:42Z,SA-0007390,sensor_read_audit,atk-0235,Sensor,WriteSensor,SensorData,South,DENY,ZONE_MISMATCH,True
2025-08-25T11:08:11Z,SA-0007391,sensor_read_audit,atk-0283,Sensor,ManageRoles,AuditLog,East,DENY,CERT_REVOKED,True
2025-08-25T11:22:56Z,SA-0007392,sensor_read_audit,atk-0442,Sensor,ReadAll,IrrigationControl,East,DENY,ZONE_MISMATCH,True
2025-08-25T11:42:47Z,SA-0007393,sensor_read_audit,atk-0138,Sensor,ControlZone,AuditLog,North,DENY,ZONE_MISMATCH,True
2025-08-25T15:07:40Z,SA-0007394,sensor_read_audit,atk-0355,Sensor,ManageRoles,IrrigationControl,South,DENY,POLICY_VIOLATION,True
2025-08-25T16:31:30Z,SA-0007395,sensor_read_audit,atk-0265,Sensor,ControlZone,AuditLog,North,DENY,IDS_BLOCKED,True
2025-08-25T22:15:27Z,SA-0007396,sensor_read_audit,atk-0334,Sensor,ManageRoles,SensorData,North,DENY,ROLE_INSUFFICIENT,True
2025-08-25T23:31:46Z,SA-0007397,sensor_read_audit,atk-0049,Sensor,ControlZone,AuditLog,West,DENY,ZONE_MISMATCH,True
2025-08-26T01:26:39Z,SA-0007398,sensor_read_audit,atk-0120,Sensor,ReadAudit,SensorData,East,DENY,ROLE_INSUFFICIENT,True
2025-08-26T01:47:07Z,SA-0007399,sensor_read_audit,atk-0178,Sensor,ControlZone,IrrigationControl,South,DENY,CERT_REVOKED,True
2025-08-26T01:54:12Z,SA-0007400,sensor_read_audit,atk-0134,Sensor,ControlZone,IrrigationControl,South,DENY,ZONE_MISMATCH,True
2025-08-26T04:24:41Z,SA-0007401,sensor_read_audit,atk-0290,Sensor,ReadAudit,SensorData,South,DENY,IDS_BLOCKED,True
2025-08-26T04:55:48Z,SA-0007402,sensor_read_audit,atk-0459,Sensor,ManageRoles,RoleAssignment,West,DENY,OP_NOT_PERMITTED,True
2025-08-26T05:06:28Z,SA-0007403,sensor_read_audit,atk-0145,Sensor,ReadAll,SensorData,East,DENY,ZONE_MISMATCH,True
2025-08-26T05:28:40Z,SA-0007404,sensor_read_audit,atk-0310,Sensor,ReadAudit,RoleAssignment,West,DENY,OP_NOT_PERMITTED,True
2025-08-26T05:34:23Z,SA-0007405,sensor_read_audit,atk-0430,Sensor,ControlZone,RoleAssignment,East,DENY,POLICY_VIOLATION,True
2025-08-26T06:26:19Z,SA-0007406,sensor_read_audit,atk-0121,Sensor,ReadAudit,AuditLog,East,DENY,OP_NOT_PERMITTED,True
2025-08-26T15:43:20Z,SA-0007407,sensor_read_audit,atk-0143,Sensor,ReadAudit,IrrigationControl,South,DENY,CERT_REVOKED,True
2025-08-26T16:59:00Z,SA-0007408,sensor_read_audit,atk-0261,Sensor,ReadAudit,RoleAssignment,South,DENY,IDS_BLOCKED,True
2025-08-26T18:47:54Z,SA-0007409,sensor_read_audit,atk-0179,Sensor,WriteSensor,AuditLog,East,DENY,POLICY_VIOLATION,True
2025-08-26T22:55:11Z,SA-0007410,sensor_read_audit,atk-0484,Sensor,ReadAll,AuditLog,West,DENY,ZONE_MISMATCH,True
2025-08-26T23:05:26Z,SA-0007411,sensor_read_audit,atk-0104,Sensor,ReadAll,AuditLog,West,DENY,POLICY_VIOLATION,True
2025-08-27T00:46:34Z,SA-0007412,sensor_read_audit,atk-0282,Sensor,ReadAudit,RoleAssignment,West,DENY,ROLE_INSUFFICIENT,True
2025-08-27T03:27:21Z,SA-0007413,sensor_read_audit,atk-0014,Sensor,ControlZone,RoleAssignment,West,DENY,POLICY_VIOLATION,True
2025-08-27T03:43:07Z,SA-0007414,sensor_read_audit,atk-0393,Sensor,ManageRoles,AuditLog,East,DENY,POLICY_VIOLATION,True
2025-08-27T04:23:04Z,SA-0007415,sensor_read_audit,atk-0228,Sensor,ManageRoles,AuditLog,South,DENY,POLICY_VIOLATION,True
2025-08-27T09:55:57Z,SA-0007416,sensor_read_audit,atk-0308,Sensor,ControlZone,SensorData,East,DENY,POLICY_VIOLATION,True
2025-08-27T10:21:00Z,SA-0007417,sensor_read_audit,atk-0471,Sensor,ControlZone,RoleAssignment,West,DENY,ROLE_INSUFFICIENT,True
2025-08-27T11:05:56Z,SA-0007418,sensor_read_audit,atk-0089,Sensor,ReadAudit,SensorData,East,DENY,CERT_REVOKED,True
2025-08-27T16:42:25Z,SA-0007419,sensor_read_audit,atk-0160,Sensor,ReadAudit,SensorData,North,DENY,ZONE_MISMATCH,True
2025-08-27T17:22:02Z,SA-0007420,sensor_read_audit,atk-0445,Sensor,ReadAudit,RoleAssignment,South,DENY,OP_NOT_PERMITTED,True
2025-08-27T19:11:41Z,SA-0007421,sensor_read_audit,atk-0128,Sensor,ReadAudit,IrrigationControl,West,DENY,CERT_REVOKED,True
2025-08-28T01:41:19Z,SA-0007422,sensor_read_audit,atk-0096,Sensor,WriteSensor,AuditLog,North,DENY,ZONE_MISMATCH,True
2025-08-28T02:40:25Z,SA-0007423,sensor_read_audit,atk-0254,Sensor,ManageRoles,SensorData,South,DENY,IDS_BLOCKED,True
2025-08-28T05:04:21Z,SA-0007424,sensor_read_audit,atk-0387,Sensor,ControlZone,SensorData,West,DENY,ZONE_MISMATCH,True
2025-08-28T06:06:24Z,SA-0007425,sensor_read_audit,atk-0402,Sensor,ReadAll,RoleAssignment,South,DENY,POLICY_VIOLATION,True
2025-08-28T06:28:32Z,SA-0007426,sensor_read_audit,atk-0372,Sensor,ControlZone,SensorData,South,DENY,OP_NOT_PERMITTED,True
2025-08-28T08:38:05Z,SA-0007427,sensor_read_audit,atk-0152,Sensor,ManageRoles,SensorData,East,DENY,ZONE_MISMATCH,True
2025-08-28T08:59:10Z,SA-0007428,sensor_read_audit,atk-0167,Sensor,ControlZone,AuditLog,South,DENY,POLICY_VIOLATION,True
2025-08-28T09:06:15Z,SA-0007429,sensor_read_audit,atk-0354,Sensor,ControlZone,SensorData,South,DENY,ROLE_INSUFFICIENT,True
2025-08-28T10:38:33Z,SA-0007430,sensor_read_audit,atk-0008,Sensor,WriteSensor,RoleAssignment,North,DENY,OP_NOT_PERMITTED,True
2025-08-28T11:39:00Z,SA-0007431,sensor_read_audit,atk-0381,Sensor,ReadAll,RoleAssignment,South,DENY,ZONE_MISMATCH,True
2025-08-28T11:41:39Z,SA-0007432,sensor_read_audit,atk-0300,Sensor,ManageRoles,IrrigationControl,West,DENY,OP_NOT_PERMITTED,True
2025-08-28T11:49:52Z,SA-0007433,sensor_read_audit,atk-0490,Sensor,WriteSensor,IrrigationControl,North,DENY,ZONE_MISMATCH,True
2025-08-28T13:09:05Z,SA-0007434,sensor_read_audit,atk-0123,Sensor,WriteSensor,AuditLog,West,DENY,ROLE_INSUFFICIENT,True
2025-08-28T17:54:14Z,SA-0007435,sensor_read_audit,atk-0438,Sensor,WriteSensor,SensorData,East,DENY,IDS_BLOCKED,True
2025-08-28T18:12:01Z,SA-0007436,sensor_read_audit,atk-0189,Sensor,ReadAudit,SensorData,West,DENY,POLICY_VIOLATION,True
2025-08-28T18:35:58Z,SA-0007437,sensor_read_audit,atk-0381,Sensor,ReadAudit,RoleAssignment,West,DENY,IDS_BLOCKED,True
2025-08-28T20:36:19Z,SA-0007438,sensor_read_audit,atk-0252,Sensor,ManageRoles,IrrigationControl,North,DENY,ROLE_INSUFFICIENT,True
2025-08-28T21:55:04Z,SA-0007439,sensor_read_audit,atk-0489,Sensor,WriteSensor,SensorData,West,DENY,IDS_BLOCKED,True
2025-08-28T22:51:52Z,SA-0007440,sensor_read_audit,atk-0385,Sensor,WriteSensor,AuditLog,North,DENY,ROLE_INSUFFICIENT,True
2025-08-29T00:05:45Z,SA-0007441,sensor_read_audit,atk-0268,Sensor,ControlZone,SensorData,South,DENY,ZONE_MISMATCH,True
2025-08-29T01:13:19Z,SA-0007442,sensor_read_audit,atk-0256,Sensor,ReadAudit,IrrigationControl,South,DENY,ZONE_MISMATCH,True
2025-08-29T02:41:45Z,SA-0007443,sensor_read_audit,atk-0159,Sensor,ControlZone,AuditLog,West,DENY,POLICY_VIOLATION,True
2025-08-29T03:12:04Z,SA-0007444,sensor_read_audit,atk-0331,Sensor,ReadAll,SensorData,North,DENY,CERT_REVOKED,True
2025-08-29T04:33:26Z,SA-0007445,sensor_read_audit,atk-0007,Sensor,ManageRoles,AuditLog,East,DENY,POLICY_VIOLATION,True
2025-08-29T04:35:48Z,SA-0007446,sensor_read_audit,atk-0096,Sensor,ControlZone,RoleAssignment,West,DENY,POLICY_VIOLATION,True
2025-08-29T07:25:24Z,SA-0007447,sensor_read_audit,atk-0414,Sensor,WriteSensor,AuditLog,West,DENY,IDS_BLOCKED,True
2025-08-29T08:29:00Z,SA-0007448,sensor_read_audit,atk-0207,Sensor,WriteSensor,RoleAssignment,East,DENY,POLICY_VIOLATION,True
2025-08-29T08:51:38Z,SA-0007449,sensor_read_audit,atk-0449,Sensor,ReadAll,AuditLog,West,DENY,POLICY_VIOLATION,True
2025-08-29T11:09:32Z,SA-0007450,sensor_read_audit,atk-0374,Sensor,ReadAll,IrrigationControl,South,DENY,POLICY_VIOLATION,True
2025-08-29T11:40:50Z,SA-0007451,sensor_read_audit,atk-0365,Sensor,WriteSensor,IrrigationControl,North,DENY,CERT_REVOKED,True
2025-08-29T11:48:26Z,SA-0007452,sensor_read_audit,atk-0153,Sensor,ManageRoles,IrrigationControl,South,DENY,IDS_BLOCKED,True
2025-08-29T12:47:52Z,SA-0007453,sensor_read_audit,atk-0308,Sensor,ReadAll,IrrigationControl,North,DENY,POLICY_VIOLATION,True
2025-08-29T13:23:46Z,SA-0007454,sensor_read_audit,atk-0444,Sensor,ManageRoles,SensorData,South,DENY,ROLE_INSUFFICIENT,True
2025-08-29T14:35:25Z,SA-0007455,sensor_read_audit,atk-0181,Sensor,ControlZone,IrrigationControl,West,DENY,CERT_REVOKED,True
2025-08-29T15:06:46Z,SA-0007456,sensor_read_audit,atk-0311,Sensor,ControlZone,AuditLog,North,DENY,OP_NOT_PERMITTED,True
2025-08-29T17:51:08Z,SA-0007457,sensor_read_audit,atk-0112,Sensor,ManageRoles,RoleAssignment,East,DENY,ROLE_INSUFFICIENT,True
2025-08-29T18:29:23Z,SA-0007458,sensor_read_audit,atk-0364,Sensor,ManageRoles,RoleAssignment,West,DENY,CERT_REVOKED,True
2025-08-29T19:16:55Z,SA-0007459,sensor_read_audit,atk-0064,Sensor,ReadAll,IrrigationControl,North,DENY,IDS_BLOCKED,True
2025-08-29T20:04:47Z,SA-0007460,sensor_read_audit,atk-0202,Sensor,ReadAudit,SensorData,East,DENY,IDS_BLOCKED,True
2025-08-29T20:17:03Z,SA-0007461,sensor_read_audit,atk-0379,Sensor,ManageRoles,SensorData,South,DENY,IDS_BLOCKED,True
2025-08-30T00:12:46Z,SA-0007462,sensor_read_audit,atk-0030,Sensor,ControlZone,AuditLog,West,DENY,IDS_BLOCKED,True
2025-08-30T01:22:21Z,SA-0007463,sensor_read_audit,atk-0461,Sensor,ManageRoles,SensorData,West,DENY,ROLE_INSUFFICIENT,True
2025-08-30T06:37:15Z,SA-0007464,sensor_read_audit,atk-0320,Sensor,ReadAudit,RoleAssignment,West,DENY,ROLE_INSUFFICIENT,True
2025-08-30T06:45:30Z,SA-0007465,sensor_read_audit,atk-0024,Sensor,ReadAll,RoleAssignment,South,DENY,IDS_BLOCKED,True
2025-08-30T09:10:24Z,SA-0007466,sensor_read_audit,atk-0451,Sensor,ControlZone,RoleAssignment,East,DENY,OP_NOT_PERMITTED,True
2025-08-30T10:47:28Z,SA-0007467,sensor_read_audit,atk-0261,Sensor,ReadAll,RoleAssignment,West,DENY,ZONE_MISMATCH,True
2025-08-30T12:27:27Z,SA-0007468,sensor_read_audit,atk-0098,Sensor,ReadAll,RoleAssignment,East,DENY,OP_NOT_PERMITTED,True
2025-08-30T12:41:24Z,SA-0007469,sensor_read_audit,atk-0120,Sensor,ReadAll,IrrigationControl,North,DENY,ZONE_MISMATCH,True
2025-08-30T13:02:55Z,SA-0007470,sensor_read_audit,atk-0497,Sensor,ManageRoles,IrrigationControl,East,DENY,POLICY_VIOLATION,True
2025-08-30T15:24:12Z,SA-0007471,sensor_read_audit,atk-0188,Sensor,ReadAll,AuditLog,East,DENY,CERT_REVOKED,True
2025-08-30T16:02:32Z,SA-0007472,sensor_read_audit,atk-0369,Sensor,ReadAll,AuditLog,South,DENY,IDS_BLOCKED,True
2025-08-30T19:13:34Z,SA-0007473,sensor_read_audit,atk-0104,Sensor,ReadAudit,IrrigationControl,West,DENY,ZONE_MISMATCH,True
2025-08-30T21:21:47Z,SA-0007474,sensor_read_audit,atk-0184,Sensor,ReadAudit,RoleAssignment,East,DENY,OP_NOT_PERMITTED,True
2025-08-30T22:46:24Z,SA-0007475,sensor_read_audit,atk-0359,Sensor,ControlZone,AuditLog,East,DENY,CERT_REVOKED,True
2025-08-31T03:29:27Z,SA-0007476,sensor_read_audit,atk-0096,Sensor,ReadAll,IrrigationControl,West,DENY,CERT_REVOKED,True
2025-08-31T07:42:07Z,SA-0007477,sensor_read_audit,atk-0111,Sensor,ReadAudit,SensorData,South,DENY,POLICY_VIOLATION,True
2025-08-31T07:42:43Z,SA-0007478,sensor_read_audit,atk-0133,Sensor,ControlZone,RoleAssignment,East,DENY,IDS_BLOCKED,True
2025-08-31T07:49:01Z,SA-0007479,sensor_read_audit,atk-0064,Sensor,ReadAll,RoleAssignment,West,DENY,IDS_BLOCKED,True
2025-08-31T08:01:04Z,SA-0007480,sensor_read_audit,atk-0440,Sensor,ManageRoles,RoleAssignment,East,DENY,ZONE_MISMATCH,True
2025-08-31T11:10:23Z,SA-0007481,sensor_read_audit,atk-0349,Sensor,ControlZone,SensorData,South,DENY,OP_NOT_PERMITTED,True
2025-08-31T14:07:50Z,SA-0007482,sensor_read_audit,atk-0067,Sensor,ControlZone,IrrigationControl,East,DENY,ROLE_INSUFFICIENT,True
2025-08-31T14:20:28Z,SA-0007483,sensor_read_audit,atk-0015,Sensor,ReadAudit,IrrigationControl,East,DENY,ROLE_INSUFFICIENT,True
2025-08-31T14:35:42Z,SA-0007484,sensor_read_audit,atk-0212,Sensor,ControlZone,AuditLog,South,DENY,POLICY_VIOLATION,True
2025-08-31T15:55:59Z,SA-0007485,sensor_read_audit,atk-0235,Sensor,ManageRoles,RoleAssignment,South,DENY,ZONE_MISMATCH,True
2025-08-31T18:01:35Z,SA-0007486,sensor_read_audit,atk-0196,Sensor,ReadAll,RoleAssignment,West,DENY,CERT_REVOKED,True
2025-08-31T20:04:14Z,SA-0007487,sensor_read_audit,atk-0491,Sensor,ReadAudit,SensorData,East,DENY,POLICY_VIOLATION,True
2025-08-31T21:07:47Z,SA-0007488,sensor_read_audit,atk-0253,Sensor,ControlZone,IrrigationControl,North,DENY,ZONE_MISMATCH,True
2025-08-31T22:03:28Z,SA-0007489,sensor_read_audit,atk-0296,Sensor,ManageRoles,IrrigationControl,East,DENY,OP_NOT_PERMITTED,True
2025-09-01T00:23:45Z,SA-0007490,sensor_read_audit,atk-0082,Sensor,ReadAll,AuditLog,North,DENY,IDS_BLOCKED,True
2025-09-01T00:25:43Z,SA-0007491,sensor_read_audit,atk-0215,Sensor,ReadAudit,SensorData,East,DENY,IDS_BLOCKED,True
2025-09-01T02:19:24Z,SA-0007492,sensor_read_audit,atk-0348,Sensor,WriteSensor,SensorData,South,DENY,OP_NOT_PERMITTED,True
2025-09-01T05:40:17Z,SA-0007493,sensor_read_audit,atk-0165,Sensor,ReadAll,SensorData,South,DENY,OP_NOT_PERMITTED,True
2025-09-01T06:04:57Z,SA-0007494,sensor_read_audit,atk-0426,Sensor,ManageRoles,AuditLog,West,DENY,POLICY_VIOLATION,True
2025-09-01T06:36:54Z,SA-0007495,sensor_read_audit,atk-0295,Sensor,WriteSensor,IrrigationControl,South,DENY,CERT_REVOKED,True
2025-09-01T07:03:19Z,SA-0007496,sensor_read_audit,atk-0414,Sensor,ReadAll,IrrigationControl,West,DENY,ZONE_MISMATCH,True
2025-09-01T09:18:33Z,SA-0007497,sensor_read_audit,atk-0377,Sensor,ControlZone,RoleAssignment,North,DENY,CERT_REVOKED,True
2025-09-01T09:28:33Z,SA-0007498,sensor_read_audit,atk-0018,Sensor,WriteSensor,IrrigationControl,East,DENY,OP_NOT_PERMITTED,True
2025-09-01T09:38:22Z,SA-0007499,sensor_read_audit,atk-0381,Sensor,ReadAudit,AuditLog,East,DENY,ZONE_MISMATCH,True
2025-09-01T10:41:42Z,SA-0007500,sensor_read_audit,atk-0095,Sensor,ControlZone,IrrigationControl,West,DENY,OP_NOT_PERMITTED,True
2025-09-01T12:57:04Z,SA-0007501,sensor_read_audit,atk-0352,Sensor,ManageRoles,IrrigationControl,South,DENY,IDS_BLOCKED,True
2025-09-01T14:12:48Z,SA-0007502,sensor_read_audit,atk-0096,Sensor,ReadAll,RoleAssignment,West,DENY,ZONE_MISMATCH,True
2025-09-01T15:16:15Z,SA-0007503,sensor_read_audit,atk-0286,Sensor,ManageRoles,RoleAssignment,South,DENY,IDS_BLOCKED,True
2025-09-01T16:10:35Z,SA-0007504,sensor_read_audit,atk-0101,Sensor,WriteSensor,SensorData,East,DENY,ROLE_INSUFFICIENT,True
2025-09-01T20:05:47Z,SA-0007505,sensor_read_audit,atk-0055,Sensor,ControlZone,RoleAssignment,South,DENY,IDS_BLOCKED,True
2025-09-01T20:59:30Z,SA-0007506,sensor_read_audit,atk-0346,Sensor,WriteSensor,SensorData,North,DENY,OP_NOT_PERMITTED,True
2025-09-01T21:41:49Z,SA-0007507,sensor_read_audit,atk-0146,Sensor,WriteSensor,RoleAssignment,East,DENY,OP_NOT_PERMITTED,True
2025-09-01T22:18:34Z,SA-0007508,sensor_read_audit,atk-0143,Sensor,ManageRoles,IrrigationControl,West,DENY,CERT_REVOKED,True
2025-09-01T23:24:47Z,SA-0007509,sensor_read_audit,atk-0410,Sensor,ControlZone,RoleAssignment,North,DENY,POLICY_VIOLATION,True
2025-09-02T01:11:39Z,SA-0007510,sensor_read_audit,atk-0322,Sensor,ManageRoles,SensorData,East,DENY,ROLE_INSUFFICIENT,True
2025-09-02T02:08:53Z,SA-0007511,sensor_read_audit,atk-0352,Sensor,ReadAll,SensorData,North,DENY,POLICY_VIOLATION,True
2025-09-02T02:11:07Z,SA-0007512,sensor_read_audit,atk-0256,Sensor,ManageRoles,RoleAssignment,North,DENY,CERT_REVOKED,True
2025-09-02T02:51:04Z,SA-0007513,sensor_read_audit,atk-0181,Sensor,WriteSensor,RoleAssignment,East,DENY,OP_NOT_PERMITTED,True
2025-09-02T06:36:44Z,SA-0007514,sensor_read_audit,atk-0048,Sensor,ControlZone,AuditLog,South,DENY,OP_NOT_PERMITTED,True
2025-09-02T06:39:36Z,SA-0007515,sensor_read_audit,atk-0266,Sensor,ManageRoles,RoleAssignment,North,DENY,POLICY_VIOLATION,True
2025-09-02T06:48:18Z,SA-0007516,sensor_read_audit,atk-0433,Sensor,ControlZone,AuditLog,South,DENY,POLICY_VIOLATION,True
2025-09-02T07:16:57Z,SA-0007517,sensor_read_audit,atk-0445,Sensor,ReadAll,AuditLog,South,DENY,IDS_BLOCKED,True
2025-09-02T08:49:16Z,SA-0007518,sensor_read_audit,atk-0265,Sensor,ReadAll,IrrigationControl,East,DENY,ZONE_MISMATCH,True
2025-09-02T09:11:48Z,SA-0007519,sensor_read_audit,atk-0329,Sensor,ManageRoles,SensorData,East,DENY,POLICY_VIOLATION,True
2025-09-02T09:57:59Z,SA-0007520,sensor_read_audit,atk-0363,Sensor,ReadAudit,IrrigationControl,South,DENY,ZONE_MISMATCH,True
2025-09-02T12:09:18Z,SA-0007521,sensor_read_audit,atk-0334,Sensor,ControlZone,SensorData,North,DENY,ROLE_INSUFFICIENT,True
2025-09-02T15:04:56Z,SA-0007522,sensor_read_audit,atk-0247,Sensor,ReadAudit,RoleAssignment,North,DENY,POLICY_VIOLATION,True
2025-09-02T15:35:30Z,SA-0007523,sensor_read_audit,atk-0484,Sensor,ReadAll,IrrigationControl,South,DENY,CERT_REVOKED,True
2025-09-02T17:10:56Z,SA-0007524,sensor_read_audit,atk-0397,Sensor,WriteSensor,AuditLog,West,DENY,POLICY_VIOLATION,True
2025-09-02T21:36:39Z,SA-0007525,sensor_read_audit,atk-0434,Sensor,ReadAudit,SensorData,North,DENY,OP_NOT_PERMITTED,True
2025-09-02T22:07:52Z,SA-0007526,sensor_read_audit,atk-0452,Sensor,WriteSensor,IrrigationControl,South,DENY,ROLE_INSUFFICIENT,True
2025-09-03T00:20:02Z,SA-0007527,sensor_read_audit,atk-0172,Sensor,WriteSensor,RoleAssignment,South,DENY,IDS_BLOCKED,True
2025-09-03T02:37:07Z,SA-0007528,sensor_read_audit,atk-0189,Sensor,ManageRoles,SensorData,West,DENY,ROLE_INSUFFICIENT,True
2025-09-03T08:28:30Z,SA-0007529,sensor_read_audit,atk-0357,Sensor,ReadAll,SensorData,North,DENY,IDS_BLOCKED,True
2025-09-03T18:29:46Z,SA-0007530,sensor_read_audit,atk-0264,Sensor,ReadAudit,AuditLog,South,DENY,POLICY_VIOLATION,True
2025-09-03T19:12:59Z,SA-0007531,sensor_read_audit,atk-0150,Sensor,WriteSensor,IrrigationControl,East,DENY,CERT_REVOKED,True
2025-09-03T22:26:06Z,SA-0007532,sensor_read_audit,atk-0470,Sensor,ReadAll,SensorData,West,DENY,OP_NOT_PERMITTED,True
2025-09-04T00:37:30Z,SA-0007533,sensor_read_audit,atk-0298,Sensor,ControlZone,IrrigationControl,North,DENY,ROLE_INSUFFICIENT,True
2025-09-04T00:43:54Z,SA-0007534,sensor_read_audit,atk-0352,Sensor,ControlZone,IrrigationControl,North,DENY,ROLE_INSUFFICIENT,True
2025-09-04T01:38:11Z,SA-0007535,sensor_read_audit,atk-0313,Sensor,ReadAudit,IrrigationControl,East,DENY,POLICY_VIOLATION,True
2025-09-04T01:51:41Z,SA-0007536,sensor_read_audit,atk-0020,Sensor,ControlZone,SensorData,East,DENY,OP_NOT_PERMITTED,True
2025-09-04T03:32:11Z,SA-0007537,sensor_read_audit,atk-0458,Sensor,ReadAll,SensorData,North,DENY,ROLE_INSUFFICIENT,True
2025-09-04T03:38:12Z,SA-0007538,sensor_read_audit,atk-0323,Sensor,ReadAll,IrrigationControl,West,DENY,POLICY_VIOLATION,True
2025-09-04T06:12:49Z,SA-0007539,sensor_read_audit,atk-0488,Sensor,WriteSensor,IrrigationControl,South,DENY,POLICY_VIOLATION,True
2025-09-04T10:23:22Z,SA-0007540,sensor_read_audit,atk-0096,Sensor,ReadAudit,SensorData,East,DENY,POLICY_VIOLATION,True
2025-09-04T12:03:51Z,SA-0007541,sensor_read_audit,atk-0142,Sensor,ControlZone,IrrigationControl,East,DENY,OP_NOT_PERMITTED,True
2025-09-04T13:24:27Z,SA-0007542,sensor_read_audit,atk-0338,Sensor,ControlZone,AuditLog,South,DENY,IDS_BLOCKED,True
2025-09-04T16:28:16Z,SA-0007543,sensor_read_audit,atk-0320,Sensor,ReadAudit,RoleAssignment,East,DENY,CERT_REVOKED,True
2025-09-04T17:41:47Z,SA-0007544,sensor_read_audit,atk-0037,Sensor,ReadAll,SensorData,East,DENY,ZONE_MISMATCH,True
2025-09-04T18:36:43Z,SA-0007545,sensor_read_audit,atk-0163,Sensor,ReadAll,RoleAssignment,West,DENY,ZONE_MISMATCH,True
2025-09-04T21:54:07Z,SA-0007546,sensor_read_audit,atk-0315,Sensor,ReadAll,RoleAssignment,South,DENY,POLICY_VIOLATION,True
2025-09-05T01:44:27Z,SA-0007547,sensor_read_audit,atk-0169,Sensor,ReadAll,RoleAssignment,North,DENY,IDS_BLOCKED,True
2025-09-05T04:25:37Z,SA-0007548,sensor_read_audit,atk-0209,Sensor,ManageRoles,IrrigationControl,East,DENY,ZONE_MISMATCH,True
2025-09-05T04:41:36Z,SA-0007549,sensor_read_audit,atk-0161,Sensor,ReadAll,AuditLog,North,DENY,IDS_BLOCKED,True
2025-09-05T06:59:15Z,SA-0007550,sensor_read_audit,atk-0128,Sensor,ReadAudit,SensorData,West,DENY,IDS_BLOCKED,True
2025-09-05T07:10:19Z,SA-0007551,sensor_read_audit,atk-0387,Sensor,WriteSensor,RoleAssignment,West,DENY,IDS_BLOCKED,True
2025-09-05T10:38:04Z,SA-0007552,sensor_read_audit,atk-0268,Sensor,ManageRoles,RoleAssignment,North,DENY,IDS_BLOCKED,True
2025-09-05T12:56:05Z,SA-0007553,sensor_read_audit,atk-0176,Sensor,ReadAll,RoleAssignment,South,DENY,OP_NOT_PERMITTED,True
2025-09-05T13:40:01Z,SA-0007554,sensor_read_audit,atk-0491,Sensor,ReadAll,SensorData,South,DENY,CERT_REVOKED,True
2025-09-05T15:58:38Z,SA-0007555,sensor_read_audit,atk-0343,Sensor,ReadAll,IrrigationControl,North,DENY,POLICY_VIOLATION,True
2025-09-05T17:04:54Z,SA-0007556,sensor_read_audit,atk-0076,Sensor,ControlZone,SensorData,East,DENY,POLICY_VIOLATION,True
2025-09-05T18:29:24Z,SA-0007557,sensor_read_audit,atk-0089,Sensor,ReadAudit,AuditLog,North,DENY,ZONE_MISMATCH,True
2025-09-05T19:19:59Z,SA-0007558,sensor_read_audit,atk-0437,Sensor,WriteSensor,SensorData,South,DENY,ROLE_INSUFFICIENT,True
2025-09-05T19:26:36Z,SA-0007559,sensor_read_audit,atk-0492,Sensor,WriteSensor,RoleAssignment,West,DENY,IDS_BLOCKED,True
2025-09-05T21:10:49Z,SA-0007560,sensor_read_audit,atk-0148,Sensor,ReadAll,RoleAssignment,West,DENY,IDS_BLOCKED,True
2025-09-05T21:24:24Z,SA-0007561,sensor_read_audit,atk-0016,Sensor,ManageRoles,IrrigationControl,East,DENY,POLICY_VIOLATION,True
2025-09-05T21:33:51Z,SA-0007562,sensor_read_audit,atk-0171,Sensor,ManageRoles,AuditLog,West,DENY,CERT_REVOKED,True
2025-09-05T21:43:31Z,SA-0007563,sensor_read_audit,atk-0126,Sensor,WriteSensor,AuditLog,West,DENY,ZONE_MISMATCH,True
2025-09-05T21:54:44Z,SA-0007564,sensor_read_audit,atk-0090,Sensor,ReadAll,AuditLog,North,DENY,OP_NOT_PERMITTED,True
2025-09-05T22:10:19Z,SA-0007565,sensor_read_audit,atk-0089,Sensor,WriteSensor,SensorData,North,DENY,CERT_REVOKED,True
2025-09-05T22:30:54Z,SA-0007566,sensor_read_audit,atk-0393,Sensor,ReadAudit,SensorData,East,DENY,ROLE_INSUFFICIENT,True
2025-09-05T22:58:49Z,SA-0007567,sensor_read_audit,atk-0305,Sensor,ReadAudit,AuditLog,South,DENY,OP_NOT_PERMITTED,True
2025-09-06T01:03:30Z,SA-0007568,sensor_read_audit,atk-0270,Sensor,WriteSensor,IrrigationControl,South,DENY,OP_NOT_PERMITTED,True
2025-09-06T02:50:00Z,SA-0007569,sensor_read_audit,atk-0036,Sensor,ReadAll,AuditLog,North,DENY,ROLE_INSUFFICIENT,True
2025-09-06T03:29:03Z,SA-0007570,sensor_read_audit,atk-0212,Sensor,WriteSensor,AuditLog,East,DENY,OP_NOT_PERMITTED,True
2025-09-06T04:55:01Z,SA-0007571,sensor_read_audit,atk-0213,Sensor,ReadAll,SensorData,North,DENY,IDS_BLOCKED,True
2025-09-06T06:36:35Z,SA-0007572,sensor_read_audit,atk-0121,Sensor,ReadAudit,RoleAssignment,South,DENY,POLICY_VIOLATION,True
2025-09-06T07:34:46Z,SA-0007573,sensor_read_audit,atk-0148,Sensor,ManageRoles,IrrigationControl,South,DENY,ROLE_INSUFFICIENT,True
2025-09-06T08:10:27Z,SA-0007574,sensor_read_audit,atk-0466,Sensor,WriteSensor,IrrigationControl,South,DENY,POLICY_VIOLATION,True
2025-09-06T10:30:07Z,SA-0007575,sensor_read_audit,atk-0116,Sensor,ControlZone,RoleAssignment,West,DENY,ROLE_INSUFFICIENT,True
2025-09-06T10:33:17Z,SA-0007576,sensor_read_audit,atk-0090,Sensor,ControlZone,AuditLog,North,DENY,CERT_REVOKED,True
2025-09-06T12:09:33Z,SA-0007577,sensor_read_audit,atk-0302,Sensor,ManageRoles,IrrigationControl,South,DENY,CERT_REVOKED,True
2025-09-06T14:00:56Z,SA-0007578,sensor_read_audit,atk-0013,Sensor,WriteSensor,RoleAssignment,South,DENY,CERT_REVOKED,True
2025-09-06T16:58:39Z,SA-0007579,sensor_read_audit,atk-0326,Sensor,ReadAll,AuditLog,South,DENY,CERT_REVOKED,True
2025-09-06T17:01:52Z,SA-0007580,sensor_read_audit,atk-0353,Sensor,ManageRoles,AuditLog,East,DENY,ROLE_INSUFFICIENT,True
2025-09-06T17:53:48Z,SA-0007581,sensor_read_audit,atk-0175,Sensor,ReadAudit,IrrigationControl,West,DENY,POLICY_VIOLATION,True
2025-09-06T22:13:53Z,SA-0007582,sensor_read_audit,atk-0242,Sensor,ManageRoles,IrrigationControl,East,DENY,OP_NOT_PERMITTED,True
2025-09-06T22:36:36Z,SA-0007583,sensor_read_audit,atk-0051,Sensor,WriteSensor,IrrigationControl,East,DENY,OP_NOT_PERMITTED,True
2025-09-06T23:04:49Z,SA-0007584,sensor_read_audit,atk-0099,Sensor,WriteSensor,RoleAssignment,West,DENY,POLICY_VIOLATION,True
2025-09-07T00:54:40Z,SA-0007585,sensor_read_audit,atk-0252,Sensor,WriteSensor,IrrigationControl,North,DENY,ZONE_MISMATCH,True
2025-09-07T01:38:37Z,SA-0007586,sensor_read_audit,atk-0409,Sensor,WriteSensor,IrrigationControl,South,DENY,IDS_BLOCKED,True
2025-09-07T02:05:04Z,SA-0007587,sensor_read_audit,atk-0234,Sensor,ReadAudit,RoleAssignment,North,DENY,ROLE_INSUFFICIENT,True
2025-09-07T04:33:29Z,SA-0007588,sensor_read_audit,atk-0274,Sensor,ManageRoles,RoleAssignment,East,DENY,ZONE_MISMATCH,True
2025-09-07T05:14:32Z,SA-0007589,sensor_read_audit,atk-0082,Sensor,ReadAll,RoleAssignment,West,DENY,POLICY_VIOLATION,True
2025-09-07T06:31:15Z,SA-0007590,sensor_read_audit,atk-0003,Sensor,ReadAudit,IrrigationControl,South,DENY,IDS_BLOCKED,True
2025-09-07T07:03:13Z,SA-0007591,sensor_read_audit,atk-0383,Sensor,WriteSensor,RoleAssignment,West,DENY,IDS_BLOCKED,True
2025-09-07T07:28:05Z,SA-0007592,sensor_read_audit,atk-0093,Sensor,ControlZone,RoleAssignment,North,DENY,ZONE_MISMATCH,True
2025-09-07T12:47:51Z,SA-0007593,sensor_read_audit,atk-0283,Sensor,ReadAudit,RoleAssignment,North,DENY,ROLE_INSUFFICIENT,True
2025-09-07T12:56:42Z,SA-0007594,sensor_read_audit,atk-0349,Sensor,ManageRoles,IrrigationControl,West,DENY,ROLE_INSUFFICIENT,True
2025-09-07T14:12:22Z,SA-0007595,sensor_read_audit,atk-0180,Sensor,WriteSensor,SensorData,South,DENY,IDS_BLOCKED,True
2025-09-07T14:21:04Z,SA-0007596,sensor_read_audit,atk-0390,Sensor,WriteSensor,AuditLog,South,DENY,OP_NOT_PERMITTED,True
2025-09-07T15:00:48Z,SA-0007597,sensor_read_audit,atk-0420,Sensor,WriteSensor,IrrigationControl,South,DENY,IDS_BLOCKED,True
2025-09-07T15:14:53Z,SA-0007598,sensor_read_audit,atk-0136,Sensor,ControlZone,SensorData,North,DENY,CERT_REVOKED,True
2025-09-07T16:56:48Z,SA-0007599,sensor_read_audit,atk-0440,Sensor,ReadAudit,RoleAssignment,North,DENY,IDS_BLOCKED,True
2025-09-07T19:11:47Z,SA-0007600,sensor_read_audit,atk-0363,Sensor,ControlZone,IrrigationControl,East,DENY,IDS_BLOCKED,True
2025-09-07T19:26:11Z,SA-0007601,sensor_read_audit,atk-0264,Sensor,ReadAll,SensorData,South,DENY,POLICY_VIOLATION,True
2025-09-07T19:33:14Z,SA-0007602,sensor_read_audit,atk-0269,Sensor,ControlZone,AuditLog,North,DENY,IDS_BLOCKED,True
2025-09-07T21:43:45Z,SA-0007603,sensor_read_audit,atk-0357,Sensor,ManageRoles,AuditLog,East,DENY,IDS_BLOCKED,True
2025-09-07T22:29:39Z,SA-0007604,sensor_read_audit,atk-0413,Sensor,WriteSensor,IrrigationControl,North,DENY,IDS_BLOCKED,True
2025-09-07T22:52:10Z,SA-0007605,sensor_read_audit,atk-0383,Sensor,ControlZone,RoleAssignment,West,DENY,POLICY_VIOLATION,True
2025-09-07T23:39:41Z,SA-0007606,sensor_read_audit,atk-0488,Sensor,ReadAll,RoleAssignment,North,DENY,ZONE_MISMATCH,True
2025-09-08T01:11:38Z,SA-0007607,sensor_read_audit,atk-0295,Sensor,ReadAudit,SensorData,North,DENY,ROLE_INSUFFICIENT,True
2025-09-08T01:20:07Z,SA-0007608,sensor_read_audit,atk-0362,Sensor,ReadAudit,RoleAssignment,East,DENY,ZONE_MISMATCH,True
2025-09-08T03:31:20Z,SA-0007609,sensor_read_audit,atk-0128,Sensor,ReadAudit,SensorData,West,DENY,OP_NOT_PERMITTED,True
2025-09-08T04:08:14Z,SA-0007610,sensor_read_audit,atk-0062,Sensor,WriteSensor,AuditLog,West,DENY,ROLE_INSUFFICIENT,True
2025-09-08T04:30:41Z,SA-0007611,sensor_read_audit,atk-0382,Sensor,ManageRoles,RoleAssignment,North,DENY,ROLE_INSUFFICIENT,True
2025-09-08T08:33:33Z,SA-0007612,sensor_read_audit,atk-0307,Sensor,ManageRoles,RoleAssignment,North,DENY,POLICY_VIOLATION,True
2025-09-08T09:50:59Z,SA-0007613,sensor_read_audit,atk-0424,Sensor,WriteSensor,RoleAssignment,East,DENY,CERT_REVOKED,True
2025-09-08T10:01:43Z,SA-0007614,sensor_read_audit,atk-0278,Sensor,ControlZone,SensorData,South,DENY,IDS_BLOCKED,True
2025-09-08T10:59:17Z,SA-0007615,sensor_read_audit,atk-0394,Sensor,ReadAudit,AuditLog,West,DENY,CERT_REVOKED,True
2025-09-08T11:28:37Z,SA-0007616,sensor_read_audit,atk-0441,Sensor,WriteSensor,SensorData,North,DENY,OP_NOT_PERMITTED,True
2025-09-08T12:52:04Z,SA-0007617,sensor_read_audit,atk-0296,Sensor,ManageRoles,SensorData,East,DENY,ROLE_INSUFFICIENT,True
2025-09-08T13:47:39Z,SA-0007618,sensor_read_audit,atk-0226,Sensor,ControlZone,RoleAssignment,East,DENY,IDS_BLOCKED,True
2025-09-08T15:52:12Z,SA-0007619,sensor_read_audit,atk-0200,Sensor,ManageRoles,SensorData,South,DENY,ROLE_INSUFFICIENT,True
2025-09-08T16:40:01Z,SA-0007620,sensor_read_audit,atk-0439,Sensor,ControlZone,AuditLog,East,DENY,IDS_BLOCKED,True
2025-09-08T17:42:30Z,SA-0007621,sensor_read_audit,atk-0318,Sensor,WriteSensor,AuditLog,East,DENY,IDS_BLOCKED,True
2025-09-08T18:25:56Z,SA-0007622,sensor_read_audit,atk-0363,Sensor,ReadAudit,IrrigationControl,North,DENY,OP_NOT_PERMITTED,True
2025-09-08T18:50:20Z,SA-0007623,sensor_read_audit,atk-0375,Sensor,WriteSensor,IrrigationControl,South,DENY,OP_NOT_PERMITTED,True
2025-09-08T19:20:46Z,SA-0007624,sensor_read_audit,atk-0306,Sensor,ReadAll,IrrigationControl,East,DENY,IDS_BLOCKED,True
2025-09-08T21:09:02Z,SA-0007625,sensor_read_audit,atk-0365,Sensor,ReadAudit,SensorData,North,DENY,OP_NOT_PERMITTED,True
2025-09-08T21:11:38Z,SA-0007626,sensor_read_audit,atk-0308,Sensor,ReadAll,SensorData,South,DENY,OP_NOT_PERMITTED,True
2025-09-09T01:44:11Z,SA-0007627,sensor_read_audit,atk-0104,Sensor,WriteSensor,AuditLog,North,DENY,IDS_BLOCKED,True
2025-09-09T02:37:20Z,SA-0007628,sensor_read_audit,atk-0318,Sensor,WriteSensor,AuditLog,West,DENY,OP_NOT_PERMITTED,True
2025-09-09T03:10:41Z,SA-0007629,sensor_read_audit,atk-0218,Sensor,ManageRoles,IrrigationControl,South,DENY,IDS_BLOCKED,True
2025-09-09T04:44:34Z,SA-0007630,sensor_read_audit,atk-0090,Sensor,WriteSensor,AuditLog,South,DENY,IDS_BLOCKED,True
2025-09-09T04:54:49Z,SA-0007631,sensor_read_audit,atk-0294,Sensor,ReadAudit,IrrigationControl,South,DENY,ZONE_MISMATCH,True
2025-09-09T05:13:42Z,SA-0007632,sensor_read_audit,atk-0264,Sensor,ManageRoles,SensorData,East,DENY,CERT_REVOKED,True
2025-09-09T13:08:52Z,SA-0007633,sensor_read_audit,atk-0066,Sensor,ReadAudit,IrrigationControl,South,DENY,ZONE_MISMATCH,True
2025-09-09T16:07:06Z,SA-0007634,sensor_read_audit,atk-0313,Sensor,WriteSensor,SensorData,North,DENY,OP_NOT_PERMITTED,True
2025-09-09T16:59:20Z,SA-0007635,sensor_read_audit,atk-0093,Sensor,ManageRoles,RoleAssignment,West,DENY,ROLE_INSUFFICIENT,True
2025-09-09T18:34:10Z,SA-0007636,sensor_read_audit,atk-0442,Sensor,ReadAll,AuditLog,East,DENY,OP_NOT_PERMITTED,True
2025-09-09T18:51:18Z,SA-0007637,sensor_read_audit,atk-0051,Sensor,ReadAudit,RoleAssignment,South,DENY,ROLE_INSUFFICIENT,True
2025-09-09T19:35:02Z,SA-0007638,sensor_read_audit,atk-0414,Sensor,ReadAll,RoleAssignment,North,DENY,ROLE_INSUFFICIENT,True
2025-09-09T19:39:14Z,SA-0007639,sensor_read_audit,atk-0330,Sensor,WriteSensor,SensorData,East,DENY,IDS_BLOCKED,True
2025-09-09T20:33:40Z,SA-0007640,sensor_read_audit,atk-0153,Sensor,ControlZone,RoleAssignment,South,DENY,ZONE_MISMATCH,True
2025-09-09T22:54:32Z,SA-0007641,sensor_read_audit,atk-0185,Sensor,ManageRoles,RoleAssignment,South,DENY,ZONE_MISMATCH,True
2025-09-10T00:17:00Z,SA-0007642,sensor_read_audit,atk-0378,Sensor,WriteSensor,SensorData,West,DENY,POLICY_VIOLATION,True
2025-09-10T00:29:22Z,SA-0007643,sensor_read_audit,atk-0440,Sensor,ReadAll,IrrigationControl,East,DENY,POLICY_VIOLATION,True
2025-09-10T01:52:46Z,SA-0007644,sensor_read_audit,atk-0476,Sensor,ReadAudit,IrrigationControl,West,DENY,ZONE_MISMATCH,True
2025-09-10T03:43:26Z,SA-0007645,sensor_read_audit,atk-0407,Sensor,ReadAudit,RoleAssignment,West,DENY,IDS_BLOCKED,True
2025-09-10T04:28:41Z,SA-0007646,sensor_read_audit,atk-0107,Sensor,WriteSensor,SensorData,South,DENY,ZONE_MISMATCH,True
2025-09-10T05:01:15Z,SA-0007647,sensor_read_audit,atk-0070,Sensor,WriteSensor,AuditLog,West,DENY,ROLE_INSUFFICIENT,True
2025-09-10T09:17:32Z,SA-0007648,sensor_read_audit,atk-0449,Sensor,ReadAudit,RoleAssignment,West,DENY,OP_NOT_PERMITTED,True
2025-09-10T09:34:47Z,SA-0007649,sensor_read_audit,atk-0077,Sensor,ControlZone,RoleAssignment,East,DENY,IDS_BLOCKED,True
2025-09-10T12:28:03Z,SA-0007650,sensor_read_audit,atk-0171,Sensor,WriteSensor,AuditLog,East,DENY,OP_NOT_PERMITTED,True
2025-09-10T13:19:22Z,SA-0007651,sensor_read_audit,atk-0048,Sensor,ReadAudit,AuditLog,North,DENY,IDS_BLOCKED,True
2025-09-10T13:34:47Z,SA-0007652,sensor_read_audit,atk-0493,Sensor,ReadAudit,IrrigationControl,West,DENY,IDS_BLOCKED,True
2025-09-10T14:05:58Z,SA-0007653,sensor_read_audit,atk-0198,Sensor,ManageRoles,IrrigationControl,South,DENY,ROLE_INSUFFICIENT,True
2025-09-10T15:29:26Z,SA-0007654,sensor_read_audit,atk-0398,Sensor,ControlZone,IrrigationControl,South,DENY,POLICY_VIOLATION,True
2025-09-10T15:33:29Z,SA-0007655,sensor_read_audit,atk-0320,Sensor,ReadAudit,AuditLog,South,DENY,ZONE_MISMATCH,True
2025-09-10T17:37:07Z,SA-0007656,sensor_read_audit,atk-0185,Sensor,ManageRoles,RoleAssignment,South,DENY,ZONE_MISMATCH,True
2025-09-10T18:14:54Z,SA-0007657,sensor_read_audit,atk-0007,Sensor,ManageRoles,AuditLog,North,DENY,ZONE_MISMATCH,True
2025-09-10T19:33:05Z,SA-0007658,sensor_read_audit,atk-0200,Sensor,ManageRoles,IrrigationControl,North,DENY,CERT_REVOKED,True
2025-09-10T21:14:06Z,SA-0007659,sensor_read_audit,atk-0477,Sensor,ReadAudit,IrrigationControl,South,DENY,ROLE_INSUFFICIENT,True
2025-09-10T21:51:09Z,SA-0007660,sensor_read_audit,atk-0406,Sensor,ControlZone,IrrigationControl,West,DENY,ROLE_INSUFFICIENT,True
2025-09-10T22:56:26Z,SA-0007661,sensor_read_audit,atk-0205,Sensor,ReadAll,SensorData,South,DENY,ZONE_MISMATCH,True
2025-09-11T00:32:04Z,SA-0007662,sensor_read_audit,atk-0444,Sensor,ReadAll,AuditLog,South,DENY,IDS_BLOCKED,True
2025-09-11T01:48:15Z,SA-0007663,sensor_read_audit,atk-0443,Sensor,ReadAll,RoleAssignment,East,DENY,CERT_REVOKED,True
2025-09-11T02:08:30Z,SA-0007664,sensor_read_audit,atk-0157,Sensor,WriteSensor,RoleAssignment,North,DENY,ROLE_INSUFFICIENT,True
2025-09-11T03:24:34Z,SA-0007665,sensor_read_audit,atk-0421,Sensor,WriteSensor,SensorData,West,DENY,OP_NOT_PERMITTED,True
2025-09-11T04:10:52Z,SA-0007666,sensor_read_audit,atk-0110,Sensor,WriteSensor,SensorData,South,DENY,POLICY_VIOLATION,True
2025-09-11T05:34:22Z,SA-0007667,sensor_read_audit,atk-0064,Sensor,ManageRoles,AuditLog,South,DENY,POLICY_VIOLATION,True
2025-09-11T05:59:33Z,SA-0007668,sensor_read_audit,atk-0105,Sensor,ReadAll,AuditLog,East,DENY,CERT_REVOKED,True
2025-09-11T06:58:45Z,SA-0007669,sensor_read_audit,atk-0112,Sensor,WriteSensor,IrrigationControl,South,DENY,POLICY_VIOLATION,True
2025-09-11T07:17:40Z,SA-0007670,sensor_read_audit,atk-0328,Sensor,WriteSensor,RoleAssignment,South,DENY,OP_NOT_PERMITTED,True
2025-09-11T07:50:20Z,SA-0007671,sensor_read_audit,atk-0333,Sensor,ReadAudit,IrrigationControl,North,DENY,OP_NOT_PERMITTED,True
2025-09-11T08:00:37Z,SA-0007672,sensor_read_audit,atk-0135,Sensor,WriteSensor,SensorData,West,DENY,ROLE_INSUFFICIENT,True
2025-09-11T08:08:27Z,SA-0007673,sensor_read_audit,atk-0194,Sensor,ReadAll,IrrigationControl,South,DENY,ROLE_INSUFFICIENT,True
2025-09-11T08:35:47Z,SA-0007674,sensor_read_audit,atk-0347,Sensor,ManageRoles,IrrigationControl,South,DENY,IDS_BLOCKED,True
2025-09-11T09:28:24Z,SA-0007675,sensor_read_audit,atk-0254,Sensor,ManageRoles,AuditLog,East,DENY,ZONE_MISMATCH,True
2025-09-11T10:07:37Z,SA-0007676,sensor_read_audit,atk-0462,Sensor,ReadAll,SensorData,East,DENY,POLICY_VIOLATION,True
2025-09-11T10:58:27Z,SA-0007677,sensor_read_audit,atk-0345,Sensor,ManageRoles,AuditLog,East,DENY,ZONE_MISMATCH,True
2025-09-11T11:21:03Z,SA-0007678,sensor_read_audit,atk-0237,Sensor,WriteSensor,IrrigationControl,West,DENY,IDS_BLOCKED,True
2025-09-11T12:15:46Z,SA-0007679,sensor_read_audit,atk-0229,Sensor,ControlZone,IrrigationControl,West,DENY,CERT_REVOKED,True
2025-09-11T13:26:54Z,SA-0007680,sensor_read_audit,atk-0494,Sensor,ControlZone,IrrigationControl,West,DENY,ZONE_MISMATCH,True
2025-09-11T13:46:18Z,SA-0007681,sensor_read_audit,atk-0451,Sensor,WriteSensor,AuditLog,South,DENY,ZONE_MISMATCH,True
2025-09-11T14:43:51Z,SA-0007682,sensor_read_audit,atk-0284,Sensor,ReadAudit,SensorData,South,DENY,ROLE_INSUFFICIENT,True
2025-09-11T20:49:39Z,SA-0007683,sensor_read_audit,atk-0466,Sensor,ControlZone,IrrigationControl,East,DENY,ZONE_MISMATCH,True
2025-09-12T00:05:38Z,SA-0007684,sensor_read_audit,atk-0488,Sensor,ManageRoles,RoleAssignment,North,DENY,ROLE_INSUFFICIENT,True
2025-09-12T01:37:33Z,SA-0007685,sensor_read_audit,atk-0040,Sensor,WriteSensor,AuditLog,North,DENY,OP_NOT_PERMITTED,True
2025-09-12T03:05:50Z,SA-0007686,sensor_read_audit,atk-0004,Sensor,ReadAudit,SensorData,West,DENY,POLICY_VIOLATION,True
2025-09-12T05:35:19Z,SA-0007687,sensor_read_audit,atk-0156,Sensor,ControlZone,SensorData,North,DENY,IDS_BLOCKED,True
2025-09-12T05:57:11Z,SA-0007688,sensor_read_audit,atk-0034,Sensor,ManageRoles,RoleAssignment,East,DENY,OP_NOT_PERMITTED,True
2025-09-12T06:08:04Z,SA-0007689,sensor_read_audit,atk-0040,Sensor,WriteSensor,AuditLog,East,DENY,OP_NOT_PERMITTED,True
2025-09-12T08:32:02Z,SA-0007690,sensor_read_audit,atk-0493,Sensor,ControlZone,AuditLog,East,DENY,IDS_BLOCKED,True
2025-09-12T08:57:05Z,SA-0007691,sensor_read_audit,atk-0183,Sensor,ReadAudit,RoleAssignment,South,DENY,POLICY_VIOLATION,True
2025-09-12T09:12:40Z,SA-0007692,sensor_read_audit,atk-0498,Sensor,ReadAudit,IrrigationControl,South,DENY,POLICY_VIOLATION,True
2025-09-12T09:49:41Z,SA-0007693,sensor_read_audit,atk-0167,Sensor,ReadAudit,AuditLog,West,DENY,ZONE_MISMATCH,True
2025-09-12T10:48:44Z,SA-0007694,sensor_read_audit,atk-0346,Sensor,WriteSensor,SensorData,North,DENY,CERT_REVOKED,True
2025-09-12T11:30:48Z,SA-0007695,sensor_read_audit,atk-0064,Sensor,ReadAudit,SensorData,West,DENY,ZONE_MISMATCH,True
2025-09-12T17:20:52Z,SA-0007696,sensor_read_audit,atk-0243,Sensor,ReadAudit,RoleAssignment,East,DENY,OP_NOT_PERMITTED,True
2025-09-12T17:21:20Z,SA-0007697,sensor_read_audit,atk-0180,Sensor,ReadAll,IrrigationControl,East,DENY,ROLE_INSUFFICIENT,True
2025-09-12T17:53:43Z,SA-0007698,sensor_read_audit,atk-0222,Sensor,ReadAudit,AuditLog,North,DENY,OP_NOT_PERMITTED,True
2025-09-12T19:49:36Z,SA-0007699,sensor_read_audit,atk-0453,Sensor,ReadAll,IrrigationControl,North,DENY,CERT_REVOKED,True
2025-09-12T19:54:57Z,SA-0007700,sensor_read_audit,atk-0420,Sensor,WriteSensor,RoleAssignment,West,DENY,CERT_REVOKED,True
2025-09-12T22:04:08Z,SA-0007701,sensor_read_audit,atk-0400,Sensor,ReadAll,IrrigationControl,West,DENY,ROLE_INSUFFICIENT,True
2025-09-13T00:26:01Z,SA-0007702,sensor_read_audit,atk-0269,Sensor,WriteSensor,SensorData,West,DENY,IDS_BLOCKED,True
2025-09-13T02:56:02Z,SA-0007703,sensor_read_audit,atk-0407,Sensor,ControlZone,SensorData,South,DENY,IDS_BLOCKED,True
2025-09-13T04:01:17Z,SA-0007704,sensor_read_audit,atk-0058,Sensor,ManageRoles,SensorData,East,DENY,ZONE_MISMATCH,True
2025-09-13T04:41:22Z,SA-0007705,sensor_read_audit,atk-0245,Sensor,ManageRoles,IrrigationControl,South,DENY,ROLE_INSUFFICIENT,True
2025-09-13T07:21:09Z,SA-0007706,sensor_read_audit,atk-0494,Sensor,ControlZone,RoleAssignment,North,DENY,OP_NOT_PERMITTED,True
2025-09-13T07:31:46Z,SA-0007707,sensor_read_audit,atk-0180,Sensor,ReadAudit,AuditLog,South,DENY,CERT_REVOKED,True
2025-09-13T08:42:34Z,SA-0007708,sensor_read_audit,atk-0494,Sensor,ManageRoles,AuditLog,North,DENY,IDS_BLOCKED,True
2025-09-13T09:07:57Z,SA-0007709,sensor_read_audit,atk-0011,Sensor,ReadAll,RoleAssignment,North,DENY,ZONE_MISMATCH,True
2025-09-13T11:13:50Z,SA-0007710,sensor_read_audit,atk-0491,Sensor,WriteSensor,SensorData,North,DENY,ZONE_MISMATCH,True
2025-09-13T12:46:48Z,SA-0007711,sensor_read_audit,atk-0038,Sensor,ManageRoles,RoleAssignment,West,DENY,POLICY_VIOLATION,True
2025-09-13T13:23:01Z,SA-0007712,sensor_read_audit,atk-0163,Sensor,ControlZone,AuditLog,West,DENY,ZONE_MISMATCH,True
2025-09-13T14:42:11Z,SA-0007713,sensor_read_audit,atk-0368,Sensor,ManageRoles,AuditLog,West,DENY,IDS_BLOCKED,True
2025-09-13T18:33:13Z,SA-0007714,sensor_read_audit,atk-0294,Sensor,ReadAll,AuditLog,North,DENY,POLICY_VIOLATION,True
2025-09-14T00:25:27Z,SA-0007715,sensor_read_audit,atk-0496,Sensor,ManageRoles,SensorData,North,DENY,ROLE_INSUFFICIENT,True
2025-09-14T01:28:45Z,SA-0007716,sensor_read_audit,atk-0152,Sensor,ManageRoles,IrrigationControl,West,DENY,POLICY_VIOLATION,True
2025-09-14T01:43:15Z,SA-0007717,sensor_read_audit,atk-0345,Sensor,ReadAudit,AuditLog,North,DENY,POLICY_VIOLATION,True
2025-09-14T02:48:49Z,SA-0007718,sensor_read_audit,atk-0256,Sensor,WriteSensor,SensorData,West,DENY,CERT_REVOKED,True
2025-09-14T03:46:14Z,SA-0007719,sensor_read_audit,atk-0471,Sensor,ReadAll,RoleAssignment,East,DENY,IDS_BLOCKED,True
2025-09-14T05:01:28Z,SA-0007720,sensor_read_audit,atk-0336,Sensor,ManageRoles,AuditLog,South,DENY,ROLE_INSUFFICIENT,True
2025-09-14T06:26:25Z,SA-0007721,sensor_read_audit,atk-0432,Sensor,ManageRoles,SensorData,West,DENY,ROLE_INSUFFICIENT,True
2025-09-14T07:25:36Z,SA-0007722,sensor_read_audit,atk-0454,Sensor,WriteSensor,SensorData,East,DENY,CERT_REVOKED,True
2025-09-14T08:06:04Z,SA-0007723,sensor_read_audit,atk-0376,Sensor,ManageRoles,AuditLog,East,DENY,OP_NOT_PERMITTED,True
2025-09-14T10:18:44Z,SA-0007724,sensor_read_audit,atk-0064,Sensor,ManageRoles,RoleAssignment,West,DENY,POLICY_VIOLATION,True
2025-09-14T10:57:58Z,SA-0007725,sensor_read_audit,atk-0359,Sensor,ManageRoles,RoleAssignment,West,DENY,OP_NOT_PERMITTED,True
2025-09-14T11:33:47Z,SA-0007726,sensor_read_audit,atk-0483,Sensor,ReadAll,RoleAssignment,West,DENY,POLICY_VIOLATION,True
2025-09-14T11:42:22Z,SA-0007727,sensor_read_audit,atk-0080,Sensor,ManageRoles,RoleAssignment,North,DENY,OP_NOT_PERMITTED,True
2025-09-14T17:03:11Z,SA-0007728,sensor_read_audit,atk-0176,Sensor,ReadAudit,RoleAssignment,East,DENY,ZONE_MISMATCH,True
2025-09-14T17:19:39Z,SA-0007729,sensor_read_audit,atk-0276,Sensor,ControlZone,SensorData,East,DENY,ROLE_INSUFFICIENT,True
2025-09-14T18:07:09Z,SA-0007730,sensor_read_audit,atk-0259,Sensor,ReadAll,AuditLog,South,DENY,IDS_BLOCKED,True
2025-09-14T20:21:12Z,SA-0007731,sensor_read_audit,atk-0073,Sensor,ManageRoles,SensorData,East,DENY,POLICY_VIOLATION,True
2025-09-14T20:49:26Z,SA-0007732,sensor_read_audit,atk-0134,Sensor,ReadAudit,AuditLog,North,DENY,IDS_BLOCKED,True
2025-09-14T21:09:15Z,SA-0007733,sensor_read_audit,atk-0355,Sensor,ControlZone,SensorData,North,DENY,ZONE_MISMATCH,True
2025-09-14T23:31:43Z,SA-0007734,sensor_read_audit,atk-0415,Sensor,ReadAudit,RoleAssignment,West,DENY,CERT_REVOKED,True
2025-09-14T23:53:08Z,SA-0007735,sensor_read_audit,atk-0036,Sensor,WriteSensor,AuditLog,South,DENY,OP_NOT_PERMITTED,True
2025-09-15T01:58:06Z,SA-0007736,sensor_read_audit,atk-0034,Sensor,ManageRoles,AuditLog,South,DENY,ROLE_INSUFFICIENT,True
2025-09-15T04:05:00Z,SA-0007737,sensor_read_audit,atk-0404,Sensor,ReadAll,RoleAssignment,North,DENY,ZONE_MISMATCH,True
2025-09-15T04:56:49Z,SA-0007738,sensor_read_audit,atk-0253,Sensor,ReadAudit,RoleAssignment,West,DENY,POLICY_VIOLATION,True
2025-09-15T05:11:26Z,SA-0007739,sensor_read_audit,atk-0019,Sensor,WriteSensor,AuditLog,West,DENY,IDS_BLOCKED,True
2025-09-15T05:49:47Z,SA-0007740,sensor_read_audit,atk-0108,Sensor,ManageRoles,AuditLog,North,DENY,CERT_REVOKED,True
2025-09-15T05:52:41Z,SA-0007741,sensor_read_audit,atk-0460,Sensor,ControlZone,RoleAssignment,West,DENY,OP_NOT_PERMITTED,True
2025-09-15T07:29:34Z,SA-0007742,sensor_read_audit,atk-0224,Sensor,ManageRoles,IrrigationControl,West,DENY,CERT_REVOKED,True
2025-09-15T09:27:37Z,SA-0007743,sensor_read_audit,atk-0424,Sensor,ControlZone,IrrigationControl,West,DENY,OP_NOT_PERMITTED,True
2025-09-15T10:16:00Z,SA-0007744,sensor_read_audit,atk-0113,Sensor,ReadAll,SensorData,North,DENY,ROLE_INSUFFICIENT,True
2025-09-15T13:29:37Z,SA-0007745,sensor_read_audit,atk-0189,Sensor,ReadAll,IrrigationControl,South,DENY,OP_NOT_PERMITTED,True
2025-09-15T13:30:29Z,SA-0007746,sensor_read_audit,atk-0340,Sensor,ControlZone,SensorData,West,DENY,CERT_REVOKED,True
2025-09-15T14:26:32Z,SA-0007747,sensor_read_audit,atk-0286,Sensor,ReadAudit,AuditLog,North,DENY,ZONE_MISMATCH,True
2025-09-15T17:31:26Z,SA-0007748,sensor_read_audit,atk-0018,Sensor,WriteSensor,RoleAssignment,North,DENY,ROLE_INSUFFICIENT,True
2025-09-15T18:27:54Z,SA-0007749,sensor_read_audit,atk-0365,Sensor,ControlZone,AuditLog,East,DENY,IDS_BLOCKED,True
2025-09-15T18:40:37Z,SA-0007750,sensor_read_audit,atk-0025,Sensor,ReadAudit,SensorData,West,DENY,POLICY_VIOLATION,True
2025-09-15T22:56:00Z,SA-0007751,sensor_read_audit,atk-0055,Sensor,ControlZone,SensorData,East,DENY,CERT_REVOKED,True
2025-09-15T23:07:37Z,SA-0007752,sensor_read_audit,atk-0175,Sensor,WriteSensor,AuditLog,East,DENY,OP_NOT_PERMITTED,True
2025-09-15T23:36:58Z,SA-0007753,sensor_read_audit,atk-0363,Sensor,ReadAudit,AuditLog,North,DENY,ROLE_INSUFFICIENT,True
2025-09-16T01:11:54Z,SA-0007754,sensor_read_audit,atk-0200,Sensor,WriteSensor,IrrigationControl,North,DENY,POLICY_VIOLATION,True
2025-09-16T01:53:14Z,SA-0007755,sensor_read_audit,atk-0360,Sensor,ControlZone,IrrigationControl,South,DENY,ZONE_MISMATCH,True
2025-09-16T03:21:50Z,SA-0007756,sensor_read_audit,atk-0024,Sensor,ReadAudit,RoleAssignment,East,DENY,ZONE_MISMATCH,True
2025-09-16T06:42:51Z,SA-0007757,sensor_read_audit,atk-0172,Sensor,ControlZone,AuditLog,West,DENY,OP_NOT_PERMITTED,True
2025-09-16T08:53:19Z,SA-0007758,sensor_read_audit,atk-0238,Sensor,ControlZone,SensorData,East,DENY,CERT_REVOKED,True
2025-09-16T11:53:21Z,SA-0007759,sensor_read_audit,atk-0205,Sensor,ReadAll,AuditLog,West,DENY,IDS_BLOCKED,True
2025-09-16T13:43:44Z,SA-0007760,sensor_read_audit,atk-0043,Sensor,ReadAll,RoleAssignment,West,DENY,OP_NOT_PERMITTED,True
2025-09-16T14:34:40Z,SA-0007761,sensor_read_audit,atk-0455,Sensor,ReadAll,IrrigationControl,South,DENY,ZONE_MISMATCH,True
2025-09-16T14:53:45Z,SA-0007762,sensor_read_audit,atk-0446,Sensor,ReadAll,IrrigationControl,West,DENY,ROLE_INSUFFICIENT,True
2025-09-16T15:35:29Z,SA-0007763,sensor_read_audit,atk-0037,Sensor,ManageRoles,RoleAssignment,North,DENY,OP_NOT_PERMITTED,True
2025-09-16T16:01:08Z,SA-0007764,sensor_read_audit,atk-0067,Sensor,ReadAudit,IrrigationControl,North,DENY,OP_NOT_PERMITTED,True
2025-09-16T16:25:33Z,SA-0007765,sensor_read_audit,atk-0107,Sensor,ReadAll,IrrigationControl,South,DENY,ZONE_MISMATCH,True
2025-09-16T23:54:16Z,SA-0007766,sensor_read_audit,atk-0003,Sensor,ManageRoles,IrrigationControl,South,DENY,CERT_REVOKED,True
2025-09-17T01:05:28Z,SA-0007767,sensor_read_audit,atk-0266,Sensor,ReadAll,SensorData,North,DENY,ZONE_MISMATCH,True
2025-09-17T01:29:17Z,SA-0007768,sensor_read_audit,atk-0198,Sensor,ControlZone,SensorData,North,DENY,OP_NOT_PERMITTED,True
2025-09-17T02:16:01Z,SA-0007769,sensor_read_audit,atk-0058,Sensor,ControlZone,IrrigationControl,North,DENY,CERT_REVOKED,True
2025-09-17T04:33:06Z,SA-0007770,sensor_read_audit,atk-0404,Sensor,ReadAudit,SensorData,East,DENY,IDS_BLOCKED,True
2025-09-17T06:07:32Z,SA-0007771,sensor_read_audit,atk-0219,Sensor,ReadAudit,RoleAssignment,South,DENY,ROLE_INSUFFICIENT,True
2025-09-17T07:41:21Z,SA-0007772,sensor_read_audit,atk-0039,Sensor,ControlZone,IrrigationControl,South,DENY,IDS_BLOCKED,True
2025-09-17T07:57:02Z,SA-0007773,sensor_read_audit,atk-0102,Sensor,ManageRoles,SensorData,North,DENY,IDS_BLOCKED,True
2025-09-17T11:29:08Z,SA-0007774,sensor_read_audit,atk-0036,Sensor,ReadAll,IrrigationControl,East,DENY,OP_NOT_PERMITTED,True
2025-09-17T12:29:42Z,SA-0007775,sensor_read_audit,atk-0010,Sensor,ControlZone,RoleAssignment,North,DENY,POLICY_VIOLATION,True
2025-09-17T12:40:06Z,SA-0007776,sensor_read_audit,atk-0341,Sensor,ReadAudit,RoleAssignment,East,DENY,POLICY_VIOLATION,True
2025-09-17T13:25:46Z,SA-0007777,sensor_read_audit,atk-0301,Sensor,ReadAudit,IrrigationControl,East,DENY,IDS_BLOCKED,True
2025-09-17T13:58:28Z,SA-0007778,sensor_read_audit,atk-0478,Sensor,WriteSensor,IrrigationControl,West,DENY,IDS_BLOCKED,True
2025-09-17T14:02:19Z,SA-0007779,sensor_read_audit,atk-0347,Sensor,ReadAll,IrrigationControl,East,DENY,ZONE_MISMATCH,True
2025-09-17T15:37:36Z,SA-0007780,sensor_read_audit,atk-0149,Sensor,WriteSensor,AuditLog,East,DENY,ROLE_INSUFFICIENT,True
2025-09-17T17:35:18Z,SA-0007781,sensor_read_audit,atk-0137,Sensor,ReadAudit,RoleAssignment,East,DENY,OP_NOT_PERMITTED,True
2025-09-17T17:49:24Z,SA-0007782,sensor_read_audit,atk-0382,Sensor,ControlZone,IrrigationControl,West,DENY,POLICY_VIOLATION,True
2025-09-17T18:18:27Z,SA-0007783,sensor_read_audit,atk-0284,Sensor,ReadAll,SensorData,South,DENY,OP_NOT_PERMITTED,True
2025-09-17T19:32:19Z,SA-0007784,sensor_read_audit,atk-0464,Sensor,ReadAll,AuditLog,East,DENY,OP_NOT_PERMITTED,True
2025-09-17T20:40:01Z,SA-0007785,sensor_read_audit,atk-0452,Sensor,ReadAll,SensorData,South,DENY,POLICY_VIOLATION,True
2025-09-17T20:48:31Z,SA-0007786,sensor_read_audit,atk-0466,Sensor,ReadAll,SensorData,South,DENY,CERT_REVOKED,True
2025-09-17T21:53:19Z,SA-0007787,sensor_read_audit,atk-0198,Sensor,ManageRoles,IrrigationControl,North,DENY,IDS_BLOCKED,True
2025-09-17T22:35:52Z,SA-0007788,sensor_read_audit,atk-0066,Sensor,ManageRoles,AuditLog,South,DENY,POLICY_VIOLATION,True
2025-09-17T22:37:40Z,SA-0007789,sensor_read_audit,atk-0287,Sensor,ReadAudit,AuditLog,West,DENY,OP_NOT_PERMITTED,True
2025-09-17T23:03:47Z,SA-0007790,sensor_read_audit,atk-0004,Sensor,ControlZone,AuditLog,East,DENY,POLICY_VIOLATION,True
2025-09-18T00:00:48Z,SA-0007791,sensor_read_audit,atk-0044,Sensor,ReadAll,IrrigationControl,West,DENY,ROLE_INSUFFICIENT,True
2025-09-18T01:09:59Z,SA-0007792,sensor_read_audit,atk-0174,Sensor,ReadAll,SensorData,North,DENY,OP_NOT_PERMITTED,True
2025-09-18T01:12:25Z,SA-0007793,sensor_read_audit,atk-0002,Sensor,ReadAll,SensorData,South,DENY,POLICY_VIOLATION,True
2025-09-18T01:53:15Z,SA-0007794,sensor_read_audit,atk-0330,Sensor,ReadAll,SensorData,North,DENY,ROLE_INSUFFICIENT,True
2025-09-18T02:53:04Z,SA-0007795,sensor_read_audit,atk-0238,Sensor,ReadAudit,SensorData,East,DENY,IDS_BLOCKED,True
2025-09-18T03:02:05Z,SA-0007796,sensor_read_audit,atk-0206,Sensor,ManageRoles,SensorData,East,DENY,POLICY_VIOLATION,True
2025-09-18T05:13:09Z,SA-0007797,sensor_read_audit,atk-0106,Sensor,ReadAll,IrrigationControl,East,DENY,IDS_BLOCKED,True
2025-09-18T07:17:17Z,SA-0007798,sensor_read_audit,atk-0251,Sensor,ReadAudit,RoleAssignment,North,DENY,OP_NOT_PERMITTED,True
2025-09-18T09:53:44Z,SA-0007799,sensor_read_audit,atk-0136,Sensor,ManageRoles,IrrigationControl,East,DENY,IDS_BLOCKED,True
2025-09-18T10:48:35Z,SA-0007800,sensor_read_audit,atk-0323,Sensor,ReadAll,RoleAssignment,North,DENY,POLICY_VIOLATION,True
2025-09-18T13:05:23Z,SA-0007801,sensor_read_audit,atk-0172,Sensor,ReadAudit,AuditLog,North,DENY,IDS_BLOCKED,True
2025-09-18T13:26:00Z,SA-0007802,sensor_read_audit,atk-0121,Sensor,ControlZone,SensorData,North,DENY,IDS_BLOCKED,True
2025-09-18T14:26:40Z,SA-0007803,sensor_read_audit,atk-0032,Sensor,ReadAudit,RoleAssignment,South,DENY,POLICY_VIOLATION,True
2025-09-18T15:00:00Z,SA-0007804,sensor_read_audit,atk-0390,Sensor,ReadAudit,AuditLog,West,DENY,ROLE_INSUFFICIENT,True
2025-09-18T15:16:50Z,SA-0007805,sensor_read_audit,atk-0280,Sensor,ReadAll,SensorData,South,DENY,ROLE_INSUFFICIENT,True
2025-09-18T15:48:03Z,SA-0007806,sensor_read_audit,atk-0258,Sensor,WriteSensor,RoleAssignment,West,DENY,ZONE_MISMATCH,True
2025-09-18T17:23:04Z,SA-0007807,sensor_read_audit,atk-0129,Sensor,ReadAll,SensorData,West,DENY,POLICY_VIOLATION,True
2025-09-18T19:16:04Z,SA-0007808,sensor_read_audit,atk-0327,Sensor,ManageRoles,AuditLog,South,DENY,ZONE_MISMATCH,True
2025-09-19T00:01:00Z,SA-0007809,sensor_read_audit,atk-0430,Sensor,ManageRoles,RoleAssignment,North,DENY,ZONE_MISMATCH,True
2025-09-19T00:15:17Z,SA-0007810,sensor_read_audit,atk-0297,Sensor,WriteSensor,SensorData,North,DENY,IDS_BLOCKED,True
2025-09-19T02:17:03Z,SA-0007811,sensor_read_audit,atk-0170,Sensor,ManageRoles,AuditLog,West,DENY,CERT_REVOKED,True
2025-09-19T03:23:47Z,SA-0007812,sensor_read_audit,atk-0071,Sensor,ReadAudit,SensorData,East,DENY,ZONE_MISMATCH,True
2025-09-19T05:04:08Z,SA-0007813,sensor_read_audit,atk-0190,Sensor,ManageRoles,RoleAssignment,West,DENY,POLICY_VIOLATION,True
2025-09-19T06:02:55Z,SA-0007814,sensor_read_audit,atk-0495,Sensor,ReadAll,AuditLog,South,DENY,ROLE_INSUFFICIENT,True
2025-09-19T06:14:12Z,SA-0007815,sensor_read_audit,atk-0014,Sensor,ManageRoles,IrrigationControl,South,DENY,POLICY_VIOLATION,True
2025-09-19T06:49:11Z,SA-0007816,sensor_read_audit,atk-0339,Sensor,ReadAll,AuditLog,West,DENY,OP_NOT_PERMITTED,True
2025-09-19T07:04:23Z,SA-0007817,sensor_read_audit,atk-0370,Sensor,ControlZone,RoleAssignment,West,DENY,CERT_REVOKED,True
2025-09-19T08:13:58Z,SA-0007818,sensor_read_audit,atk-0159,Sensor,ReadAudit,RoleAssignment,West,DENY,IDS_BLOCKED,True
2025-09-19T09:46:55Z,SA-0007819,sensor_read_audit,atk-0060,Sensor,ReadAudit,IrrigationControl,South,DENY,CERT_REVOKED,True
2025-09-19T12:21:37Z,SA-0007820,sensor_read_audit,atk-0093,Sensor,ReadAll,RoleAssignment,West,DENY,ZONE_MISMATCH,True
2025-09-19T13:57:24Z,SA-0007821,sensor_read_audit,atk-0161,Sensor,WriteSensor,RoleAssignment,North,DENY,ZONE_MISMATCH,True
2025-09-19T16:30:19Z,SA-0007822,sensor_read_audit,atk-0284,Sensor,ControlZone,IrrigationControl,West,DENY,CERT_REVOKED,True
2025-09-19T16:37:42Z,SA-0007823,sensor_read_audit,atk-0161,Sensor,ManageRoles,AuditLog,North,DENY,OP_NOT_PERMITTED,True
2025-09-19T17:41:57Z,SA-0007824,sensor_read_audit,atk-0023,Sensor,ControlZone,RoleAssignment,North,DENY,CERT_REVOKED,True
2025-09-19T19:02:54Z,SA-0007825,sensor_read_audit,atk-0026,Sensor,ManageRoles,AuditLog,West,DENY,IDS_BLOCKED,True
2025-09-19T20:16:53Z,SA-0007826,sensor_read_audit,atk-0205,Sensor,ReadAll,RoleAssignment,East,DENY,ROLE_INSUFFICIENT,True
2025-09-19T20:31:51Z,SA-0007827,sensor_read_audit,atk-0302,Sensor,ControlZone,IrrigationControl,South,DENY,POLICY_VIOLATION,True
2025-09-19T23:18:02Z,SA-0007828,sensor_read_audit,atk-0080,Sensor,ReadAudit,SensorData,South,DENY,POLICY_VIOLATION,True
2025-09-20T00:02:33Z,SA-0007829,sensor_read_audit,atk-0060,Sensor,WriteSensor,RoleAssignment,East,DENY,ZONE_MISMATCH,True
2025-09-20T00:18:38Z,SA-0007830,sensor_read_audit,atk-0001,Sensor,ManageRoles,RoleAssignment,South,DENY,ZONE_MISMATCH,True
2025-09-20T03:03:58Z,SA-0007831,sensor_read_audit,atk-0412,Sensor,ReadAll,RoleAssignment,East,DENY,OP_NOT_PERMITTED,True
2025-09-20T03:24:28Z,SA-0007832,sensor_read_audit,atk-0195,Sensor,ReadAll,AuditLog,North,DENY,CERT_REVOKED,True
2025-09-20T04:57:02Z,SA-0007833,sensor_read_audit,atk-0269,Sensor,ReadAll,RoleAssignment,West,DENY,POLICY_VIOLATION,True
2025-09-20T05:02:06Z,SA-0007834,sensor_read_audit,atk-0469,Sensor,ManageRoles,SensorData,East,DENY,OP_NOT_PERMITTED,True
2025-09-20T06:05:20Z,SA-0007835,sensor_read_audit,atk-0100,Sensor,ManageRoles,RoleAssignment,East,DENY,POLICY_VIOLATION,True
2025-09-20T08:58:10Z,SA-0007836,sensor_read_audit,atk-0284,Sensor,WriteSensor,IrrigationControl,South,DENY,IDS_BLOCKED,True
2025-09-20T09:03:59Z,SA-0007837,sensor_read_audit,atk-0055,Sensor,WriteSensor,SensorData,North,DENY,ZONE_MISMATCH,True
2025-09-20T11:51:26Z,SA-0007838,sensor_read_audit,atk-0362,Sensor,ReadAudit,SensorData,South,DENY,CERT_REVOKED,True
2025-09-20T12:04:32Z,SA-0007839,sensor_read_audit,atk-0279,Sensor,ReadAudit,SensorData,West,DENY,POLICY_VIOLATION,True
2025-09-20T13:20:21Z,SA-0007840,sensor_read_audit,atk-0364,Sensor,ReadAll,SensorData,North,DENY,IDS_BLOCKED,True
2025-09-20T16:54:47Z,SA-0007841,sensor_read_audit,atk-0265,Sensor,WriteSensor,SensorData,East,DENY,ROLE_INSUFFICIENT,True
2025-09-20T20:25:53Z,SA-0007842,sensor_read_audit,atk-0239,Sensor,ReadAll,SensorData,West,DENY,ZONE_MISMATCH,True
2025-09-20T22:05:47Z,SA-0007843,sensor_read_audit,atk-0066,Sensor,ReadAll,IrrigationControl,North,DENY,OP_NOT_PERMITTED,True
2025-09-20T22:44:57Z,SA-0007844,sensor_read_audit,atk-0088,Sensor,ReadAll,RoleAssignment,East,DENY,IDS_BLOCKED,True
2025-09-21T00:05:59Z,SA-0007845,sensor_read_audit,atk-0286,Sensor,ControlZone,RoleAssignment,South,DENY,ZONE_MISMATCH,True
2025-09-21T00:09:39Z,SA-0007846,sensor_read_audit,atk-0243,Sensor,ControlZone,SensorData,West,DENY,ZONE_MISMATCH,True
2025-09-21T00:20:56Z,SA-0007847,sensor_read_audit,atk-0302,Sensor,ControlZone,SensorData,North,DENY,POLICY_VIOLATION,True
2025-09-21T02:18:00Z,SA-0007848,sensor_read_audit,atk-0072,Sensor,WriteSensor,RoleAssignment,West,DENY,ZONE_MISMATCH,True
2025-09-21T02:29:10Z,SA-0007849,sensor_read_audit,atk-0015,Sensor,WriteSensor,IrrigationControl,East,DENY,ROLE_INSUFFICIENT,True
2025-09-21T02:49:39Z,SA-0007850,sensor_read_audit,atk-0157,Sensor,ManageRoles,IrrigationControl,West,DENY,IDS_BLOCKED,True
2025-09-21T02:56:29Z,SA-0007851,sensor_read_audit,atk-0361,Sensor,ControlZone,IrrigationControl,East,DENY,OP_NOT_PERMITTED,True
2025-09-21T03:57:01Z,SA-0007852,sensor_read_audit,atk-0003,Sensor,ControlZone,AuditLog,East,DENY,IDS_BLOCKED,True
2025-09-21T06:54:25Z,SA-0007853,sensor_read_audit,atk-0377,Sensor,WriteSensor,AuditLog,East,DENY,CERT_REVOKED,True
2025-09-21T06:58:48Z,SA-0007854,sensor_read_audit,atk-0247,Sensor,ControlZone,IrrigationControl,East,DENY,CERT_REVOKED,True
2025-09-21T10:52:16Z,SA-0007855,sensor_read_audit,atk-0023,Sensor,ReadAudit,SensorData,West,DENY,CERT_REVOKED,True
2025-09-21T15:39:03Z,SA-0007856,sensor_read_audit,atk-0293,Sensor,ReadAll,AuditLog,North,DENY,IDS_BLOCKED,True
2025-09-21T16:31:30Z,SA-0007857,sensor_read_audit,atk-0070,Sensor,ReadAll,RoleAssignment,North,DENY,CERT_REVOKED,True
2025-09-21T17:04:36Z,SA-0007858,sensor_read_audit,atk-0296,Sensor,ManageRoles,RoleAssignment,South,DENY,ZONE_MISMATCH,True
2025-09-21T18:22:02Z,SA-0007859,sensor_read_audit,atk-0161,Sensor,ReadAll,SensorData,North,DENY,IDS_BLOCKED,True
2025-09-21T21:41:58Z,SA-0007860,sensor_read_audit,atk-0078,Sensor,ControlZone,AuditLog,East,DENY,ROLE_INSUFFICIENT,True
2025-09-21T22:45:45Z,SA-0007861,sensor_read_audit,atk-0096,Sensor,ManageRoles,AuditLog,North,DENY,CERT_REVOKED,True
2025-09-21T22:53:03Z,SA-0007862,sensor_read_audit,atk-0118,Sensor,ReadAudit,AuditLog,South,DENY,CERT_REVOKED,True
2025-09-22T00:57:18Z,SA-0007863,sensor_read_audit,atk-0378,Sensor,ManageRoles,RoleAssignment,North,DENY,ZONE_MISMATCH,True
2025-09-22T02:43:11Z,SA-0007864,sensor_read_audit,atk-0453,Sensor,ManageRoles,IrrigationControl,East,DENY,POLICY_VIOLATION,True
2025-09-22T03:26:06Z,SA-0007865,sensor_read_audit,atk-0138,Sensor,ManageRoles,AuditLog,East,DENY,ZONE_MISMATCH,True
2025-09-22T04:52:34Z,SA-0007866,sensor_read_audit,atk-0151,Sensor,ManageRoles,RoleAssignment,North,DENY,CERT_REVOKED,True
2025-09-22T06:31:25Z,SA-0007867,sensor_read_audit,atk-0070,Sensor,ReadAll,RoleAssignment,West,DENY,CERT_REVOKED,True
2025-09-22T10:54:32Z,SA-0007868,sensor_read_audit,atk-0434,Sensor,ReadAudit,RoleAssignment,West,DENY,ROLE_INSUFFICIENT,True
2025-09-22T10:56:12Z,SA-0007869,sensor_read_audit,atk-0041,Sensor,ReadAll,RoleAssignment,North,DENY,IDS_BLOCKED,True
2025-09-22T10:59:27Z,SA-0007870,sensor_read_audit,atk-0331,Sensor,ControlZone,AuditLog,South,DENY,ROLE_INSUFFICIENT,True
2025-09-22T11:07:56Z,SA-0007871,sensor_read_audit,atk-0261,Sensor,ControlZone,RoleAssignment,North,DENY,OP_NOT_PERMITTED,True
2025-09-22T12:52:11Z,SA-0007872,sensor_read_audit,atk-0287,Sensor,ReadAll,AuditLog,West,DENY,ROLE_INSUFFICIENT,True
2025-09-22T14:16:11Z,SA-0007873,sensor_read_audit,atk-0198,Sensor,ManageRoles,AuditLog,East,DENY,CERT_REVOKED,True
2025-09-22T14:45:50Z,SA-0007874,sensor_read_audit,atk-0184,Sensor,ReadAll,RoleAssignment,East,DENY,IDS_BLOCKED,True
2025-09-22T17:03:02Z,SA-0007875,sensor_read_audit,atk-0140,Sensor,ManageRoles,AuditLog,North,DENY,ROLE_INSUFFICIENT,True
2025-09-22T19:32:20Z,SA-0007876,sensor_read_audit,atk-0382,Sensor,ManageRoles,IrrigationControl,North,DENY,OP_NOT_PERMITTED,True
2025-09-22T20:14:18Z,SA-0007877,sensor_read_audit,atk-0113,Sensor,ReadAll,IrrigationControl,East,DENY,ZONE_MISMATCH,True
2025-09-22T20:23:02Z,SA-0007878,sensor_read_audit,atk-0479,Sensor,ManageRoles,SensorData,West,DENY,POLICY_VIOLATION,True
2025-09-22T21:38:17Z,SA-0007879,sensor_read_audit,atk-0267,Sensor,ReadAudit,SensorData,West,DENY,ZONE_MISMATCH,True
2025-09-22T23:27:24Z,SA-0007880,sensor_read_audit,atk-0091,Sensor,ReadAll,IrrigationControl,East,DENY,POLICY_VIOLATION,True
2025-09-22T23:52:48Z,SA-0007881,sensor_read_audit,atk-0459,Sensor,WriteSensor,AuditLog,East,DENY,POLICY_VIOLATION,True
2025-09-23T01:23:26Z,SA-0007882,sensor_read_audit,atk-0071,Sensor,ReadAll,SensorData,North,DENY,CERT_REVOKED,True
2025-09-23T02:49:15Z,SA-0007883,sensor_read_audit,atk-0233,Sensor,WriteSensor,AuditLog,East,DENY,POLICY_VIOLATION,True
2025-09-23T09:35:21Z,SA-0007884,sensor_read_audit,atk-0442,Sensor,ReadAudit,IrrigationControl,East,DENY,CERT_REVOKED,True
2025-09-23T10:19:02Z,SA-0007885,sensor_read_audit,atk-0401,Sensor,ReadAll,IrrigationControl,North,DENY,CERT_REVOKED,True
2025-09-23T13:58:19Z,SA-0007886,sensor_read_audit,atk-0143,Sensor,ManageRoles,SensorData,East,DENY,IDS_BLOCKED,True
2025-09-23T14:45:02Z,SA-0007887,sensor_read_audit,atk-0135,Sensor,ReadAudit,IrrigationControl,East,DENY,ROLE_INSUFFICIENT,True
2025-09-23T15:09:16Z,SA-0007888,sensor_read_audit,atk-0003,Sensor,ReadAudit,RoleAssignment,West,DENY,ZONE_MISMATCH,True
2025-09-23T16:18:55Z,SA-0007889,sensor_read_audit,atk-0103,Sensor,ManageRoles,AuditLog,East,DENY,POLICY_VIOLATION,True
2025-09-23T16:33:46Z,SA-0007890,sensor_read_audit,atk-0257,Sensor,ControlZone,RoleAssignment,East,DENY,ROLE_INSUFFICIENT,True
2025-09-23T16:57:47Z,SA-0007891,sensor_read_audit,atk-0172,Sensor,ReadAudit,IrrigationControl,West,DENY,ZONE_MISMATCH,True
2025-09-23T17:40:54Z,SA-0007892,sensor_read_audit,atk-0051,Sensor,ReadAudit,RoleAssignment,West,DENY,CERT_REVOKED,True
2025-09-23T20:43:22Z,SA-0007893,sensor_read_audit,atk-0009,Sensor,ControlZone,SensorData,North,DENY,ZONE_MISMATCH,True
2025-09-23T21:34:20Z,SA-0007894,sensor_read_audit,atk-0323,Sensor,ReadAudit,SensorData,West,DENY,IDS_BLOCKED,True
2025-09-24T02:22:28Z,SA-0007895,sensor_read_audit,atk-0481,Sensor,ReadAudit,RoleAssignment,East,DENY,CERT_REVOKED,True
2025-09-24T05:28:47Z,SA-0007896,sensor_read_audit,atk-0228,Sensor,ReadAll,RoleAssignment,East,DENY,OP_NOT_PERMITTED,True
2025-09-24T06:21:17Z,SA-0007897,sensor_read_audit,atk-0418,Sensor,ControlZone,AuditLog,West,DENY,ZONE_MISMATCH,True
2025-09-24T07:34:33Z,SA-0007898,sensor_read_audit,atk-0253,Sensor,ManageRoles,IrrigationControl,South,DENY,POLICY_VIOLATION,True
2025-09-24T09:21:00Z,SA-0007899,sensor_read_audit,atk-0048,Sensor,ReadAudit,AuditLog,West,DENY,IDS_BLOCKED,True
2025-09-24T12:22:51Z,SA-0007900,sensor_read_audit,atk-0135,Sensor,ReadAll,SensorData,East,DENY,ZONE_MISMATCH,True
2025-09-24T13:08:24Z,SA-0007901,sensor_read_audit,atk-0412,Sensor,ManageRoles,IrrigationControl,West,DENY,IDS_BLOCKED,True
2025-09-24T14:18:20Z,SA-0007902,sensor_read_audit,atk-0160,Sensor,WriteSensor,IrrigationControl,West,DENY,OP_NOT_PERMITTED,True
2025-09-24T14:22:31Z,SA-0007903,sensor_read_audit,atk-0434,Sensor,ReadAudit,RoleAssignment,South,DENY,ZONE_MISMATCH,True
2025-09-24T17:24:54Z,SA-0007904,sensor_read_audit,atk-0186,Sensor,ReadAll,IrrigationControl,South,DENY,POLICY_VIOLATION,True
2025-09-24T19:00:00Z,SA-0007905,sensor_read_audit,atk-0478,Sensor,WriteSensor,AuditLog,West,DENY,IDS_BLOCKED,True
2025-09-24T22:51:00Z,SA-0007906,sensor_read_audit,atk-0364,Sensor,WriteSensor,AuditLog,North,DENY,ZONE_MISMATCH,True
2025-09-24T23:14:29Z,SA-0007907,sensor_read_audit,atk-0183,Sensor,ReadAll,AuditLog,West,DENY,CERT_REVOKED,True
2025-09-25T00:47:10Z,SA-0007908,sensor_read_audit,atk-0298,Sensor,ReadAudit,RoleAssignment,East,DENY,CERT_REVOKED,True
2025-09-25T01:46:55Z,SA-0007909,sensor_read_audit,atk-0218,Sensor,ControlZone,RoleAssignment,East,DENY,IDS_BLOCKED,True
2025-09-25T01:49:52Z,SA-0007910,sensor_read_audit,atk-0241,Sensor,ControlZone,SensorData,East,DENY,OP_NOT_PERMITTED,True
2025-09-25T02:12:11Z,SA-0007911,sensor_read_audit,atk-0053,Sensor,ControlZone,IrrigationControl,West,DENY,IDS_BLOCKED,True
2025-09-25T02:31:36Z,SA-0007912,sensor_read_audit,atk-0143,Sensor,WriteSensor,AuditLog,West,DENY,IDS_BLOCKED,True
2025-09-25T03:26:34Z,SA-0007913,sensor_read_audit,atk-0137,Sensor,WriteSensor,RoleAssignment,East,DENY,IDS_BLOCKED,True
2025-09-25T04:32:17Z,SA-0007914,sensor_read_audit,atk-0315,Sensor,ReadAll,RoleAssignment,South,DENY,IDS_BLOCKED,True
2025-09-25T04:58:27Z,SA-0007915,sensor_read_audit,atk-0454,Sensor,ReadAudit,IrrigationControl,West,DENY,OP_NOT_PERMITTED,True
2025-09-25T05:03:35Z,SA-0007916,sensor_read_audit,atk-0169,Sensor,ReadAudit,RoleAssignment,South,DENY,ROLE_INSUFFICIENT,True
2025-09-25T06:49:14Z,SA-0007917,sensor_read_audit,atk-0283,Sensor,ReadAll,RoleAssignment,West,DENY,IDS_BLOCKED,True
2025-09-25T08:26:59Z,SA-0007918,sensor_read_audit,atk-0157,Sensor,ReadAudit,SensorData,South,DENY,POLICY_VIOLATION,True
2025-09-25T09:29:54Z,SA-0007919,sensor_read_audit,atk-0082,Sensor,ControlZone,RoleAssignment,West,DENY,CERT_REVOKED,True
2025-09-25T10:25:12Z,SA-0007920,sensor_read_audit,atk-0014,Sensor,ControlZone,AuditLog,West,DENY,ZONE_MISMATCH,True
2025-09-25T12:02:46Z,SA-0007921,sensor_read_audit,atk-0147,Sensor,ReadAll,SensorData,West,DENY,IDS_BLOCKED,True
2025-09-25T14:07:48Z,SA-0007922,sensor_read_audit,atk-0140,Sensor,WriteSensor,IrrigationControl,North,DENY,OP_NOT_PERMITTED,True
2025-09-25T17:40:57Z,SA-0007923,sensor_read_audit,atk-0382,Sensor,ReadAll,SensorData,North,DENY,CERT_REVOKED,True
2025-09-25T18:16:08Z,SA-0007924,sensor_read_audit,atk-0113,Sensor,WriteSensor,RoleAssignment,East,DENY,IDS_BLOCKED,True
2025-09-25T21:16:54Z,SA-0007925,sensor_read_audit,atk-0204,Sensor,ReadAudit,IrrigationControl,South,DENY,IDS_BLOCKED,True
2025-09-25T22:15:55Z,SA-0007926,sensor_read_audit,atk-0273,Sensor,ReadAll,IrrigationControl,East,DENY,ROLE_INSUFFICIENT,True
2025-09-25T22:26:23Z,SA-0007927,sensor_read_audit,atk-0120,Sensor,ReadAll,AuditLog,East,DENY,ZONE_MISMATCH,True
2025-09-25T23:35:59Z,SA-0007928,sensor_read_audit,atk-0453,Sensor,WriteSensor,AuditLog,South,DENY,CERT_REVOKED,True
2025-09-25T23:42:56Z,SA-0007929,sensor_read_audit,atk-0359,Sensor,ReadAll,SensorData,West,DENY,POLICY_VIOLATION,True
2025-09-26T00:47:54Z,SA-0007930,sensor_read_audit,atk-0435,Sensor,ReadAll,SensorData,North,DENY,OP_NOT_PERMITTED,True
2025-09-26T03:16:53Z,SA-0007931,sensor_read_audit,atk-0493,Sensor,ControlZone,IrrigationControl,East,DENY,IDS_BLOCKED,True
2025-09-26T03:40:53Z,SA-0007932,sensor_read_audit,atk-0262,Sensor,ReadAll,SensorData,West,DENY,CERT_REVOKED,True
2025-09-26T04:59:27Z,SA-0007933,sensor_read_audit,atk-0075,Sensor,ManageRoles,RoleAssignment,South,DENY,CERT_REVOKED,True
2025-09-26T06:10:36Z,SA-0007934,sensor_read_audit,atk-0388,Sensor,ReadAudit,RoleAssignment,East,DENY,OP_NOT_PERMITTED,True
2025-09-26T06:11:54Z,SA-0007935,sensor_read_audit,atk-0243,Sensor,ReadAudit,IrrigationControl,East,DENY,IDS_BLOCKED,True
2025-09-26T07:05:56Z,SA-0007936,sensor_read_audit,atk-0216,Sensor,ReadAll,SensorData,South,DENY,POLICY_VIOLATION,True
2025-09-26T08:18:25Z,SA-0007937,sensor_read_audit,atk-0100,Sensor,ReadAudit,AuditLog,East,DENY,ROLE_INSUFFICIENT,True
2025-09-26T08:44:38Z,SA-0007938,sensor_read_audit,atk-0163,Sensor,ControlZone,AuditLog,South,DENY,POLICY_VIOLATION,True
2025-09-26T09:07:37Z,SA-0007939,sensor_read_audit,atk-0049,Sensor,WriteSensor,AuditLog,North,DENY,ZONE_MISMATCH,True
2025-09-26T10:06:06Z,SA-0007940,sensor_read_audit,atk-0030,Sensor,ControlZone,AuditLog,East,DENY,POLICY_VIOLATION,True
2025-09-26T10:15:07Z,SA-0007941,sensor_read_audit,atk-0184,Sensor,ReadAll,AuditLog,East,DENY,CERT_REVOKED,True
2025-09-26T13:59:10Z,SA-0007942,sensor_read_audit,atk-0366,Sensor,ReadAll,IrrigationControl,South,DENY,CERT_REVOKED,True
2025-09-26T15:43:25Z,SA-0007943,sensor_read_audit,atk-0113,Sensor,ManageRoles,AuditLog,West,DENY,ZONE_MISMATCH,True
2025-09-26T17:41:56Z,SA-0007944,sensor_read_audit,atk-0232,Sensor,ManageRoles,IrrigationControl,East,DENY,ROLE_INSUFFICIENT,True
2025-09-26T18:06:14Z,SA-0007945,sensor_read_audit,atk-0360,Sensor,ControlZone,IrrigationControl,South,DENY,ROLE_INSUFFICIENT,True
2025-09-26T19:10:25Z,SA-0007946,sensor_read_audit,atk-0333,Sensor,ReadAudit,IrrigationControl,West,DENY,ZONE_MISMATCH,True
2025-09-26T21:24:10Z,SA-0007947,sensor_read_audit,atk-0019,Sensor,WriteSensor,RoleAssignment,West,DENY,ROLE_INSUFFICIENT,True
2025-09-26T22:30:47Z,SA-0007948,sensor_read_audit,atk-0104,Sensor,ControlZone,IrrigationControl,West,DENY,IDS_BLOCKED,True
2025-09-27T00:37:51Z,SA-0007949,sensor_read_audit,atk-0440,Sensor,WriteSensor,AuditLog,East,DENY,POLICY_VIOLATION,True
2025-09-27T03:49:32Z,SA-0007950,sensor_read_audit,atk-0456,Sensor,WriteSensor,SensorData,North,DENY,CERT_REVOKED,True
2025-09-27T05:42:32Z,SA-0007951,sensor_read_audit,atk-0495,Sensor,ReadAudit,SensorData,South,DENY,POLICY_VIOLATION,True
2025-09-27T06:41:56Z,SA-0007952,sensor_read_audit,atk-0358,Sensor,WriteSensor,IrrigationControl,East,DENY,POLICY_VIOLATION,True
2025-09-27T07:05:04Z,SA-0007953,sensor_read_audit,atk-0329,Sensor,ReadAll,IrrigationControl,West,DENY,CERT_REVOKED,True
2025-09-27T07:23:49Z,SA-0007954,sensor_read_audit,atk-0027,Sensor,ManageRoles,RoleAssignment,West,DENY,OP_NOT_PERMITTED,True
2025-09-27T07:36:03Z,SA-0007955,sensor_read_audit,atk-0491,Sensor,WriteSensor,IrrigationControl,West,DENY,POLICY_VIOLATION,True
2025-09-27T07:45:50Z,SA-0007956,sensor_read_audit,atk-0088,Sensor,ManageRoles,IrrigationControl,South,DENY,CERT_REVOKED,True
2025-09-27T08:18:10Z,SA-0007957,sensor_read_audit,atk-0135,Sensor,WriteSensor,SensorData,East,DENY,POLICY_VIOLATION,True
2025-09-27T08:24:50Z,SA-0007958,sensor_read_audit,atk-0355,Sensor,ManageRoles,RoleAssignment,West,DENY,IDS_BLOCKED,True
2025-09-27T12:19:16Z,SA-0007959,sensor_read_audit,atk-0117,Sensor,WriteSensor,IrrigationControl,South,DENY,IDS_BLOCKED,True
2025-09-27T15:48:52Z,SA-0007960,sensor_read_audit,atk-0034,Sensor,ControlZone,SensorData,South,DENY,CERT_REVOKED,True
2025-09-27T17:12:21Z,SA-0007961,sensor_read_audit,atk-0123,Sensor,ReadAudit,SensorData,West,DENY,POLICY_VIOLATION,True
2025-09-27T19:36:00Z,SA-0007962,sensor_read_audit,atk-0493,Sensor,ReadAudit,AuditLog,South,DENY,CERT_REVOKED,True
2025-09-27T20:03:33Z,SA-0007963,sensor_read_audit,atk-0250,Sensor,ReadAll,RoleAssignment,South,DENY,ZONE_MISMATCH,True
2025-09-27T21:43:49Z,SA-0007964,sensor_read_audit,atk-0211,Sensor,WriteSensor,RoleAssignment,South,DENY,ROLE_INSUFFICIENT,True
2025-09-27T21:50:59Z,SA-0007965,sensor_read_audit,atk-0166,Sensor,ManageRoles,IrrigationControl,South,DENY,POLICY_VIOLATION,True
2025-09-28T03:50:40Z,SA-0007966,sensor_read_audit,atk-0058,Sensor,ControlZone,RoleAssignment,North,DENY,ROLE_INSUFFICIENT,True
2025-09-28T16:22:00Z,SA-0007967,sensor_read_audit,atk-0215,Sensor,ReadAudit,AuditLog,West,DENY,ZONE_MISMATCH,True
2025-09-28T20:01:44Z,SA-0007968,sensor_read_audit,atk-0489,Sensor,ControlZone,RoleAssignment,West,DENY,ZONE_MISMATCH,True
2025-09-28T20:02:27Z,SA-0007969,sensor_read_audit,atk-0289,Sensor,ReadAll,SensorData,North,DENY,OP_NOT_PERMITTED,True
2025-09-28T22:17:36Z,SA-0007970,sensor_read_audit,atk-0149,Sensor,WriteSensor,IrrigationControl,East,DENY,ZONE_MISMATCH,True
2025-09-28T23:16:39Z,SA-0007971,sensor_read_audit,atk-0242,Sensor,WriteSensor,SensorData,South,DENY,POLICY_VIOLATION,True
2025-09-29T00:02:14Z,SA-0007972,sensor_read_audit,atk-0408,Sensor,ControlZone,SensorData,South,DENY,POLICY_VIOLATION,True
2025-09-29T00:03:07Z,SA-0007973,sensor_read_audit,atk-0325,Sensor,ManageRoles,SensorData,South,DENY,OP_NOT_PERMITTED,True
2025-09-29T01:22:00Z,SA-0007974,sensor_read_audit,atk-0159,Sensor,ReadAll,AuditLog,North,DENY,ZONE_MISMATCH,True
2025-09-29T02:48:53Z,SA-0007975,sensor_read_audit,atk-0166,Sensor,ReadAudit,RoleAssignment,North,DENY,POLICY_VIOLATION,True
2025-09-29T02:59:15Z,SA-0007976,sensor_read_audit,atk-0121,Sensor,ReadAll,IrrigationControl,North,DENY,ZONE_MISMATCH,True
2025-09-29T04:55:05Z,SA-0007977,sensor_read_audit,atk-0098,Sensor,WriteSensor,SensorData,East,DENY,POLICY_VIOLATION,True
2025-09-29T05:46:59Z,SA-0007978,sensor_read_audit,atk-0366,Sensor,ManageRoles,AuditLog,South,DENY,ROLE_INSUFFICIENT,True
2025-09-29T07:30:17Z,SA-0007979,sensor_read_audit,atk-0215,Sensor,ReadAudit,AuditLog,West,DENY,POLICY_VIOLATION,True
2025-09-29T07:37:49Z,SA-0007980,sensor_read_audit,atk-0118,Sensor,ReadAudit,SensorData,North,DENY,ZONE_MISMATCH,True
2025-09-29T09:02:31Z,SA-0007981,sensor_read_audit,atk-0386,Sensor,ManageRoles,AuditLog,South,DENY,POLICY_VIOLATION,True
2025-09-29T09:39:36Z,SA-0007982,sensor_read_audit,atk-0296,Sensor,ManageRoles,AuditLog,East,DENY,CERT_REVOKED,True
2025-09-29T10:32:58Z,SA-0007983,sensor_read_audit,atk-0141,Sensor,ManageRoles,SensorData,South,DENY,ZONE_MISMATCH,True
2025-09-29T12:34:03Z,SA-0007984,sensor_read_audit,atk-0482,Sensor,ReadAll,SensorData,South,DENY,OP_NOT_PERMITTED,True
2025-09-29T21:04:16Z,SA-0007985,sensor_read_audit,atk-0153,Sensor,WriteSensor,SensorData,North,DENY,IDS_BLOCKED,True
2025-09-30T03:52:36Z,SA-0007986,sensor_read_audit,atk-0136,Sensor,ManageRoles,IrrigationControl,West,DENY,IDS_BLOCKED,True
2025-09-30T05:06:14Z,SA-0007987,sensor_read_audit,atk-0039,Sensor,ManageRoles,SensorData,East,DENY,ROLE_INSUFFICIENT,True
2025-09-30T09:48:34Z,SA-0007988,sensor_read_audit,atk-0415,Sensor,ReadAudit,AuditLog,North,DENY,OP_NOT_PERMITTED,True
2025-09-30T10:12:13Z,SA-0007989,sensor_read_audit,atk-0083,Sensor,ReadAll,SensorData,South,DENY,ZONE_MISMATCH,True
2025-09-30T10:57:08Z,SA-0007990,sensor_read_audit,atk-0067,Sensor,ReadAll,RoleAssignment,South,DENY,CERT_REVOKED,True
2025-09-30T11:32:58Z,SA-0007991,sensor_read_audit,atk-0368,Sensor,ManageRoles,AuditLog,South,DENY,OP_NOT_PERMITTED,True
2025-09-30T11:48:25Z,SA-0007992,sensor_read_audit,atk-0356,Sensor,ReadAll,SensorData,West,DENY,ROLE_INSUFFICIENT,True
2025-09-30T13:58:16Z,SA-0007993,sensor_read_audit,atk-0394,Sensor,ControlZone,RoleAssignment,West,DENY,IDS_BLOCKED,True
2025-09-30T17:28:18Z,SA-0007994,sensor_read_audit,atk-0391,Sensor,WriteSensor,SensorData,East,DENY,IDS_BLOCKED,True
2025-09-30T17:48:51Z,SA-0007995,sensor_read_audit,atk-0065,Sensor,ReadAll,RoleAssignment,West,DENY,POLICY_VIOLATION,True
2025-09-30T17:51:19Z,SA-0007996,sensor_read_audit,atk-0243,Sensor,ReadAll,RoleAssignment,West,DENY,OP_NOT_PERMITTED,True
2025-09-30T19:15:46Z,SA-0007997,sensor_read_audit,atk-0289,Sensor,ManageRoles,IrrigationControl,East,DENY,CERT_REVOKED,True
2025-09-30T20:26:18Z,SA-0007998,sensor_read_audit,atk-0375,Sensor,ReadAll,SensorData,North,DENY,ZONE_MISMATCH,True
2025-09-30T20:32:38Z,SA-0007999,sensor_read_audit,atk-0173,Sensor,WriteSensor,IrrigationControl,West,DENY,POLICY_VIOLATION,True
2025-09-30T21:35:15Z,SA-0008000,sensor_read_audit,atk-0402,Sensor,WriteSensor,AuditLog,North,DENY,POLICY_VIOLATION,True
