sample_id,mode,payload_bytes,energy_mj,airtime_ms
ES-0000001,SingleChannel,23,24.743,35.21
ES-0000002,SingleChannel,22,24.098,36.56
ES-0000003,SingleChannel,20,23.409,36.45
ES-0000004,SingleChannel,19,25.234,36.77
ES-0000005,SingleChannel,20,24.499,36.51
ES-0000006,SingleChannel,23,24.275,36.36
ES-0000007,SingleChannel,23,24.732,38.91
ES-0000008,SingleChannel,19,23.686,36.91
ES-0000009,SingleChannel,19,24.038,36.6
ES-0000010,SingleChannel,21,24.583,32.6
ES-0000011,SingleChannel,22,23.901,36.0
ES-0000012,SingleChannel,19,23.624,37.26
ES-0000013,SingleChannel,21,24.499,37.08
ES-0000014,SingleChannel,19,24.765,36.0
ES-0000015,SingleChannel,20,24.953,36.26
ES-0000016,SingleChannel,23,24.225,36.37
ES-0000017,SingleChannel,18,24.072,35.22
ES-0000018,SingleChannel,18,26.51,36.73
ES-0000019,SingleChannel,21,23.915,37.61
ES-0000020,SingleChannel,20,25.639,35.55
ES-0000021,SingleChannel,22,25.596,37.58
ES-0000022,SingleChannel,18,23.459,35.72
ES-0000023,SingleChannel,23,24.693,37.34
ES-0000024,SingleChannel,23,23.819,34.46
ES-0000025,SingleChannel,20,24.64,37.4
ES-0000026,SingleChannel,22,23.335,35.78
ES-0000027,SingleChannel,22,25.241,35.23
ES-0000028,SingleChannel,19,24.254,35.89
ES-0000029,SingleChannel,22,25.388,35.61
ES-0000030,SingleChannel,18,24.278,35.96
ES-0000031,SingleChannel,19,25.588,34.21
ES-0000032,SingleChannel,23,24.186,36.61
ES-0000033,SingleChannel,21,23.856,36.47
ES-0000034,SingleChannel,18,24.455,37.73
ES-0000035,SingleChannel,20,25.402,36.53
ES-0000036,SingleChannel,23,24.427,36.54
ES-0000037,SingleChannel,20,24.786,35.44
ES-0000038,SingleChannel,19,24.51,37.47
ES-0000039,SingleChannel,21,24.663,34.39
ES-0000040,SingleChannel,18,23.946,34.51
ES-0000041,SingleChannel,23,23.762,38.25
ES-0000042,SingleChannel,18,24.256,36.52
ES-0000043,SingleChannel,23,24.445,35.08
ES-0000044,SingleChannel,20,25.049,36.63
ES-0000045,SingleChannel,20,23.967,36.33
ES-0000046,SingleChannel,20,23.532,34.92
ES-0000047,SingleChannel,19,24.549,35.53
ES-0000048,SingleChannel,23,23.105,34.04
ES-0000049,SingleChannel,19,24.174,35.81
ES-0000050,SingleChannel,20,23.154,34.78
ES-0000051,SingleChannel,21,25.414,34.98
ES-0000052,SingleChannel,18,25.714,36.29
ES-0000053,SingleChannel,22,23.231,35.59
ES-0000054,SingleChannel,19,24.073,34.3
ES-0000055,SingleChannel,18,26.106,36.8
ES-0000056,SingleChannel,18,24.815,36.0
ES-0000057,SingleChannel,22,24.346,35.81
ES-0000058,SingleChannel,21,23.794,34.92
ES-0000059,SingleChannel,21,24.329,39.31
ES-0000060,SingleChannel,23,25.658,35.09
ES-0000061,SingleChannel,18,24.412,38.42
ES-0000062,SingleChannel,21,24.621,36.24
ES-0000063,SingleChannel,22,23.706,36.49
ES-0000064,SingleChannel,22,24.259,35.67
ES-0000065,SingleChannel,20,23.049,35.9
ES-0000066,SingleChannel,23,25.074,34.37
ES-0000067,SingleChannel,19,25.063,34.45
ES-0000068,SingleChannel,23,24.47,34.64
ES-0000069,SingleChannel,23,24.798,37.08
ES-0000070,SingleChannel,19,24.774,35.81
ES-0000071,SingleChannel,22,25.27,34.13
ES-0000072,SingleChannel,18,22.918,36.96
ES-0000073,SingleChannel,21,23.881,38.33
ES-0000074,SingleChannel,23,24.327,37.43
ES-0000075,SingleChannel,19,23.869,38.68
ES-0000076,SingleChannel,19,23.242,35.34
ES-0000077,SingleChannel,19,23.673,36.1
ES-0000078,SingleChannel,22,24.835,36.09
ES-0000079,SingleChannel,21,24.683,34.99
ES-0000080,SingleChannel,20,23.551,37.24
ES-0000081,SingleChannel,22,23.856,36.53
ES-0000082,SingleChannel,19,24.967,35.09
ES-0000083,SingleChannel,18,23.019,35.17
ES-0000084,SingleChannel,19,24.432,35.46
ES-0000085,SingleChannel,23,23.732,34.0
ES-0000086,SingleChannel,18,24.629,35.64
ES-0000087,SingleChannel,21,25.077,36.68
ES-0000088,SingleChannel,21,23.965,35.18
ES-0000089,SingleChannel,19,23.981,34.96
ES-0000090,SingleChannel,23,24.264,36.96
ES-0000091,SingleChannel,21,24.406,34.04
ES-0000092,SingleChannel,22,24.57,36.9
ES-0000093,SingleChannel,20,23.247,36.39
ES-0000094,SingleChannel,21,24.693,36.14
ES-0000095,SingleChannel,18,24.963,35.18
ES-0000096,SingleChannel,21,23.904,38.06
ES-0000097,SingleChannel,20,24.394,37.14
ES-0000098,SingleChannel,23,23.595,35.17
ES-0000099,SingleChannel,19,23.546,36.14
ES-0000100,SingleChannel,20,24.128,35.93
ES-0000101,SingleChannel,18,24.222,37.94
ES-0000102,SingleChannel,23,23.558,36.94
ES-0000103,SingleChannel,19,25.136,34.12
ES-0000104,SingleChannel,18,23.944,37.88
ES-0000105,SingleChannel,23,25.039,35.92
ES-0000106,SingleChannel,18,23.61,35.92
ES-0000107,SingleChannel,19,23.497,35.01
ES-0000108,SingleChannel,19,24.322,36.17
ES-0000109,SingleChannel,20,23.086,35.43
ES-0000110,SingleChannel,20,23.158,35.58
ES-0000111,SingleChannel,21,23.634,36.11
ES-0000112,SingleChannel,23,24.012,36.43
ES-0000113,SingleChannel,19,24.208,36.07
ES-0000114,SingleChannel,19,24.239,36.53
ES-0000115,SingleChannel,19,24.252,35.82
ES-0000116,SingleChannel,23,23.035,34.86
ES-0000117,SingleChannel,22,25.306,33.64
ES-0000118,SingleChannel,19,24.468,37.26
ES-0000119,SingleChannel,23,24.409,35.25
ES-0000120,SingleChannel,20,23.412,35.67
ES-0000121,SingleChannel,18,22.967,35.6
ES-0000122,SingleChannel,22,25.162,35.02
ES-0000123,SingleChannel,20,25.796,35.99
ES-0000124,SingleChannel,23,25.433,35.89
ES-0000125,SingleChannel,23,23.088,35.75
ES-0000126,SingleChannel,20,25.261,35.51
ES-0000127,SingleChannel,19,22.601,35.36
ES-0000128,SingleChannel,20,24.423,36.24
ES-0000129,SingleChannel,23,24.199,34.36
ES-0000130,SingleChannel,22,24.469,35.46
ES-0000131,SingleChannel,19,24.67,37.08
ES-0000132,SingleChannel,18,23.159,37.75
ES-0000133,SingleChannel,20,22.612,35.92
ES-0000134,SingleChannel,22,24.86,36.32
ES-0000135,SingleChannel,18,23.305,37.94
ES-0000136,SingleChannel,18,24.32,36.63
ES-0000137,SingleChannel,23,24.836,36.71
ES-0000138,SingleChannel,18,23.699,35.44
ES-0000139,SingleChannel,23,24.199,34.23
ES-0000140,SingleChannel,18,24.307,38.05
ES-0000141,SingleChannel,21,23.744,37.06
ES-0000142,SingleChannel,21,23.33,37.78
ES-0000143,SingleChannel,19,23.671,34.82
ES-0000144,SingleChannel,23,24.133,35.35
ES-0000145,SingleChannel,18,22.684,34.44
ES-0000146,SingleChannel,18,24.272,36.61
ES-0000147,SingleChannel,20,24.031,36.07
ES-0000148,SingleChannel,20,22.582,35.02
ES-0000149,SingleChannel,20,23.802,37.07
ES-0000150,SingleChannel,23,23.275,35.77
ES-0000151,SingleChannel,18,23.897,36.35
ES-0000152,SingleChannel,20,24.898,37.12
ES-0000153,SingleChannel,22,23.816,34.18
ES-0000154,SingleChannel,23,24.53,37.92
ES-0000155,SingleChannel,22,24.706,34.55
ES-0000156,SingleChannel,22,24.93,34.65
ES-0000157,SingleChannel,19,22.61,34.77
ES-0000158,SingleChannel,22,23.182,37.57
ES-0000159,SingleChannel,19,24.088,35.06
ES-0000160,SingleChannel,18,22.45,36.19
ES-0000161,SingleChannel,23,24.531,34.26
ES-0000162,SingleChannel,18,23.796,36.67
ES-0000163,SingleChannel,18,24.42,35.83
ES-0000164,SingleChannel,19,24.406,37.09
ES-0000165,SingleChannel,19,24.271,33.29
ES-0000166,SingleChannel,21,24.826,35.52
ES-0000167,SingleChannel,22,23.488,36.46
ES-0000168,SingleChannel,19,23.342,34.48
ES-0000169,SingleChannel,21,24.458,37.72
ES-0000170,SingleChannel,18,22.781,35.05
ES-0000171,SingleChannel,18,23.505,35.88
ES-0000172,SingleChannel,21,24.67,36.76
ES-0000173,SingleChannel,20,24.108,35.64
ES-0000174,SingleChannel,19,23.931,35.34
ES-0000175,SingleChannel,21,23.68,37.94
ES-0000176,SingleChannel,19,23.603,34.88
ES-0000177,SingleChannel,20,24.509,35.47
ES-0000178,SingleChannel,23,24.999,35.44
ES-0000179,SingleChannel,23,22.851,36.6
ES-0000180,SingleChannel,21,24.485,34.62
ES-0000181,SingleChannel,20,24.592,37.28
ES-0000182,SingleChannel,20,24.978,35.94
ES-0000183,SingleChannel,21,24.702,35.27
ES-0000184,SingleChannel,23,25.676,33.22
ES-0000185,SingleChannel,22,23.661,36.53
ES-0000186,SingleChannel,19,24.506,34.59
ES-0000187,SingleChannel,20,25.103,36.89
ES-0000188,SingleChannel,20,24.49,36.61
ES-0000189,SingleChannel,22,23.791,34.97
ES-0000190,SingleChannel,23,23.663,39.17
ES-0000191,SingleChannel,19,24.788,38.71
ES-0000192,SingleChannel,23,23.573,37.35
ES-0000193,SingleChannel,22,23.597,36.19
ES-0000194,SingleChannel,23,24.024,36.99
ES-0000195,SingleChannel,21,24.066,35.79
ES-0000196,SingleChannel,19,23.418,37.83
ES-0000197,SingleChannel,21,24.371,36.68
ES-0000198,SingleChannel,21,24.661,35.75
ES-0000199,SingleChannel,18,24.877,34.95
ES-0000200,SingleChannel,18,24.088,34.23
ES-0000201,SingleChannel,21,23.447,35.14
ES-0000202,SingleChannel,20,23.44,35.82
ES-0000203,SingleChannel,22,25.044,36.64
ES-0000204,SingleChannel,21,24.715,35.58
ES-0000205,SingleChannel,18,24.711,36.99
ES-0000206,SingleChannel,20,23.674,35.68
ES-0000207,SingleChannel,20,24.192,35.57
ES-0000208,SingleChannel,19,24.903,36.73
ES-0000209,SingleChannel,21,24.349,34.59
ES-0000210,SingleChannel,22,24.858,36.49
ES-0000211,SingleChannel,21,24.173,38.11
ES-0000212,SingleChannel,23,24.111,35.93
ES-0000213,SingleChannel,18,24.569,37.08
ES-0000214,SingleChannel,20,23.862,36.67
ES-0000215,SingleChannel,18,24.492,36.75
ES-0000216,SingleChannel,22,24.671,36.83
ES-0000217,SingleChannel,19,24.308,38.54
ES-0000218,SingleChannel,18,25.998,36.21
ES-0000219,SingleChannel,23,23.572,34.62
ES-0000220,SingleChannel,19,23.295,36.65
ES-0000221,SingleChannel,20,26.841,36.78
ES-0000222,SingleChannel,19,24.898,34.25
ES-0000223,SingleChannel,22,25.577,35.83
ES-0000224,SingleChannel,20,23.278,38.09
ES-0000225,SingleChannel,18,24.752,35.42
ES-0000226,SingleChannel,22,25.006,35.72
ES-0000227,SingleChannel,19,23.108,36.67
ES-0000228,SingleChannel,19,24.523,38.59
ES-0000229,SingleChannel,21,23.993,36.21
ES-0000230,SingleChannel,21,24.158,36.14
ES-0000231,SingleChannel,22,24.814,36.12
ES-0000232,SingleChannel,23,24.304,34.6
ES-0000233,SingleChannel,22,25.821,36.83
ES-0000234,SingleChannel,23,24.084,36.66
ES-0000235,SingleChannel,23,24.277,38.69
ES-0000236,SingleChannel,23,26.021,35.52
ES-0000237,SingleChannel,18,24.727,34.47
ES-0000238,SingleChannel,23,24.868,35.63
ES-0000239,SingleChannel,23,24.547,37.04
ES-0000240,SingleChannel,18,23.733,37.85
ES-0000241,SingleChannel,21,24.468,36.89
ES-0000242,SingleChannel,22,23.453,38.02
ES-0000243,SingleChannel,21,24.358,35.22
ES-0000244,SingleChannel,18,23.663,37.54
ES-0000245,SingleChannel,22,23.71,36.7
ES-0000246,SingleChannel,23,24.004,37.08
ES-0000247,SingleChannel,18,25.085,36.24
ES-0000248,SingleChannel,21,23.882,37.65
ES-0000249,SingleChannel,20,24.861,34.02
ES-0000250,SingleChannel,23,24.248,36.74
ES-0000251,SingleChannel,18,25.306,38.03
ES-0000252,SingleChannel,20,24.803,35.87
ES-0000253,SingleChannel,19,23.948,35.67
ES-0000254,SingleChannel,20,25.758,35.93
ES-0000255,SingleChannel,23,23.638,35.94
ES-0000256,SingleChannel,19,25.215,36.73
ES-0000257,SingleChannel,23,24.059,35.72
ES-0000258,SingleChannel,21,24.31,35.19
ES-0000259,SingleChannel,18,24.868,37.26
ES-0000260,SingleChannel,21,23.929,35.51
ES-0000261,SingleChannel,20,24.016,37.52
ES-0000262,SingleChannel,19,24.294,37.46
ES-0000263,SingleChannel,22,22.38,36.51
ES-0000264,SingleChannel,22,25.213,34.73
ES-0000265,SingleChannel,22,23.461,38.09
ES-0000266,SingleChannel,21,24.039,35.88
ES-0000267,SingleChannel,21,23.092,36.02
ES-0000268,SingleChannel,18,22.988,38.06
ES-0000269,SingleChannel,19,24.64,35.59
ES-0000270,SingleChannel,23,23.91,35.69
ES-0000271,SingleChannel,19,20.82,36.34
ES-0000272,SingleChannel,22,24.733,39.62
ES-0000273,SingleChannel,18,23.728,37.91
ES-0000274,SingleChannel,20,22.854,35.06
ES-0000275,SingleChannel,20,24.089,35.1
ES-0000276,SingleChannel,23,23.805,32.99
ES-0000277,SingleChannel,20,24.841,37.51
ES-0000278,SingleChannel,23,25.357,35.76
ES-0000279,SingleChannel,21,24.315,36.39
ES-0000280,SingleChannel,21,24.608,37.2
ES-0000281,SingleChannel,22,23.924,35.68
ES-0000282,SingleChannel,21,25.004,35.62
ES-0000283,SingleChannel,18,24.575,37.13
ES-0000284,SingleChannel,18,25.35,38.79
ES-0000285,SingleChannel,19,23.039,37.48
ES-0000286,SingleChannel,20,24.99,38.21
ES-0000287,SingleChannel,21,24.388,36.99
ES-0000288,SingleChannel,22,23.847,37.42
ES-0000289,SingleChannel,19,26.064,37.86
ES-0000290,SingleChannel,22,25.171,37.21
ES-0000291,SingleChannel,20,22.148,34.9
ES-0000292,SingleChannel,19,25.634,35.32
ES-0000293,SingleChannel,20,23.201,34.09
ES-0000294,SingleChannel,18,23.632,35.72
ES-0000295,SingleChannel,22,24.194,35.8
ES-0000296,SingleChannel,20,24.089,36.51
ES-0000297,SingleChannel,18,24.741,33.75
ES-0000298,SingleChannel,23,25.127,35.88
ES-0000299,SingleChannel,19,26.204,34.5
ES-0000300,SingleChannel,20,24.768,38.11
ES-0000301,SingleChannel,23,24.141,34.87
ES-0000302,SingleChannel,18,24.148,36.49
ES-0000303,SingleChannel,21,24.247,34.55
ES-0000304,SingleChannel,20,24.274,36.2
ES-0000305,SingleChannel,18,23.624,35.67
ES-0000306,SingleChannel,19,24.766,35.32
ES-0000307,SingleChannel,22,24.005,36.38
ES-0000308,SingleChannel,22,23.514,34.88
ES-0000309,SingleChannel,23,22.173,38.83
ES-0000310,SingleChannel,23,24.75,37.16
ES-0000311,SingleChannel,18,23.146,37.69
ES-0000312,SingleChannel,21,24.056,37.15
ES-0000313,SingleChannel,18,24.069,35.91
ES-0000314,SingleChannel,22,23.72,37.96
ES-0000315,SingleChannel,21,23.722,34.9
ES-0000316,SingleChannel,23,24.29,35.61
ES-0000317,SingleChannel,22,23.584,36.92
ES-0000318,SingleChannel,22,24.058,35.87
ES-0000319,SingleChannel,18,23.948,36.6
ES-0000320,SingleChannel,23,24.075,34.39
ES-0000321,SingleChannel,23,24.677,34.8
ES-0000322,SingleChannel,22,24.635,35.53
ES-0000323,SingleChannel,19,25.009,37.77
ES-0000324,SingleChannel,20,24.866,37.69
ES-0000325,SingleChannel,18,26.142,40.0
ES-0000326,SingleChannel,23,24.644,36.22
ES-0000327,SingleChannel,21,21.77,35.6
ES-0000328,SingleChannel,22,24.344,35.13
ES-0000329,SingleChannel,21,25.555,34.59
ES-0000330,SingleChannel,20,22.114,36.39
ES-0000331,SingleChannel,22,24.239,37.3
ES-0000332,SingleChannel,22,24.663,33.79
ES-0000333,SingleChannel,22,22.84,35.58
ES-0000334,SingleChannel,22,24.008,37.32
ES-0000335,SingleChannel,22,24.629,35.24
ES-0000336,SingleChannel,23,24.185,36.59
ES-0000337,SingleChannel,19,24.743,35.45
ES-0000338,SingleChannel,22,24.517,35.42
ES-0000339,SingleChannel,21,23.979,36.43
ES-0000340,SingleChannel,19,23.359,35.15
ES-0000341,SingleChannel,21,24.201,35.74
ES-0000342,SingleChannel,23,24.451,34.37
ES-0000343,SingleChannel,23,23.762,35.02
ES-0000344,SingleChannel,23,23.088,37.23
ES-0000345,SingleChannel,19,23.341,36.63
ES-0000346,SingleChannel,21,25.696,33.42
ES-0000347,SingleChannel,18,24.972,37.12
ES-0000348,SingleChannel,20,25.427,37.77
ES-0000349,SingleChannel,20,23.717,35.16
ES-0000350,SingleChannel,19,22.981,35.6
ES-0000351,SingleChannel,21,24.703,35.94
ES-0000352,SingleChannel,18,24.041,37.77
ES-0000353,SingleChannel,19,24.106,35.91
ES-0000354,SingleChannel,18,23.866,35.53
ES-0000355,SingleChannel,18,24.302,36.22
ES-0000356,SingleChannel,18,23.956,39.56
ES-0000357,SingleChannel,21,24.158,35.47
ES-0000358,SingleChannel,18,23.758,37.81
ES-0000359,SingleChannel,21,24.712,36.43
ES-0000360,SingleChannel,19,25.031,36.32
ES-0000361,SingleChannel,23,23.064,36.28
ES-0000362,SingleChannel,18,25.082,35.86
ES-0000363,SingleChannel,21,25.685,34.83
ES-0000364,SingleChannel,23,24.124,34.21
ES-0000365,SingleChannel,19,23.803,34.1
ES-0000366,SingleChannel,23,24.588,34.74
ES-0000367,SingleChannel,20,25.104,36.02
ES-0000368,SingleChannel,20,23.456,35.54
ES-0000369,SingleChannel,20,24.687,36.15
ES-0000370,SingleChannel,18,24.016,36.65
ES-0000371,SingleChannel,19,23.992,36.94
ES-0000372,SingleChannel,20,24.777,36.19
ES-0000373,SingleChannel,18,24.501,36.66
ES-0000374,SingleChannel,18,24.671,35.64
ES-0000375,SingleChannel,19,24.03,35.3
ES-0000376,SingleChannel,23,24.657,34.11
ES-0000377,SingleChannel,21,23.431,37.07
ES-0000378,SingleChannel,22,23.101,33.91
ES-0000379,SingleChannel,23,24.949,35.24
ES-0000380,SingleChannel,21,24.995,36.71
ES-0000381,SingleChannel,19,22.086,37.26
ES-0000382,SingleChannel,22,24.471,34.98
ES-0000383,SingleChannel,18,24.378,36.45
ES-0000384,SingleChannel,22,24.934,35.46
ES-0000385,SingleChannel,20,25.844,36.63
ES-0000386,SingleChannel,22,23.184,35.22
ES-0000387,SingleChannel,22,24.642,35.9
ES-0000388,SingleChannel,23,23.142,36.19
ES-0000389,SingleChannel,18,24.716,35.95
ES-0000390,SingleChannel,19,24.234,38.51
ES-0000391,SingleChannel,18,24.367,34.24
ES-0000392,SingleChannel,19,26.099,34.82
ES-0000393,SingleChannel,20,23.995,36.36
ES-0000394,SingleChannel,22,25.389,36.22
ES-0000395,SingleChannel,19,23.824,33.8
ES-0000396,SingleChannel,22,22.927,34.58
ES-0000397,SingleChannel,18,23.979,34.87
ES-0000398,SingleChannel,21,23.459,36.19
ES-0000399,SingleChannel,18,23.623,33.71
ES-0000400,SingleChannel,23,23.025,37.17
ES-0000401,SingleChannel,19,23.633,37.93
ES-0000402,SingleChannel,22,24.447,35.91
ES-0000403,SingleChannel,20,24.721,35.82
ES-0000404,SingleChannel,20,24.868,36.25
ES-0000405,SingleChannel,23,24.455,32.81
ES-0000406,SingleChannel,20,24.634,36.47
ES-0000407,SingleChannel,23,22.099,35.93
ES-0000408,SingleChannel,19,24.165,36.04
ES-0000409,SingleChannel,23,24.899,36.25
ES-0000410,SingleChannel,21,24.462,37.71
ES-0000411,SingleChannel,18,24.225,35.34
ES-0000412,SingleChannel,22,24.335,36.33
ES-0000413,SingleChannel,20,24.699,35.17
ES-0000414,SingleChannel,22,23.686,37.33
ES-0000415,SingleChannel,19,25.81,35.46
ES-0000416,SingleChannel,18,25.47,35.09
ES-0000417,SingleChannel,22,23.637,35.29
ES-0000418,SingleChannel,18,23.606,36.22
ES-0000419,SingleChannel,20,22.779,38.31
ES-0000420,SingleChannel,19,23.575,35.66
ES-0000421,SingleChannel,21,24.247,35.37
ES-0000422,SingleChannel,22,24.392,35.32
ES-0000423,SingleChannel,19,22.089,36.55
ES-0000424,SingleChannel,23,25.105,35.28
ES-0000425,SingleChannel,20,23.898,34.0
ES-0000426,SingleChannel,23,24.567,35.21
ES-0000427,SingleChannel,20,26.032,37.42
ES-0000428,SingleChannel,20,23.439,38.57
ES-0000429,SingleChannel,23,24.809,35.33
ES-0000430,SingleChannel,19,23.583,34.03
ES-0000431,SingleChannel,20,23.166,34.68
ES-0000432,SingleChannel,19,25.647,36.78
ES-0000433,SingleChannel,22,23.739,36.03
ES-0000434,SingleChannel,23,24.832,35.52
ES-0000435,SingleChannel,23,23.468,37.25
ES-0000436,SingleChannel,20,23.842,37.6
ES-0000437,SingleChannel,21,23.914,37.25
ES-0000438,SingleChannel,21,22.751,37.14
ES-0000439,SingleChannel,18,24.113,34.89
ES-0000440,SingleChannel,21,26.353,34.95
ES-0000441,SingleChannel,23,24.597,35.01
ES-0000442,SingleChannel,21,24.901,33.9
ES-0000443,SingleChannel,18,24.865,36.02
ES-0000444,SingleChannel,23,22.851,34.84
ES-0000445,SingleChannel,20,24.52,37.38
ES-0000446,SingleChannel,20,24.496,35.95
ES-0000447,SingleChannel,22,23.741,35.56
ES-0000448,SingleChannel,19,24.668,35.36
ES-0000449,SingleChannel,21,23.549,36.87
ES-0000450,SingleChannel,23,23.104,34.45
ES-0000451,SingleChannel,21,24.667,36.63
ES-0000452,SingleChannel,19,25.272,33.95
ES-0000453,SingleChannel,20,23.895,34.59
ES-0000454,SingleChannel,18,24.078,34.58
ES-0000455,SingleChannel,18,23.211,37.07
ES-0000456,SingleChannel,21,23.237,36.43
ES-0000457,SingleChannel,20,25.319,35.18
ES-0000458,SingleChannel,18,25.574,37.03
ES-0000459,SingleChannel,19,23.665,35.9
ES-0000460,SingleChannel,18,23.69,36.58
ES-0000461,SingleChannel,23,24.48,35.94
ES-0000462,SingleChannel,21,24.445,36.25
ES-0000463,SingleChannel,18,25.042,36.38
ES-0000464,SingleChannel,21,25.679,34.61
ES-0000465,SingleChannel,19,24.211,34.95
ES-0000466,SingleChannel,20,22.884,36.6
ES-0000467,SingleChannel,20,23.784,36.64
ES-0000468,SingleChannel,22,24.283,36.67
ES-0000469,SingleChannel,18,26.095,34.06
ES-0000470,SingleChannel,18,23.464,36.18
ES-0000471,SingleChannel,18,24.04,35.43
ES-0000472,SingleChannel,21,25.174,34.84
ES-0000473,SingleChannel,21,25.101,36.82
ES-0000474,SingleChannel,20,25.407,35.27
ES-0000475,SingleChannel,22,24.83,36.7
ES-0000476,SingleChannel,21,23.831,35.23
ES-0000477,SingleChannel,19,22.839,35.51
ES-0000478,SingleChannel,22,26.229,36.48
ES-0000479,SingleChannel,23,24.413,37.29
ES-0000480,SingleChannel,21,22.713,34.53
ES-0000481,SingleChannel,19,23.231,34.89
ES-0000482,SingleChannel,22,24.183,34.93
ES-0000483,SingleChannel,19,24.476,37.2
ES-0000484,SingleChannel,20,25.816,36.23
ES-0000485,SingleChannel,21,24.234,37.54
ES-0000486,SingleChannel,18,24.27,34.66
ES-0000487,SingleChannel,22,24.407,35.42
ES-0000488,SingleChannel,20,25.316,36.36
ES-0000489,SingleChannel,22,24.17,37.54
ES-0000490,SingleChannel,23,24.031,36.82
ES-0000491,SingleChannel,21,24.539,37.44
ES-0000492,SingleChannel,19,24.764,38.81
ES-0000493,SingleChannel,19,25.054,34.75
ES-0000494,SingleChannel,20,23.249,32.91
ES-0000495,SingleChannel,19,24.438,38.17
ES-0000496,SingleChannel,23,24.687,34.73
ES-0000497,SingleChannel,20,26.358,35.59
ES-0000498,SingleChannel,22,23.428,35.02
ES-0000499,SingleChannel,18,24.516,36.42
ES-0000500,SingleChannel,22,24.853,36.01
ES-0000501,SingleChannel,21,23.062,36.25
ES-0000502,SingleChannel,20,23.78,35.35
ES-0000503,SingleChannel,21,24.578,37.87
ES-0000504,SingleChannel,22,24.981,36.82
ES-0000505,SingleChannel,18,23.796,36.25
ES-0000506,SingleChannel,22,24.871,35.26
ES-0000507,SingleChannel,23,23.944,36.46
ES-0000508,SingleChannel,21,24.393,36.89
ES-0000509,SingleChannel,23,23.606,39.8
ES-0000510,SingleChannel,20,25.674,37.47
ES-0000511,SingleChannel,22,23.186,36.0
ES-0000512,SingleChannel,23,23.829,38.23
ES-0000513,SingleChannel,19,22.618,35.79
ES-0000514,SingleChannel,19,23.816,38.1
ES-0000515,SingleChannel,21,25.585,34.88
ES-0000516,SingleChannel,19,24.58,36.7
ES-0000517,SingleChannel,19,23.843,37.16
ES-0000518,SingleChannel,20,23.246,38.94
ES-0000519,SingleChannel,20,24.867,36.5
ES-0000520,SingleChannel,20,25.013,37.35
ES-0000521,SingleChannel,19,23.652,35.92
ES-0000522,SingleChannel,19,24.801,36.48
ES-0000523,SingleChannel,18,23.737,35.17
ES-0000524,SingleChannel,18,23.343,35.91
ES-0000525,SingleChannel,18,24.733,35.48
ES-0000526,SingleChannel,21,25.211,38.12
ES-0000527,SingleChannel,19,24.481,37.08
ES-0000528,SingleChannel,20,26.742,36.94
ES-0000529,SingleChannel,21,24.261,37.5
ES-0000530,SingleChannel,18,24.194,37.48
ES-0000531,SingleChannel,18,26.112,35.48
ES-0000532,SingleChannel,23,24.261,34.7
ES-0000533,SingleChannel,18,22.956,34.56
ES-0000534,SingleChannel,18,24.14,36.32
ES-0000535,SingleChannel,19,23.903,38.05
ES-0000536,SingleChannel,19,24.829,35.64
ES-0000537,SingleChannel,20,24.184,35.59
ES-0000538,SingleChannel,18,24.117,36.13
ES-0000539,SingleChannel,21,23.85,34.41
ES-0000540,SingleChannel,20,24.214,34.74
ES-0000541,SingleChannel,19,24.123,36.19
ES-0000542,SingleChannel,23,24.511,36.84
ES-0000543,SingleChannel,20,24.563,35.33
ES-0000544,SingleChannel,22,23.538,36.2
ES-0000545,SingleChannel,22,24.474,34.44
ES-0000546,SingleChannel,22,23.775,36.63
ES-0000547,SingleChannel,20,25.346,35.49
ES-0000548,SingleChannel,18,21.911,35.7
ES-0000549,SingleChannel,19,22.986,37.44
ES-0000550,SingleChannel,23,23.868,35.99
ES-0000551,SingleChannel,20,24.329,33.47
ES-0000552,SingleChannel,18,24.997,36.28
ES-0000553,SingleChannel,21,23.641,37.22
ES-0000554,SingleChannel,18,22.959,36.4
ES-0000555,SingleChannel,18,23.416,36.87
ES-0000556,SingleChannel,19,24.247,38.52
ES-0000557,SingleChannel,23,23.488,36.18
ES-0000558,SingleChannel,21,24.915,34.48
ES-0000559,SingleChannel,21,24.107,36.19
ES-0000560,SingleChannel,21,23.695,37.57
ES-0000561,SingleChannel,21,24.315,37.6
ES-0000562,SingleChannel,18,24.528,35.79
ES-0000563,SingleChannel,20,24.015,37.05
ES-0000564,SingleChannel,19,23.628,38.38
ES-0000565,SingleChannel,21,23.783,36.64
ES-0000566,SingleChannel,19,22.962,37.31
ES-0000567,SingleChannel,22,22.521,34.65
ES-0000568,SingleChannel,18,23.163,35.86
ES-0000569,SingleChannel,23,24.358,37.15
ES-0000570,SingleChannel,20,22.416,35.69
ES-0000571,SingleChannel,21,23.126,37.1
ES-0000572,SingleChannel,22,24.173,35.87
ES-0000573,SingleChannel,18,25.036,36.98
ES-0000574,SingleChannel,20,24.91,34.3
ES-0000575,SingleChannel,20,24.993,35.47
ES-0000576,SingleChannel,22,23.353,35.71
ES-0000577,SingleChannel,19,23.506,36.67
ES-0000578,SingleChannel,19,23.568,36.96
ES-0000579,SingleChannel,18,24.558,34.83
ES-0000580,SingleChannel,18,24.671,35.05
ES-0000581,SingleChannel,18,25.014,36.56
ES-0000582,SingleChannel,20,23.566,36.25
ES-0000583,SingleChannel,21,24.702,35.74
ES-0000584,SingleChannel,22,22.223,35.63
ES-0000585,SingleChannel,18,22.836,34.76
ES-0000586,SingleChannel,21,23.293,37.05
ES-0000587,SingleChannel,22,24.257,34.74
ES-0000588,SingleChannel,20,25.243,36.59
ES-0000589,SingleChannel,22,24.711,36.56
ES-0000590,SingleChannel,22,23.982,34.53
ES-0000591,SingleChannel,19,23.089,33.37
ES-0000592,SingleChannel,21,24.655,37.18
ES-0000593,SingleChannel,21,23.756,34.69
ES-0000594,SingleChannel,19,23.102,36.01
ES-0000595,SingleChannel,19,23.616,36.31
ES-0000596,SingleChannel,20,25.712,38.92
ES-0000597,SingleChannel,20,23.8,36.35
ES-0000598,SingleChannel,20,26.095,34.76
ES-0000599,SingleChannel,22,23.54,35.59
ES-0000600,SingleChannel,19,22.799,33.53
ES-0000601,SingleChannel,18,25.295,36.85
ES-0000602,SingleChannel,20,23.844,36.62
ES-0000603,SingleChannel,21,24.664,36.48
ES-0000604,SingleChannel,22,23.821,38.23
ES-0000605,SingleChannel,21,24.744,34.32
ES-0000606,SingleChannel,19,23.811,36.92
ES-0000607,SingleChannel,18,24.579,38.36
ES-0000608,SingleChannel,18,23.14,34.98
ES-0000609,SingleChannel,20,24.466,34.34
ES-0000610,SingleChannel,19,24.481,36.46
ES-0000611,SingleChannel,18,23.448,35.87
ES-0000612,SingleChannel,20,25.424,38.09
ES-0000613,SingleChannel,21,23.948,35.79
ES-0000614,SingleChannel,19,23.748,36.58
ES-0000615,SingleChannel,21,23.974,36.59
ES-0000616,SingleChannel,19,25.007,34.44
ES-0000617,SingleChannel,23,25.058,37.03
ES-0000618,SingleChannel,21,24.977,37.29
ES-0000619,SingleChannel,22,24.023,37.02
ES-0000620,SingleChannel,21,23.99,36.25
ES-0000621,SingleChannel,19,24.614,36.08
ES-0000622,SingleChannel,22,24.338,35.1
ES-0000623,SingleChannel,21,24.254,39.16
ES-0000624,SingleChannel,23,25.484,34.46
ES-0000625,SingleChannel,20,24.523,37.22
ES-0000626,SingleChannel,20,24.664,38.08
ES-0000627,SingleChannel,23,24.154,34.91
ES-0000628,SingleChannel,19,23.777,38.64
ES-0000629,SingleChannel,21,26.16,38.26
ES-0000630,SingleChannel,22,23.258,36.27
ES-0000631,SingleChannel,21,24.507,35.88
ES-0000632,SingleChannel,23,23.643,33.11
ES-0000633,SingleChannel,19,25.206,35.39
ES-0000634,SingleChannel,20,23.418,33.44
ES-0000635,SingleChannel,21,24.499,35.98
ES-0000636,SingleChannel,20,24.15,37.45
ES-0000637,SingleChannel,23,24.243,37.39
ES-0000638,SingleChannel,21,23.76,35.32
ES-0000639,SingleChannel,20,24.341,33.46
ES-0000640,SingleChannel,22,22.5,35.52
ES-0000641,SingleChannel,21,24.82,36.29
ES-0000642,SingleChannel,22,23.285,38.13
ES-0000643,SingleChannel,18,24.579,38.04
ES-0000644,SingleChannel,18,24.823,37.12
ES-0000645,SingleChannel,23,23.816,36.24
ES-0000646,SingleChannel,21,23.424,35.48
ES-0000647,SingleChannel,20,25.09,35.7
ES-0000648,SingleChannel,20,24.051,36.41
ES-0000649,SingleChannel,18,23.605,36.27
ES-0000650,SingleChannel,20,25.289,34.71
ES-0000651,SingleChannel,22,24.844,36.71
ES-0000652,SingleChannel,19,23.272,39.86
ES-0000653,SingleChannel,18,23.604,36.75
ES-0000654,SingleChannel,18,24.247,36.59
ES-0000655,SingleChannel,18,23.499,35.25
ES-0000656,SingleChannel,21,25.359,34.76
ES-0000657,SingleChannel,18,24.646,37.78
ES-0000658,SingleChannel,20,24.475,38.45
ES-0000659,SingleChannel,18,23.684,34.03
ES-0000660,SingleChannel,20,25.186,36.49
ES-0000661,SingleChannel,23,22.882,36.45
ES-0000662,SingleChannel,22,22.603,37.11
ES-0000663,SingleChannel,20,23.641,35.46
ES-0000664,SingleChannel,22,24.892,35.51
ES-0000665,SingleChannel,22,23.634,35.7
ES-0000666,SingleChannel,18,24.088,35.22
ES-0000667,SingleChannel,19,24.924,36.46
ES-0000668,SingleChannel,21,23.808,34.18
ES-0000669,SingleChannel,22,23.318,35.79
ES-0000670,SingleChannel,23,24.799,36.98
ES-0000671,SingleChannel,18,23.739,37.76
ES-0000672,SingleChannel,20,24.268,35.57
ES-0000673,SingleChannel,20,25.391,37.99
ES-0000674,SingleChannel,21,24.311,35.89
ES-0000675,SingleChannel,19,22.21,37.91
ES-0000676,SingleChannel,18,24.35,36.22
ES-0000677,SingleChannel,19,22.708,38.58
ES-0000678,SingleChannel,21,24.524,37.19
ES-0000679,SingleChannel,22,24.494,38.81
ES-0000680,SingleChannel,22,23.546,37.48
ES-0000681,SingleChannel,20,23.623,36.84
ES-0000682,SingleChannel,19,24.005,37.92
ES-0000683,SingleChannel,18,25.057,36.31
ES-0000684,SingleChannel,22,24.049,36.21
ES-0000685,SingleChannel,19,23.465,37.15
ES-0000686,SingleChannel,20,25.524,34.46
ES-0000687,SingleChannel,22,23.363,34.74
ES-0000688,SingleChannel,21,26.146,35.24
ES-0000689,SingleChannel,19,24.897,37.17
ES-0000690,SingleChannel,19,25.254,36.04
ES-0000691,SingleChannel,18,24.359,35.82
ES-0000692,SingleChannel,21,22.814,36.07
ES-0000693,SingleChannel,18,26.021,38.02
ES-0000694,SingleChannel,18,23.945,35.22
ES-0000695,SingleChannel,23,24.562,33.92
ES-0000696,SingleChannel,20,24.291,36.51
ES-0000697,SingleChannel,19,22.603,34.06
ES-0000698,SingleChannel,20,23.117,36.52
ES-0000699,SingleChannel,21,26.048,36.76
ES-0000700,SingleChannel,21,24.373,33.75
ES-0000701,SingleChannel,21,24.612,35.66
ES-0000702,SingleChannel,21,24.311,36.89
ES-0000703,SingleChannel,18,25.281,34.3
ES-0000704,SingleChannel,20,24.102,36.93
ES-0000705,SingleChannel,20,23.804,36.19
ES-0000706,SingleChannel,18,25.151,36.87
ES-0000707,SingleChannel,22,24.742,35.26
ES-0000708,SingleChannel,19,25.538,34.89
ES-0000709,SingleChannel,23,25.906,35.62
ES-0000710,SingleChannel,23,25.348,36.19
ES-0000711,SingleChannel,19,24.398,37.64
ES-0000712,SingleChannel,20,24.182,36.45
ES-0000713,SingleChannel,22,24.63,37.35
ES-0000714,SingleChannel,18,23.929,36.25
ES-0000715,SingleChannel,19,24.573,37.11
ES-0000716,SingleChannel,22,24.3,36.02
ES-0000717,SingleChannel,21,24.186,35.88
ES-0000718,SingleChannel,23,23.849,35.66
ES-0000719,SingleChannel,22,24.601,36.2
ES-0000720,SingleChannel,20,24.725,35.73
ES-0000721,SingleChannel,22,24.19,36.88
ES-0000722,SingleChannel,23,23.583,35.4
ES-0000723,SingleChannel,19,24.427,35.68
ES-0000724,SingleChannel,23,24.505,34.97
ES-0000725,SingleChannel,19,23.381,36.42
ES-0000726,SingleChannel,22,24.184,34.68
ES-0000727,SingleChannel,21,24.848,35.29
ES-0000728,SingleChannel,22,24.314,38.19
ES-0000729,SingleChannel,20,24.271,37.48
ES-0000730,SingleChannel,19,22.166,36.0
ES-0000731,SingleChannel,21,25.308,36.35
ES-0000732,SingleChannel,23,23.054,36.03
ES-0000733,SingleChannel,19,24.717,35.61
ES-0000734,SingleChannel,22,24.398,36.2
ES-0000735,SingleChannel,18,23.954,36.52
ES-0000736,SingleChannel,21,24.095,35.79
ES-0000737,SingleChannel,22,22.753,35.1
ES-0000738,SingleChannel,22,24.737,34.1
ES-0000739,SingleChannel,18,23.769,35.8
ES-0000740,SingleChannel,21,24.849,36.05
ES-0000741,SingleChannel,18,24.493,35.85
ES-0000742,SingleChannel,22,24.544,35.23
ES-0000743,SingleChannel,22,24.064,35.52
ES-0000744,SingleChannel,19,23.689,36.29
ES-0000745,SingleChannel,22,24.58,35.89
ES-0000746,SingleChannel,19,23.631,36.14
ES-0000747,SingleChannel,21,24.636,36.9
ES-0000748,SingleChannel,18,23.364,35.74
ES-0000749,SingleChannel,21,22.649,35.96
ES-0000750,SingleChannel,21,24.481,37.39
ES-0000751,SingleChannel,20,23.35,36.63
ES-0000752,SingleChannel,21,24.843,37.77
ES-0000753,SingleChannel,19,23.942,35.31
ES-0000754,SingleChannel,23,24.737,35.23
ES-0000755,SingleChannel,20,24.714,35.18
ES-0000756,SingleChannel,22,23.639,36.44
ES-0000757,SingleChannel,22,23.899,35.48
ES-0000758,SingleChannel,23,24.766,37.77
ES-0000759,SingleChannel,18,23.735,35.06
ES-0000760,SingleChannel,22,25.628,35.02
ES-0000761,SingleChannel,21,24.4,35.95
ES-0000762,SingleChannel,21,24.105,35.45
ES-0000763,SingleChannel,22,24.792,34.57
ES-0000764,SingleChannel,19,23.845,34.75
ES-0000765,SingleChannel,20,24.12,36.41
ES-0000766,SingleChannel,21,23.376,36.88
ES-0000767,SingleChannel,23,24.788,35.72
ES-0000768,SingleChannel,21,24.8,35.48
ES-0000769,SingleChannel,18,24.583,37.55
ES-0000770,SingleChannel,20,24.524,37.18
ES-0000771,SingleChannel,23,25.353,35.24
ES-0000772,SingleChannel,20,23.804,35.05
ES-0000773,SingleChannel,22,23.431,36.17
ES-0000774,SingleChannel,23,24.932,37.2
ES-0000775,SingleChannel,20,26.462,36.03
ES-0000776,SingleChannel,20,25.348,38.35
ES-0000777,SingleChannel,21,23.196,38.6
ES-0000778,SingleChannel,19,24.094,34.62
ES-0000779,SingleChannel,20,24.276,38.47
ES-0000780,SingleChannel,21,24.659,35.17
ES-0000781,SingleChannel,19,25.161,35.24
ES-0000782,SingleChannel,18,23.911,35.44
ES-0000783,SingleChannel,21,24.979,38.17
ES-0000784,SingleChannel,22,24.335,35.83
ES-0000785,SingleChannel,19,24.218,36.55
ES-0000786,SingleChannel,21,22.792,37.51
ES-0000787,SingleChannel,20,22.001,36.43
ES-0000788,SingleChannel,23,25.012,36.04
ES-0000789,SingleChannel,18,23.679,35.62
ES-0000790,SingleChannel,23,24.822,38.69
ES-0000791,SingleChannel,22,23.002,34.77
ES-0000792,SingleChannel,22,23.197,35.23
ES-0000793,SingleChannel,23,22.443,33.56
ES-0000794,SingleChannel,22,23.358,36.71
ES-0000795,SingleChannel,22,25.697,35.27
ES-0000796,SingleChannel,23,23.821,38.39
ES-0000797,SingleChannel,21,22.995,33.92
ES-0000798,SingleChannel,21,24.01,34.36
ES-0000799,SingleChannel,21,23.054,36.1
ES-0000800,SingleChannel,22,23.069,34.58
ES-0000801,SingleChannel,22,23.249,34.47
ES-0000802,SingleChannel,19,24.472,35.05
ES-0000803,SingleChannel,21,24.835,37.52
ES-0000804,SingleChannel,19,23.982,34.54
ES-0000805,SingleChannel,21,24.386,36.05
ES-0000806,SingleChannel,20,25.475,36.13
ES-0000807,SingleChannel,20,24.794,37.63
ES-0000808,SingleChannel,21,23.42,35.46
ES-0000809,SingleChannel,18,23.233,33.55
ES-0000810,SingleChannel,19,25.101,36.32
ES-0000811,SingleChannel,22,24.639,34.6
ES-0000812,SingleChannel,20,24.179,36.0
ES-0000813,SingleChannel,21,22.424,34.83
ES-0000814,SingleChannel,21,25.158,36.29
ES-0000815,SingleChannel,20,24.537,35.43
ES-0000816,SingleChannel,18,25.281,36.95
ES-0000817,SingleChannel,18,24.369,34.44
ES-0000818,SingleChannel,19,23.75,35.49
ES-0000819,SingleChannel,23,24.394,36.56
ES-0000820,SingleChannel,18,25.333,36.03
ES-0000821,SingleChannel,23,25.789,35.7
ES-0000822,SingleChannel,20,24.715,38.27
ES-0000823,SingleChannel,18,24.593,33.99
ES-0000824,SingleChannel,19,24.552,36.46
ES-0000825,SingleChannel,22,23.466,34.74
ES-0000826,SingleChannel,22,23.544,36.03
ES-0000827,SingleChannel,19,25.452,37.28
ES-0000828,SingleChannel,21,24.527,35.68
ES-0000829,SingleChannel,22,24.172,36.07
ES-0000830,SingleChannel,21,24.246,36.24
ES-0000831,SingleChannel,20,25.224,36.91
ES-0000832,SingleChannel,21,23.453,35.49
ES-0000833,SingleChannel,19,22.668,34.55
ES-0000834,SingleChannel,21,23.512,37.45
ES-0000835,SingleChannel,22,23.24,36.87
ES-0000836,SingleChannel,21,25.222,34.02
ES-0000837,SingleChannel,21,22.969,35.68
ES-0000838,SingleChannel,22,24.346,36.54
ES-0000839,SingleChannel,23,24.13,35.93
ES-0000840,SingleChannel,22,23.781,37.25
ES-0000841,SingleChannel,19,24.426,37.14
ES-0000842,SingleChannel,22,23.66,37.98
ES-0000843,SingleChannel,19,22.282,35.85
ES-0000844,SingleChannel,22,24.157,35.39
ES-0000845,SingleChannel,19,23.104,37.43
ES-0000846,SingleChannel,23,25.5,36.89
ES-0000847,SingleChannel,19,24.351,37.59
ES-0000848,SingleChannel,21,24.918,35.78
ES-0000849,SingleChannel,20,25.781,35.5
ES-0000850,SingleChannel,19,24.095,34.34
ES-0000851,SingleChannel,18,24.242,37.79
ES-0000852,SingleChannel,23,22.608,37.24
ES-0000853,SingleChannel,18,23.664,37.47
ES-0000854,SingleChannel,18,24.507,37.37
ES-0000855,SingleChannel,21,24.832,35.38
ES-0000856,SingleChannel,21,24.43,36.44
ES-0000857,SingleChannel,23,24.418,34.45
ES-0000858,SingleChannel,22,24.652,35.76
ES-0000859,SingleChannel,18,25.237,36.7
ES-0000860,SingleChannel,18,23.684,37.62
ES-0000861,SingleChannel,20,23.823,34.42
ES-0000862,SingleChannel,22,24.883,36.71
ES-0000863,SingleChannel,20,24.086,36.64
ES-0000864,SingleChannel,23,22.834,36.25
ES-0000865,SingleChannel,18,23.485,36.37
ES-0000866,SingleChannel,18,23.881,35.36
ES-0000867,SingleChannel,19,23.112,35.8
ES-0000868,SingleChannel,23,22.838,36.74
ES-0000869,SingleChannel,18,24.79,35.98
ES-0000870,SingleChannel,21,24.266,37.33
ES-0000871,SingleChannel,21,23.514,37.43
ES-0000872,SingleChannel,19,23.597,34.81
ES-0000873,SingleChannel,19,24.967,36.37
ES-0000874,SingleChannel,20,22.143,34.91
ES-0000875,SingleChannel,23,22.939,35.57
ES-0000876,SingleChannel,21,24.995,37.2
ES-0000877,SingleChannel,19,23.657,36.45
ES-0000878,SingleChannel,19,23.806,36.93
ES-0000879,SingleChannel,18,23.663,33.5
ES-0000880,SingleChannel,20,23.332,36.17
ES-0000881,SingleChannel,21,23.293,37.16
ES-0000882,SingleChannel,19,24.575,35.27
ES-0000883,SingleChannel,22,23.149,38.99
ES-0000884,SingleChannel,18,24.871,36.51
ES-0000885,SingleChannel,21,23.971,33.79
ES-0000886,SingleChannel,23,24.917,38.63
ES-0000887,SingleChannel,21,23.422,37.92
ES-0000888,SingleChannel,21,24.374,35.48
ES-0000889,SingleChannel,20,25.208,35.86
ES-0000890,SingleChannel,23,24.062,35.69
ES-0000891,SingleChannel,19,25.567,34.61
ES-0000892,SingleChannel,23,25.745,36.36
ES-0000893,SingleChannel,20,23.36,35.4
ES-0000894,SingleChannel,20,24.615,35.31
ES-0000895,SingleChannel,22,25.266,36.97
ES-0000896,SingleChannel,23,22.491,37.26
ES-0000897,SingleChannel,18,23.802,35.82
ES-0000898,SingleChannel,20,23.229,35.51
ES-0000899,SingleChannel,23,24.646,34.36
ES-0000900,SingleChannel,22,23.626,36.57
ES-0000901,SingleChannel,20,24.05,38.05
ES-0000902,SingleChannel,21,23.646,36.57
ES-0000903,SingleChannel,18,24.302,34.84
ES-0000904,SingleChannel,23,24.42,37.06
ES-0000905,SingleChannel,21,24.58,35.43
ES-0000906,SingleChannel,18,26.016,35.76
ES-0000907,SingleChannel,22,24.267,35.6
ES-0000908,SingleChannel,18,25.676,35.3
ES-0000909,SingleChannel,21,24.732,35.72
ES-0000910,SingleChannel,22,23.513,35.93
ES-0000911,SingleChannel,23,22.485,35.18
ES-0000912,SingleChannel,20,23.899,37.83
ES-0000913,SingleChannel,22,24.495,33.63
ES-0000914,SingleChannel,22,23.66,37.94
ES-0000915,SingleChannel,18,23.012,34.74
ES-0000916,SingleChannel,23,25.592,35.93
ES-0000917,SingleChannel,21,23.145,34.94
ES-0000918,SingleChannel,18,24.211,34.73
ES-0000919,SingleChannel,20,23.906,36.6
ES-0000920,SingleChannel,23,24.015,35.6
ES-0000921,SingleChannel,23,24.552,34.22
ES-0000922,SingleChannel,18,23.764,36.5
ES-0000923,SingleChannel,22,24.267,36.97
ES-0000924,SingleChannel,21,24.848,36.06
ES-0000925,SingleChannel,23,24.569,36.62
ES-0000926,SingleChannel,20,22.833,34.01
ES-0000927,SingleChannel,19,24.75,37.51
ES-0000928,SingleChannel,22,22.27,35.45
ES-0000929,SingleChannel,22,24.063,37.59
ES-0000930,SingleChannel,22,23.428,38.08
ES-0000931,SingleChannel,19,24.233,35.63
ES-0000932,SingleChannel,23,24.421,36.45
ES-0000933,SingleChannel,19,23.615,36.13
ES-0000934,SingleChannel,22,23.635,36.32
ES-0000935,SingleChannel,20,25.073,34.96
ES-0000936,SingleChannel,18,24.589,37.09
ES-0000937,SingleChannel,19,23.021,39.4
ES-0000938,SingleChannel,19,23.51,36.44
ES-0000939,SingleChannel,18,23.856,35.48
ES-0000940,SingleChannel,19,23.222,33.01
ES-0000941,SingleChannel,21,25.531,35.67
ES-0000942,SingleChannel,22,24.502,37.18
ES-0000943,SingleChannel,21,24.047,37.1
ES-0000944,SingleChannel,19,24.261,36.54
ES-0000945,SingleChannel,20,22.121,36.48
ES-0000946,SingleChannel,21,24.833,35.14
ES-0000947,SingleChannel,18,25.295,35.9
ES-0000948,SingleChannel,22,22.763,34.63
ES-0000949,SingleChannel,23,24.617,34.5
ES-0000950,SingleChannel,19,23.024,34.34
ES-0000951,SingleChannel,23,24.515,35.0
ES-0000952,SingleChannel,20,23.926,35.37
ES-0000953,SingleChannel,19,24.503,36.55
ES-0000954,SingleChannel,18,24.239,36.76
ES-0000955,SingleChannel,22,24.475,37.11
ES-0000956,SingleChannel,20,24.556,35.72
ES-0000957,SingleChannel,21,25.792,37.28
ES-0000958,SingleChannel,18,23.655,35.66
ES-0000959,SingleChannel,22,24.424,37.99
ES-0000960,SingleChannel,20,24.839,35.36
ES-0000961,SingleChannel,20,23.851,38.01
ES-0000962,SingleChannel,21,24.108,36.61
ES-0000963,SingleChannel,20,23.95,36.12
ES-0000964,SingleChannel,19,24.927,35.06
ES-0000965,SingleChannel,23,24.023,36.17
ES-0000966,SingleChannel,22,24.12,35.79
ES-0000967,SingleChannel,21,23.014,34.05
ES-0000968,SingleChannel,23,24.828,38.41
ES-0000969,SingleChannel,18,24.415,35.92
ES-0000970,SingleChannel,22,24.409,35.43
ES-0000971,SingleChannel,19,23.51,35.9
ES-0000972,SingleChannel,23,24.394,35.61
ES-0000973,SingleChannel,19,26.109,36.77
ES-0000974,SingleChannel,18,22.785,37.01
ES-0000975,SingleChannel,23,24.758,36.79
ES-0000976,SingleChannel,19,24.478,36.03
ES-0000977,SingleChannel,22,23.933,36.45
ES-0000978,SingleChannel,23,26.63,35.51
ES-0000979,SingleChannel,22,25.823,35.98
ES-0000980,SingleChannel,20,25.039,35.54
ES-0000981,SingleChannel,22,24.639,36.56
ES-0000982,SingleChannel,18,23.457,36.69
ES-0000983,SingleChannel,20,25.213,34.69
ES-0000984,SingleChannel,23,24.759,36.28
ES-0000985,SingleChannel,20,24.815,35.05
ES-0000986,SingleChannel,20,23.738,36.36
ES-0000987,SingleChannel,23,23.132,35.2
ES-0000988,SingleChannel,19,23.369,34.76
ES-0000989,SingleChannel,20,24.839,34.01
ES-0000990,SingleChannel,22,22.501,36.17
ES-0000991,SingleChannel,23,24.763,35.13
ES-0000992,SingleChannel,18,24.514,35.58
ES-0000993,SingleChannel,22,24.661,35.42
ES-0000994,SingleChannel,20,22.918,35.55
ES-0000995,SingleChannel,18,23.775,36.7
ES-0000996,SingleChannel,19,24.423,35.7
ES-0000997,SingleChannel,18,23.502,35.96
ES-0000998,SingleChannel,22,22.74,37.73
ES-0000999,SingleChannel,20,23.923,38.4
ES-0001000,SingleChannel,20,24.396,36.87
ES-0001001,SingleChannel,23,22.808,37.88
ES-0001002,SingleChannel,22,23.992,35.59
ES-0001003,SingleChannel,19,25.126,35.63
ES-0001004,SingleChannel,18,24.289,36.76
ES-0001005,SingleChannel,21,24.491,37.08
ES-0001006,SingleChannel,19,23.992,36.59
ES-0001007,SingleChannel,23,24.921,37.06
ES-0001008,SingleChannel,21,23.614,36.73
ES-0001009,SingleChannel,21,23.771,34.09
ES-0001010,SingleChannel,18,24.6,37.18
ES-0001011,SingleChannel,21,25.292,36.02
ES-0001012,SingleChannel,18,24.1,35.13
ES-0001013,SingleChannel,19,24.445,36.04
ES-0001014,SingleChannel,20,22.444,35.96
ES-0001015,SingleChannel,20,24.907,36.32
ES-0001016,SingleChannel,22,25.086,36.71
ES-0001017,SingleChannel,19,24.203,35.44
ES-0001018,SingleChannel,19,24.611,35.45
ES-0001019,SingleChannel,18,24.631,37.83
ES-0001020,SingleChannel,18,23.109,36.47
ES-0001021,SingleChannel,20,23.118,34.57
ES-0001022,SingleChannel,22,23.385,35.39
ES-0001023,SingleChannel,18,25.077,35.87
ES-0001024,SingleChannel,23,24.764,36.08
ES-0001025,SingleChannel,19,25.68,35.1
ES-0001026,SingleChannel,19,23.709,36.33
ES-0001027,SingleChannel,20,25.02,36.74
ES-0001028,SingleChannel,21,22.344,37.98
ES-0001029,SingleChannel,22,24.283,35.37
ES-0001030,SingleChannel,20,23.324,35.9
ES-0001031,SingleChannel,21,26.449,34.84
ES-0001032,SingleChannel,21,25.088,33.91
ES-0001033,SingleChannel,22,23.996,37.95
ES-0001034,SingleChannel,18,24.382,37.16
ES-0001035,SingleChannel,20,24.988,36.55
ES-0001036,SingleChannel,18,23.98,35.56
ES-0001037,SingleChannel,19,25.53,35.83
ES-0001038,SingleChannel,20,24.011,36.26
ES-0001039,SingleChannel,19,25.393,37.45
ES-0001040,SingleChannel,20,24.596,36.22
ES-0001041,SingleChannel,19,24.786,34.97
ES-0001042,SingleChannel,21,23.786,36.66
ES-0001043,SingleChannel,20,24.521,37.36
ES-0001044,SingleChannel,20,24.63,34.13
ES-0001045,SingleChannel,21,23.528,38.73
ES-0001046,SingleChannel,23,24.756,36.53
ES-0001047,SingleChannel,18,23.877,37.76
ES-0001048,SingleChannel,23,22.496,36.13
ES-0001049,SingleChannel,18,24.503,36.05
ES-0001050,SingleChannel,23,23.978,39.03
ES-0001051,SingleChannel,23,25.68,35.97
ES-0001052,SingleChannel,18,24.067,37.64
ES-0001053,SingleChannel,18,24.088,37.22
ES-0001054,SingleChannel,23,24.126,36.67
ES-0001055,SingleChannel,19,22.993,35.79
ES-0001056,SingleChannel,18,22.517,36.23
ES-0001057,SingleChannel,19,25.62,35.94
ES-0001058,SingleChannel,21,24.781,36.33
ES-0001059,SingleChannel,18,24.448,36.43
ES-0001060,SingleChannel,23,24.324,36.84
ES-0001061,SingleChannel,18,23.25,37.46
ES-0001062,SingleChannel,20,23.325,37.43
ES-0001063,SingleChannel,21,24.157,35.95
ES-0001064,SingleChannel,20,24.62,35.04
ES-0001065,SingleChannel,20,23.628,36.78
ES-0001066,SingleChannel,21,24.259,36.72
ES-0001067,SingleChannel,23,24.972,36.71
ES-0001068,SingleChannel,21,24.368,37.9
ES-0001069,SingleChannel,20,23.829,35.13
ES-0001070,SingleChannel,21,24.009,35.42
ES-0001071,SingleChannel,19,23.454,35.55
ES-0001072,SingleChannel,23,24.737,37.5
ES-0001073,SingleChannel,21,23.746,35.67
ES-0001074,SingleChannel,18,23.76,35.37
ES-0001075,SingleChannel,19,24.119,35.87
ES-0001076,SingleChannel,18,24.594,36.74
ES-0001077,SingleChannel,22,23.031,38.46
ES-0001078,SingleChannel,22,23.345,37.02
ES-0001079,SingleChannel,19,23.848,37.64
ES-0001080,SingleChannel,19,24.257,36.27
ES-0001081,SingleChannel,23,24.278,37.63
ES-0001082,SingleChannel,18,23.401,37.15
ES-0001083,SingleChannel,23,23.838,36.48
ES-0001084,SingleChannel,21,23.034,36.79
ES-0001085,SingleChannel,20,24.24,34.27
ES-0001086,SingleChannel,18,24.075,35.76
ES-0001087,SingleChannel,19,23.436,37.3
ES-0001088,SingleChannel,19,24.258,38.27
ES-0001089,SingleChannel,18,25.07,35.44
ES-0001090,SingleChannel,19,25.744,34.91
ES-0001091,SingleChannel,21,24.737,36.8
ES-0001092,SingleChannel,21,24.61,33.89
ES-0001093,SingleChannel,21,24.791,35.93
ES-0001094,SingleChannel,18,23.787,36.47
ES-0001095,SingleChannel,20,23.927,35.96
ES-0001096,SingleChannel,21,23.144,37.08
ES-0001097,SingleChannel,20,24.356,36.58
ES-0001098,SingleChannel,20,23.489,38.18
ES-0001099,SingleChannel,19,23.26,36.79
ES-0001100,SingleChannel,20,22.962,36.46
ES-0001101,SingleChannel,19,25.494,35.82
ES-0001102,SingleChannel,21,24.788,37.88
ES-0001103,SingleChannel,19,24.007,37.05
ES-0001104,SingleChannel,19,24.645,36.8
ES-0001105,SingleChannel,21,24.429,35.86
ES-0001106,SingleChannel,18,24.072,38.14
ES-0001107,SingleChannel,22,25.887,33.95
ES-0001108,SingleChannel,19,24.94,35.78
ES-0001109,SingleChannel,18,23.381,37.88
ES-0001110,SingleChannel,21,24.549,36.07
ES-0001111,SingleChannel,22,23.711,34.71
ES-0001112,SingleChannel,20,22.376,35.68
ES-0001113,SingleChannel,20,24.374,35.16
ES-0001114,SingleChannel,22,23.843,37.17
ES-0001115,SingleChannel,22,24.108,36.36
ES-0001116,SingleChannel,22,23.662,34.66
ES-0001117,SingleChannel,19,22.548,33.54
ES-0001118,SingleChannel,21,22.625,34.4
ES-0001119,SingleChannel,23,24.071,36.87
ES-0001120,SingleChannel,19,24.642,37.69
ES-0001121,SingleChannel,20,23.925,33.32
ES-0001122,SingleChannel,18,24.035,36.49
ES-0001123,SingleChannel,20,23.987,36.52
ES-0001124,SingleChannel,22,23.741,35.69
ES-0001125,SingleChannel,21,22.951,33.44
ES-0001126,SingleChannel,18,24.157,36.84
ES-0001127,SingleChannel,22,25.031,34.4
ES-0001128,SingleChannel,19,22.681,35.32
ES-0001129,SingleChannel,21,24.97,37.97
ES-0001130,SingleChannel,22,24.45,35.1
ES-0001131,SingleChannel,20,24.997,36.93
ES-0001132,SingleChannel,19,24.682,36.31
ES-0001133,SingleChannel,21,23.423,37.33
ES-0001134,SingleChannel,20,22.467,34.4
ES-0001135,SingleChannel,23,24.992,35.58
ES-0001136,SingleChannel,18,24.618,36.55
ES-0001137,SingleChannel,20,23.425,37.25
ES-0001138,SingleChannel,22,23.741,34.72
ES-0001139,SingleChannel,22,24.06,34.54
ES-0001140,SingleChannel,22,23.697,38.25
ES-0001141,SingleChannel,22,24.085,36.71
ES-0001142,SingleChannel,23,22.932,34.13
ES-0001143,SingleChannel,22,23.797,37.56
ES-0001144,SingleChannel,21,24.46,35.55
ES-0001145,SingleChannel,21,24.244,36.42
ES-0001146,SingleChannel,22,23.865,36.08
ES-0001147,SingleChannel,18,25.317,36.65
ES-0001148,SingleChannel,19,24.242,34.15
ES-0001149,SingleChannel,19,23.518,37.39
ES-0001150,SingleChannel,20,24.327,36.59
ES-0001151,SingleChannel,21,26.588,33.65
ES-0001152,SingleChannel,18,24.386,35.3
ES-0001153,SingleChannel,20,25.418,37.54
ES-0001154,SingleChannel,21,24.746,37.89
ES-0001155,SingleChannel,20,24.185,36.24
ES-0001156,SingleChannel,18,25.095,37.52
ES-0001157,SingleChannel,20,24.166,36.81
ES-0001158,SingleChannel,18,25.541,35.19
ES-0001159,SingleChannel,23,25.645,34.29
ES-0001160,SingleChannel,21,24.115,35.72
ES-0001161,SingleChannel,18,22.794,35.56
ES-0001162,SingleChannel,19,22.811,37.51
ES-0001163,SingleChannel,18,25.057,38.56
ES-0001164,SingleChannel,21,24.155,35.89
ES-0001165,SingleChannel,22,23.819,36.96
ES-0001166,SingleChannel,23,25.41,37.48
ES-0001167,SingleChannel,19,22.787,33.5
ES-0001168,SingleChannel,23,24.565,35.42
ES-0001169,SingleChannel,18,24.601,35.7
ES-0001170,SingleChannel,19,25.285,35.71
ES-0001171,SingleChannel,20,24.164,37.4
ES-0001172,SingleChannel,22,25.261,38.62
ES-0001173,SingleChannel,20,23.67,35.27
ES-0001174,SingleChannel,20,24.259,38.01
ES-0001175,SingleChannel,22,25.525,36.36
ES-0001176,SingleChannel,18,23.833,34.92
ES-0001177,SingleChannel,22,25.256,38.52
ES-0001178,SingleChannel,18,24.412,34.24
ES-0001179,SingleChannel,19,22.814,37.91
ES-0001180,SingleChannel,23,23.962,37.4
ES-0001181,SingleChannel,19,25.585,35.48
ES-0001182,SingleChannel,21,24.182,36.18
ES-0001183,SingleChannel,20,24.958,34.15
ES-0001184,SingleChannel,21,25.41,36.97
ES-0001185,SingleChannel,23,23.338,37.03
ES-0001186,SingleChannel,22,23.185,33.57
ES-0001187,SingleChannel,22,24.372,35.54
ES-0001188,SingleChannel,20,24.168,37.19
ES-0001189,SingleChannel,22,24.081,36.23
ES-0001190,SingleChannel,21,23.889,34.99
ES-0001191,SingleChannel,19,24.331,37.58
ES-0001192,SingleChannel,18,23.218,36.18
ES-0001193,SingleChannel,18,25.775,36.06
ES-0001194,SingleChannel,18,24.741,34.86
ES-0001195,SingleChannel,18,25.048,38.17
ES-0001196,SingleChannel,23,25.948,34.89
ES-0001197,SingleChannel,21,24.98,36.55
ES-0001198,SingleChannel,18,23.879,37.57
ES-0001199,SingleChannel,18,23.808,35.42
ES-0001200,SingleChannel,19,23.82,37.69
ES-0001201,SingleChannel,23,22.997,37.87
ES-0001202,SingleChannel,22,25.083,37.52
ES-0001203,SingleChannel,20,23.454,35.91
ES-0001204,SingleChannel,21,23.968,38.25
ES-0001205,SingleChannel,23,24.67,35.19
ES-0001206,SingleChannel,23,24.286,37.37
ES-0001207,SingleChannel,20,23.998,33.65
ES-0001208,SingleChannel,21,23.997,36.06
ES-0001209,SingleChannel,19,24.99,35.49
ES-0001210,SingleChannel,21,24.204,35.6
ES-0001211,SingleChannel,19,24.99,35.31
ES-0001212,SingleChannel,18,25.292,33.51
ES-0001213,SingleChannel,23,25.285,37.26
ES-0001214,SingleChannel,20,23.139,36.52
ES-0001215,SingleChannel,21,23.967,35.3
ES-0001216,SingleChannel,18,23.247,37.36
ES-0001217,SingleChannel,22,23.698,36.31
ES-0001218,SingleChannel,21,23.642,34.38
ES-0001219,SingleChannel,20,25.556,37.25
ES-0001220,SingleChannel,19,24.024,34.59
ES-0001221,SingleChannel,22,24.287,36.88
ES-0001222,SingleChannel,18,24.064,35.83
ES-0001223,SingleChannel,18,26.109,38.09
ES-0001224,SingleChannel,23,22.885,36.2
ES-0001225,SingleChannel,22,24.587,37.97
ES-0001226,SingleChannel,23,25.801,38.11
ES-0001227,SingleChannel,20,22.433,35.53
ES-0001228,SingleChannel,22,23.9,37.66
ES-0001229,SingleChannel,18,23.931,37.67
ES-0001230,SingleChannel,18,25.216,36.53
ES-0001231,SingleChannel,18,24.697,35.43
ES-0001232,SingleChannel,19,24.897,36.89
ES-0001233,SingleChannel,23,23.781,35.2
ES-0001234,SingleChannel,22,23.015,36.59
ES-0001235,SingleChannel,20,24.406,36.02
ES-0001236,SingleChannel,19,22.637,36.48
ES-0001237,SingleChannel,18,23.576,35.78
ES-0001238,SingleChannel,19,23.801,37.1
ES-0001239,SingleChannel,22,24.291,34.64
ES-0001240,SingleChannel,19,23.739,35.43
ES-0001241,SingleChannel,20,23.526,38.21
ES-0001242,SingleChannel,22,24.518,35.12
ES-0001243,SingleChannel,18,24.041,36.58
ES-0001244,SingleChannel,18,22.492,36.44
ES-0001245,SingleChannel,19,24.297,37.77
ES-0001246,SingleChannel,22,23.452,35.41
ES-0001247,SingleChannel,23,24.257,36.67
ES-0001248,SingleChannel,20,23.478,36.26
ES-0001249,SingleChannel,19,23.335,34.61
ES-0001250,SingleChannel,18,23.682,37.06
ES-0001251,SingleChannel,22,24.221,37.14
ES-0001252,SingleChannel,22,24.397,34.94
ES-0001253,SingleChannel,21,24.072,36.5
ES-0001254,SingleChannel,20,23.755,35.0
ES-0001255,SingleChannel,18,24.507,38.35
ES-0001256,SingleChannel,18,24.492,35.41
ES-0001257,SingleChannel,22,24.388,36.37
ES-0001258,SingleChannel,21,26.108,36.12
ES-0001259,SingleChannel,20,25.157,34.07
ES-0001260,SingleChannel,21,23.239,35.9
ES-0001261,SingleChannel,18,24.424,34.73
ES-0001262,SingleChannel,21,23.719,36.29
ES-0001263,SingleChannel,22,23.992,36.98
ES-0001264,SingleChannel,18,23.728,35.23
ES-0001265,SingleChannel,21,23.688,35.92
ES-0001266,SingleChannel,22,24.406,37.93
ES-0001267,SingleChannel,22,24.149,35.61
ES-0001268,SingleChannel,23,24.019,37.84
ES-0001269,SingleChannel,20,26.183,34.75
ES-0001270,SingleChannel,23,22.8,34.02
ES-0001271,SingleChannel,23,24.239,37.34
ES-0001272,SingleChannel,19,25.123,36.53
ES-0001273,SingleChannel,18,23.729,38.17
ES-0001274,SingleChannel,20,23.916,37.26
ES-0001275,SingleChannel,22,24.77,37.13
ES-0001276,SingleChannel,22,23.202,34.57
ES-0001277,SingleChannel,22,22.768,37.28
ES-0001278,SingleChannel,22,24.225,36.97
ES-0001279,SingleChannel,20,24.086,34.63
ES-0001280,SingleChannel,23,24.135,35.64
ES-0001281,SingleChannel,23,24.406,34.03
ES-0001282,SingleChannel,21,24.063,35.65
ES-0001283,SingleChannel,20,24.197,33.72
ES-0001284,SingleChannel,23,23.604,35.62
ES-0001285,SingleChannel,21,25.485,34.22
ES-0001286,SingleChannel,21,24.924,33.32
ES-0001287,SingleChannel,20,23.642,36.2
ES-0001288,SingleChannel,21,24.201,36.78
ES-0001289,SingleChannel,21,24.752,36.28
ES-0001290,SingleChannel,19,24.181,36.68
ES-0001291,SingleChannel,20,25.943,35.3
ES-0001292,SingleChannel,23,24.156,36.93
ES-0001293,SingleChannel,19,25.181,35.12
ES-0001294,SingleChannel,20,24.45,39.22
ES-0001295,SingleChannel,18,23.561,37.71
ES-0001296,SingleChannel,20,23.606,34.81
ES-0001297,SingleChannel,21,22.619,35.58
ES-0001298,SingleChannel,18,24.784,34.39
ES-0001299,SingleChannel,18,23.387,35.2
ES-0001300,SingleChannel,20,23.949,35.96
ES-0001301,SingleChannel,23,23.922,35.66
ES-0001302,SingleChannel,20,23.493,35.14
ES-0001303,SingleChannel,19,24.274,38.27
ES-0001304,SingleChannel,20,22.376,36.65
ES-0001305,SingleChannel,22,24.882,35.87
ES-0001306,SingleChannel,19,23.641,36.95
ES-0001307,SingleChannel,22,24.788,35.32
ES-0001308,SingleChannel,20,23.827,35.51
ES-0001309,SingleChannel,19,26.108,37.46
ES-0001310,SingleChannel,19,23.188,34.73
ES-0001311,SingleChannel,21,24.156,35.46
ES-0001312,SingleChannel,21,24.984,32.75
ES-0001313,SingleChannel,23,23.769,35.33
ES-0001314,SingleChannel,23,24.75,35.71
ES-0001315,SingleChannel,18,22.68,34.27
ES-0001316,SingleChannel,18,23.752,36.79
ES-0001317,SingleChannel,23,23.652,35.91
ES-0001318,SingleChannel,18,23.098,37.79
ES-0001319,SingleChannel,18,24.713,35.16
ES-0001320,SingleChannel,20,23.519,37.27
ES-0001321,SingleChannel,21,25.63,37.03
ES-0001322,SingleChannel,20,23.203,37.43
ES-0001323,SingleChannel,18,23.846,35.34
ES-0001324,SingleChannel,23,23.763,35.69
ES-0001325,SingleChannel,18,24.825,38.17
ES-0001326,SingleChannel,21,23.936,35.36
ES-0001327,SingleChannel,19,22.91,38.06
ES-0001328,SingleChannel,21,23.819,33.13
ES-0001329,SingleChannel,23,24.183,37.14
ES-0001330,SingleChannel,21,24.226,36.24
ES-0001331,SingleChannel,22,24.762,36.09
ES-0001332,SingleChannel,23,24.22,37.61
ES-0001333,SingleChannel,18,23.563,36.81
ES-0001334,SingleChannel,21,24.672,35.74
ES-0001335,SingleChannel,22,25.355,36.07
ES-0001336,SingleChannel,19,25.149,39.58
ES-0001337,SingleChannel,18,24.951,35.04
ES-0001338,SingleChannel,19,23.854,34.97
ES-0001339,SingleChannel,18,24.022,37.23
ES-0001340,SingleChannel,21,24.695,35.83
ES-0001341,SingleChannel,21,24.349,38.5
ES-0001342,SingleChannel,18,23.572,38.49
ES-0001343,SingleChannel,20,25.519,34.91
ES-0001344,SingleChannel,21,25.033,37.7
ES-0001345,SingleChannel,19,23.503,33.97
ES-0001346,SingleChannel,21,25.273,36.72
ES-0001347,SingleChannel,22,24.5,36.38
ES-0001348,SingleChannel,23,24.309,36.05
ES-0001349,SingleChannel,18,23.165,34.72
ES-0001350,SingleChannel,19,25.0,35.18
ES-0001351,SingleChannel,23,22.996,38.16
ES-0001352,SingleChannel,22,24.57,36.12
ES-0001353,SingleChannel,18,23.936,36.36
ES-0001354,SingleChannel,18,24.322,36.55
ES-0001355,SingleChannel,19,24.136,34.94
ES-0001356,SingleChannel,22,24.934,36.81
ES-0001357,SingleChannel,18,22.608,34.94
ES-0001358,SingleChannel,23,24.613,36.1
ES-0001359,SingleChannel,20,23.398,34.36
ES-0001360,SingleChannel,18,24.855,33.56
ES-0001361,SingleChannel,23,23.977,37.16
ES-0001362,SingleChannel,20,23.986,37.24
ES-0001363,SingleChannel,20,23.316,37.65
ES-0001364,SingleChannel,19,24.37,36.1
ES-0001365,SingleChannel,23,24.336,35.47
ES-0001366,SingleChannel,21,24.99,38.45
ES-0001367,SingleChannel,23,24.639,34.4
ES-0001368,SingleChannel,21,24.177,35.58
ES-0001369,SingleChannel,23,22.793,35.94
ES-0001370,SingleChannel,22,25.068,36.31
ES-0001371,SingleChannel,20,24.246,36.2
ES-0001372,SingleChannel,21,25.054,35.3
ES-0001373,SingleChannel,22,22.303,36.03
ES-0001374,SingleChannel,21,22.705,37.9
ES-0001375,SingleChannel,20,25.374,34.13
ES-0001376,SingleChannel,23,23.928,35.94
ES-0001377,SingleChannel,20,24.105,38.23
ES-0001378,SingleChannel,18,23.727,33.86
ES-0001379,SingleChannel,20,23.697,35.75
ES-0001380,SingleChannel,20,23.37,36.34
ES-0001381,SingleChannel,20,24.036,37.44
ES-0001382,SingleChannel,21,22.951,38.9
ES-0001383,SingleChannel,21,24.102,38.93
ES-0001384,SingleChannel,20,24.241,36.21
ES-0001385,SingleChannel,23,23.613,36.26
ES-0001386,SingleChannel,23,23.6,35.74
ES-0001387,SingleChannel,22,25.061,36.21
ES-0001388,SingleChannel,19,25.853,37.19
ES-0001389,SingleChannel,18,24.358,36.09
ES-0001390,SingleChannel,23,23.72,34.61
ES-0001391,SingleChannel,19,23.726,36.1
ES-0001392,SingleChannel,19,24.126,36.97
ES-0001393,SingleChannel,18,25.173,34.84
ES-0001394,SingleChannel,23,25.366,36.14
ES-0001395,SingleChannel,21,23.689,38.24
ES-0001396,SingleChannel,20,24.4,35.76
ES-0001397,SingleChannel,22,23.264,35.74
ES-0001398,SingleChannel,23,24.021,35.25
ES-0001399,SingleChannel,21,24.624,37.11
ES-0001400,SingleChannel,19,24.281,35.42
ES-0001401,SingleChannel,19,24.791,37.28
ES-0001402,SingleChannel,18,23.839,35.49
ES-0001403,SingleChannel,23,25.324,35.97
ES-0001404,SingleChannel,20,23.468,36.33
ES-0001405,SingleChannel,21,23.142,36.4
ES-0001406,SingleChannel,20,26.027,37.64
ES-0001407,SingleChannel,20,25.801,35.89
ES-0001408,SingleChannel,23,23.083,35.26
ES-0001409,SingleChannel,18,23.34,36.52
ES-0001410,SingleChannel,19,24.026,34.8
ES-0001411,SingleChannel,23,23.631,36.57
ES-0001412,SingleChannel,19,24.596,34.95
ES-0001413,SingleChannel,18,24.223,37.06
ES-0001414,SingleChannel,22,23.713,35.44
ES-0001415,SingleChannel,22,24.516,36.84
ES-0001416,SingleChannel,19,24.795,33.72
ES-0001417,SingleChannel,20,25.143,38.47
ES-0001418,SingleChannel,23,22.847,37.02
ES-0001419,SingleChannel,20,25.572,35.28
ES-0001420,SingleChannel,18,22.558,37.49
ES-0001421,SingleChannel,23,23.467,35.91
ES-0001422,SingleChannel,21,23.577,37.03
ES-0001423,SingleChannel,19,24.503,36.42
ES-0001424,SingleChannel,23,24.197,35.7
ES-0001425,SingleChannel,22,23.167,37.14
ES-0001426,SingleChannel,19,24.379,34.9
ES-0001427,SingleChannel,19,22.625,36.73
ES-0001428,SingleChannel,20,25.106,37.19
ES-0001429,SingleChannel,23,25.187,37.22
ES-0001430,SingleChannel,18,24.785,35.15
ES-0001431,SingleChannel,23,23.673,34.26
ES-0001432,SingleChannel,18,24.635,35.76
ES-0001433,SingleChannel,21,22.915,36.07
ES-0001434,SingleChannel,21,25.618,37.19
ES-0001435,SingleChannel,20,24.137,36.26
ES-0001436,SingleChannel,22,23.802,36.81
ES-0001437,SingleChannel,19,25.128,34.82
ES-0001438,SingleChannel,21,23.625,34.92
ES-0001439,SingleChannel,23,23.819,37.27
ES-0001440,SingleChannel,21,23.02,36.52
ES-0001441,SingleChannel,19,24.327,36.8
ES-0001442,SingleChannel,18,23.442,37.57
ES-0001443,SingleChannel,22,23.957,35.9
ES-0001444,SingleChannel,18,23.843,34.8
ES-0001445,SingleChannel,23,23.99,36.08
ES-0001446,SingleChannel,21,24.115,33.75
ES-0001447,SingleChannel,23,24.278,36.56
ES-0001448,SingleChannel,20,23.603,35.73
ES-0001449,SingleChannel,20,23.465,35.32
ES-0001450,SingleChannel,23,25.104,34.19
ES-0001451,SingleChannel,20,24.659,35.71
ES-0001452,SingleChannel,19,22.768,36.79
ES-0001453,SingleChannel,19,24.695,34.98
ES-0001454,SingleChannel,20,24.066,34.69
ES-0001455,SingleChannel,20,23.822,34.9
ES-0001456,SingleChannel,18,24.01,36.89
ES-0001457,SingleChannel,19,24.421,33.71
ES-0001458,SingleChannel,18,23.706,36.94
ES-0001459,SingleChannel,18,25.857,35.44
ES-0001460,SingleChannel,18,24.362,35.05
ES-0001461,SingleChannel,18,24.091,36.33
ES-0001462,SingleChannel,22,24.665,36.48
ES-0001463,SingleChannel,19,24.257,36.46
ES-0001464,SingleChannel,18,23.769,37.65
ES-0001465,SingleChannel,22,23.905,35.9
ES-0001466,SingleChannel,22,25.068,35.81
ES-0001467,SingleChannel,19,22.688,34.11
ES-0001468,SingleChannel,21,25.068,36.4
ES-0001469,SingleChannel,23,24.144,36.85
ES-0001470,SingleChannel,19,23.108,34.74
ES-0001471,SingleChannel,18,23.691,36.36
ES-0001472,SingleChannel,22,24.339,35.96
ES-0001473,SingleChannel,20,23.128,35.41
ES-0001474,SingleChannel,19,23.278,35.66
ES-0001475,SingleChannel,19,24.93,36.57
ES-0001476,SingleChannel,18,23.927,35.36
ES-0001477,SingleChannel,22,25.929,35.91
ES-0001478,SingleChannel,23,24.998,36.72
ES-0001479,SingleChannel,23,23.865,34.56
ES-0001480,SingleChannel,22,24.91,37.5
ES-0001481,SingleChannel,20,24.47,35.72
ES-0001482,SingleChannel,21,24.086,36.59
ES-0001483,SingleChannel,19,23.016,37.38
ES-0001484,SingleChannel,18,25.261,34.49
ES-0001485,SingleChannel,21,23.883,35.43
ES-0001486,SingleChannel,18,23.965,34.87
ES-0001487,SingleChannel,18,22.893,37.19
ES-0001488,SingleChannel,22,25.461,34.68
ES-0001489,SingleChannel,21,25.412,37.86
ES-0001490,SingleChannel,20,24.177,38.45
ES-0001491,SingleChannel,23,24.519,38.29
ES-0001492,SingleChannel,20,25.006,36.49
ES-0001493,SingleChannel,20,22.908,35.16
ES-0001494,SingleChannel,21,24.18,35.74
ES-0001495,SingleChannel,23,23.449,35.22
ES-0001496,SingleChannel,21,24.825,37.18
ES-0001497,SingleChannel,21,25.081,34.69
ES-0001498,SingleChannel,22,24.465,34.4
ES-0001499,SingleChannel,18,23.703,33.97
ES-0001500,SingleChannel,18,25.437,37.13
ES-0001501,SingleChannel,23,24.044,36.08
ES-0001502,SingleChannel,20,23.245,37.1
ES-0001503,SingleChannel,19,23.785,36.43
ES-0001504,SingleChannel,18,24.726,38.33
ES-0001505,SingleChannel,18,24.514,35.05
ES-0001506,SingleChannel,23,24.895,37.45
ES-0001507,SingleChannel,19,23.956,35.79
ES-0001508,SingleChannel,19,26.305,36.61
ES-0001509,SingleChannel,19,23.945,34.9
ES-0001510,SingleChannel,21,23.084,36.56
ES-0001511,SingleChannel,19,23.097,33.37
ES-0001512,SingleChannel,20,23.974,35.59
ES-0001513,SingleChannel,21,24.629,35.95
ES-0001514,SingleChannel,18,23.669,34.61
ES-0001515,SingleChannel,21,24.584,36.26
ES-0001516,SingleChannel,21,24.265,36.26
ES-0001517,SingleChannel,20,24.28,34.51
ES-0001518,SingleChannel,22,23.412,36.76
ES-0001519,SingleChannel,20,24.953,37.85
ES-0001520,SingleChannel,22,23.683,35.98
ES-0001521,SingleChannel,23,25.275,36.7
ES-0001522,SingleChannel,22,24.954,35.96
ES-0001523,SingleChannel,19,24.248,35.54
ES-0001524,SingleChannel,18,22.899,37.55
ES-0001525,SingleChannel,18,25.221,34.0
ES-0001526,SingleChannel,19,25.203,35.49
ES-0001527,SingleChannel,18,23.648,35.75
ES-0001528,SingleChannel,22,25.19,38.27
ES-0001529,SingleChannel,20,23.221,37.61
ES-0001530,SingleChannel,22,23.723,36.29
ES-0001531,SingleChannel,21,24.113,38.59
ES-0001532,SingleChannel,19,23.742,33.97
ES-0001533,SingleChannel,22,24.062,37.85
ES-0001534,SingleChannel,22,23.17,34.6
ES-0001535,SingleChannel,19,24.165,36.8
ES-0001536,SingleChannel,20,23.525,33.56
ES-0001537,SingleChannel,22,23.283,36.22
ES-0001538,SingleChannel,23,24.06,34.24
ES-0001539,SingleChannel,22,24.635,34.68
ES-0001540,SingleChannel,20,23.646,35.48
ES-0001541,SingleChannel,23,23.842,35.86
ES-0001542,SingleChannel,18,23.549,36.07
ES-0001543,SingleChannel,20,23.685,36.51
ES-0001544,SingleChannel,21,24.75,34.81
ES-0001545,SingleChannel,21,23.975,34.82
ES-0001546,SingleChannel,23,24.712,35.1
ES-0001547,SingleChannel,20,25.025,37.78
ES-0001548,SingleChannel,20,23.945,35.65
ES-0001549,SingleChannel,19,24.613,36.41
ES-0001550,SingleChannel,23,24.97,37.57
ES-0001551,SingleChannel,22,23.978,36.13
ES-0001552,SingleChannel,22,23.728,34.8
ES-0001553,SingleChannel,21,24.161,37.62
ES-0001554,SingleChannel,18,25.124,36.37
ES-0001555,SingleChannel,23,24.473,34.07
ES-0001556,SingleChannel,22,25.214,34.3
ES-0001557,SingleChannel,23,25.745,35.82
ES-0001558,SingleChannel,18,24.548,34.88
ES-0001559,SingleChannel,18,23.077,34.62
ES-0001560,SingleChannel,23,23.38,37.03
ES-0001561,SingleChannel,22,24.833,35.41
ES-0001562,SingleChannel,22,24.48,36.41
ES-0001563,SingleChannel,20,24.007,36.38
ES-0001564,SingleChannel,22,24.691,35.98
ES-0001565,SingleChannel,23,24.885,34.49
ES-0001566,SingleChannel,19,24.765,36.57
ES-0001567,SingleChannel,18,23.716,35.66
ES-0001568,SingleChannel,19,25.345,36.39
ES-0001569,SingleChannel,19,24.389,35.0
ES-0001570,SingleChannel,19,24.402,35.93
ES-0001571,SingleChannel,20,24.963,36.43
ES-0001572,SingleChannel,20,23.877,36.02
ES-0001573,SingleChannel,20,22.985,34.34
ES-0001574,SingleChannel,18,23.418,35.35
ES-0001575,SingleChannel,23,23.645,37.82
ES-0001576,SingleChannel,23,22.487,37.72
ES-0001577,SingleChannel,19,24.551,35.85
ES-0001578,SingleChannel,21,24.546,34.09
ES-0001579,SingleChannel,19,25.403,35.28
ES-0001580,SingleChannel,18,23.315,36.88
ES-0001581,SingleChannel,20,23.007,33.27
ES-0001582,SingleChannel,22,23.787,35.67
ES-0001583,SingleChannel,21,24.95,36.87
ES-0001584,SingleChannel,20,24.277,36.06
ES-0001585,SingleChannel,20,23.259,35.67
ES-0001586,SingleChannel,22,25.275,35.29
ES-0001587,SingleChannel,21,25.224,34.19
ES-0001588,SingleChannel,21,24.023,35.02
ES-0001589,SingleChannel,22,24.055,36.64
ES-0001590,SingleChannel,23,23.847,35.46
ES-0001591,SingleChannel,23,25.568,33.89
ES-0001592,SingleChannel,22,24.125,37.58
ES-0001593,SingleChannel,18,23.544,36.27
ES-0001594,SingleChannel,19,22.58,36.2
ES-0001595,SingleChannel,20,24.038,34.86
ES-0001596,SingleChannel,23,24.034,35.54
ES-0001597,SingleChannel,19,23.718,36.5
ES-0001598,SingleChannel,23,22.735,36.75
ES-0001599,SingleChannel,22,23.911,36.83
ES-0001600,SingleChannel,19,23.654,35.42
ES-0001601,SingleChannel,21,24.299,34.85
ES-0001602,SingleChannel,23,23.251,36.55
ES-0001603,SingleChannel,20,25.077,37.18
ES-0001604,SingleChannel,19,25.148,36.97
ES-0001605,SingleChannel,23,24.737,34.83
ES-0001606,SingleChannel,22,24.694,36.68
ES-0001607,SingleChannel,20,23.633,36.25
ES-0001608,SingleChannel,19,24.733,34.95
ES-0001609,SingleChannel,20,23.641,34.79
ES-0001610,SingleChannel,21,24.177,35.24
ES-0001611,SingleChannel,23,24.885,36.02
ES-0001612,SingleChannel,22,25.015,35.32
ES-0001613,SingleChannel,22,24.034,34.24
ES-0001614,SingleChannel,19,23.741,35.43
ES-0001615,SingleChannel,22,25.124,35.08
ES-0001616,SingleChannel,18,25.051,37.3
ES-0001617,SingleChannel,21,23.55,35.85
ES-0001618,SingleChannel,20,23.903,36.39
ES-0001619,SingleChannel,21,24.816,36.06
ES-0001620,SingleChannel,23,24.659,35.83
ES-0001621,SingleChannel,22,22.636,36.08
ES-0001622,SingleChannel,21,24.646,37.56
ES-0001623,SingleChannel,21,24.54,35.74
ES-0001624,SingleChannel,20,23.23,35.2
ES-0001625,SingleChannel,19,25.427,36.83
ES-0001626,SingleChannel,19,24.44,34.63
ES-0001627,SingleChannel,20,25.443,37.03
ES-0001628,SingleChannel,21,24.661,35.34
ES-0001629,SingleChannel,22,23.287,35.36
ES-0001630,SingleChannel,20,24.633,37.34
ES-0001631,SingleChannel,18,25.093,37.47
ES-0001632,SingleChannel,19,24.33,36.28
ES-0001633,SingleChannel,18,24.212,36.7
ES-0001634,SingleChannel,22,24.065,35.6
ES-0001635,SingleChannel,18,23.846,35.46
ES-0001636,SingleChannel,19,23.801,37.19
ES-0001637,SingleChannel,22,24.066,37.81
ES-0001638,SingleChannel,18,24.442,36.7
ES-0001639,SingleChannel,19,23.915,34.63
ES-0001640,SingleChannel,22,24.069,35.71
ES-0001641,SingleChannel,23,24.332,36.97
ES-0001642,SingleChannel,22,24.738,36.64
ES-0001643,SingleChannel,23,24.694,34.77
ES-0001644,SingleChannel,22,23.434,35.36
ES-0001645,SingleChannel,20,25.093,35.85
ES-0001646,SingleChannel,23,24.626,36.1
ES-0001647,SingleChannel,19,24.111,36.74
ES-0001648,SingleChannel,19,23.108,36.21
ES-0001649,SingleChannel,22,25.347,36.22
ES-0001650,SingleChannel,21,24.011,37.36
ES-0001651,SingleChannel,20,23.154,37.06
ES-0001652,SingleChannel,20,24.586,35.22
ES-0001653,SingleChannel,23,22.462,35.17
ES-0001654,SingleChannel,21,25.285,36.6
ES-0001655,SingleChannel,20,23.179,36.93
ES-0001656,SingleChannel,21,24.913,35.04
ES-0001657,SingleChannel,20,23.583,35.35
ES-0001658,SingleChannel,21,22.756,35.27
ES-0001659,SingleChannel,19,23.854,35.45
ES-0001660,SingleChannel,23,23.895,36.78
ES-0001661,SingleChannel,18,23.339,36.93
ES-0001662,SingleChannel,19,22.994,36.91
ES-0001663,SingleChannel,20,23.923,36.56
ES-0001664,SingleChannel,19,24.693,38.93
ES-0001665,SingleChannel,22,25.042,37.25
ES-0001666,SingleChannel,22,23.898,35.44
ES-0001667,SingleChannel,23,24.08,35.51
ES-0001668,SingleChannel,21,24.161,35.48
ES-0001669,SingleChannel,18,23.896,36.48
ES-0001670,SingleChannel,21,23.198,36.88
ES-0001671,SingleChannel,20,24.195,36.73
ES-0001672,SingleChannel,21,25.1,37.58
ES-0001673,SingleChannel,18,23.236,36.83
ES-0001674,SingleChannel,22,23.582,37.57
ES-0001675,SingleChannel,23,24.318,35.47
ES-0001676,SingleChannel,19,25.222,35.39
ES-0001677,SingleChannel,18,25.211,36.11
ES-0001678,SingleChannel,22,24.893,36.15
ES-0001679,SingleChannel,23,24.583,37.39
ES-0001680,SingleChannel,21,24.678,34.74
ES-0001681,SingleChannel,18,22.895,35.28
ES-0001682,SingleChannel,23,23.833,35.39
ES-0001683,SingleChannel,22,24.435,35.09
ES-0001684,SingleChannel,20,24.262,36.92
ES-0001685,SingleChannel,20,25.401,36.18
ES-0001686,SingleChannel,19,23.796,37.17
ES-0001687,SingleChannel,23,24.558,35.55
ES-0001688,SingleChannel,18,24.562,35.47
ES-0001689,SingleChannel,18,24.211,35.44
ES-0001690,SingleChannel,23,24.894,37.28
ES-0001691,SingleChannel,21,23.005,35.2
ES-0001692,SingleChannel,18,24.029,37.27
ES-0001693,SingleChannel,18,25.25,36.19
ES-0001694,SingleChannel,20,24.105,38.24
ES-0001695,SingleChannel,21,24.368,35.97
ES-0001696,SingleChannel,20,25.106,37.97
ES-0001697,SingleChannel,23,23.697,37.59
ES-0001698,SingleChannel,23,23.586,38.16
ES-0001699,SingleChannel,21,23.561,35.69
ES-0001700,SingleChannel,19,23.731,37.08
ES-0001701,SingleChannel,20,24.301,36.58
ES-0001702,SingleChannel,19,23.103,37.98
ES-0001703,SingleChannel,22,24.24,35.75
ES-0001704,SingleChannel,19,22.924,37.15
ES-0001705,SingleChannel,18,24.452,37.19
ES-0001706,SingleChannel,23,23.783,34.2
ES-0001707,SingleChannel,22,22.774,36.8
ES-0001708,SingleChannel,22,23.959,37.34
ES-0001709,SingleChannel,22,24.872,35.86
ES-0001710,SingleChannel,20,22.374,35.68
ES-0001711,SingleChannel,18,24.455,37.1
ES-0001712,SingleChannel,22,24.56,36.57
ES-0001713,SingleChannel,22,23.574,35.2
ES-0001714,SingleChannel,18,24.112,36.67
ES-0001715,SingleChannel,23,24.873,34.8
ES-0001716,SingleChannel,19,25.416,33.23
ES-0001717,SingleChannel,23,23.649,37.39
ES-0001718,SingleChannel,18,23.683,37.3
ES-0001719,SingleChannel,19,23.512,38.03
ES-0001720,SingleChannel,22,24.815,35.49
ES-0001721,SingleChannel,23,25.183,35.42
ES-0001722,SingleChannel,20,23.258,36.03
ES-0001723,SingleChannel,21,24.356,34.14
ES-0001724,SingleChannel,18,23.103,38.77
ES-0001725,SingleChannel,21,23.552,38.61
ES-0001726,SingleChannel,22,23.801,37.45
ES-0001727,SingleChannel,23,23.313,35.7
ES-0001728,SingleChannel,20,25.03,33.08
ES-0001729,SingleChannel,20,25.295,36.09
ES-0001730,SingleChannel,22,24.663,36.71
ES-0001731,SingleChannel,20,23.827,35.38
ES-0001732,SingleChannel,18,23.026,33.97
ES-0001733,SingleChannel,20,23.443,36.34
ES-0001734,SingleChannel,19,25.075,35.56
ES-0001735,SingleChannel,21,24.756,37.58
ES-0001736,SingleChannel,20,23.278,35.47
ES-0001737,SingleChannel,21,23.598,35.92
ES-0001738,SingleChannel,21,23.299,35.83
ES-0001739,SingleChannel,22,23.406,35.37
ES-0001740,SingleChannel,18,23.47,36.29
ES-0001741,SingleChannel,20,24.29,35.59
ES-0001742,SingleChannel,20,24.495,36.95
ES-0001743,SingleChannel,23,25.278,37.44
ES-0001744,SingleChannel,22,24.669,34.61
ES-0001745,SingleChannel,19,23.879,36.28
ES-0001746,SingleChannel,22,23.958,35.79
ES-0001747,SingleChannel,20,24.033,36.49
ES-0001748,SingleChannel,23,23.581,34.1
ES-0001749,SingleChannel,19,25.182,37.98
ES-0001750,SingleChannel,21,24.534,35.17
ES-0001751,SingleChannel,22,23.675,35.02
ES-0001752,SingleChannel,23,25.364,36.06
ES-0001753,SingleChannel,20,24.8,37.19
ES-0001754,SingleChannel,20,23.896,36.73
ES-0001755,SingleChannel,20,24.045,34.18
ES-0001756,SingleChannel,19,23.875,35.75
ES-0001757,SingleChannel,22,24.747,36.31
ES-0001758,SingleChannel,23,25.525,37.13
ES-0001759,SingleChannel,19,24.38,35.16
ES-0001760,SingleChannel,18,24.398,35.56
ES-0001761,SingleChannel,23,23.971,36.94
ES-0001762,SingleChannel,19,25.998,35.36
ES-0001763,SingleChannel,21,24.2,35.95
ES-0001764,SingleChannel,20,23.46,38.59
ES-0001765,SingleChannel,20,24.668,36.88
ES-0001766,SingleChannel,22,23.817,35.16
ES-0001767,SingleChannel,21,24.266,36.6
ES-0001768,SingleChannel,20,24.016,34.59
ES-0001769,SingleChannel,23,24.131,36.33
ES-0001770,SingleChannel,18,22.283,35.36
ES-0001771,SingleChannel,22,23.492,37.72
ES-0001772,SingleChannel,23,23.587,36.79
ES-0001773,SingleChannel,20,24.474,37.06
ES-0001774,SingleChannel,23,24.234,36.05
ES-0001775,SingleChannel,22,23.467,35.01
ES-0001776,SingleChannel,18,24.74,36.61
ES-0001777,SingleChannel,18,23.393,37.03
ES-0001778,SingleChannel,18,25.098,37.77
ES-0001779,SingleChannel,22,24.42,35.21
ES-0001780,SingleChannel,21,25.658,35.66
ES-0001781,SingleChannel,18,24.991,38.38
ES-0001782,SingleChannel,19,24.616,35.43
ES-0001783,SingleChannel,23,23.802,36.49
ES-0001784,SingleChannel,23,23.844,36.43
ES-0001785,SingleChannel,23,24.636,36.84
ES-0001786,SingleChannel,23,24.104,36.81
ES-0001787,SingleChannel,22,25.181,36.58
ES-0001788,SingleChannel,19,24.83,36.37
ES-0001789,SingleChannel,21,24.626,38.89
ES-0001790,SingleChannel,20,24.883,36.63
ES-0001791,SingleChannel,20,25.1,33.57
ES-0001792,SingleChannel,19,25.049,36.66
ES-0001793,SingleChannel,23,23.651,36.45
ES-0001794,SingleChannel,22,25.193,39.44
ES-0001795,SingleChannel,20,21.698,35.2
ES-0001796,SingleChannel,19,24.612,36.67
ES-0001797,SingleChannel,23,23.62,37.16
ES-0001798,SingleChannel,19,25.739,34.92
ES-0001799,SingleChannel,21,22.879,35.46
ES-0001800,SingleChannel,20,24.656,35.87
ES-0001801,SingleChannel,19,24.322,36.94
ES-0001802,SingleChannel,21,22.195,38.33
ES-0001803,SingleChannel,21,23.743,33.88
ES-0001804,SingleChannel,23,23.954,35.61
ES-0001805,SingleChannel,19,24.871,37.5
ES-0001806,SingleChannel,20,22.621,35.9
ES-0001807,SingleChannel,22,23.552,37.63
ES-0001808,SingleChannel,20,24.83,38.06
ES-0001809,SingleChannel,23,24.191,36.79
ES-0001810,SingleChannel,23,24.662,35.86
ES-0001811,SingleChannel,22,24.435,35.02
ES-0001812,SingleChannel,23,24.675,35.91
ES-0001813,SingleChannel,23,24.315,35.02
ES-0001814,SingleChannel,23,24.074,38.04
ES-0001815,SingleChannel,23,24.666,35.85
ES-0001816,SingleChannel,18,24.204,35.75
ES-0001817,SingleChannel,21,23.866,37.1
ES-0001818,SingleChannel,23,24.439,35.97
ES-0001819,SingleChannel,18,23.927,37.73
ES-0001820,SingleChannel,23,24.586,35.06
ES-0001821,SingleChannel,21,25.027,36.61
ES-0001822,SingleChannel,23,24.514,36.71
ES-0001823,SingleChannel,18,22.908,34.82
ES-0001824,SingleChannel,18,24.359,36.54
ES-0001825,SingleChannel,19,24.707,35.27
ES-0001826,SingleChannel,22,24.451,36.4
ES-0001827,SingleChannel,19,23.796,35.75
ES-0001828,SingleChannel,19,22.805,36.81
ES-0001829,SingleChannel,22,23.23,37.1
ES-0001830,SingleChannel,22,26.033,36.1
ES-0001831,SingleChannel,22,24.218,34.66
ES-0001832,SingleChannel,18,23.36,38.09
ES-0001833,SingleChannel,21,24.065,36.22
ES-0001834,SingleChannel,19,24.948,38.63
ES-0001835,SingleChannel,18,24.303,34.94
ES-0001836,SingleChannel,18,23.114,35.77
ES-0001837,SingleChannel,18,24.802,35.03
ES-0001838,SingleChannel,18,25.357,36.24
ES-0001839,SingleChannel,23,23.655,36.57
ES-0001840,SingleChannel,19,24.314,37.95
ES-0001841,SingleChannel,22,23.048,37.05
ES-0001842,SingleChannel,22,25.228,36.48
ES-0001843,SingleChannel,18,22.957,35.44
ES-0001844,SingleChannel,19,23.323,33.72
ES-0001845,SingleChannel,22,23.452,35.15
ES-0001846,SingleChannel,23,22.925,36.18
ES-0001847,SingleChannel,22,23.22,36.62
ES-0001848,SingleChannel,22,24.437,37.78
ES-0001849,SingleChannel,23,22.91,33.85
ES-0001850,SingleChannel,21,25.564,35.11
ES-0001851,SingleChannel,19,24.93,35.3
ES-0001852,SingleChannel,19,25.631,35.7
ES-0001853,SingleChannel,18,24.961,36.19
ES-0001854,SingleChannel,21,25.129,34.86
ES-0001855,SingleChannel,20,23.944,37.35
ES-0001856,SingleChannel,20,24.431,36.2
ES-0001857,SingleChannel,22,23.763,36.34
ES-0001858,SingleChannel,20,25.011,36.74
ES-0001859,SingleChannel,23,23.35,37.94
ES-0001860,SingleChannel,19,23.642,35.7
ES-0001861,SingleChannel,23,25.743,35.96
ES-0001862,SingleChannel,18,25.143,34.13
ES-0001863,SingleChannel,22,23.424,36.54
ES-0001864,SingleChannel,21,24.255,35.34
ES-0001865,SingleChannel,22,24.447,36.32
ES-0001866,SingleChannel,23,25.372,36.79
ES-0001867,SingleChannel,20,25.655,35.5
ES-0001868,SingleChannel,21,24.162,36.39
ES-0001869,SingleChannel,21,25.489,37.67
ES-0001870,SingleChannel,19,23.514,35.62
ES-0001871,SingleChannel,21,25.223,35.79
ES-0001872,SingleChannel,23,23.4,34.64
ES-0001873,SingleChannel,19,23.27,36.74
ES-0001874,SingleChannel,23,22.955,35.01
ES-0001875,SingleChannel,23,24.029,38.93
ES-0001876,SingleChannel,18,23.571,36.63
ES-0001877,SingleChannel,22,22.688,35.9
ES-0001878,SingleChannel,20,25.238,35.47
ES-0001879,SingleChannel,19,25.749,36.13
ES-0001880,SingleChannel,21,22.898,36.3
ES-0001881,SingleChannel,23,25.3,37.21
ES-0001882,SingleChannel,21,24.704,35.62
ES-0001883,SingleChannel,20,26.11,35.57
ES-0001884,SingleChannel,18,23.842,35.68
ES-0001885,SingleChannel,21,23.965,36.14
ES-0001886,SingleChannel,19,23.638,33.42
ES-0001887,SingleChannel,18,23.453,34.68
ES-0001888,SingleChannel,20,22.514,35.44
ES-0001889,SingleChannel,20,23.315,36.87
ES-0001890,SingleChannel,21,23.936,36.06
ES-0001891,SingleChannel,21,22.616,36.4
ES-0001892,SingleChannel,19,24.514,38.0
ES-0001893,SingleChannel,23,23.083,37.83
ES-0001894,SingleChannel,18,23.979,36.09
ES-0001895,SingleChannel,23,22.529,36.24
ES-0001896,SingleChannel,23,24.298,34.86
ES-0001897,SingleChannel,22,24.663,34.74
ES-0001898,SingleChannel,20,24.731,35.85
ES-0001899,SingleChannel,19,23.508,36.86
ES-0001900,SingleChannel,19,23.454,34.69
ES-0001901,SingleChannel,19,24.783,36.36
ES-0001902,SingleChannel,22,24.224,35.83
ES-0001903,SingleChannel,19,23.823,36.09
ES-0001904,SingleChannel,18,23.459,36.28
ES-0001905,SingleChannel,19,24.163,36.5
ES-0001906,SingleChannel,18,23.872,38.29
ES-0001907,SingleChannel,20,23.736,36.71
ES-0001908,SingleChannel,19,24.579,36.5
ES-0001909,SingleChannel,18,24.431,36.63
ES-0001910,SingleChannel,21,24.696,36.08
ES-0001911,SingleChannel,22,24.717,36.34
ES-0001912,SingleChannel,23,25.154,34.29
ES-0001913,SingleChannel,21,22.813,37.05
ES-0001914,SingleChannel,23,23.769,35.22
ES-0001915,SingleChannel,20,24.068,35.82
ES-0001916,SingleChannel,18,24.863,36.08
ES-0001917,SingleChannel,21,22.911,36.19
ES-0001918,SingleChannel,23,24.481,35.33
ES-0001919,SingleChannel,21,23.108,38.31
ES-0001920,SingleChannel,22,24.676,34.35
ES-0001921,SingleChannel,19,25.232,34.65
ES-0001922,SingleChannel,18,24.996,36.56
ES-0001923,SingleChannel,21,24.457,38.6
ES-0001924,SingleChannel,19,24.953,37.14
ES-0001925,SingleChannel,18,25.216,36.13
ES-0001926,SingleChannel,23,25.237,36.52
ES-0001927,SingleChannel,23,23.971,35.74
ES-0001928,SingleChannel,18,24.789,36.1
ES-0001929,SingleChannel,21,24.978,35.84
ES-0001930,SingleChannel,20,24.61,35.4
ES-0001931,SingleChannel,19,24.905,35.49
ES-0001932,SingleChannel,20,25.028,36.33
ES-0001933,SingleChannel,23,25.262,36.97
ES-0001934,SingleChannel,20,25.155,36.41
ES-0001935,SingleChannel,18,24.346,34.37
ES-0001936,SingleChannel,18,24.683,37.52
ES-0001937,SingleChannel,18,24.588,36.28
ES-0001938,SingleChannel,19,24.577,37.25
ES-0001939,SingleChannel,23,22.952,34.5
ES-0001940,SingleChannel,22,22.936,35.91
ES-0001941,SingleChannel,22,24.4,36.37
ES-0001942,SingleChannel,22,24.024,35.84
ES-0001943,SingleChannel,22,25.038,36.11
ES-0001944,SingleChannel,18,24.59,34.98
ES-0001945,SingleChannel,23,23.419,36.24
ES-0001946,SingleChannel,20,23.056,38.31
ES-0001947,SingleChannel,23,24.231,37.55
ES-0001948,SingleChannel,21,23.06,35.99
ES-0001949,SingleChannel,21,23.983,36.25
ES-0001950,SingleChannel,21,25.145,35.34
ES-0001951,SingleChannel,18,24.015,36.8
ES-0001952,SingleChannel,22,24.294,37.0
ES-0001953,SingleChannel,20,25.641,32.76
ES-0001954,SingleChannel,23,24.684,35.87
ES-0001955,SingleChannel,21,24.832,35.09
ES-0001956,SingleChannel,18,23.999,34.64
ES-0001957,SingleChannel,21,23.734,36.28
ES-0001958,SingleChannel,22,23.844,37.51
ES-0001959,SingleChannel,23,24.237,34.62
ES-0001960,SingleChannel,23,23.459,34.83
ES-0001961,SingleChannel,19,24.843,35.7
ES-0001962,SingleChannel,23,25.041,37.21
ES-0001963,SingleChannel,18,25.155,36.74
ES-0001964,SingleChannel,22,23.136,40.3
ES-0001965,SingleChannel,19,23.839,37.02
ES-0001966,SingleChannel,19,26.248,37.62
ES-0001967,SingleChannel,21,25.476,38.63
ES-0001968,SingleChannel,22,23.819,35.29
ES-0001969,SingleChannel,22,24.682,37.14
ES-0001970,SingleChannel,22,23.718,35.7
ES-0001971,SingleChannel,23,25.074,37.17
ES-0001972,SingleChannel,18,25.048,37.32
ES-0001973,SingleChannel,19,24.293,38.31
ES-0001974,SingleChannel,20,23.824,35.9
ES-0001975,SingleChannel,18,23.201,35.54
ES-0001976,SingleChannel,19,23.47,35.16
ES-0001977,SingleChannel,18,23.269,37.07
ES-0001978,SingleChannel,19,24.063,37.7
ES-0001979,SingleChannel,18,24.138,36.89
ES-0001980,SingleChannel,23,25.8,37.34
ES-0001981,SingleChannel,18,24.688,36.43
ES-0001982,SingleChannel,19,24.428,38.37
ES-0001983,SingleChannel,23,23.643,37.44
ES-0001984,SingleChannel,22,24.138,36.84
ES-0001985,SingleChannel,20,23.91,34.04
ES-0001986,SingleChannel,22,24.66,36.17
ES-0001987,SingleChannel,18,23.912,35.09
ES-0001988,SingleChannel,20,26.698,36.84
ES-0001989,SingleChannel,18,22.955,37.76
ES-0001990,SingleChannel,22,24.365,36.18
ES-0001991,SingleChannel,19,24.086,38.34
ES-0001992,SingleChannel,22,25.341,35.34
ES-0001993,SingleChannel,19,24.908,36.22
ES-0001994,SingleChannel,22,25.054,36.41
ES-0001995,SingleChannel,22,25.435,36.5
ES-0001996,SingleChannel,21,23.33,37.39
ES-0001997,SingleChannel,21,23.942,36.4
ES-0001998,SingleChannel,18,24.448,35.23
ES-0001999,SingleChannel,23,24.552,36.89
ES-0002000,SingleChannel,18,24.084,34.99
ES-0002001,CRT,13,12.324,29.37
ES-0002002,CRT,13,12.314,32.3
ES-0002003,CRT,13,11.709,31.63
ES-0002004,CRT,10,12.279,31.14
ES-0002005,CRT,11,13.241,30.77
ES-0002006,CRT,10,12.287,31.73
ES-0002007,CRT,8,12.598,31.0
ES-0002008,CRT,13,12.994,30.63
ES-0002009,CRT,11,13.061,32.6
ES-0002010,CRT,13,12.528,32.57
ES-0002011,CRT,12,12.385,30.58
ES-0002012,CRT,9,12.896,31.24
ES-0002013,CRT,8,12.248,30.37
ES-0002014,CRT,12,12.501,31.06
ES-0002015,CRT,13,12.398,30.66
ES-0002016,CRT,11,11.207,29.65
ES-0002017,CRT,12,12.541,31.46
ES-0002018,CRT,8,12.368,30.24
ES-0002019,CRT,9,12.366,32.6
ES-0002020,CRT,12,12.446,31.54
ES-0002021,CRT,8,12.403,30.05
ES-0002022,CRT,10,11.926,29.96
ES-0002023,CRT,9,12.627,33.01
ES-0002024,CRT,10,12.424,31.74
ES-0002025,CRT,11,12.523,32.75
ES-0002026,CRT,9,11.834,31.18
ES-0002027,CRT,10,12.996,32.39
ES-0002028,CRT,10,12.667,32.33
ES-0002029,CRT,13,12.388,29.16
ES-0002030,CRT,8,12.33,31.06
ES-0002031,CRT,11,11.86,30.21
ES-0002032,CRT,11,12.289,32.19
ES-0002033,CRT,13,12.419,31.32
ES-0002034,CRT,9,13.062,33.54
ES-0002035,CRT,8,13.218,30.55
ES-0002036,CRT,8,12.066,33.87
ES-0002037,CRT,13,12.273,31.05
ES-0002038,CRT,13,12.369,30.68
ES-0002039,CRT,8,11.768,33.65
ES-0002040,CRT,13,12.704,32.12
ES-0002041,CRT,11,12.352,31.88
ES-0002042,CRT,11,11.766,32.24
ES-0002043,CRT,13,13.194,30.52
ES-0002044,CRT,9,11.908,30.99
ES-0002045,CRT,9,12.842,32.18
ES-0002046,CRT,12,12.534,30.62
ES-0002047,CRT,10,12.576,32.77
ES-0002048,CRT,11,12.865,31.78
ES-0002049,CRT,13,12.598,31.71
ES-0002050,CRT,13,12.342,31.71
ES-0002051,CRT,10,12.083,30.63
ES-0002052,CRT,10,12.727,32.88
ES-0002053,CRT,9,12.421,32.66
ES-0002054,CRT,9,12.162,29.76
ES-0002055,CRT,13,11.763,30.07
ES-0002056,CRT,9,11.993,31.79
ES-0002057,CRT,10,12.488,32.55
ES-0002058,CRT,12,12.448,31.08
ES-0002059,CRT,12,11.825,33.24
ES-0002060,CRT,12,12.257,29.81
ES-0002061,CRT,12,12.664,29.99
ES-0002062,CRT,8,12.404,27.99
ES-0002063,CRT,12,12.732,31.13
ES-0002064,CRT,11,12.169,31.93
ES-0002065,CRT,11,12.631,31.17
ES-0002066,CRT,12,12.555,32.1
ES-0002067,CRT,10,12.062,30.97
ES-0002068,CRT,13,12.774,32.0
ES-0002069,CRT,11,12.057,31.72
ES-0002070,CRT,11,12.456,30.43
ES-0002071,CRT,9,12.644,31.49
ES-0002072,CRT,12,12.669,32.54
ES-0002073,CRT,8,12.944,31.3
ES-0002074,CRT,13,11.834,31.77
ES-0002075,CRT,8,12.744,31.6
ES-0002076,CRT,10,12.837,29.59
ES-0002077,CRT,9,12.394,31.89
ES-0002078,CRT,12,12.651,31.84
ES-0002079,CRT,13,12.091,32.3
ES-0002080,CRT,11,12.768,33.6
ES-0002081,CRT,8,12.159,32.39
ES-0002082,CRT,10,11.933,30.66
ES-0002083,CRT,12,11.726,33.43
ES-0002084,CRT,12,12.494,31.52
ES-0002085,CRT,13,12.317,32.02
ES-0002086,CRT,12,11.895,30.87
ES-0002087,CRT,11,12.715,32.64
ES-0002088,CRT,11,11.862,31.25
ES-0002089,CRT,11,12.617,30.52
ES-0002090,CRT,11,12.752,31.8
ES-0002091,CRT,13,12.989,31.01
ES-0002092,CRT,12,12.293,31.15
ES-0002093,CRT,10,12.525,30.24
ES-0002094,CRT,10,12.597,32.88
ES-0002095,CRT,8,12.47,32.32
ES-0002096,CRT,9,12.535,31.23
ES-0002097,CRT,12,12.788,31.96
ES-0002098,CRT,12,12.539,32.5
ES-0002099,CRT,10,12.217,32.53
ES-0002100,CRT,9,11.655,30.65
ES-0002101,CRT,10,12.311,31.73
ES-0002102,CRT,11,12.08,34.12
ES-0002103,CRT,8,12.086,30.73
ES-0002104,CRT,12,11.928,31.59
ES-0002105,CRT,8,12.662,30.24
ES-0002106,CRT,10,12.079,30.84
ES-0002107,CRT,11,12.736,34.04
ES-0002108,CRT,9,12.077,31.22
ES-0002109,CRT,10,12.342,31.66
ES-0002110,CRT,11,12.432,32.24
ES-0002111,CRT,8,12.996,30.75
ES-0002112,CRT,10,12.127,30.82
ES-0002113,CRT,10,12.384,31.16
ES-0002114,CRT,12,11.954,32.24
ES-0002115,CRT,9,12.572,33.32
ES-0002116,CRT,8,12.049,33.14
ES-0002117,CRT,11,12.306,31.63
ES-0002118,CRT,9,12.627,31.22
ES-0002119,CRT,8,12.787,32.7
ES-0002120,CRT,10,12.509,30.3
ES-0002121,CRT,8,12.489,31.87
ES-0002122,CRT,8,12.219,33.47
ES-0002123,CRT,9,12.343,30.37
ES-0002124,CRT,12,11.763,31.18
ES-0002125,CRT,12,13.133,31.19
ES-0002126,CRT,13,12.974,31.34
ES-0002127,CRT,13,12.466,31.62
ES-0002128,CRT,13,12.512,31.9
ES-0002129,CRT,10,12.44,31.1
ES-0002130,CRT,12,12.113,32.21
ES-0002131,CRT,8,12.051,30.79
ES-0002132,CRT,12,12.22,30.27
ES-0002133,CRT,8,12.474,33.52
ES-0002134,CRT,9,12.393,32.16
ES-0002135,CRT,8,12.182,30.17
ES-0002136,CRT,12,12.737,32.57
ES-0002137,CRT,13,13.066,31.54
ES-0002138,CRT,13,12.432,30.67
ES-0002139,CRT,10,12.652,30.57
ES-0002140,CRT,12,11.973,31.29
ES-0002141,CRT,9,12.273,31.57
ES-0002142,CRT,8,11.867,30.65
ES-0002143,CRT,9,12.131,30.49
ES-0002144,CRT,9,12.131,31.49
ES-0002145,CRT,9,12.063,32.16
ES-0002146,CRT,13,12.176,30.76
ES-0002147,CRT,10,13.045,33.47
ES-0002148,CRT,8,12.136,31.64
ES-0002149,CRT,8,12.575,32.13
ES-0002150,CRT,12,12.706,32.32
ES-0002151,CRT,13,12.551,32.77
ES-0002152,CRT,10,12.5,32.24
ES-0002153,CRT,12,12.832,31.03
ES-0002154,CRT,12,12.45,31.78
ES-0002155,CRT,13,11.464,32.64
ES-0002156,CRT,13,12.68,32.21
ES-0002157,CRT,13,12.502,30.57
ES-0002158,CRT,9,12.092,32.5
ES-0002159,CRT,11,11.781,30.11
ES-0002160,CRT,10,11.789,31.15
ES-0002161,CRT,13,12.12,30.95
ES-0002162,CRT,9,12.416,29.48
ES-0002163,CRT,9,12.546,30.5
ES-0002164,CRT,9,11.66,30.87
ES-0002165,CRT,8,12.329,32.08
ES-0002166,CRT,13,12.941,32.14
ES-0002167,CRT,13,13.316,30.57
ES-0002168,CRT,8,12.945,31.64
ES-0002169,CRT,11,11.837,31.08
ES-0002170,CRT,12,12.508,29.39
ES-0002171,CRT,10,12.716,29.88
ES-0002172,CRT,11,12.653,30.64
ES-0002173,CRT,13,12.493,33.42
ES-0002174,CRT,9,12.371,31.19
ES-0002175,CRT,10,12.093,31.32
ES-0002176,CRT,8,12.435,31.92
ES-0002177,CRT,8,12.546,31.02
ES-0002178,CRT,11,12.656,32.8
ES-0002179,CRT,9,12.001,32.37
ES-0002180,CRT,10,12.726,33.24
ES-0002181,CRT,8,12.621,31.87
ES-0002182,CRT,11,12.028,31.17
ES-0002183,CRT,8,12.181,31.88
ES-0002184,CRT,11,11.741,32.92
ES-0002185,CRT,9,12.379,32.18
ES-0002186,CRT,8,12.278,30.57
ES-0002187,CRT,9,12.453,32.11
ES-0002188,CRT,9,12.104,31.82
ES-0002189,CRT,10,12.518,31.76
ES-0002190,CRT,10,12.148,30.79
ES-0002191,CRT,12,11.635,31.99
ES-0002192,CRT,8,13.041,31.13
ES-0002193,CRT,12,12.33,31.08
ES-0002194,CRT,12,12.349,30.55
ES-0002195,CRT,13,12.19,31.72
ES-0002196,CRT,8,12.481,30.53
ES-0002197,CRT,8,12.143,31.99
ES-0002198,CRT,13,12.403,31.54
ES-0002199,CRT,8,12.103,30.35
ES-0002200,CRT,9,12.575,32.3
ES-0002201,CRT,8,12.557,30.19
ES-0002202,CRT,9,11.558,31.8
ES-0002203,CRT,13,12.621,30.36
ES-0002204,CRT,10,12.393,31.62
ES-0002205,CRT,8,12.632,32.22
ES-0002206,CRT,8,13.041,30.12
ES-0002207,CRT,13,12.272,31.0
ES-0002208,CRT,13,11.916,30.53
ES-0002209,CRT,8,12.748,32.73
ES-0002210,CRT,9,12.768,31.66
ES-0002211,CRT,12,12.288,32.2
ES-0002212,CRT,13,12.923,32.88
ES-0002213,CRT,13,12.39,33.55
ES-0002214,CRT,10,12.246,29.49
ES-0002215,CRT,13,12.081,29.9
ES-0002216,CRT,11,11.763,31.13
ES-0002217,CRT,9,11.294,31.1
ES-0002218,CRT,11,12.07,29.7
ES-0002219,CRT,10,12.151,31.98
ES-0002220,CRT,12,11.988,30.98
ES-0002221,CRT,11,12.414,32.46
ES-0002222,CRT,8,13.018,31.0
ES-0002223,CRT,13,12.853,31.49
ES-0002224,CRT,11,12.814,32.65
ES-0002225,CRT,10,11.938,30.94
ES-0002226,CRT,8,12.599,32.9
ES-0002227,CRT,12,11.723,31.92
ES-0002228,CRT,12,12.282,31.4
ES-0002229,CRT,10,12.107,32.41
ES-0002230,CRT,11,12.822,31.26
ES-0002231,CRT,11,12.779,31.44
ES-0002232,CRT,10,12.482,32.46
ES-0002233,CRT,11,13.25,29.94
ES-0002234,CRT,12,12.894,31.37
ES-0002235,CRT,9,12.426,30.7
ES-0002236,CRT,11,12.363,32.42
ES-0002237,CRT,11,12.496,33.62
ES-0002238,CRT,12,12.447,30.35
ES-0002239,CRT,12,11.68,32.12
ES-0002240,CRT,12,11.882,32.09
ES-0002241,CRT,10,13.355,31.35
ES-0002242,CRT,9,12.055,33.09
ES-0002243,CRT,9,12.297,32.43
ES-0002244,CRT,11,12.24,32.95
ES-0002245,CRT,9,12.46,29.63
ES-0002246,CRT,11,12.599,31.07
ES-0002247,CRT,13,12.284,34.03
ES-0002248,CRT,10,12.099,31.74
ES-0002249,CRT,12,12.793,29.4
ES-0002250,CRT,8,12.467,29.58
ES-0002251,CRT,12,12.197,30.07
ES-0002252,CRT,10,12.291,31.17
ES-0002253,CRT,8,12.114,32.81
ES-0002254,CRT,11,12.595,32.51
ES-0002255,CRT,12,12.693,30.85
ES-0002256,CRT,8,12.573,31.97
ES-0002257,CRT,12,12.179,31.63
ES-0002258,CRT,12,12.844,30.86
ES-0002259,CRT,9,13.002,30.98
ES-0002260,CRT,9,12.911,32.11
ES-0002261,CRT,10,11.825,32.45
ES-0002262,CRT,10,12.39,30.58
ES-0002263,CRT,10,13.44,31.13
ES-0002264,CRT,9,12.288,31.38
ES-0002265,CRT,13,12.378,30.33
ES-0002266,CRT,12,12.016,31.23
ES-0002267,CRT,13,12.111,34.22
ES-0002268,CRT,8,12.004,30.76
ES-0002269,CRT,8,12.061,32.93
ES-0002270,CRT,9,12.7,31.05
ES-0002271,CRT,11,12.839,31.12
ES-0002272,CRT,9,12.494,32.34
ES-0002273,CRT,9,12.128,33.47
ES-0002274,CRT,12,11.952,28.99
ES-0002275,CRT,10,12.097,29.77
ES-0002276,CRT,10,12.08,31.66
ES-0002277,CRT,12,11.0,30.54
ES-0002278,CRT,12,12.395,31.3
ES-0002279,CRT,10,11.666,28.97
ES-0002280,CRT,9,11.993,32.19
ES-0002281,CRT,12,12.605,30.69
ES-0002282,CRT,13,11.939,31.97
ES-0002283,CRT,12,12.435,29.93
ES-0002284,CRT,10,11.367,30.17
ES-0002285,CRT,11,12.402,31.07
ES-0002286,CRT,9,12.803,30.02
ES-0002287,CRT,13,13.01,30.22
ES-0002288,CRT,10,12.366,31.96
ES-0002289,CRT,11,11.529,31.62
ES-0002290,CRT,9,12.751,31.6
ES-0002291,CRT,12,12.27,31.0
ES-0002292,CRT,9,12.476,31.23
ES-0002293,CRT,12,12.401,30.89
ES-0002294,CRT,8,11.815,32.24
ES-0002295,CRT,8,12.313,33.01
ES-0002296,CRT,13,12.926,31.76
ES-0002297,CRT,13,12.89,32.22
ES-0002298,CRT,10,11.998,32.22
ES-0002299,CRT,12,13.013,30.62
ES-0002300,CRT,9,13.298,31.46
ES-0002301,CRT,11,12.442,32.42
ES-0002302,CRT,13,12.474,31.88
ES-0002303,CRT,13,13.044,31.81
ES-0002304,CRT,12,11.606,30.94
ES-0002305,CRT,8,12.12,32.12
ES-0002306,CRT,13,12.651,31.19
ES-0002307,CRT,10,12.076,30.58
ES-0002308,CRT,13,12.713,31.22
ES-0002309,CRT,13,12.695,31.06
ES-0002310,CRT,9,12.241,31.44
ES-0002311,CRT,13,12.89,33.66
ES-0002312,CRT,13,12.315,31.57
ES-0002313,CRT,9,12.206,33.42
ES-0002314,CRT,10,12.498,31.21
ES-0002315,CRT,9,12.63,32.33
ES-0002316,CRT,11,11.808,31.66
ES-0002317,CRT,12,12.644,31.33
ES-0002318,CRT,8,12.554,31.65
ES-0002319,CRT,8,12.761,30.88
ES-0002320,CRT,9,12.778,31.67
ES-0002321,CRT,13,12.673,32.8
ES-0002322,CRT,12,12.434,31.77
ES-0002323,CRT,12,12.401,32.44
ES-0002324,CRT,12,12.326,30.88
ES-0002325,CRT,8,11.333,31.09
ES-0002326,CRT,11,12.132,32.61
ES-0002327,CRT,10,11.833,31.67
ES-0002328,CRT,10,12.442,30.85
ES-0002329,CRT,8,12.113,31.97
ES-0002330,CRT,8,12.868,30.44
ES-0002331,CRT,11,12.884,31.95
ES-0002332,CRT,9,12.14,32.05
ES-0002333,CRT,11,11.931,32.62
ES-0002334,CRT,12,12.615,31.27
ES-0002335,CRT,11,11.995,32.66
ES-0002336,CRT,10,11.863,29.87
ES-0002337,CRT,8,12.058,31.29
ES-0002338,CRT,12,12.9,32.33
ES-0002339,CRT,8,12.713,32.69
ES-0002340,CRT,8,12.72,31.54
ES-0002341,CRT,13,12.299,29.67
ES-0002342,CRT,12,13.347,30.64
ES-0002343,CRT,10,12.568,30.62
ES-0002344,CRT,13,13.278,31.24
ES-0002345,CRT,8,12.008,31.19
ES-0002346,CRT,8,11.583,31.89
ES-0002347,CRT,13,12.392,27.96
ES-0002348,CRT,10,12.169,31.63
ES-0002349,CRT,10,12.923,32.26
ES-0002350,CRT,11,12.924,29.9
ES-0002351,CRT,11,12.134,30.78
ES-0002352,CRT,11,12.0,31.56
ES-0002353,CRT,9,12.202,31.84
ES-0002354,CRT,13,11.876,30.5
ES-0002355,CRT,13,12.457,30.84
ES-0002356,CRT,9,11.997,29.96
ES-0002357,CRT,11,12.982,32.76
ES-0002358,CRT,10,12.462,32.64
ES-0002359,CRT,8,12.088,30.33
ES-0002360,CRT,11,12.515,31.19
ES-0002361,CRT,12,12.184,32.04
ES-0002362,CRT,12,11.572,28.97
ES-0002363,CRT,9,12.108,30.72
ES-0002364,CRT,11,12.564,30.9
ES-0002365,CRT,12,12.694,33.33
ES-0002366,CRT,9,13.006,33.03
ES-0002367,CRT,12,11.619,32.58
ES-0002368,CRT,9,12.495,30.96
ES-0002369,CRT,13,12.778,30.71
ES-0002370,CRT,13,12.241,29.64
ES-0002371,CRT,9,13.131,32.29
ES-0002372,CRT,10,12.694,29.7
ES-0002373,CRT,9,12.242,30.21
ES-0002374,CRT,9,12.546,31.85
ES-0002375,CRT,13,11.735,33.39
ES-0002376,CRT,13,12.293,32.62
ES-0002377,CRT,8,13.023,32.91
ES-0002378,CRT,8,12.255,32.56
ES-0002379,CRT,10,13.102,30.4
ES-0002380,CRT,8,12.442,32.65
ES-0002381,CRT,11,11.766,32.47
ES-0002382,CRT,13,12.544,33.13
ES-0002383,CRT,11,12.523,30.16
ES-0002384,CRT,10,12.768,30.16
ES-0002385,CRT,11,12.694,30.3
ES-0002386,CRT,11,12.827,31.85
ES-0002387,CRT,12,11.972,30.08
ES-0002388,CRT,10,12.243,30.82
ES-0002389,CRT,10,12.319,32.62
ES-0002390,CRT,11,12.564,30.5
ES-0002391,CRT,10,11.868,30.9
ES-0002392,CRT,12,12.063,31.03
ES-0002393,CRT,13,13.113,31.17
ES-0002394,CRT,13,12.021,31.69
ES-0002395,CRT,9,12.629,32.02
ES-0002396,CRT,8,12.012,31.09
ES-0002397,CRT,13,12.26,31.44
ES-0002398,CRT,12,12.925,31.32
ES-0002399,CRT,8,12.385,30.85
ES-0002400,CRT,8,12.19,31.15
ES-0002401,CRT,9,12.442,30.23
ES-0002402,CRT,11,12.398,31.81
ES-0002403,CRT,9,12.812,30.32
ES-0002404,CRT,9,12.16,32.37
ES-0002405,CRT,9,12.384,32.26
ES-0002406,CRT,11,12.047,32.8
ES-0002407,CRT,13,12.033,32.03
ES-0002408,CRT,13,12.41,30.75
ES-0002409,CRT,12,12.592,31.23
ES-0002410,CRT,11,12.267,31.33
ES-0002411,CRT,13,12.13,30.49
ES-0002412,CRT,8,12.599,32.42
ES-0002413,CRT,12,11.412,32.08
ES-0002414,CRT,12,12.555,30.09
ES-0002415,CRT,9,12.403,31.0
ES-0002416,CRT,11,12.354,30.22
ES-0002417,CRT,11,12.648,30.05
ES-0002418,CRT,12,12.398,33.01
ES-0002419,CRT,11,12.809,31.93
ES-0002420,CRT,9,12.211,30.45
ES-0002421,CRT,9,12.734,31.12
ES-0002422,CRT,9,12.849,33.22
ES-0002423,CRT,11,13.491,31.9
ES-0002424,CRT,10,12.184,31.81
ES-0002425,CRT,8,12.41,32.32
ES-0002426,CRT,8,11.736,32.23
ES-0002427,CRT,13,12.677,29.56
ES-0002428,CRT,11,12.437,32.02
ES-0002429,CRT,13,12.347,31.31
ES-0002430,CRT,13,13.219,32.43
ES-0002431,CRT,9,11.734,30.86
ES-0002432,CRT,10,12.547,32.34
ES-0002433,CRT,11,12.256,30.66
ES-0002434,CRT,10,12.02,30.99
ES-0002435,CRT,9,12.781,30.71
ES-0002436,CRT,10,12.175,32.59
ES-0002437,CRT,11,12.36,32.9
ES-0002438,CRT,10,12.156,32.23
ES-0002439,CRT,9,12.339,31.42
ES-0002440,CRT,11,12.017,33.53
ES-0002441,CRT,13,12.082,31.4
ES-0002442,CRT,8,11.946,30.63
ES-0002443,CRT,10,12.568,31.74
ES-0002444,CRT,13,12.495,31.65
ES-0002445,CRT,11,11.873,30.55
ES-0002446,CRT,11,12.105,30.12
ES-0002447,CRT,13,12.566,30.81
ES-0002448,CRT,10,12.352,29.48
ES-0002449,CRT,9,12.98,31.57
ES-0002450,CRT,13,11.783,30.6
ES-0002451,CRT,8,13.434,30.91
ES-0002452,CRT,13,12.132,31.85
ES-0002453,CRT,12,12.513,31.61
ES-0002454,CRT,9,11.841,31.39
ES-0002455,CRT,10,13.438,32.45
ES-0002456,CRT,10,13.043,30.37
ES-0002457,CRT,12,12.317,32.21
ES-0002458,CRT,10,12.493,32.01
ES-0002459,CRT,9,12.402,32.82
ES-0002460,CRT,9,11.354,31.26
ES-0002461,CRT,9,12.389,31.51
ES-0002462,CRT,8,12.188,32.53
ES-0002463,CRT,11,12.3,32.47
ES-0002464,CRT,11,12.445,30.73
ES-0002465,CRT,9,12.426,32.39
ES-0002466,CRT,9,11.957,31.49
ES-0002467,CRT,10,12.769,31.54
ES-0002468,CRT,8,12.358,29.51
ES-0002469,CRT,10,12.187,30.2
ES-0002470,CRT,10,12.156,31.92
ES-0002471,CRT,8,11.817,30.37
ES-0002472,CRT,13,12.218,31.65
ES-0002473,CRT,8,12.77,31.3
ES-0002474,CRT,8,12.938,32.23
ES-0002475,CRT,9,12.345,31.88
ES-0002476,CRT,11,11.879,31.77
ES-0002477,CRT,8,12.718,30.39
ES-0002478,CRT,12,13.026,31.94
ES-0002479,CRT,9,12.235,31.0
ES-0002480,CRT,9,12.84,30.65
ES-0002481,CRT,11,13.11,31.98
ES-0002482,CRT,8,12.667,30.24
ES-0002483,CRT,11,12.812,32.67
ES-0002484,CRT,11,12.44,29.43
ES-0002485,CRT,11,12.54,32.45
ES-0002486,CRT,8,12.595,31.37
ES-0002487,CRT,10,11.914,32.17
ES-0002488,CRT,13,12.167,32.36
ES-0002489,CRT,8,12.541,32.26
ES-0002490,CRT,11,12.928,32.19
ES-0002491,CRT,10,11.815,30.07
ES-0002492,CRT,8,12.447,31.76
ES-0002493,CRT,12,13.131,31.1
ES-0002494,CRT,8,12.242,31.73
ES-0002495,CRT,13,12.235,32.33
ES-0002496,CRT,13,12.329,32.22
ES-0002497,CRT,9,12.451,32.27
ES-0002498,CRT,10,12.395,30.76
ES-0002499,CRT,9,12.928,31.74
ES-0002500,CRT,11,13.154,30.28
ES-0002501,CRT,13,12.967,32.53
ES-0002502,CRT,9,12.3,29.49
ES-0002503,CRT,8,12.045,30.82
ES-0002504,CRT,12,12.198,31.32
ES-0002505,CRT,11,11.867,34.08
ES-0002506,CRT,10,12.352,30.43
ES-0002507,CRT,9,12.408,31.17
ES-0002508,CRT,9,11.84,31.73
ES-0002509,CRT,9,12.722,32.01
ES-0002510,CRT,9,12.382,31.08
ES-0002511,CRT,10,12.989,32.18
ES-0002512,CRT,12,13.022,31.61
ES-0002513,CRT,13,12.866,32.21
ES-0002514,CRT,10,12.651,30.66
ES-0002515,CRT,10,12.184,31.83
ES-0002516,CRT,9,12.505,31.01
ES-0002517,CRT,12,13.082,31.99
ES-0002518,CRT,8,12.977,31.21
ES-0002519,CRT,13,13.081,29.35
ES-0002520,CRT,8,12.212,31.4
ES-0002521,CRT,12,12.778,31.11
ES-0002522,CRT,12,11.956,32.5
ES-0002523,CRT,11,12.342,30.23
ES-0002524,CRT,9,11.697,31.18
ES-0002525,CRT,10,12.772,30.72
ES-0002526,CRT,11,11.992,31.68
ES-0002527,CRT,12,12.722,30.75
ES-0002528,CRT,10,12.17,32.35
ES-0002529,CRT,12,12.068,30.28
ES-0002530,CRT,8,12.78,32.96
ES-0002531,CRT,11,12.708,31.75
ES-0002532,CRT,9,12.356,30.06
ES-0002533,CRT,8,12.321,33.09
ES-0002534,CRT,8,12.054,31.29
ES-0002535,CRT,12,12.497,32.74
ES-0002536,CRT,10,13.222,31.48
ES-0002537,CRT,9,11.992,31.86
ES-0002538,CRT,12,12.332,30.59
ES-0002539,CRT,8,12.654,30.75
ES-0002540,CRT,9,12.833,32.24
ES-0002541,CRT,9,12.44,30.44
ES-0002542,CRT,9,12.548,32.07
ES-0002543,CRT,8,11.808,31.53
ES-0002544,CRT,11,11.649,31.79
ES-0002545,CRT,10,12.548,33.06
ES-0002546,CRT,8,12.167,31.32
ES-0002547,CRT,9,12.716,31.31
ES-0002548,CRT,9,12.705,30.88
ES-0002549,CRT,13,13.272,30.23
ES-0002550,CRT,12,12.215,32.16
ES-0002551,CRT,8,12.444,31.93
ES-0002552,CRT,9,11.884,31.02
ES-0002553,CRT,13,12.175,31.92
ES-0002554,CRT,12,12.616,31.65
ES-0002555,CRT,12,12.506,31.14
ES-0002556,CRT,12,12.061,31.09
ES-0002557,CRT,8,13.14,32.1
ES-0002558,CRT,10,12.536,32.26
ES-0002559,CRT,12,13.389,32.61
ES-0002560,CRT,10,12.389,32.54
ES-0002561,CRT,10,12.73,32.09
ES-0002562,CRT,11,12.406,32.17
ES-0002563,CRT,10,12.542,30.48
ES-0002564,CRT,10,12.363,31.76
ES-0002565,CRT,9,12.383,32.09
ES-0002566,CRT,8,12.402,30.13
ES-0002567,CRT,10,12.498,30.59
ES-0002568,CRT,9,12.659,31.17
ES-0002569,CRT,10,11.819,30.31
ES-0002570,CRT,11,12.417,30.66
ES-0002571,CRT,13,11.621,31.88
ES-0002572,CRT,12,12.426,31.18
ES-0002573,CRT,12,12.042,31.88
ES-0002574,CRT,9,13.547,31.21
ES-0002575,CRT,11,12.896,31.29
ES-0002576,CRT,12,11.94,31.25
ES-0002577,CRT,8,12.902,30.99
ES-0002578,CRT,10,12.774,31.78
ES-0002579,CRT,8,12.757,33.17
ES-0002580,CRT,11,12.092,32.69
ES-0002581,CRT,11,12.218,31.81
ES-0002582,CRT,9,11.918,31.23
ES-0002583,CRT,10,12.862,30.72
ES-0002584,CRT,8,12.679,30.59
ES-0002585,CRT,9,12.53,32.9
ES-0002586,CRT,10,11.508,31.65
ES-0002587,CRT,9,12.752,30.97
ES-0002588,CRT,13,12.177,32.8
ES-0002589,CRT,11,11.463,30.27
ES-0002590,CRT,8,13.23,31.74
ES-0002591,CRT,12,12.197,30.41
ES-0002592,CRT,13,12.607,31.63
ES-0002593,CRT,11,12.201,32.92
ES-0002594,CRT,10,12.548,30.9
ES-0002595,CRT,11,12.748,28.25
ES-0002596,CRT,12,12.783,31.6
ES-0002597,CRT,12,12.753,30.36
ES-0002598,CRT,12,12.688,32.65
ES-0002599,CRT,12,12.261,33.54
ES-0002600,CRT,8,13.013,31.43
ES-0002601,CRT,12,12.188,32.02
ES-0002602,CRT,12,12.766,30.59
ES-0002603,CRT,13,12.718,31.09
ES-0002604,CRT,8,12.308,30.67
ES-0002605,CRT,8,12.577,30.52
ES-0002606,CRT,11,12.534,30.49
ES-0002607,CRT,8,12.796,31.66
ES-0002608,CRT,12,12.697,32.16
ES-0002609,CRT,8,13.0,32.56
ES-0002610,CRT,8,12.777,32.83
ES-0002611,CRT,12,12.175,32.12
ES-0002612,CRT,13,12.372,31.72
ES-0002613,CRT,12,12.171,29.74
ES-0002614,CRT,9,12.363,31.53
ES-0002615,CRT,9,12.893,32.65
ES-0002616,CRT,9,12.307,30.77
ES-0002617,CRT,11,12.354,30.23
ES-0002618,CRT,8,12.392,30.34
ES-0002619,CRT,13,12.186,32.53
ES-0002620,CRT,8,13.451,30.63
ES-0002621,CRT,10,12.01,31.28
ES-0002622,CRT,10,12.014,31.06
ES-0002623,CRT,11,12.595,30.11
ES-0002624,CRT,13,13.509,30.05
ES-0002625,CRT,10,12.776,32.91
ES-0002626,CRT,11,12.233,30.89
ES-0002627,CRT,10,12.4,31.34
ES-0002628,CRT,11,12.345,29.49
ES-0002629,CRT,11,11.711,30.96
ES-0002630,CRT,8,13.039,31.98
ES-0002631,CRT,9,12.219,31.93
ES-0002632,CRT,10,12.568,30.39
ES-0002633,CRT,12,12.39,32.93
ES-0002634,CRT,13,12.55,31.17
ES-0002635,CRT,12,12.24,31.26
ES-0002636,CRT,10,12.739,33.29
ES-0002637,CRT,8,11.693,30.62
ES-0002638,CRT,10,12.506,30.54
ES-0002639,CRT,9,12.305,31.35
ES-0002640,CRT,11,12.331,32.35
ES-0002641,CRT,11,12.559,30.9
ES-0002642,CRT,13,12.279,32.01
ES-0002643,CRT,8,13.381,30.85
ES-0002644,CRT,12,12.618,31.73
ES-0002645,CRT,12,12.212,32.91
ES-0002646,CRT,10,12.477,31.56
ES-0002647,CRT,10,11.557,30.38
ES-0002648,CRT,8,12.745,31.52
ES-0002649,CRT,13,12.867,30.86
ES-0002650,CRT,13,12.613,29.3
ES-0002651,CRT,10,12.791,32.3
ES-0002652,CRT,9,12.238,32.52
ES-0002653,CRT,8,11.858,33.18
ES-0002654,CRT,8,12.367,32.97
ES-0002655,CRT,11,11.912,30.43
ES-0002656,CRT,10,12.135,31.25
ES-0002657,CRT,12,13.083,32.23
ES-0002658,CRT,8,12.793,31.52
ES-0002659,CRT,8,12.377,32.54
ES-0002660,CRT,10,12.959,31.44
ES-0002661,CRT,11,13.089,30.93
ES-0002662,CRT,13,12.097,32.77
ES-0002663,CRT,8,12.554,31.25
ES-0002664,CRT,12,11.941,31.35
ES-0002665,CRT,9,12.543,32.97
ES-0002666,CRT,12,12.831,32.31
ES-0002667,CRT,13,12.005,28.4
ES-0002668,CRT,8,12.94,31.67
ES-0002669,CRT,10,11.864,31.7
ES-0002670,CRT,10,11.714,30.23
ES-0002671,CRT,11,11.651,32.38
ES-0002672,CRT,10,12.677,31.38
ES-0002673,CRT,10,12.245,28.3
ES-0002674,CRT,13,13.429,30.41
ES-0002675,CRT,9,12.036,31.1
ES-0002676,CRT,9,12.682,31.76
ES-0002677,CRT,10,12.409,31.27
ES-0002678,CRT,10,12.596,33.61
ES-0002679,CRT,11,12.806,31.09
ES-0002680,CRT,10,12.557,29.92
ES-0002681,CRT,9,12.691,30.91
ES-0002682,CRT,12,12.931,31.49
ES-0002683,CRT,9,12.297,31.51
ES-0002684,CRT,8,12.186,34.1
ES-0002685,CRT,9,12.631,32.11
ES-0002686,CRT,11,12.273,32.45
ES-0002687,CRT,8,12.555,31.92
ES-0002688,CRT,11,12.717,32.28
ES-0002689,CRT,10,12.179,30.44
ES-0002690,CRT,12,12.292,30.35
ES-0002691,CRT,13,13.266,31.82
ES-0002692,CRT,10,12.189,31.89
ES-0002693,CRT,8,12.169,32.83
ES-0002694,CRT,12,12.614,31.93
ES-0002695,CRT,9,12.483,29.06
ES-0002696,CRT,13,13.036,31.73
ES-0002697,CRT,12,12.593,31.24
ES-0002698,CRT,11,12.219,33.8
ES-0002699,CRT,11,11.612,30.31
ES-0002700,CRT,10,11.871,30.89
ES-0002701,CRT,11,12.687,31.98
ES-0002702,CRT,13,12.133,29.99
ES-0002703,CRT,12,12.551,31.53
ES-0002704,CRT,9,12.569,30.56
ES-0002705,CRT,11,12.11,32.36
ES-0002706,CRT,8,12.405,32.16
ES-0002707,CRT,9,12.612,31.75
ES-0002708,CRT,10,11.637,31.8
ES-0002709,CRT,8,11.655,31.8
ES-0002710,CRT,8,12.214,31.63
ES-0002711,CRT,11,13.213,31.5
ES-0002712,CRT,12,12.054,32.89
ES-0002713,CRT,8,12.587,30.59
ES-0002714,CRT,11,11.901,32.43
ES-0002715,CRT,10,12.935,32.75
ES-0002716,CRT,10,12.6,32.38
ES-0002717,CRT,11,12.369,31.94
ES-0002718,CRT,8,12.128,30.86
ES-0002719,CRT,8,11.88,30.72
ES-0002720,CRT,8,12.5,33.44
ES-0002721,CRT,11,11.955,30.13
ES-0002722,CRT,8,13.128,31.71
ES-0002723,CRT,12,12.665,30.57
ES-0002724,CRT,9,12.116,32.8
ES-0002725,CRT,8,12.738,32.44
ES-0002726,CRT,13,12.48,31.98
ES-0002727,CRT,12,12.406,34.13
ES-0002728,CRT,13,12.77,31.21
ES-0002729,CRT,13,12.272,33.12
ES-0002730,CRT,13,11.466,29.7
ES-0002731,CRT,10,12.705,31.85
ES-0002732,CRT,10,12.291,30.21
ES-0002733,CRT,13,13.128,31.49
ES-0002734,CRT,9,12.255,31.64
ES-0002735,CRT,12,12.429,30.74
ES-0002736,CRT,12,12.764,31.93
ES-0002737,CRT,13,12.602,30.06
ES-0002738,CRT,11,12.409,29.98
ES-0002739,CRT,10,12.344,30.27
ES-0002740,CRT,11,12.529,29.6
ES-0002741,CRT,9,12.629,33.3
ES-0002742,CRT,11,12.036,30.54
ES-0002743,CRT,9,12.874,30.11
ES-0002744,CRT,13,12.469,31.94
ES-0002745,CRT,11,12.404,33.75
ES-0002746,CRT,10,12.567,32.05
ES-0002747,CRT,9,12.312,30.24
ES-0002748,CRT,10,11.78,32.05
ES-0002749,CRT,13,11.68,32.97
ES-0002750,CRT,12,12.392,30.95
ES-0002751,CRT,10,11.924,30.03
ES-0002752,CRT,11,12.346,30.35
ES-0002753,CRT,10,12.449,31.24
ES-0002754,CRT,10,12.14,31.47
ES-0002755,CRT,11,12.41,32.81
ES-0002756,CRT,9,12.272,29.09
ES-0002757,CRT,11,13.249,30.89
ES-0002758,CRT,10,12.513,33.32
ES-0002759,CRT,8,12.724,31.73
ES-0002760,CRT,12,12.23,30.51
ES-0002761,CRT,8,12.359,31.16
ES-0002762,CRT,10,12.237,31.19
ES-0002763,CRT,11,12.088,29.8
ES-0002764,CRT,10,13.055,31.63
ES-0002765,CRT,12,12.595,31.41
ES-0002766,CRT,9,12.161,30.14
ES-0002767,CRT,12,12.478,30.3
ES-0002768,CRT,11,12.648,33.49
ES-0002769,CRT,12,12.401,31.45
ES-0002770,CRT,11,12.548,31.41
ES-0002771,CRT,11,12.718,32.27
ES-0002772,CRT,11,12.9,31.89
ES-0002773,CRT,11,12.018,31.62
ES-0002774,CRT,13,12.752,33.24
ES-0002775,CRT,13,12.85,29.95
ES-0002776,CRT,9,12.071,30.8
ES-0002777,CRT,13,12.246,33.14
ES-0002778,CRT,13,12.278,29.67
ES-0002779,CRT,8,11.502,30.68
ES-0002780,CRT,10,13.108,31.12
ES-0002781,CRT,10,12.88,32.48
ES-0002782,CRT,9,11.46,29.23
ES-0002783,CRT,13,12.563,31.13
ES-0002784,CRT,10,12.083,29.56
ES-0002785,CRT,11,12.755,32.35
ES-0002786,CRT,9,11.701,32.62
ES-0002787,CRT,9,12.065,32.66
ES-0002788,CRT,11,12.628,30.89
ES-0002789,CRT,10,12.607,31.53
ES-0002790,CRT,9,11.991,30.46
ES-0002791,CRT,12,11.767,31.89
ES-0002792,CRT,11,13.185,30.92
ES-0002793,CRT,9,13.259,31.43
ES-0002794,CRT,8,12.527,31.65
ES-0002795,CRT,13,12.444,31.7
ES-0002796,CRT,8,12.627,31.13
ES-0002797,CRT,11,12.56,30.9
ES-0002798,CRT,10,11.941,32.09
ES-0002799,CRT,11,12.189,31.52
ES-0002800,CRT,12,13.817,32.93
ES-0002801,CRT,8,12.908,31.07
ES-0002802,CRT,9,12.312,30.8
ES-0002803,CRT,12,12.398,31.59
ES-0002804,CRT,11,12.875,32.34
ES-0002805,CRT,9,12.604,30.64
ES-0002806,CRT,11,11.989,32.17
ES-0002807,CRT,12,12.371,32.92
ES-0002808,CRT,10,12.191,31.02
ES-0002809,CRT,13,12.295,31.45
ES-0002810,CRT,13,12.436,32.5
ES-0002811,CRT,11,12.831,32.02
ES-0002812,CRT,11,11.612,33.13
ES-0002813,CRT,8,12.431,31.59
ES-0002814,CRT,11,12.475,31.94
ES-0002815,CRT,11,11.821,32.39
ES-0002816,CRT,11,12.282,31.95
ES-0002817,CRT,12,12.674,31.21
ES-0002818,CRT,9,12.513,33.11
ES-0002819,CRT,9,12.007,31.07
ES-0002820,CRT,12,12.316,31.65
ES-0002821,CRT,13,13.022,32.42
ES-0002822,CRT,9,12.802,31.45
ES-0002823,CRT,13,11.977,30.64
ES-0002824,CRT,12,12.524,32.7
ES-0002825,CRT,11,11.626,33.0
ES-0002826,CRT,12,12.964,31.69
ES-0002827,CRT,8,12.173,29.52
ES-0002828,CRT,11,12.062,29.81
ES-0002829,CRT,11,12.056,30.98
ES-0002830,CRT,11,12.063,31.6
ES-0002831,CRT,11,11.866,32.88
ES-0002832,CRT,10,12.338,32.57
ES-0002833,CRT,8,12.226,32.14
ES-0002834,CRT,12,12.889,30.6
ES-0002835,CRT,11,12.069,31.72
ES-0002836,CRT,12,11.852,32.52
ES-0002837,CRT,12,12.112,31.45
ES-0002838,CRT,10,12.887,29.79
ES-0002839,CRT,12,12.175,31.47
ES-0002840,CRT,12,12.285,32.1
ES-0002841,CRT,10,12.327,32.22
ES-0002842,CRT,9,12.519,29.18
ES-0002843,CRT,12,12.296,31.87
ES-0002844,CRT,10,12.786,33.09
ES-0002845,CRT,11,12.727,31.87
ES-0002846,CRT,9,11.947,30.42
ES-0002847,CRT,12,13.128,31.35
ES-0002848,CRT,11,12.409,30.17
ES-0002849,CRT,12,12.292,32.58
ES-0002850,CRT,11,12.414,30.14
ES-0002851,CRT,11,12.68,31.72
ES-0002852,CRT,8,12.318,29.62
ES-0002853,CRT,9,12.537,31.3
ES-0002854,CRT,12,11.949,31.87
ES-0002855,CRT,8,12.778,31.47
ES-0002856,CRT,9,12.513,32.26
ES-0002857,CRT,10,12.477,31.04
ES-0002858,CRT,11,12.294,32.69
ES-0002859,CRT,8,12.715,30.34
ES-0002860,CRT,9,12.978,29.66
ES-0002861,CRT,10,12.177,30.27
ES-0002862,CRT,11,12.111,31.11
ES-0002863,CRT,9,12.795,31.87
ES-0002864,CRT,11,13.498,30.46
ES-0002865,CRT,10,12.481,31.61
ES-0002866,CRT,8,11.813,32.44
ES-0002867,CRT,9,11.991,33.03
ES-0002868,CRT,11,12.282,30.81
ES-0002869,CRT,13,13.249,31.46
ES-0002870,CRT,10,12.028,30.27
ES-0002871,CRT,10,12.231,31.01
ES-0002872,CRT,8,12.054,31.74
ES-0002873,CRT,9,12.778,32.21
ES-0002874,CRT,12,12.363,32.14
ES-0002875,CRT,9,13.152,29.09
ES-0002876,CRT,12,12.815,31.25
ES-0002877,CRT,8,11.692,29.86
ES-0002878,CRT,12,12.558,31.67
ES-0002879,CRT,12,12.271,30.65
ES-0002880,CRT,12,12.842,31.3
ES-0002881,CRT,9,13.348,31.43
ES-0002882,CRT,11,12.964,30.39
ES-0002883,CRT,10,12.358,31.67
ES-0002884,CRT,13,12.053,31.65
ES-0002885,CRT,11,12.551,30.76
ES-0002886,CRT,11,13.627,30.11
ES-0002887,CRT,9,12.226,33.59
ES-0002888,CRT,9,12.884,32.04
ES-0002889,CRT,11,12.475,32.26
ES-0002890,CRT,11,13.286,30.32
ES-0002891,CRT,8,11.338,32.55
ES-0002892,CRT,12,12.564,31.95
ES-0002893,CRT,9,12.951,30.22
ES-0002894,CRT,9,12.303,29.46
ES-0002895,CRT,9,12.384,32.17
ES-0002896,CRT,11,12.723,33.25
ES-0002897,CRT,13,12.726,32.04
ES-0002898,CRT,9,12.887,31.37
ES-0002899,CRT,8,12.345,31.02
ES-0002900,CRT,13,12.139,31.8
ES-0002901,CRT,10,12.596,31.68
ES-0002902,CRT,9,12.563,31.47
ES-0002903,CRT,13,12.178,32.99
ES-0002904,CRT,11,11.997,30.04
ES-0002905,CRT,8,11.29,31.64
ES-0002906,CRT,9,11.664,32.31
ES-0002907,CRT,11,12.968,31.56
ES-0002908,CRT,12,12.759,31.18
ES-0002909,CRT,11,12.305,31.6
ES-0002910,CRT,8,13.033,33.31
ES-0002911,CRT,12,12.289,32.56
ES-0002912,CRT,12,12.775,30.56
ES-0002913,CRT,9,11.985,32.4
ES-0002914,CRT,10,12.617,30.24
ES-0002915,CRT,11,11.569,32.72
ES-0002916,CRT,10,12.506,30.4
ES-0002917,CRT,13,12.65,31.34
ES-0002918,CRT,11,12.387,30.99
ES-0002919,CRT,9,12.542,29.68
ES-0002920,CRT,10,12.439,34.12
ES-0002921,CRT,13,12.51,30.75
ES-0002922,CRT,13,13.091,30.11
ES-0002923,CRT,10,12.994,31.21
ES-0002924,CRT,10,12.219,31.65
ES-0002925,CRT,10,12.035,32.29
ES-0002926,CRT,11,13.004,31.73
ES-0002927,CRT,9,12.75,29.95
ES-0002928,CRT,10,11.624,31.19
ES-0002929,CRT,13,12.141,31.64
ES-0002930,CRT,9,12.23,32.26
ES-0002931,CRT,12,11.73,32.07
ES-0002932,CRT,9,12.579,30.91
ES-0002933,CRT,13,12.679,31.52
ES-0002934,CRT,12,11.82,30.96
ES-0002935,CRT,9,12.28,31.24
ES-0002936,CRT,13,12.321,29.38
ES-0002937,CRT,12,12.393,30.9
ES-0002938,CRT,13,12.502,31.31
ES-0002939,CRT,8,12.587,32.02
ES-0002940,CRT,13,12.758,33.14
ES-0002941,CRT,11,12.349,32.85
ES-0002942,CRT,11,12.813,31.68
ES-0002943,CRT,8,12.241,32.26
ES-0002944,CRT,13,12.351,30.67
ES-0002945,CRT,11,11.929,30.61
ES-0002946,CRT,8,12.533,32.24
ES-0002947,CRT,10,12.289,30.36
ES-0002948,CRT,13,12.598,32.34
ES-0002949,CRT,11,12.292,31.88
ES-0002950,CRT,8,11.637,31.84
ES-0002951,CRT,13,12.355,32.01
ES-0002952,CRT,8,12.931,32.5
ES-0002953,CRT,11,12.761,29.92
ES-0002954,CRT,10,12.966,30.59
ES-0002955,CRT,10,11.919,33.47
ES-0002956,CRT,13,13.065,31.58
ES-0002957,CRT,8,12.809,32.3
ES-0002958,CRT,13,12.421,32.96
ES-0002959,CRT,12,12.642,33.82
ES-0002960,CRT,10,12.203,29.54
ES-0002961,CRT,11,12.629,31.53
ES-0002962,CRT,8,12.777,29.89
ES-0002963,CRT,13,12.421,30.89
ES-0002964,CRT,13,12.327,30.96
ES-0002965,CRT,10,12.602,30.95
ES-0002966,CRT,12,12.126,32.76
ES-0002967,CRT,13,12.033,30.7
ES-0002968,CRT,10,11.912,32.43
ES-0002969,CRT,8,12.934,30.67
ES-0002970,CRT,8,12.437,32.29
ES-0002971,CRT,12,13.041,30.41
ES-0002972,CRT,13,12.329,30.83
ES-0002973,CRT,8,12.29,32.16
ES-0002974,CRT,8,13.41,30.42
ES-0002975,CRT,9,12.622,31.41
ES-0002976,CRT,8,11.53,31.89
ES-0002977,CRT,13,12.852,32.52
ES-0002978,CRT,12,12.848,31.09
ES-0002979,CRT,13,12.163,31.19
ES-0002980,CRT,9,12.29,32.55
ES-0002981,CRT,13,11.756,30.23
ES-0002982,CRT,11,11.641,32.05
ES-0002983,CRT,9,12.71,31.8
ES-0002984,CRT,9,12.261,31.4
ES-0002985,CRT,8,12.333,30.13
ES-0002986,CRT,8,12.021,29.72
ES-0002987,CRT,12,12.764,31.56
ES-0002988,CRT,12,12.628,30.03
ES-0002989,CRT,10,12.624,32.76
ES-0002990,CRT,10,12.81,29.72
ES-0002991,CRT,11,12.578,30.87
ES-0002992,CRT,13,12.341,30.56
ES-0002993,CRT,10,11.563,31.17
ES-0002994,CRT,9,12.098,32.33
ES-0002995,CRT,9,12.371,30.83
ES-0002996,CRT,11,12.334,30.31
ES-0002997,CRT,8,12.405,31.32
ES-0002998,CRT,13,12.115,30.95
ES-0002999,CRT,8,12.443,31.37
ES-0003000,CRT,13,12.232,29.87
ES-0003001,CRT,13,12.477,30.65
ES-0003002,CRT,13,12.392,31.51
ES-0003003,CRT,9,12.162,31.63
ES-0003004,CRT,13,12.477,31.25
ES-0003005,CRT,10,11.918,30.7
ES-0003006,CRT,11,12.943,31.11
ES-0003007,CRT,12,12.145,31.43
ES-0003008,CRT,9,12.087,34.28
ES-0003009,CRT,12,12.024,32.32
ES-0003010,CRT,9,12.398,31.72
ES-0003011,CRT,9,12.499,32.89
ES-0003012,CRT,11,12.609,31.72
ES-0003013,CRT,11,12.103,31.24
ES-0003014,CRT,12,12.723,29.72
ES-0003015,CRT,11,13.12,31.35
ES-0003016,CRT,13,12.472,30.65
ES-0003017,CRT,8,12.385,32.06
ES-0003018,CRT,8,12.434,30.45
ES-0003019,CRT,13,11.942,33.21
ES-0003020,CRT,13,11.659,32.24
ES-0003021,CRT,8,12.129,31.85
ES-0003022,CRT,9,12.243,30.51
ES-0003023,CRT,13,12.972,31.86
ES-0003024,CRT,13,12.502,30.93
ES-0003025,CRT,11,12.315,30.48
ES-0003026,CRT,10,12.399,31.46
ES-0003027,CRT,13,12.855,32.61
ES-0003028,CRT,13,12.428,33.44
ES-0003029,CRT,12,12.539,32.28
ES-0003030,CRT,10,12.568,31.19
ES-0003031,CRT,13,12.544,31.48
ES-0003032,CRT,11,12.296,31.08
ES-0003033,CRT,8,12.123,30.36
ES-0003034,CRT,8,12.266,31.7
ES-0003035,CRT,11,12.177,31.53
ES-0003036,CRT,8,12.557,30.19
ES-0003037,CRT,11,12.23,32.3
ES-0003038,CRT,12,12.487,32.81
ES-0003039,CRT,9,12.38,32.51
ES-0003040,CRT,9,11.71,31.23
ES-0003041,CRT,12,13.143,30.6
ES-0003042,CRT,8,12.907,30.91
ES-0003043,CRT,10,12.104,30.92
ES-0003044,CRT,8,12.854,31.14
ES-0003045,CRT,8,12.273,31.89
ES-0003046,CRT,12,12.098,32.36
ES-0003047,CRT,9,12.676,29.57
ES-0003048,CRT,11,12.626,31.4
ES-0003049,CRT,10,12.946,31.9
ES-0003050,CRT,11,12.865,31.06
ES-0003051,CRT,9,12.524,30.52
ES-0003052,CRT,11,11.961,30.87
ES-0003053,CRT,11,12.468,29.96
ES-0003054,CRT,13,12.28,30.97
ES-0003055,CRT,10,12.44,31.75
ES-0003056,CRT,10,12.472,31.88
ES-0003057,CRT,12,12.688,29.85
ES-0003058,CRT,11,12.43,31.72
ES-0003059,CRT,9,12.719,31.23
ES-0003060,CRT,11,12.176,30.29
ES-0003061,CRT,10,12.622,33.27
ES-0003062,CRT,13,12.567,33.24
ES-0003063,CRT,9,12.551,31.36
ES-0003064,CRT,13,12.628,33.05
ES-0003065,CRT,9,13.262,32.21
ES-0003066,CRT,11,12.994,29.65
ES-0003067,CRT,10,12.552,31.15
ES-0003068,CRT,10,12.192,31.46
ES-0003069,CRT,10,12.314,31.59
ES-0003070,CRT,11,12.534,31.04
ES-0003071,CRT,10,12.733,31.96
ES-0003072,CRT,11,12.541,32.37
ES-0003073,CRT,10,12.134,31.96
ES-0003074,CRT,10,13.221,30.99
ES-0003075,CRT,11,12.269,30.19
ES-0003076,CRT,12,12.563,30.76
ES-0003077,CRT,8,12.343,31.88
ES-0003078,CRT,10,13.098,33.8
ES-0003079,CRT,8,12.959,31.61
ES-0003080,CRT,10,12.575,30.8
ES-0003081,CRT,9,12.75,31.5
ES-0003082,CRT,11,12.974,32.82
ES-0003083,CRT,11,11.953,30.68
ES-0003084,CRT,10,12.658,32.93
ES-0003085,CRT,13,12.401,30.98
ES-0003086,CRT,9,12.69,30.25
ES-0003087,CRT,12,11.832,32.27
ES-0003088,CRT,13,12.18,31.12
ES-0003089,CRT,10,12.707,30.86
ES-0003090,CRT,11,11.77,29.95
ES-0003091,CRT,9,12.992,31.53
ES-0003092,CRT,10,12.494,32.34
ES-0003093,CRT,9,12.679,32.08
ES-0003094,CRT,13,12.466,31.46
ES-0003095,CRT,11,12.292,31.19
ES-0003096,CRT,10,12.895,32.0
ES-0003097,CRT,12,12.976,31.07
ES-0003098,CRT,10,12.203,29.66
ES-0003099,CRT,13,11.955,32.42
ES-0003100,CRT,13,12.355,32.15
ES-0003101,CRT,13,12.251,32.14
ES-0003102,CRT,12,12.229,32.18
ES-0003103,CRT,11,12.132,28.98
ES-0003104,CRT,9,12.073,30.77
ES-0003105,CRT,11,12.466,31.28
ES-0003106,CRT,10,12.555,31.52
ES-0003107,CRT,12,12.485,32.34
ES-0003108,CRT,13,12.548,32.01
ES-0003109,CRT,13,12.349,31.81
ES-0003110,CRT,10,11.838,32.02
ES-0003111,CRT,10,12.87,30.7
ES-0003112,CRT,12,13.016,32.01
ES-0003113,CRT,8,12.673,30.82
ES-0003114,CRT,12,11.667,32.3
ES-0003115,CRT,10,11.775,31.18
ES-0003116,CRT,9,11.633,31.58
ES-0003117,CRT,13,12.336,30.47
ES-0003118,CRT,11,12.505,31.67
ES-0003119,CRT,10,11.976,32.25
ES-0003120,CRT,9,12.529,30.06
ES-0003121,CRT,10,12.118,30.95
ES-0003122,CRT,12,12.456,30.62
ES-0003123,CRT,10,12.662,32.83
ES-0003124,CRT,13,12.427,32.14
ES-0003125,CRT,8,12.054,32.28
ES-0003126,CRT,9,12.579,31.58
ES-0003127,CRT,9,12.757,32.4
ES-0003128,CRT,12,11.895,31.58
ES-0003129,CRT,8,12.407,30.92
ES-0003130,CRT,9,12.483,31.56
ES-0003131,CRT,8,12.641,31.76
ES-0003132,CRT,13,12.688,32.02
ES-0003133,CRT,10,11.715,32.44
ES-0003134,CRT,9,12.818,30.87
ES-0003135,CRT,9,12.014,32.29
ES-0003136,CRT,13,12.942,31.09
ES-0003137,CRT,13,12.152,32.0
ES-0003138,CRT,8,12.343,30.34
ES-0003139,CRT,12,12.478,32.61
ES-0003140,CRT,12,12.366,32.45
ES-0003141,CRT,9,12.451,31.24
ES-0003142,CRT,10,12.377,29.41
ES-0003143,CRT,11,12.205,31.92
ES-0003144,CRT,11,12.432,31.06
ES-0003145,CRT,11,12.057,30.93
ES-0003146,CRT,8,11.856,32.49
ES-0003147,CRT,10,11.953,31.48
ES-0003148,CRT,12,12.573,32.32
ES-0003149,CRT,8,12.497,29.16
ES-0003150,CRT,11,12.318,31.55
ES-0003151,CRT,9,13.042,32.89
ES-0003152,CRT,8,12.678,32.47
ES-0003153,CRT,10,12.29,30.98
ES-0003154,CRT,13,12.082,30.87
ES-0003155,CRT,10,11.619,32.47
ES-0003156,CRT,9,12.949,30.66
ES-0003157,CRT,10,12.674,32.36
ES-0003158,CRT,13,12.559,30.33
ES-0003159,CRT,10,12.396,30.92
ES-0003160,CRT,9,12.839,33.5
ES-0003161,CRT,13,12.879,31.0
ES-0003162,CRT,12,11.409,32.51
ES-0003163,CRT,9,11.284,31.4
ES-0003164,CRT,11,12.158,30.77
ES-0003165,CRT,12,12.247,31.99
ES-0003166,CRT,12,12.668,32.28
ES-0003167,CRT,9,13.026,34.71
ES-0003168,CRT,9,12.047,31.61
ES-0003169,CRT,13,12.033,31.13
ES-0003170,CRT,13,12.793,32.84
ES-0003171,CRT,8,12.725,31.26
ES-0003172,CRT,12,12.678,31.97
ES-0003173,CRT,8,13.455,31.33
ES-0003174,CRT,9,13.138,32.25
ES-0003175,CRT,10,13.103,31.51
ES-0003176,CRT,11,11.859,32.34
ES-0003177,CRT,12,12.703,29.66
ES-0003178,CRT,10,12.443,31.48
ES-0003179,CRT,12,12.375,32.34
ES-0003180,CRT,11,13.151,31.57
ES-0003181,CRT,10,12.332,30.57
ES-0003182,CRT,8,11.901,30.95
ES-0003183,CRT,12,12.55,31.11
ES-0003184,CRT,12,12.779,29.47
ES-0003185,CRT,13,12.061,31.37
ES-0003186,CRT,12,12.606,31.19
ES-0003187,CRT,13,12.688,31.81
ES-0003188,CRT,11,12.626,31.6
ES-0003189,CRT,10,12.684,31.76
ES-0003190,CRT,10,12.343,30.27
ES-0003191,CRT,11,11.396,31.51
ES-0003192,CRT,13,12.636,32.3
ES-0003193,CRT,10,12.641,32.12
ES-0003194,CRT,13,12.047,32.94
ES-0003195,CRT,11,11.987,31.33
ES-0003196,CRT,9,12.091,31.61
ES-0003197,CRT,10,13.015,30.81
ES-0003198,CRT,8,11.745,31.69
ES-0003199,CRT,8,12.784,30.91
ES-0003200,CRT,12,12.728,31.89
ES-0003201,CRT,12,12.618,31.69
ES-0003202,CRT,8,12.511,32.22
ES-0003203,CRT,8,12.533,30.47
ES-0003204,CRT,13,12.64,30.92
ES-0003205,CRT,8,13.287,32.22
ES-0003206,CRT,9,12.633,32.38
ES-0003207,CRT,11,12.197,31.1
ES-0003208,CRT,9,12.264,31.17
ES-0003209,CRT,10,12.812,31.94
ES-0003210,CRT,12,12.248,31.31
ES-0003211,CRT,11,12.736,30.7
ES-0003212,CRT,11,12.476,31.02
ES-0003213,CRT,11,12.544,31.41
ES-0003214,CRT,13,12.265,31.59
ES-0003215,CRT,12,12.871,30.86
ES-0003216,CRT,13,11.885,30.68
ES-0003217,CRT,8,11.851,31.45
ES-0003218,CRT,12,12.624,31.62
ES-0003219,CRT,13,12.847,31.33
ES-0003220,CRT,9,12.449,31.11
ES-0003221,CRT,9,12.079,33.05
ES-0003222,CRT,13,12.639,31.08
ES-0003223,CRT,11,13.193,30.8
ES-0003224,CRT,10,12.264,32.17
ES-0003225,CRT,9,12.218,30.01
ES-0003226,CRT,8,12.324,30.59
ES-0003227,CRT,12,12.783,31.37
ES-0003228,CRT,13,13.076,34.28
ES-0003229,CRT,9,11.765,30.02
ES-0003230,CRT,8,12.862,31.96
ES-0003231,CRT,10,13.249,31.3
ES-0003232,CRT,10,12.764,31.59
ES-0003233,CRT,9,11.978,31.81
ES-0003234,CRT,8,12.738,31.04
ES-0003235,CRT,10,12.337,31.19
ES-0003236,CRT,11,12.099,31.01
ES-0003237,CRT,13,12.928,32.41
ES-0003238,CRT,13,12.753,32.1
ES-0003239,CRT,13,12.026,29.08
ES-0003240,CRT,12,12.663,30.21
ES-0003241,CRT,13,12.705,30.11
ES-0003242,CRT,13,12.982,30.96
ES-0003243,CRT,11,12.456,31.18
ES-0003244,CRT,12,12.469,31.91
ES-0003245,CRT,11,11.974,32.96
ES-0003246,CRT,11,12.211,32.79
ES-0003247,CRT,8,12.809,30.79
ES-0003248,CRT,13,11.675,31.55
ES-0003249,CRT,13,12.739,30.94
ES-0003250,CRT,12,12.32,31.44
ES-0003251,CRT,11,12.106,30.27
ES-0003252,CRT,8,12.091,31.25
ES-0003253,CRT,13,12.682,31.43
ES-0003254,CRT,12,12.53,30.91
ES-0003255,CRT,13,12.345,31.34
ES-0003256,CRT,13,13.018,32.09
ES-0003257,CRT,10,13.297,30.44
ES-0003258,CRT,9,11.989,30.21
ES-0003259,CRT,10,12.537,30.37
ES-0003260,CRT,12,11.798,31.45
ES-0003261,CRT,10,12.713,30.71
ES-0003262,CRT,8,12.136,29.91
ES-0003263,CRT,10,12.34,33.63
ES-0003264,CRT,13,12.96,32.34
ES-0003265,CRT,10,12.226,31.03
ES-0003266,CRT,11,11.981,33.38
ES-0003267,CRT,10,12.258,29.82
ES-0003268,CRT,13,12.794,33.16
ES-0003269,CRT,12,11.726,32.94
ES-0003270,CRT,12,12.066,31.89
ES-0003271,CRT,13,12.248,30.92
ES-0003272,CRT,10,12.174,32.13
ES-0003273,CRT,8,12.754,32.46
ES-0003274,CRT,8,11.662,31.9
ES-0003275,CRT,9,12.479,32.24
ES-0003276,CRT,13,12.339,30.34
ES-0003277,CRT,8,12.604,31.02
ES-0003278,CRT,12,12.353,29.44
ES-0003279,CRT,12,12.834,31.09
ES-0003280,CRT,11,12.92,33.3
ES-0003281,CRT,8,13.184,31.67
ES-0003282,CRT,9,13.05,29.97
ES-0003283,CRT,11,11.982,33.18
ES-0003284,CRT,11,12.219,32.76
ES-0003285,CRT,12,12.149,29.84
ES-0003286,CRT,13,12.439,32.27
ES-0003287,CRT,10,12.654,31.22
ES-0003288,CRT,10,12.582,32.03
ES-0003289,CRT,10,11.817,33.11
ES-0003290,CRT,12,13.168,31.67
ES-0003291,CRT,8,12.307,31.68
ES-0003292,CRT,12,12.742,30.12
ES-0003293,CRT,9,12.295,33.21
ES-0003294,CRT,12,12.555,30.99
ES-0003295,CRT,8,11.991,31.74
ES-0003296,CRT,10,12.072,32.07
ES-0003297,CRT,13,12.579,31.32
ES-0003298,CRT,9,12.731,32.57
ES-0003299,CRT,9,11.746,31.31
ES-0003300,CRT,8,11.975,32.29
ES-0003301,CRT,10,12.068,32.07
ES-0003302,CRT,9,12.342,31.86
ES-0003303,CRT,9,12.783,32.49
ES-0003304,CRT,9,12.338,32.75
ES-0003305,CRT,12,12.452,32.6
ES-0003306,CRT,12,13.012,32.77
ES-0003307,CRT,10,12.98,31.28
ES-0003308,CRT,13,11.488,31.84
ES-0003309,CRT,12,12.173,30.25
ES-0003310,CRT,9,12.639,32.24
ES-0003311,CRT,9,12.212,31.93
ES-0003312,CRT,8,12.6,31.37
ES-0003313,CRT,9,12.901,31.67
ES-0003314,CRT,10,12.513,30.7
ES-0003315,CRT,9,12.323,31.02
ES-0003316,CRT,10,11.776,33.12
ES-0003317,CRT,11,12.473,31.53
ES-0003318,CRT,10,12.562,30.95
ES-0003319,CRT,13,12.955,32.27
ES-0003320,CRT,13,12.436,31.82
ES-0003321,CRT,8,12.766,30.52
ES-0003322,CRT,12,11.855,32.3
ES-0003323,CRT,13,11.97,30.65
ES-0003324,CRT,12,12.351,32.31
ES-0003325,CRT,11,12.053,31.56
ES-0003326,CRT,12,11.33,31.9
ES-0003327,CRT,8,12.046,30.09
ES-0003328,CRT,9,13.033,30.72
ES-0003329,CRT,10,11.49,31.26
ES-0003330,CRT,10,12.732,30.73
ES-0003331,CRT,12,11.581,32.0
ES-0003332,CRT,11,12.593,29.96
ES-0003333,CRT,8,12.47,30.6
ES-0003334,CRT,13,12.251,32.12
ES-0003335,CRT,13,12.428,31.44
ES-0003336,CRT,9,12.917,31.16
ES-0003337,CRT,9,12.996,31.77
ES-0003338,CRT,13,12.41,32.57
ES-0003339,CRT,10,12.517,31.06
ES-0003340,CRT,8,12.556,31.13
ES-0003341,CRT,10,12.961,31.36
ES-0003342,CRT,11,12.237,32.98
ES-0003343,CRT,12,12.674,32.85
ES-0003344,CRT,13,12.178,31.26
ES-0003345,CRT,10,12.666,30.82
ES-0003346,CRT,13,11.937,31.19
ES-0003347,CRT,10,12.408,31.13
ES-0003348,CRT,11,11.899,32.29
ES-0003349,CRT,12,12.497,31.95
ES-0003350,CRT,8,12.948,30.97
ES-0003351,CRT,12,12.413,30.97
ES-0003352,CRT,12,13.383,31.98
ES-0003353,CRT,9,12.53,31.77
ES-0003354,CRT,13,12.779,31.9
ES-0003355,CRT,11,12.836,32.78
ES-0003356,CRT,9,12.386,32.74
ES-0003357,CRT,11,11.89,31.18
ES-0003358,CRT,10,12.142,29.59
ES-0003359,CRT,11,12.626,32.29
ES-0003360,CRT,8,11.895,32.08
ES-0003361,CRT,11,12.543,32.73
ES-0003362,CRT,10,12.541,29.76
ES-0003363,CRT,9,12.542,32.63
ES-0003364,CRT,13,12.502,32.02
ES-0003365,CRT,8,12.642,30.64
ES-0003366,CRT,11,12.107,31.43
ES-0003367,CRT,9,12.144,31.62
ES-0003368,CRT,8,12.082,30.46
ES-0003369,CRT,12,12.915,30.74
ES-0003370,CRT,8,12.276,32.56
ES-0003371,CRT,10,12.426,31.94
ES-0003372,CRT,10,12.684,31.76
ES-0003373,CRT,9,13.182,31.1
ES-0003374,CRT,8,12.996,30.03
ES-0003375,CRT,13,12.482,31.89
ES-0003376,CRT,12,12.819,30.55
ES-0003377,CRT,10,12.684,31.86
ES-0003378,CRT,8,12.282,31.67
ES-0003379,CRT,11,13.629,32.3
ES-0003380,CRT,8,13.037,30.08
ES-0003381,CRT,9,12.206,30.66
ES-0003382,CRT,8,11.904,31.31
ES-0003383,CRT,10,11.858,30.59
ES-0003384,CRT,11,12.419,31.53
ES-0003385,CRT,9,12.417,31.69
ES-0003386,CRT,11,12.197,31.13
ES-0003387,CRT,10,13.25,32.16
ES-0003388,CRT,8,12.524,30.91
ES-0003389,CRT,9,12.691,31.14
ES-0003390,CRT,11,12.761,30.62
ES-0003391,CRT,11,12.217,32.21
ES-0003392,CRT,8,12.882,31.85
ES-0003393,CRT,11,12.502,32.69
ES-0003394,CRT,8,13.003,31.76
ES-0003395,CRT,8,12.064,31.45
ES-0003396,CRT,13,12.122,31.35
ES-0003397,CRT,10,12.678,31.18
ES-0003398,CRT,10,13.117,30.94
ES-0003399,CRT,12,12.213,31.69
ES-0003400,CRT,12,12.093,32.64
ES-0003401,CRT,12,12.462,31.07
ES-0003402,CRT,13,12.334,30.4
ES-0003403,CRT,12,12.438,29.12
ES-0003404,CRT,12,13.112,31.13
ES-0003405,CRT,8,12.819,32.35
ES-0003406,CRT,8,12.995,30.66
ES-0003407,CRT,11,11.724,31.03
ES-0003408,CRT,9,12.31,32.07
ES-0003409,CRT,12,12.797,31.02
ES-0003410,CRT,9,13.026,31.06
ES-0003411,CRT,9,11.591,30.05
ES-0003412,CRT,13,12.742,30.86
ES-0003413,CRT,8,12.078,31.0
ES-0003414,CRT,9,12.265,32.26
ES-0003415,CRT,13,12.365,32.11
ES-0003416,CRT,11,12.549,31.88
ES-0003417,CRT,13,12.254,33.14
ES-0003418,CRT,11,12.451,32.17
ES-0003419,CRT,12,12.251,33.12
ES-0003420,CRT,8,12.594,31.16
ES-0003421,CRT,10,11.917,29.69
ES-0003422,CRT,10,12.163,31.98
ES-0003423,CRT,8,12.349,32.18
ES-0003424,CRT,13,12.194,31.06
ES-0003425,CRT,10,13.538,32.11
ES-0003426,CRT,9,12.096,30.71
ES-0003427,CRT,8,11.845,31.93
ES-0003428,CRT,11,13.018,32.31
ES-0003429,CRT,9,12.6,30.7
ES-0003430,CRT,8,12.189,32.33
ES-0003431,CRT,11,12.333,31.12
ES-0003432,CRT,13,11.974,30.75
ES-0003433,CRT,8,12.833,30.85
ES-0003434,CRT,13,11.837,31.26
ES-0003435,CRT,8,12.607,31.5
ES-0003436,CRT,12,12.764,32.35
ES-0003437,CRT,8,12.396,29.99
ES-0003438,CRT,8,12.748,32.83
ES-0003439,CRT,8,12.701,31.72
ES-0003440,CRT,9,12.089,31.38
ES-0003441,CRT,10,11.787,31.96
ES-0003442,CRT,10,13.34,30.24
ES-0003443,CRT,13,12.561,31.23
ES-0003444,CRT,10,12.31,31.16
ES-0003445,CRT,8,12.374,33.22
ES-0003446,CRT,12,12.735,31.87
ES-0003447,CRT,13,12.023,30.89
ES-0003448,CRT,10,12.418,31.91
ES-0003449,CRT,10,12.438,31.04
ES-0003450,CRT,8,12.416,29.57
ES-0003451,CRT,8,13.043,31.48
ES-0003452,CRT,10,12.381,32.46
ES-0003453,CRT,10,11.953,32.82
ES-0003454,CRT,10,12.519,30.63
ES-0003455,CRT,11,12.922,31.19
ES-0003456,CRT,9,12.589,34.17
ES-0003457,CRT,8,13.492,32.78
ES-0003458,CRT,13,11.846,32.07
ES-0003459,CRT,12,12.097,32.45
ES-0003460,CRT,12,12.446,30.28
ES-0003461,CRT,9,12.111,30.78
ES-0003462,CRT,8,12.549,31.27
ES-0003463,CRT,12,11.986,32.89
ES-0003464,CRT,12,12.956,30.83
ES-0003465,CRT,8,11.974,30.41
ES-0003466,CRT,13,12.484,31.46
ES-0003467,CRT,12,12.462,32.4
ES-0003468,CRT,9,12.66,29.08
ES-0003469,CRT,10,12.504,32.15
ES-0003470,CRT,11,12.631,33.51
ES-0003471,CRT,11,12.668,32.0
ES-0003472,CRT,11,12.211,31.68
ES-0003473,CRT,8,12.607,31.02
ES-0003474,CRT,9,12.102,31.58
ES-0003475,CRT,8,11.381,32.23
ES-0003476,CRT,11,11.929,29.97
ES-0003477,CRT,8,11.37,32.04
ES-0003478,CRT,12,12.189,33.29
ES-0003479,CRT,10,12.45,30.88
ES-0003480,CRT,10,12.311,32.92
ES-0003481,CRT,11,12.719,30.95
ES-0003482,CRT,10,12.273,31.22
ES-0003483,CRT,11,13.085,33.27
ES-0003484,CRT,10,12.326,32.46
ES-0003485,CRT,12,12.844,32.84
ES-0003486,CRT,10,12.576,31.57
ES-0003487,CRT,8,13.495,31.75
ES-0003488,CRT,9,12.486,32.11
ES-0003489,CRT,12,12.463,32.42
ES-0003490,CRT,12,11.907,29.57
ES-0003491,CRT,10,12.199,30.5
ES-0003492,CRT,10,12.04,30.87
ES-0003493,CRT,8,12.896,31.38
ES-0003494,CRT,12,12.161,33.02
ES-0003495,CRT,13,12.439,31.21
ES-0003496,CRT,11,11.492,31.71
ES-0003497,CRT,12,13.076,31.48
ES-0003498,CRT,10,12.311,32.91
ES-0003499,CRT,13,12.565,29.15
ES-0003500,CRT,12,11.65,32.0
ES-0003501,CRT,9,12.09,30.78
ES-0003502,CRT,12,12.169,30.9
ES-0003503,CRT,11,12.297,32.38
ES-0003504,CRT,11,12.543,32.11
ES-0003505,CRT,13,12.458,32.79
ES-0003506,CRT,13,12.284,30.56
ES-0003507,CRT,12,12.463,30.42
ES-0003508,CRT,11,12.113,32.17
ES-0003509,CRT,9,12.604,29.43
ES-0003510,CRT,8,12.445,31.05
ES-0003511,CRT,9,12.161,31.94
ES-0003512,CRT,8,12.451,30.5
ES-0003513,CRT,12,12.368,31.48
ES-0003514,CRT,8,12.811,31.02
ES-0003515,CRT,13,12.608,31.04
ES-0003516,CRT,13,11.882,32.39
ES-0003517,CRT,9,12.363,32.36
ES-0003518,CRT,8,12.725,31.54
ES-0003519,CRT,13,11.775,30.78
ES-0003520,CRT,12,11.781,31.73
ES-0003521,CRT,12,12.587,31.26
ES-0003522,CRT,11,12.145,31.12
ES-0003523,CRT,12,12.422,32.61
ES-0003524,CRT,9,12.333,30.75
ES-0003525,CRT,10,11.692,30.37
ES-0003526,CRT,13,12.013,31.27
ES-0003527,CRT,8,12.556,32.62
ES-0003528,CRT,8,12.312,32.52
ES-0003529,CRT,11,12.611,32.56
ES-0003530,CRT,10,12.131,33.05
ES-0003531,CRT,12,12.193,31.63
ES-0003532,CRT,13,12.306,31.69
ES-0003533,CRT,9,12.317,32.84
ES-0003534,CRT,8,12.57,31.53
ES-0003535,CRT,13,11.753,31.53
ES-0003536,CRT,11,12.756,32.04
ES-0003537,CRT,11,12.528,32.3
ES-0003538,CRT,12,12.248,31.49
ES-0003539,CRT,12,12.428,31.17
ES-0003540,CRT,13,12.854,30.1
ES-0003541,CRT,9,11.745,33.4
ES-0003542,CRT,9,12.412,31.23
ES-0003543,CRT,9,12.438,31.13
ES-0003544,CRT,9,12.25,31.64
ES-0003545,CRT,11,12.606,32.3
ES-0003546,CRT,12,12.752,30.23
ES-0003547,CRT,12,12.597,29.82
ES-0003548,CRT,12,12.928,31.56
ES-0003549,CRT,9,11.852,33.53
ES-0003550,CRT,11,12.133,31.92
ES-0003551,CRT,8,11.404,29.58
ES-0003552,CRT,8,12.391,31.7
ES-0003553,CRT,13,11.739,30.53
ES-0003554,CRT,11,12.432,31.94
ES-0003555,CRT,8,12.725,33.02
ES-0003556,CRT,13,12.12,32.52
ES-0003557,CRT,12,12.608,31.86
ES-0003558,CRT,8,13.249,32.18
ES-0003559,CRT,10,12.283,32.59
ES-0003560,CRT,8,12.497,32.79
ES-0003561,CRT,10,12.532,32.76
ES-0003562,CRT,12,13.148,31.82
ES-0003563,CRT,11,12.229,31.17
ES-0003564,CRT,10,12.736,32.04
ES-0003565,CRT,9,11.891,32.04
ES-0003566,CRT,12,12.817,31.89
ES-0003567,CRT,10,12.397,32.04
ES-0003568,CRT,11,12.237,30.56
ES-0003569,CRT,12,12.562,29.51
ES-0003570,CRT,10,12.658,29.99
ES-0003571,CRT,9,12.243,32.98
ES-0003572,CRT,10,12.545,31.61
ES-0003573,CRT,9,12.146,29.93
ES-0003574,CRT,8,12.479,32.18
ES-0003575,CRT,11,12.079,30.94
ES-0003576,CRT,9,11.938,30.33
ES-0003577,CRT,13,12.378,31.3
ES-0003578,CRT,9,11.777,32.04
ES-0003579,CRT,12,12.239,32.17
ES-0003580,CRT,11,12.438,32.2
ES-0003581,CRT,11,12.121,32.26
ES-0003582,CRT,8,13.016,33.04
ES-0003583,CRT,8,12.119,31.4
ES-0003584,CRT,11,12.478,31.3
ES-0003585,CRT,8,12.563,31.47
ES-0003586,CRT,10,12.994,32.27
ES-0003587,CRT,9,11.54,31.44
ES-0003588,CRT,9,11.738,32.21
ES-0003589,CRT,8,12.377,30.44
ES-0003590,CRT,8,12.003,30.88
ES-0003591,CRT,11,12.227,30.82
ES-0003592,CRT,8,12.988,31.7
ES-0003593,CRT,12,13.009,32.9
ES-0003594,CRT,11,11.581,32.09
ES-0003595,CRT,12,12.113,31.81
ES-0003596,CRT,10,11.982,31.55
ES-0003597,CRT,8,11.614,30.98
ES-0003598,CRT,13,12.142,32.08
ES-0003599,CRT,10,12.66,31.54
ES-0003600,CRT,13,11.861,31.17
ES-0003601,CRT,8,12.113,30.9
ES-0003602,CRT,11,13.167,29.19
ES-0003603,CRT,8,12.407,30.1
ES-0003604,CRT,10,12.488,31.19
ES-0003605,CRT,13,12.055,31.22
ES-0003606,CRT,12,12.562,31.43
ES-0003607,CRT,12,12.497,30.43
ES-0003608,CRT,9,12.402,31.19
ES-0003609,CRT,8,12.227,30.66
ES-0003610,CRT,11,12.416,31.41
ES-0003611,CRT,8,12.206,31.92
ES-0003612,CRT,13,12.378,30.83
ES-0003613,CRT,8,12.22,32.09
ES-0003614,CRT,11,12.676,32.23
ES-0003615,CRT,8,12.198,34.14
ES-0003616,CRT,8,12.212,30.23
ES-0003617,CRT,8,12.088,31.55
ES-0003618,CRT,10,12.851,32.64
ES-0003619,CRT,9,12.165,32.43
ES-0003620,CRT,10,12.094,31.11
ES-0003621,CRT,12,12.519,31.75
ES-0003622,CRT,11,12.535,31.98
ES-0003623,CRT,9,12.615,32.47
ES-0003624,CRT,10,12.604,30.07
ES-0003625,CRT,9,13.326,32.3
ES-0003626,CRT,8,12.768,32.62
ES-0003627,CRT,10,12.059,32.49
ES-0003628,CRT,10,12.255,31.93
ES-0003629,CRT,11,12.293,31.59
ES-0003630,CRT,12,12.238,30.92
ES-0003631,CRT,8,11.469,31.3
ES-0003632,CRT,10,12.654,31.1
ES-0003633,CRT,8,12.424,31.84
ES-0003634,CRT,10,12.576,30.78
ES-0003635,CRT,10,12.529,32.19
ES-0003636,CRT,10,12.732,31.93
ES-0003637,CRT,8,12.292,32.81
ES-0003638,CRT,12,12.037,32.29
ES-0003639,CRT,12,12.297,31.33
ES-0003640,CRT,11,12.609,30.18
ES-0003641,CRT,11,11.709,31.41
ES-0003642,CRT,9,12.338,32.16
ES-0003643,CRT,9,12.881,34.72
ES-0003644,CRT,11,12.982,30.46
ES-0003645,CRT,9,13.184,30.93
ES-0003646,CRT,10,12.601,32.68
ES-0003647,CRT,11,12.002,32.58
ES-0003648,CRT,8,11.708,31.04
ES-0003649,CRT,12,12.509,30.78
ES-0003650,CRT,12,12.333,31.48
ES-0003651,CRT,10,12.692,31.99
ES-0003652,CRT,13,12.682,30.04
ES-0003653,CRT,9,12.427,32.01
ES-0003654,CRT,9,11.786,31.68
ES-0003655,CRT,10,12.786,34.62
ES-0003656,CRT,12,12.984,30.97
ES-0003657,CRT,10,12.326,31.62
ES-0003658,CRT,9,12.83,31.49
ES-0003659,CRT,13,12.055,29.68
ES-0003660,CRT,10,12.03,32.83
ES-0003661,CRT,10,12.939,30.87
ES-0003662,CRT,12,11.619,31.74
ES-0003663,CRT,8,11.968,30.64
ES-0003664,CRT,11,12.29,31.41
ES-0003665,CRT,10,11.986,31.12
ES-0003666,CRT,13,12.15,31.17
ES-0003667,CRT,13,12.143,30.18
ES-0003668,CRT,13,12.741,32.92
ES-0003669,CRT,12,11.844,31.69
ES-0003670,CRT,11,12.054,30.25
ES-0003671,CRT,8,12.415,31.13
ES-0003672,CRT,9,12.601,31.84
ES-0003673,CRT,11,12.531,30.92
ES-0003674,CRT,8,12.082,31.95
ES-0003675,CRT,9,12.997,31.81
ES-0003676,CRT,9,12.431,29.44
ES-0003677,CRT,12,11.578,32.77
ES-0003678,CRT,9,11.853,31.26
ES-0003679,CRT,8,12.108,31.78
ES-0003680,CRT,11,11.775,32.42
ES-0003681,CRT,8,11.481,32.76
ES-0003682,CRT,9,12.398,31.78
ES-0003683,CRT,12,12.536,32.6
ES-0003684,CRT,12,12.687,29.68
ES-0003685,CRT,10,12.489,30.24
ES-0003686,CRT,10,12.704,31.58
ES-0003687,CRT,13,12.259,30.87
ES-0003688,CRT,10,13.263,30.97
ES-0003689,CRT,13,12.15,32.67
ES-0003690,CRT,11,12.63,31.4
ES-0003691,CRT,12,12.787,31.51
ES-0003692,CRT,12,12.159,29.99
ES-0003693,CRT,11,12.95,31.06
ES-0003694,CRT,13,12.487,30.34
ES-0003695,CRT,8,12.581,31.08
ES-0003696,CRT,9,12.649,31.04
ES-0003697,CRT,8,12.34,32.76
ES-0003698,CRT,13,12.021,30.74
ES-0003699,CRT,11,12.914,31.61
ES-0003700,CRT,9,12.415,30.64
ES-0003701,CRT,11,12.158,30.7
ES-0003702,CRT,12,12.396,31.49
ES-0003703,CRT,10,12.466,32.34
ES-0003704,CRT,10,12.293,33.29
ES-0003705,CRT,10,12.45,31.7
ES-0003706,CRT,11,11.988,30.32
ES-0003707,CRT,9,12.853,31.19
ES-0003708,CRT,10,12.347,32.25
ES-0003709,CRT,8,12.733,31.91
ES-0003710,CRT,13,12.751,32.88
ES-0003711,CRT,8,12.289,33.18
ES-0003712,CRT,10,12.82,32.38
ES-0003713,CRT,9,11.865,32.11
ES-0003714,CRT,10,12.4,31.52
ES-0003715,CRT,11,12.624,30.94
ES-0003716,CRT,13,12.147,32.33
ES-0003717,CRT,11,12.77,30.55
ES-0003718,CRT,10,12.356,30.99
ES-0003719,CRT,8,11.348,31.12
ES-0003720,CRT,12,12.964,32.36
ES-0003721,CRT,11,11.312,31.17
ES-0003722,CRT,12,11.903,31.43
ES-0003723,CRT,9,11.741,30.86
ES-0003724,CRT,10,12.584,31.37
ES-0003725,CRT,10,12.155,33.35
ES-0003726,CRT,12,12.463,29.84
ES-0003727,CRT,11,12.488,32.89
ES-0003728,CRT,13,13.01,32.23
ES-0003729,CRT,13,12.659,30.4
ES-0003730,CRT,12,12.267,31.41
ES-0003731,CRT,12,11.932,31.59
ES-0003732,CRT,8,12.334,31.79
ES-0003733,CRT,8,11.532,32.26
ES-0003734,CRT,10,12.356,31.72
ES-0003735,CRT,12,12.188,31.74
ES-0003736,CRT,13,13.069,31.13
ES-0003737,CRT,8,12.446,32.6
ES-0003738,CRT,12,12.841,31.45
ES-0003739,CRT,12,12.519,34.71
ES-0003740,CRT,10,12.152,33.03
ES-0003741,CRT,12,12.206,31.58
ES-0003742,CRT,10,12.94,32.84
ES-0003743,CRT,12,12.735,30.16
ES-0003744,CRT,13,12.573,30.12
ES-0003745,CRT,9,12.833,30.42
ES-0003746,CRT,13,12.773,32.76
ES-0003747,CRT,8,11.917,29.33
ES-0003748,CRT,13,12.35,29.97
ES-0003749,CRT,12,12.572,31.47
ES-0003750,CRT,10,12.682,30.89
ES-0003751,CRT,9,12.376,29.86
ES-0003752,CRT,11,11.923,31.26
ES-0003753,CRT,8,12.625,31.35
ES-0003754,CRT,9,12.885,31.89
ES-0003755,CRT,10,11.434,32.5
ES-0003756,CRT,12,12.694,29.45
ES-0003757,CRT,10,12.074,30.91
ES-0003758,CRT,11,12.209,31.47
ES-0003759,CRT,10,12.391,31.49
ES-0003760,CRT,9,12.029,30.34
ES-0003761,CRT,10,12.845,30.55
ES-0003762,CRT,11,12.172,33.5
ES-0003763,CRT,11,12.574,30.39
ES-0003764,CRT,12,12.46,31.23
ES-0003765,CRT,13,11.817,31.95
ES-0003766,CRT,9,11.398,31.12
ES-0003767,CRT,11,12.863,32.03
ES-0003768,CRT,8,12.324,33.81
ES-0003769,CRT,10,12.793,31.68
ES-0003770,CRT,11,12.45,31.41
ES-0003771,CRT,9,12.967,30.06
ES-0003772,CRT,8,12.048,31.01
ES-0003773,CRT,10,12.458,31.66
ES-0003774,CRT,10,11.947,31.36
ES-0003775,CRT,10,13.057,31.79
ES-0003776,CRT,12,11.783,28.97
ES-0003777,CRT,12,12.671,30.6
ES-0003778,CRT,9,11.474,32.45
ES-0003779,CRT,13,12.595,30.67
ES-0003780,CRT,12,12.27,34.41
ES-0003781,CRT,8,12.366,33.2
ES-0003782,CRT,8,12.513,29.94
ES-0003783,CRT,8,12.206,32.0
ES-0003784,CRT,11,13.132,33.02
ES-0003785,CRT,13,11.833,31.28
ES-0003786,CRT,8,12.65,32.05
ES-0003787,CRT,11,12.704,31.85
ES-0003788,CRT,11,12.435,31.69
ES-0003789,CRT,12,12.191,30.49
ES-0003790,CRT,9,12.64,30.84
ES-0003791,CRT,11,12.258,32.05
ES-0003792,CRT,11,12.941,31.08
ES-0003793,CRT,10,12.082,31.53
ES-0003794,CRT,12,12.664,31.01
ES-0003795,CRT,12,12.728,30.94
ES-0003796,CRT,12,12.072,31.88
ES-0003797,CRT,9,12.824,32.78
ES-0003798,CRT,9,12.856,32.11
ES-0003799,CRT,10,13.397,31.47
ES-0003800,CRT,12,12.333,31.78
ES-0003801,CRT,12,12.158,30.65
ES-0003802,CRT,10,12.291,32.85
ES-0003803,CRT,8,11.978,30.9
ES-0003804,CRT,11,13.645,31.66
ES-0003805,CRT,11,12.391,30.12
ES-0003806,CRT,8,12.508,30.64
ES-0003807,CRT,11,12.732,30.36
ES-0003808,CRT,13,12.532,30.26
ES-0003809,CRT,9,12.529,30.33
ES-0003810,CRT,11,11.967,32.02
ES-0003811,CRT,12,12.222,29.62
ES-0003812,CRT,12,11.648,28.97
ES-0003813,CRT,12,12.18,31.83
ES-0003814,CRT,10,12.475,32.74
ES-0003815,CRT,11,11.56,31.53
ES-0003816,CRT,9,12.599,31.43
ES-0003817,CRT,10,12.311,31.41
ES-0003818,CRT,9,13.011,31.66
ES-0003819,CRT,11,12.201,32.34
ES-0003820,CRT,8,12.508,32.19
ES-0003821,CRT,9,12.534,32.1
ES-0003822,CRT,9,12.526,31.21
ES-0003823,CRT,9,12.239,29.8
ES-0003824,CRT,11,13.137,31.1
ES-0003825,CRT,8,12.674,30.68
ES-0003826,CRT,9,12.516,32.97
ES-0003827,CRT,8,11.414,30.77
ES-0003828,CRT,12,11.322,31.99
ES-0003829,CRT,8,12.584,32.44
ES-0003830,CRT,12,12.635,30.91
ES-0003831,CRT,13,12.326,32.99
ES-0003832,CRT,8,12.382,31.4
ES-0003833,CRT,9,12.273,30.99
ES-0003834,CRT,10,11.654,30.72
ES-0003835,CRT,9,12.68,32.5
ES-0003836,CRT,11,11.901,31.12
ES-0003837,CRT,11,12.833,29.77
ES-0003838,CRT,10,13.071,29.78
ES-0003839,CRT,13,12.677,32.03
ES-0003840,CRT,10,12.184,31.57
ES-0003841,CRT,12,12.247,31.02
ES-0003842,CRT,10,12.381,30.87
ES-0003843,CRT,8,12.484,31.04
ES-0003844,CRT,13,12.169,31.81
ES-0003845,CRT,8,13.102,32.22
ES-0003846,CRT,13,12.373,30.31
ES-0003847,CRT,12,11.695,30.91
ES-0003848,CRT,11,12.174,31.83
ES-0003849,CRT,8,11.859,32.27
ES-0003850,CRT,9,12.775,31.48
ES-0003851,CRT,10,12.512,29.59
ES-0003852,CRT,12,12.557,30.83
ES-0003853,CRT,12,12.383,31.15
ES-0003854,CRT,13,12.414,31.04
ES-0003855,CRT,11,11.84,33.13
ES-0003856,CRT,11,12.37,31.68
ES-0003857,CRT,10,12.24,29.63
ES-0003858,CRT,12,12.405,32.32
ES-0003859,CRT,12,12.097,31.36
ES-0003860,CRT,13,11.773,31.34
ES-0003861,CRT,9,12.192,32.0
ES-0003862,CRT,9,12.058,32.07
ES-0003863,CRT,9,12.926,33.16
ES-0003864,CRT,13,12.417,32.08
ES-0003865,CRT,9,12.435,31.98
ES-0003866,CRT,10,12.719,32.43
ES-0003867,CRT,9,13.288,30.85
ES-0003868,CRT,9,12.129,32.06
ES-0003869,CRT,10,12.532,32.82
ES-0003870,CRT,9,12.256,31.69
ES-0003871,CRT,11,12.401,32.15
ES-0003872,CRT,8,12.283,31.11
ES-0003873,CRT,13,12.258,31.9
ES-0003874,CRT,8,12.328,31.8
ES-0003875,CRT,13,12.571,33.09
ES-0003876,CRT,10,11.756,31.32
ES-0003877,CRT,11,12.576,31.42
ES-0003878,CRT,9,12.986,31.39
ES-0003879,CRT,11,12.249,32.01
ES-0003880,CRT,11,12.666,32.5
ES-0003881,CRT,12,12.382,32.36
ES-0003882,CRT,9,12.716,30.37
ES-0003883,CRT,8,12.174,34.31
ES-0003884,CRT,13,12.291,31.36
ES-0003885,CRT,13,12.115,32.41
ES-0003886,CRT,8,11.887,33.12
ES-0003887,CRT,10,12.165,32.83
ES-0003888,CRT,9,12.723,31.84
ES-0003889,CRT,11,11.994,31.95
ES-0003890,CRT,9,12.064,31.53
ES-0003891,CRT,10,12.263,31.37
ES-0003892,CRT,10,11.985,33.01
ES-0003893,CRT,8,12.47,33.08
ES-0003894,CRT,12,12.554,31.19
ES-0003895,CRT,9,12.259,32.21
ES-0003896,CRT,12,12.278,32.98
ES-0003897,CRT,10,12.16,30.38
ES-0003898,CRT,9,12.113,30.79
ES-0003899,CRT,11,12.31,30.11
ES-0003900,CRT,13,12.195,31.83
ES-0003901,CRT,8,12.154,30.18
ES-0003902,CRT,8,12.764,32.94
ES-0003903,CRT,10,12.026,33.96
ES-0003904,CRT,10,12.421,30.76
ES-0003905,CRT,13,12.354,31.45
ES-0003906,CRT,8,12.313,30.74
ES-0003907,CRT,10,12.435,30.21
ES-0003908,CRT,10,12.727,32.36
ES-0003909,CRT,11,11.445,30.02
ES-0003910,CRT,12,12.779,32.17
ES-0003911,CRT,11,11.874,31.87
ES-0003912,CRT,8,12.782,31.41
ES-0003913,CRT,12,13.14,31.31
ES-0003914,CRT,8,11.969,30.75
ES-0003915,CRT,11,11.961,31.62
ES-0003916,CRT,11,12.279,30.29
ES-0003917,CRT,11,12.487,32.02
ES-0003918,CRT,8,12.584,32.12
ES-0003919,CRT,9,12.232,32.39
ES-0003920,CRT,8,12.101,30.74
ES-0003921,CRT,13,12.109,30.88
ES-0003922,CRT,10,12.093,31.1
ES-0003923,CRT,11,12.286,30.64
ES-0003924,CRT,8,12.787,31.91
ES-0003925,CRT,8,13.16,32.36
ES-0003926,CRT,10,12.633,30.34
ES-0003927,CRT,10,11.764,31.09
ES-0003928,CRT,11,12.88,31.96
ES-0003929,CRT,12,12.518,31.42
ES-0003930,CRT,13,13.062,32.27
ES-0003931,CRT,13,12.326,30.61
ES-0003932,CRT,12,12.154,32.78
ES-0003933,CRT,9,12.912,31.73
ES-0003934,CRT,13,12.55,30.66
ES-0003935,CRT,9,12.503,32.8
ES-0003936,CRT,9,12.081,33.16
ES-0003937,CRT,13,12.668,31.51
ES-0003938,CRT,10,12.755,32.29
ES-0003939,CRT,8,12.284,30.1
ES-0003940,CRT,11,12.811,30.85
ES-0003941,CRT,13,12.786,30.58
ES-0003942,CRT,10,12.647,30.39
ES-0003943,CRT,13,12.323,33.47
ES-0003944,CRT,13,12.17,32.32
ES-0003945,CRT,9,12.265,30.98
ES-0003946,CRT,11,11.739,31.09
ES-0003947,CRT,10,12.708,30.56
ES-0003948,CRT,11,12.482,32.54
ES-0003949,CRT,13,12.748,30.12
ES-0003950,CRT,9,11.893,30.8
ES-0003951,CRT,8,12.298,32.01
ES-0003952,CRT,10,12.601,31.07
ES-0003953,CRT,13,11.858,31.44
ES-0003954,CRT,9,12.132,31.07
ES-0003955,CRT,11,12.648,31.59
ES-0003956,CRT,10,12.22,31.03
ES-0003957,CRT,9,12.88,30.38
ES-0003958,CRT,12,12.163,31.82
ES-0003959,CRT,8,12.181,30.19
ES-0003960,CRT,13,12.113,30.35
ES-0003961,CRT,9,12.259,31.4
ES-0003962,CRT,10,12.52,28.59
ES-0003963,CRT,13,12.332,32.77
ES-0003964,CRT,11,12.091,32.01
ES-0003965,CRT,10,13.574,31.83
ES-0003966,CRT,9,12.254,30.6
ES-0003967,CRT,11,12.312,32.42
ES-0003968,CRT,12,12.652,29.63
ES-0003969,CRT,11,11.635,30.44
ES-0003970,CRT,8,12.176,30.78
ES-0003971,CRT,11,12.421,32.27
ES-0003972,CRT,13,12.819,30.8
ES-0003973,CRT,10,11.999,31.77
ES-0003974,CRT,11,11.902,29.98
ES-0003975,CRT,9,12.288,31.39
ES-0003976,CRT,11,13.034,31.49
ES-0003977,CRT,9,11.882,32.85
ES-0003978,CRT,13,12.314,32.85
ES-0003979,CRT,8,12.439,29.48
ES-0003980,CRT,11,12.033,28.97
ES-0003981,CRT,9,12.666,30.82
ES-0003982,CRT,13,12.164,30.97
ES-0003983,CRT,11,13.329,32.69
ES-0003984,CRT,12,12.83,33.26
ES-0003985,CRT,8,12.518,30.19
ES-0003986,CRT,12,12.814,31.72
ES-0003987,CRT,10,12.572,31.82
ES-0003988,CRT,13,11.774,32.44
ES-0003989,CRT,13,12.403,30.83
ES-0003990,CRT,10,11.932,31.56
ES-0003991,CRT,10,12.187,32.48
ES-0003992,CRT,10,12.564,32.54
ES-0003993,CRT,9,12.329,29.45
ES-0003994,CRT,8,12.654,33.79
ES-0003995,CRT,12,12.036,29.6
ES-0003996,CRT,10,12.009,32.08
ES-0003997,CRT,9,11.926,33.86
ES-0003998,CRT,12,12.007,31.55
ES-0003999,CRT,12,12.272,31.71
ES-0004000,CRT,11,11.582,31.37
