sample_id,operation,duration_us
CT-0000001,sha256_hardware,10.8
CT-0000002,sha256_hardware,12.3
CT-0000003,sha256_hardware,11.7
CT-0000004,sha256_hardware,14.2
CT-0000005,sha256_hardware,12.5
CT-0000006,sha256_hardware,11.6
CT-0000007,sha256_hardware,10.8
CT-0000008,sha256_hardware,10.8
CT-0000009,sha256_hardware,12.9
CT-0000010,sha256_hardware,10.3
CT-0000011,sha256_hardware,11.2
CT-0000012,sha256_hardware,11.4
CT-0000013,sha256_hardware,10.4
CT-0000014,sha256_hardware,10.4
CT-0000015,sha256_hardware,11.9
CT-0000016,sha256_hardware,11.3
CT-0000017,sha256_hardware,10.9
CT-0000018,sha256_hardware,10.7
CT-0000019,sha256_hardware,10.8
CT-0000020,sha256_hardware,11.2
CT-0000021,sha256_hardware,13.5
CT-0000022,sha256_hardware,12.0
CT-0000023,sha256_hardware,12.8
CT-0000024,sha256_hardware,12.9
CT-0000025,sha256_hardware,11.5
CT-0000026,sha256_hardware,11.1
CT-0000027,sha256_hardware,10.4
CT-0000028,sha256_hardware,10.3
CT-0000029,sha256_hardware,14.0
CT-0000030,sha256_hardware,11.8
CT-0000031,sha256_hardware,12.0
CT-0000032,sha256_hardware,12.2
CT-0000033,sha256_hardware,12.2
CT-0000034,sha256_hardware,11.4
CT-0000035,sha256_hardware,13.3
CT-0000036,sha256_hardware,12.1
CT-0000037,sha256_hardware,11.5
CT-0000038,sha256_hardware,9.9
CT-0000039,sha256_hardware,10.4
CT-0000040,sha256_hardware,11.8
CT-0000041,sha256_hardware,11.7
CT-0000042,sha256_hardware,13.6
CT-0000043,sha256_hardware,13.2
CT-0000044,sha256_hardware,11.9
CT-0000045,sha256_hardware,11.9
CT-0000046,sha256_hardware,13.5
CT-0000047,sha256_hardware,12.6
CT-0000048,sha256_hardware,12.0
CT-0000049,sha256_hardware,11.0
CT-0000050,sha256_hardware,11.4
CT-0000051,sha256_hardware,13.6
CT-0000052,sha256_hardware,10.6
CT-0000053,sha256_hardware,12.5
CT-0000054,sha256_hardware,10.1
CT-0000055,sha256_hardware,12.2
CT-0000056,sha256_hardware,11.1
CT-0000057,sha256_hardware,13.9
CT-0000058,sha256_hardware,11.8
CT-0000059,sha256_hardware,12.9
CT-0000060,sha256_hardware,12.9
CT-0000061,sha256_hardware,11.4
CT-0000062,sha256_hardware,11.5
CT-0000063,sha256_hardware,12.1
CT-0000064,sha256_hardware,11.3
CT-0000065,sha256_hardware,12.2
CT-0000066,sha256_hardware,13.4
CT-0000067,sha256_hardware,11.6
CT-0000068,sha256_hardware,11.4
CT-0000069,sha256_hardware,11.7
CT-0000070,sha256_hardware,10.5
CT-0000071,sha256_hardware,12.8
CT-0000072,sha256_hardware,13.6
CT-0000073,sha256_hardware,10.5
CT-0000074,sha256_hardware,11.2
CT-0000075,sha256_hardware,11.3
CT-0000076,sha256_hardware,12.9
CT-0000077,sha256_hardware,11.9
CT-0000078,sha256_hardware,11.2
CT-0000079,sha256_hardware,14.0
CT-0000080,sha256_hardware,10.7
CT-0000081,sha256_hardware,12.2
CT-0000082,sha256_hardware,11.5
CT-0000083,sha256_hardware,11.2
CT-0000084,sha256_hardware,11.0
CT-0000085,sha256_hardware,11.5
CT-0000086,sha256_hardware,12.2
CT-0000087,sha256_hardware,12.5
CT-0000088,sha256_hardware,13.2
CT-0000089,sha256_hardware,11.3
CT-0000090,sha256_hardware,11.3
CT-0000091,sha256_hardware,11.8
CT-0000092,sha256_hardware,10.3
CT-0000093,sha256_hardware,11.2
CT-0000094,sha256_hardware,13.0
CT-0000095,sha256_hardware,13.2
CT-0000096,sha256_hardware,12.2
CT-0000097,sha256_hardware,11.3
CT-0000098,sha256_hardware,12.1
CT-0000099,sha256_hardware,11.1
CT-0000100,sha256_hardware,13.1
CT-0000101,sha256_hardware,12.6
CT-0000102,sha256_hardware,12.0
CT-0000103,sha256_hardware,10.8
CT-0000104,sha256_hardware,10.6
CT-0000105,sha256_hardware,13.8
CT-0000106,sha256_hardware,12.1
CT-0000107,sha256_hardware,11.7
CT-0000108,sha256_hardware,12.4
CT-0000109,sha256_hardware,10.9
CT-0000110,sha256_hardware,13.2
CT-0000111,sha256_hardware,14.2
CT-0000112,sha256_hardware,11.8
CT-0000113,sha256_hardware,11.4
CT-0000114,sha256_hardware,12.3
CT-0000115,sha256_hardware,12.0
CT-0000116,sha256_hardware,11.2
CT-0000117,sha256_hardware,11.2
CT-0000118,sha256_hardware,12.2
CT-0000119,sha256_hardware,13.2
CT-0000120,sha256_hardware,12.2
CT-0000121,sha256_hardware,11.7
CT-0000122,sha256_hardware,13.4
CT-0000123,sha256_hardware,11.8
CT-0000124,sha256_hardware,11.4
CT-0000125,sha256_hardware,10.8
CT-0000126,sha256_hardware,11.5
CT-0000127,sha256_hardware,10.9
CT-0000128,sha256_hardware,10.9
CT-0000129,sha256_hardware,11.9
CT-0000130,sha256_hardware,12.0
CT-0000131,sha256_hardware,11.8
CT-0000132,sha256_hardware,12.1
CT-0000133,sha256_hardware,14.0
CT-0000134,sha256_hardware,11.3
CT-0000135,sha256_hardware,12.7
CT-0000136,sha256_hardware,12.9
CT-0000137,sha256_hardware,9.5
CT-0000138,sha256_hardware,12.0
CT-0000139,sha256_hardware,10.9
CT-0000140,sha256_hardware,10.9
CT-0000141,sha256_hardware,14.1
CT-0000142,sha256_hardware,14.5
CT-0000143,sha256_hardware,12.0
CT-0000144,sha256_hardware,12.0
CT-0000145,sha256_hardware,12.7
CT-0000146,sha256_hardware,12.9
CT-0000147,sha256_hardware,11.9
CT-0000148,sha256_hardware,11.2
CT-0000149,sha256_hardware,10.9
CT-0000150,sha256_hardware,11.1
CT-0000151,sha256_hardware,10.9
CT-0000152,sha256_hardware,12.1
CT-0000153,sha256_hardware,13.6
CT-0000154,sha256_hardware,10.6
CT-0000155,sha256_hardware,10.8
CT-0000156,sha256_hardware,11.5
CT-0000157,sha256_hardware,10.4
CT-0000158,sha256_hardware,11.9
CT-0000159,sha256_hardware,12.1
CT-0000160,sha256_hardware,10.8
CT-0000161,sha256_hardware,12.3
CT-0000162,sha256_hardware,12.2
CT-0000163,sha256_hardware,14.5
CT-0000164,sha256_hardware,11.4
CT-0000165,sha256_hardware,11.0
CT-0000166,sha256_hardware,11.4
CT-0000167,sha256_hardware,14.5
CT-0000168,sha256_hardware,10.9
CT-0000169,sha256_hardware,12.0
CT-0000170,sha256_hardware,11.8
CT-0000171,sha256_hardware,13.0
CT-0000172,sha256_hardware,10.8
CT-0000173,sha256_hardware,11.3
CT-0000174,sha256_hardware,12.5
CT-0000175,sha256_hardware,10.4
CT-0000176,sha256_hardware,10.1
CT-0000177,sha256_hardware,10.9
CT-0000178,sha256_hardware,12.6
CT-0000179,sha256_hardware,12.5
CT-0000180,sha256_hardware,11.5
CT-0000181,sha256_hardware,11.8
CT-0000182,sha256_hardware,11.4
CT-0000183,sha256_hardware,12.4
CT-0000184,sha256_hardware,12.1
CT-0000185,sha256_hardware,11.6
CT-0000186,sha256_hardware,11.9
CT-0000187,sha256_hardware,12.7
CT-0000188,sha256_hardware,13.2
CT-0000189,sha256_hardware,12.7
CT-0000190,sha256_hardware,12.3
CT-0000191,sha256_hardware,10.8
CT-0000192,sha256_hardware,10.5
CT-0000193,sha256_hardware,10.7
CT-0000194,sha256_hardware,11.5
CT-0000195,sha256_hardware,12.0
CT-0000196,sha256_hardware,12.6
CT-0000197,sha256_hardware,13.1
CT-0000198,sha256_hardware,10.5
CT-0000199,sha256_hardware,12.6
CT-0000200,sha256_hardware,11.4
CT-0000201,sha256_hardware,13.2
CT-0000202,sha256_hardware,12.5
CT-0000203,sha256_hardware,11.4
CT-0000204,sha256_hardware,11.1
CT-0000205,sha256_hardware,12.6
CT-0000206,sha256_hardware,13.1
CT-0000207,sha256_hardware,12.9
CT-0000208,sha256_hardware,11.2
CT-0000209,sha256_hardware,12.2
CT-0000210,sha256_hardware,11.9
CT-0000211,sha256_hardware,13.0
CT-0000212,sha256_hardware,12.8
CT-0000213,sha256_hardware,11.5
CT-0000214,sha256_hardware,13.4
CT-0000215,sha256_hardware,10.8
CT-0000216,sha256_hardware,12.1
CT-0000217,sha256_hardware,13.2
CT-0000218,sha256_hardware,11.1
CT-0000219,sha256_hardware,12.1
CT-0000220,sha256_hardware,9.5
CT-0000221,sha256_hardware,13.2
CT-0000222,sha256_hardware,12.3
CT-0000223,sha256_hardware,10.7
CT-0000224,sha256_hardware,12.7
CT-0000225,sha256_hardware,12.1
CT-0000226,sha256_hardware,11.8
CT-0000227,sha256_hardware,11.9
CT-0000228,sha256_hardware,11.1
CT-0000229,sha256_hardware,11.8
CT-0000230,sha256_hardware,12.5
CT-0000231,sha256_hardware,13.2
CT-0000232,sha256_hardware,13.0
CT-0000233,sha256_hardware,11.1
CT-0000234,sha256_hardware,13.6
CT-0000235,sha256_hardware,12.0
CT-0000236,sha256_hardware,10.7
CT-0000237,sha256_hardware,11.9
CT-0000238,sha256_hardware,11.8
CT-0000239,sha256_hardware,13.9
CT-0000240,sha256_hardware,13.2
CT-0000241,sha256_hardware,12.7
CT-0000242,sha256_hardware,14.3
CT-0000243,sha256_hardware,12.2
CT-0000244,sha256_hardware,12.2
CT-0000245,sha256_hardware,13.1
CT-0000246,sha256_hardware,12.6
CT-0000247,sha256_hardware,13.2
CT-0000248,sha256_hardware,13.1
CT-0000249,sha256_hardware,13.7
CT-0000250,sha256_hardware,14.3
CT-0000251,sha256_hardware,10.2
CT-0000252,sha256_hardware,13.9
CT-0000253,sha256_hardware,11.0
CT-0000254,sha256_hardware,11.9
CT-0000255,sha256_hardware,11.4
CT-0000256,sha256_hardware,11.9
CT-0000257,sha256_hardware,11.6
CT-0000258,sha256_hardware,12.2
CT-0000259,sha256_hardware,12.7
CT-0000260,sha256_hardware,12.3
CT-0000261,sha256_hardware,12.7
CT-0000262,sha256_hardware,11.9
CT-0000263,sha256_hardware,13.2
CT-0000264,sha256_hardware,11.9
CT-0000265,sha256_hardware,12.2
CT-0000266,sha256_hardware,13.6
CT-0000267,sha256_hardware,11.5
CT-0000268,sha256_hardware,12.7
CT-0000269,sha256_hardware,13.2
CT-0000270,sha256_hardware,11.8
CT-0000271,sha256_hardware,11.8
CT-0000272,sha256_hardware,12.7
CT-0000273,sha256_hardware,12.7
CT-0000274,sha256_hardware,12.2
CT-0000275,sha256_hardware,11.7
CT-0000276,sha256_hardware,12.0
CT-0000277,sha256_hardware,12.0
CT-0000278,sha256_hardware,12.6
CT-0000279,sha256_hardware,12.7
CT-0000280,sha256_hardware,10.1
CT-0000281,sha256_hardware,11.5
CT-0000282,sha256_hardware,11.5
CT-0000283,sha256_hardware,11.6
CT-0000284,sha256_hardware,12.1
CT-0000285,sha256_hardware,11.9
CT-0000286,sha256_hardware,10.6
CT-0000287,sha256_hardware,12.6
CT-0000288,sha256_hardware,13.2
CT-0000289,sha256_hardware,12.0
CT-0000290,sha256_hardware,11.5
CT-0000291,sha256_hardware,11.4
CT-0000292,sha256_hardware,11.2
CT-0000293,sha256_hardware,12.8
CT-0000294,sha256_hardware,11.2
CT-0000295,sha256_hardware,11.7
CT-0000296,sha256_hardware,12.3
CT-0000297,sha256_hardware,11.9
CT-0000298,sha256_hardware,12.7
CT-0000299,sha256_hardware,11.5
CT-0000300,sha256_hardware,12.5
CT-0000301,sha256_hardware,12.8
CT-0000302,sha256_hardware,11.9
CT-0000303,sha256_hardware,11.5
CT-0000304,sha256_hardware,9.5
CT-0000305,sha256_hardware,11.8
CT-0000306,sha256_hardware,12.2
CT-0000307,sha256_hardware,11.2
CT-0000308,sha256_hardware,11.7
CT-0000309,sha256_hardware,13.4
CT-0000310,sha256_hardware,13.3
CT-0000311,sha256_hardware,10.0
CT-0000312,sha256_hardware,11.2
CT-0000313,sha256_hardware,11.3
CT-0000314,sha256_hardware,11.3
CT-0000315,sha256_hardware,11.5
CT-0000316,sha256_hardware,11.7
CT-0000317,sha256_hardware,11.4
CT-0000318,sha256_hardware,12.9
CT-0000319,sha256_hardware,12.3
CT-0000320,sha256_hardware,12.5
CT-0000321,sha256_hardware,13.1
CT-0000322,sha256_hardware,11.9
CT-0000323,sha256_hardware,13.4
CT-0000324,sha256_hardware,12.1
CT-0000325,sha256_hardware,12.9
CT-0000326,sha256_hardware,10.6
CT-0000327,sha256_hardware,11.8
CT-0000328,sha256_hardware,9.9
CT-0000329,sha256_hardware,11.4
CT-0000330,sha256_hardware,12.1
CT-0000331,sha256_hardware,11.3
CT-0000332,sha256_hardware,11.8
CT-0000333,sha256_hardware,12.8
CT-0000334,sha256_hardware,13.0
CT-0000335,sha256_hardware,12.0
CT-0000336,sha256_hardware,12.7
CT-0000337,sha256_hardware,13.5
CT-0000338,sha256_hardware,10.9
CT-0000339,sha256_hardware,13.3
CT-0000340,sha256_hardware,12.7
CT-0000341,sha256_hardware,11.9
CT-0000342,sha256_hardware,14.0
CT-0000343,sha256_hardware,13.3
CT-0000344,sha256_hardware,12.1
CT-0000345,sha256_hardware,11.3
CT-0000346,sha256_hardware,11.2
CT-0000347,sha256_hardware,10.6
CT-0000348,sha256_hardware,12.4
CT-0000349,sha256_hardware,12.1
CT-0000350,sha256_hardware,10.8
CT-0000351,sha256_hardware,12.5
CT-0000352,sha256_hardware,11.2
CT-0000353,sha256_hardware,12.3
CT-0000354,sha256_hardware,12.0
CT-0000355,sha256_hardware,14.6
CT-0000356,sha256_hardware,11.5
CT-0000357,sha256_hardware,12.0
CT-0000358,sha256_hardware,12.0
CT-0000359,sha256_hardware,11.6
CT-0000360,sha256_hardware,10.2
CT-0000361,sha256_hardware,12.0
CT-0000362,sha256_hardware,11.2
CT-0000363,sha256_hardware,11.9
CT-0000364,sha256_hardware,11.7
CT-0000365,sha256_hardware,12.8
CT-0000366,sha256_hardware,11.9
CT-0000367,sha256_hardware,12.8
CT-0000368,sha256_hardware,13.9
CT-0000369,sha256_hardware,11.9
CT-0000370,sha256_hardware,11.0
CT-0000371,sha256_hardware,11.7
CT-0000372,sha256_hardware,11.1
CT-0000373,sha256_hardware,11.7
CT-0000374,sha256_hardware,11.6
CT-0000375,sha256_hardware,12.2
CT-0000376,sha256_hardware,10.9
CT-0000377,sha256_hardware,10.7
CT-0000378,sha256_hardware,13.8
CT-0000379,sha256_hardware,10.4
CT-0000380,sha256_hardware,12.8
CT-0000381,sha256_hardware,11.3
CT-0000382,sha256_hardware,10.8
CT-0000383,sha256_hardware,11.8
CT-0000384,sha256_hardware,11.2
CT-0000385,sha256_hardware,12.2
CT-0000386,sha256_hardware,10.5
CT-0000387,sha256_hardware,11.7
CT-0000388,sha256_hardware,12.1
CT-0000389,sha256_hardware,10.8
CT-0000390,sha256_hardware,11.6
CT-0000391,sha256_hardware,13.2
CT-0000392,sha256_hardware,10.9
CT-0000393,sha256_hardware,12.7
CT-0000394,sha256_hardware,12.9
CT-0000395,sha256_hardware,12.6
CT-0000396,sha256_hardware,12.5
CT-0000397,sha256_hardware,10.5
CT-0000398,sha256_hardware,12.3
CT-0000399,sha256_hardware,10.9
CT-0000400,sha256_hardware,11.5
CT-0000401,sha256_hardware,11.4
CT-0000402,sha256_hardware,10.7
CT-0000403,sha256_hardware,12.5
CT-0000404,sha256_hardware,11.4
CT-0000405,sha256_hardware,11.8
CT-0000406,sha256_hardware,13.3
CT-0000407,sha256_hardware,12.2
CT-0000408,sha256_hardware,12.5
CT-0000409,sha256_hardware,12.6
CT-0000410,sha256_hardware,12.8
CT-0000411,sha256_hardware,12.4
CT-0000412,sha256_hardware,11.0
CT-0000413,sha256_hardware,10.9
CT-0000414,sha256_hardware,11.9
CT-0000415,sha256_hardware,10.5
CT-0000416,sha256_hardware,13.6
CT-0000417,sha256_hardware,12.2
CT-0000418,sha256_hardware,12.3
CT-0000419,sha256_hardware,14.0
CT-0000420,sha256_hardware,13.5
CT-0000421,sha256_hardware,10.3
CT-0000422,sha256_hardware,11.5
CT-0000423,sha256_hardware,11.6
CT-0000424,sha256_hardware,12.8
CT-0000425,sha256_hardware,11.9
CT-0000426,sha256_hardware,11.0
CT-0000427,sha256_hardware,11.8
CT-0000428,sha256_hardware,11.0
CT-0000429,sha256_hardware,11.7
CT-0000430,sha256_hardware,12.5
CT-0000431,sha256_hardware,11.6
CT-0000432,sha256_hardware,11.9
CT-0000433,sha256_hardware,12.7
CT-0000434,sha256_hardware,11.3
CT-0000435,sha256_hardware,11.0
CT-0000436,sha256_hardware,13.8
CT-0000437,sha256_hardware,12.5
CT-0000438,sha256_hardware,11.0
CT-0000439,sha256_hardware,12.0
CT-0000440,sha256_hardware,11.8
CT-0000441,sha256_hardware,13.5
CT-0000442,sha256_hardware,13.6
CT-0000443,sha256_hardware,12.6
CT-0000444,sha256_hardware,14.5
CT-0000445,sha256_hardware,14.1
CT-0000446,sha256_hardware,11.7
CT-0000447,sha256_hardware,12.9
CT-0000448,sha256_hardware,11.2
CT-0000449,sha256_hardware,12.3
CT-0000450,sha256_hardware,12.4
CT-0000451,sha256_hardware,11.9
CT-0000452,sha256_hardware,11.4
CT-0000453,sha256_hardware,11.4
CT-0000454,sha256_hardware,10.6
CT-0000455,sha256_hardware,13.3
CT-0000456,sha256_hardware,12.0
CT-0000457,sha256_hardware,13.4
CT-0000458,sha256_hardware,12.9
CT-0000459,sha256_hardware,12.5
CT-0000460,sha256_hardware,11.9
CT-0000461,sha256_hardware,11.6
CT-0000462,sha256_hardware,12.1
CT-0000463,sha256_hardware,12.3
CT-0000464,sha256_hardware,12.5
CT-0000465,sha256_hardware,10.4
CT-0000466,sha256_hardware,12.4
CT-0000467,sha256_hardware,11.9
CT-0000468,sha256_hardware,11.7
CT-0000469,sha256_hardware,11.9
CT-0000470,sha256_hardware,10.4
CT-0000471,sha256_hardware,12.7
CT-0000472,sha256_hardware,13.1
CT-0000473,sha256_hardware,12.3
CT-0000474,sha256_hardware,12.6
CT-0000475,sha256_hardware,11.5
CT-0000476,sha256_hardware,11.8
CT-0000477,sha256_hardware,13.1
CT-0000478,sha256_hardware,11.4
CT-0000479,sha256_hardware,10.7
CT-0000480,sha256_hardware,12.1
CT-0000481,sha256_hardware,10.6
CT-0000482,sha256_hardware,11.9
CT-0000483,sha256_hardware,11.8
CT-0000484,sha256_hardware,13.3
CT-0000485,sha256_hardware,10.8
CT-0000486,sha256_hardware,12.2
CT-0000487,sha256_hardware,12.9
CT-0000488,sha256_hardware,12.2
CT-0000489,sha256_hardware,10.9
CT-0000490,sha256_hardware,13.1
CT-0000491,sha256_hardware,12.7
CT-0000492,sha256_hardware,11.8
CT-0000493,sha256_hardware,12.7
CT-0000494,sha256_hardware,11.4
CT-0000495,sha256_hardware,11.1
CT-0000496,sha256_hardware,11.3
CT-0000497,sha256_hardware,10.3
CT-0000498,sha256_hardware,14.5
CT-0000499,sha256_hardware,13.8
CT-0000500,sha256_hardware,11.9
CT-0000501,sha256_hardware,12.9
CT-0000502,sha256_hardware,13.4
CT-0000503,sha256_hardware,12.4
CT-0000504,sha256_hardware,11.8
CT-0000505,sha256_hardware,11.6
CT-0000506,sha256_hardware,10.5
CT-0000507,sha256_hardware,12.2
CT-0000508,sha256_hardware,13.0
CT-0000509,sha256_hardware,13.1
CT-0000510,sha256_hardware,12.6
CT-0000511,sha256_hardware,14.2
CT-0000512,sha256_hardware,11.3
CT-0000513,sha256_hardware,12.0
CT-0000514,sha256_hardware,12.3
CT-0000515,sha256_hardware,12.5
CT-0000516,sha256_hardware,11.8
CT-0000517,sha256_hardware,12.5
CT-0000518,sha256_hardware,11.8
CT-0000519,sha256_hardware,13.3
CT-0000520,sha256_hardware,11.5
CT-0000521,sha256_hardware,11.5
CT-0000522,sha256_hardware,11.7
CT-0000523,sha256_hardware,12.5
CT-0000524,sha256_hardware,12.0
CT-0000525,sha256_hardware,12.9
CT-0000526,sha256_hardware,12.4
CT-0000527,sha256_hardware,14.5
CT-0000528,sha256_hardware,12.2
CT-0000529,sha256_hardware,10.5
CT-0000530,sha256_hardware,10.8
CT-0000531,sha256_hardware,12.4
CT-0000532,sha256_hardware,11.0
CT-0000533,sha256_hardware,11.7
CT-0000534,sha256_hardware,13.3
CT-0000535,sha256_hardware,12.1
CT-0000536,sha256_hardware,12.5
CT-0000537,sha256_hardware,9.8
CT-0000538,sha256_hardware,12.1
CT-0000539,sha256_hardware,11.7
CT-0000540,sha256_hardware,12.5
CT-0000541,sha256_hardware,12.1
CT-0000542,sha256_hardware,12.0
CT-0000543,sha256_hardware,11.4
CT-0000544,sha256_hardware,13.6
CT-0000545,sha256_hardware,11.9
CT-0000546,sha256_hardware,11.7
CT-0000547,sha256_hardware,11.7
CT-0000548,sha256_hardware,10.4
CT-0000549,sha256_hardware,11.2
CT-0000550,sha256_hardware,11.8
CT-0000551,sha256_hardware,12.4
CT-0000552,sha256_hardware,11.6
CT-0000553,sha256_hardware,12.1
CT-0000554,sha256_hardware,12.4
CT-0000555,sha256_hardware,12.3
CT-0000556,sha256_hardware,10.9
CT-0000557,sha256_hardware,12.4
CT-0000558,sha256_hardware,13.1
CT-0000559,sha256_hardware,12.2
CT-0000560,sha256_hardware,12.2
CT-0000561,sha256_hardware,11.2
CT-0000562,sha256_hardware,10.2
CT-0000563,sha256_hardware,12.1
CT-0000564,sha256_hardware,12.1
CT-0000565,sha256_hardware,11.6
CT-0000566,sha256_hardware,11.8
CT-0000567,sha256_hardware,13.0
CT-0000568,sha256_hardware,13.5
CT-0000569,sha256_hardware,10.8
CT-0000570,sha256_hardware,10.5
CT-0000571,sha256_hardware,12.4
CT-0000572,sha256_hardware,12.9
CT-0000573,sha256_hardware,11.7
CT-0000574,sha256_hardware,11.2
CT-0000575,sha256_hardware,10.3
CT-0000576,sha256_hardware,10.7
CT-0000577,sha256_hardware,12.9
CT-0000578,sha256_hardware,11.7
CT-0000579,sha256_hardware,13.5
CT-0000580,sha256_hardware,13.0
CT-0000581,sha256_hardware,12.7
CT-0000582,sha256_hardware,11.1
CT-0000583,sha256_hardware,11.8
CT-0000584,sha256_hardware,13.8
CT-0000585,sha256_hardware,10.5
CT-0000586,sha256_hardware,12.8
CT-0000587,sha256_hardware,12.1
CT-0000588,sha256_hardware,13.4
CT-0000589,sha256_hardware,12.2
CT-0000590,sha256_hardware,12.5
CT-0000591,sha256_hardware,13.0
CT-0000592,sha256_hardware,11.8
CT-0000593,sha256_hardware,11.1
CT-0000594,sha256_hardware,11.7
CT-0000595,sha256_hardware,12.0
CT-0000596,sha256_hardware,11.9
CT-0000597,sha256_hardware,11.8
CT-0000598,sha256_hardware,11.1
CT-0000599,sha256_hardware,12.8
CT-0000600,sha256_hardware,10.2
CT-0000601,sha256_hardware,11.3
CT-0000602,sha256_hardware,12.7
CT-0000603,sha256_hardware,12.5
CT-0000604,sha256_hardware,12.9
CT-0000605,sha256_hardware,13.3
CT-0000606,sha256_hardware,12.8
CT-0000607,sha256_hardware,11.3
CT-0000608,sha256_hardware,11.1
CT-0000609,sha256_hardware,11.4
CT-0000610,sha256_hardware,12.3
CT-0000611,sha256_hardware,13.1
CT-0000612,sha256_hardware,11.7
CT-0000613,sha256_hardware,13.6
CT-0000614,sha256_hardware,11.6
CT-0000615,sha256_hardware,13.8
CT-0000616,sha256_hardware,10.3
CT-0000617,sha256_hardware,11.2
CT-0000618,sha256_hardware,11.4
CT-0000619,sha256_hardware,13.5
CT-0000620,sha256_hardware,10.5
CT-0000621,sha256_hardware,10.8
CT-0000622,sha256_hardware,12.4
CT-0000623,sha256_hardware,11.7
CT-0000624,sha256_hardware,10.5
CT-0000625,sha256_hardware,11.6
CT-0000626,sha256_hardware,12.6
CT-0000627,sha256_hardware,11.7
CT-0000628,sha256_hardware,10.6
CT-0000629,sha256_hardware,12.2
CT-0000630,sha256_hardware,11.7
CT-0000631,sha256_hardware,10.8
CT-0000632,sha256_hardware,11.6
CT-0000633,sha256_hardware,13.1
CT-0000634,sha256_hardware,11.9
CT-0000635,sha256_hardware,10.5
CT-0000636,sha256_hardware,12.4
CT-0000637,sha256_hardware,9.8
CT-0000638,sha256_hardware,12.0
CT-0000639,sha256_hardware,13.4
CT-0000640,sha256_hardware,12.3
CT-0000641,sha256_hardware,12.0
CT-0000642,sha256_hardware,11.5
CT-0000643,sha256_hardware,13.0
CT-0000644,sha256_hardware,12.9
CT-0000645,sha256_hardware,9.7
CT-0000646,sha256_hardware,12.0
CT-0000647,sha256_hardware,11.7
CT-0000648,sha256_hardware,10.7
CT-0000649,sha256_hardware,14.7
CT-0000650,sha256_hardware,11.2
CT-0000651,sha256_hardware,11.3
CT-0000652,sha256_hardware,10.3
CT-0000653,sha256_hardware,12.4
CT-0000654,sha256_hardware,11.7
CT-0000655,sha256_hardware,12.7
CT-0000656,sha256_hardware,12.8
CT-0000657,sha256_hardware,11.1
CT-0000658,sha256_hardware,11.2
CT-0000659,sha256_hardware,12.9
CT-0000660,sha256_hardware,10.4
CT-0000661,sha256_hardware,13.8
CT-0000662,sha256_hardware,12.6
CT-0000663,sha256_hardware,12.3
CT-0000664,sha256_hardware,12.2
CT-0000665,sha256_hardware,13.5
CT-0000666,sha256_hardware,12.6
CT-0000667,sha256_hardware,10.7
CT-0000668,sha256_hardware,11.6
CT-0000669,sha256_hardware,10.4
CT-0000670,sha256_hardware,10.4
CT-0000671,sha256_hardware,11.2
CT-0000672,sha256_hardware,12.9
CT-0000673,sha256_hardware,12.4
CT-0000674,sha256_hardware,13.5
CT-0000675,sha256_hardware,12.5
CT-0000676,sha256_hardware,13.2
CT-0000677,sha256_hardware,13.4
CT-0000678,sha256_hardware,10.6
CT-0000679,sha256_hardware,13.4
CT-0000680,sha256_hardware,13.8
CT-0000681,sha256_hardware,12.7
CT-0000682,sha256_hardware,12.0
CT-0000683,sha256_hardware,11.4
CT-0000684,sha256_hardware,11.7
CT-0000685,sha256_hardware,12.2
CT-0000686,sha256_hardware,12.3
CT-0000687,sha256_hardware,9.7
CT-0000688,sha256_hardware,13.5
CT-0000689,sha256_hardware,11.3
CT-0000690,sha256_hardware,11.1
CT-0000691,sha256_hardware,12.9
CT-0000692,sha256_hardware,12.5
CT-0000693,sha256_hardware,12.6
CT-0000694,sha256_hardware,13.3
CT-0000695,sha256_hardware,13.6
CT-0000696,sha256_hardware,12.7
CT-0000697,sha256_hardware,9.7
CT-0000698,sha256_hardware,12.8
CT-0000699,sha256_hardware,11.2
CT-0000700,sha256_hardware,12.2
CT-0000701,sha256_hardware,13.0
CT-0000702,sha256_hardware,10.0
CT-0000703,sha256_hardware,11.2
CT-0000704,sha256_hardware,11.9
CT-0000705,sha256_hardware,11.4
CT-0000706,sha256_hardware,12.4
CT-0000707,sha256_hardware,11.1
CT-0000708,sha256_hardware,11.0
CT-0000709,sha256_hardware,11.0
CT-0000710,sha256_hardware,12.5
CT-0000711,sha256_hardware,11.4
CT-0000712,sha256_hardware,12.8
CT-0000713,sha256_hardware,10.5
CT-0000714,sha256_hardware,10.5
CT-0000715,sha256_hardware,11.0
CT-0000716,sha256_hardware,12.7
CT-0000717,sha256_hardware,11.7
CT-0000718,sha256_hardware,12.1
CT-0000719,sha256_hardware,12.9
CT-0000720,sha256_hardware,11.4
CT-0000721,sha256_hardware,11.8
CT-0000722,sha256_hardware,13.6
CT-0000723,sha256_hardware,11.3
CT-0000724,sha256_hardware,12.3
CT-0000725,sha256_hardware,13.5
CT-0000726,sha256_hardware,10.9
CT-0000727,sha256_hardware,12.8
CT-0000728,sha256_hardware,11.0
CT-0000729,sha256_hardware,12.0
CT-0000730,sha256_hardware,11.5
CT-0000731,sha256_hardware,13.7
CT-0000732,sha256_hardware,11.2
CT-0000733,sha256_hardware,12.9
CT-0000734,sha256_hardware,14.1
CT-0000735,sha256_hardware,12.0
CT-0000736,sha256_hardware,13.0
CT-0000737,sha256_hardware,11.6
CT-0000738,sha256_hardware,13.2
CT-0000739,sha256_hardware,11.5
CT-0000740,sha256_hardware,12.7
CT-0000741,sha256_hardware,11.3
CT-0000742,sha256_hardware,13.3
CT-0000743,sha256_hardware,13.0
CT-0000744,sha256_hardware,12.5
CT-0000745,sha256_hardware,11.4
CT-0000746,sha256_hardware,9.6
CT-0000747,sha256_hardware,12.6
CT-0000748,sha256_hardware,11.3
CT-0000749,sha256_hardware,11.9
CT-0000750,sha256_hardware,10.6
CT-0000751,sha256_hardware,12.2
CT-0000752,sha256_hardware,10.9
CT-0000753,sha256_hardware,10.2
CT-0000754,sha256_hardware,12.9
CT-0000755,sha256_hardware,13.6
CT-0000756,sha256_hardware,11.5
CT-0000757,sha256_hardware,11.9
CT-0000758,sha256_hardware,12.8
CT-0000759,sha256_hardware,13.5
CT-0000760,sha256_hardware,13.0
CT-0000761,sha256_hardware,13.1
CT-0000762,sha256_hardware,11.2
CT-0000763,sha256_hardware,12.0
CT-0000764,sha256_hardware,11.7
CT-0000765,sha256_hardware,12.5
CT-0000766,sha256_hardware,12.7
CT-0000767,sha256_hardware,13.6
CT-0000768,sha256_hardware,12.2
CT-0000769,sha256_hardware,13.9
CT-0000770,sha256_hardware,11.1
CT-0000771,sha256_hardware,11.9
CT-0000772,sha256_hardware,12.4
CT-0000773,sha256_hardware,14.2
CT-0000774,sha256_hardware,12.3
CT-0000775,sha256_hardware,9.9
CT-0000776,sha256_hardware,12.0
CT-0000777,sha256_hardware,12.7
CT-0000778,sha256_hardware,11.9
CT-0000779,sha256_hardware,12.4
CT-0000780,sha256_hardware,11.0
CT-0000781,sha256_hardware,12.1
CT-0000782,sha256_hardware,12.2
CT-0000783,sha256_hardware,11.7
CT-0000784,sha256_hardware,12.3
CT-0000785,sha256_hardware,11.2
CT-0000786,sha256_hardware,12.0
CT-0000787,sha256_hardware,14.0
CT-0000788,sha256_hardware,11.1
CT-0000789,sha256_hardware,10.1
CT-0000790,sha256_hardware,12.0
CT-0000791,sha256_hardware,11.0
CT-0000792,sha256_hardware,12.9
CT-0000793,sha256_hardware,10.1
CT-0000794,sha256_hardware,12.4
CT-0000795,sha256_hardware,11.1
CT-0000796,sha256_hardware,11.7
CT-0000797,sha256_hardware,13.0
CT-0000798,sha256_hardware,13.6
CT-0000799,sha256_hardware,13.3
CT-0000800,sha256_hardware,12.8
CT-0000801,sha256_hardware,14.0
CT-0000802,sha256_hardware,11.3
CT-0000803,sha256_hardware,9.6
CT-0000804,sha256_hardware,13.1
CT-0000805,sha256_hardware,14.3
CT-0000806,sha256_hardware,13.4
CT-0000807,sha256_hardware,11.7
CT-0000808,sha256_hardware,11.6
CT-0000809,sha256_hardware,10.9
CT-0000810,sha256_hardware,13.1
CT-0000811,sha256_hardware,11.0
CT-0000812,sha256_hardware,12.1
CT-0000813,sha256_hardware,12.4
CT-0000814,sha256_hardware,10.0
CT-0000815,sha256_hardware,12.7
CT-0000816,sha256_hardware,10.3
CT-0000817,sha256_hardware,11.3
CT-0000818,sha256_hardware,10.0
CT-0000819,sha256_hardware,10.7
CT-0000820,sha256_hardware,12.0
CT-0000821,sha256_hardware,12.4
CT-0000822,sha256_hardware,10.9
CT-0000823,sha256_hardware,11.9
CT-0000824,sha256_hardware,12.1
CT-0000825,sha256_hardware,11.8
CT-0000826,sha256_hardware,11.7
CT-0000827,sha256_hardware,12.9
CT-0000828,sha256_hardware,12.7
CT-0000829,sha256_hardware,11.6
CT-0000830,sha256_hardware,13.4
CT-0000831,sha256_hardware,11.0
CT-0000832,sha256_hardware,12.1
CT-0000833,sha256_hardware,12.3
CT-0000834,sha256_hardware,12.9
CT-0000835,sha256_hardware,10.3
CT-0000836,sha256_hardware,12.4
CT-0000837,sha256_hardware,12.1
CT-0000838,sha256_hardware,9.0
CT-0000839,sha256_hardware,14.0
CT-0000840,sha256_hardware,12.2
CT-0000841,sha256_hardware,10.1
CT-0000842,sha256_hardware,11.3
CT-0000843,sha256_hardware,12.2
CT-0000844,sha256_hardware,11.9
CT-0000845,sha256_hardware,12.3
CT-0000846,sha256_hardware,13.5
CT-0000847,sha256_hardware,13.0
CT-0000848,sha256_hardware,12.2
CT-0000849,sha256_hardware,11.5
CT-0000850,sha256_hardware,12.2
CT-0000851,sha256_hardware,10.9
CT-0000852,sha256_hardware,12.2
CT-0000853,sha256_hardware,11.7
CT-0000854,sha256_hardware,13.4
CT-0000855,sha256_hardware,12.3
CT-0000856,sha256_hardware,12.1
CT-0000857,sha256_hardware,11.4
CT-0000858,sha256_hardware,11.8
CT-0000859,sha256_hardware,11.9
CT-0000860,sha256_hardware,10.9
CT-0000861,sha256_hardware,11.4
CT-0000862,sha256_hardware,10.7
CT-0000863,sha256_hardware,11.3
CT-0000864,sha256_hardware,11.2
CT-0000865,sha256_hardware,12.1
CT-0000866,sha256_hardware,9.8
CT-0000867,sha256_hardware,11.1
CT-0000868,sha256_hardware,12.7
CT-0000869,sha256_hardware,12.6
CT-0000870,sha256_hardware,13.1
CT-0000871,sha256_hardware,11.7
CT-0000872,sha256_hardware,12.3
CT-0000873,sha256_hardware,12.1
CT-0000874,sha256_hardware,10.3
CT-0000875,sha256_hardware,10.9
CT-0000876,sha256_hardware,11.6
CT-0000877,sha256_hardware,12.2
CT-0000878,sha256_hardware,12.1
CT-0000879,sha256_hardware,13.9
CT-0000880,sha256_hardware,13.1
CT-0000881,sha256_hardware,10.0
CT-0000882,sha256_hardware,12.4
CT-0000883,sha256_hardware,11.1
CT-0000884,sha256_hardware,12.1
CT-0000885,sha256_hardware,13.3
CT-0000886,sha256_hardware,11.1
CT-0000887,sha256_hardware,12.3
CT-0000888,sha256_hardware,11.3
CT-0000889,sha256_hardware,11.7
CT-0000890,sha256_hardware,13.0
CT-0000891,sha256_hardware,13.0
CT-0000892,sha256_hardware,10.8
CT-0000893,sha256_hardware,10.9
CT-0000894,sha256_hardware,13.1
CT-0000895,sha256_hardware,14.8
CT-0000896,sha256_hardware,13.6
CT-0000897,sha256_hardware,12.7
CT-0000898,sha256_hardware,10.8
CT-0000899,sha256_hardware,11.8
CT-0000900,sha256_hardware,12.7
CT-0000901,sha256_hardware,12.3
CT-0000902,sha256_hardware,11.4
CT-0000903,sha256_hardware,12.7
CT-0000904,sha256_hardware,11.4
CT-0000905,sha256_hardware,12.0
CT-0000906,sha256_hardware,12.1
CT-0000907,sha256_hardware,10.9
CT-0000908,sha256_hardware,11.0
CT-0000909,sha256_hardware,12.2
CT-0000910,sha256_hardware,12.6
CT-0000911,sha256_hardware,13.1
CT-0000912,sha256_hardware,14.4
CT-0000913,sha256_hardware,11.3
CT-0000914,sha256_hardware,11.2
CT-0000915,sha256_hardware,11.6
CT-0000916,sha256_hardware,11.4
CT-0000917,sha256_hardware,12.0
CT-0000918,sha256_hardware,13.4
CT-0000919,sha256_hardware,12.3
CT-0000920,sha256_hardware,12.2
CT-0000921,sha256_hardware,10.6
CT-0000922,sha256_hardware,12.7
CT-0000923,sha256_hardware,11.8
CT-0000924,sha256_hardware,10.6
CT-0000925,sha256_hardware,10.7
CT-0000926,sha256_hardware,12.1
CT-0000927,sha256_hardware,12.4
CT-0000928,sha256_hardware,11.3
CT-0000929,sha256_hardware,13.3
CT-0000930,sha256_hardware,13.5
CT-0000931,sha256_hardware,10.7
CT-0000932,sha256_hardware,11.0
CT-0000933,sha256_hardware,12.8
CT-0000934,sha256_hardware,13.5
CT-0000935,sha256_hardware,11.7
CT-0000936,sha256_hardware,10.7
CT-0000937,sha256_hardware,11.4
CT-0000938,sha256_hardware,12.0
CT-0000939,sha256_hardware,11.8
CT-0000940,sha256_hardware,12.1
CT-0000941,sha256_hardware,12.4
CT-0000942,sha256_hardware,12.2
CT-0000943,sha256_hardware,11.6
CT-0000944,sha256_hardware,11.9
CT-0000945,sha256_hardware,10.6
CT-0000946,sha256_hardware,13.1
CT-0000947,sha256_hardware,10.6
CT-0000948,sha256_hardware,11.3
CT-0000949,sha256_hardware,11.9
CT-0000950,sha256_hardware,12.0
CT-0000951,sha256_hardware,11.3
CT-0000952,sha256_hardware,11.8
CT-0000953,sha256_hardware,12.1
CT-0000954,sha256_hardware,11.6
CT-0000955,sha256_hardware,11.1
CT-0000956,sha256_hardware,10.9
CT-0000957,sha256_hardware,12.4
CT-0000958,sha256_hardware,12.6
CT-0000959,sha256_hardware,10.9
CT-0000960,sha256_hardware,12.1
CT-0000961,sha256_hardware,13.1
CT-0000962,sha256_hardware,12.3
CT-0000963,sha256_hardware,9.9
CT-0000964,sha256_hardware,12.6
CT-0000965,sha256_hardware,12.5
CT-0000966,sha256_hardware,13.0
CT-0000967,sha256_hardware,9.6
CT-0000968,sha256_hardware,11.5
CT-0000969,sha256_hardware,12.6
CT-0000970,sha256_hardware,12.7
CT-0000971,sha256_hardware,11.7
CT-0000972,sha256_hardware,12.8
CT-0000973,sha256_hardware,12.5
CT-0000974,sha256_hardware,11.1
CT-0000975,sha256_hardware,11.3
CT-0000976,sha256_hardware,12.1
CT-0000977,sha256_hardware,11.3
CT-0000978,sha256_hardware,11.2
CT-0000979,sha256_hardware,12.1
CT-0000980,sha256_hardware,12.3
CT-0000981,sha256_hardware,11.1
CT-0000982,sha256_hardware,10.3
CT-0000983,sha256_hardware,11.3
CT-0000984,sha256_hardware,13.1
CT-0000985,sha256_hardware,13.0
CT-0000986,sha256_hardware,11.2
CT-0000987,sha256_hardware,12.1
CT-0000988,sha256_hardware,12.6
CT-0000989,sha256_hardware,11.8
CT-0000990,sha256_hardware,11.2
CT-0000991,sha256_hardware,12.0
CT-0000992,sha256_hardware,12.7
CT-0000993,sha256_hardware,11.2
CT-0000994,sha256_hardware,11.8
CT-0000995,sha256_hardware,11.0
CT-0000996,sha256_hardware,15.0
CT-0000997,sha256_hardware,12.0
CT-0000998,sha256_hardware,12.9
CT-0000999,sha256_hardware,9.9
CT-0001000,sha256_hardware,13.1
CT-0001001,efuse_key_read,8.0
CT-0001002,efuse_key_read,8.0
CT-0001003,efuse_key_read,8.0
CT-0001004,efuse_key_read,8.0
CT-0001005,efuse_key_read,8.0
CT-0001006,efuse_key_read,8.0
CT-0001007,efuse_key_read,8.0
CT-0001008,efuse_key_read,8.0
CT-0001009,efuse_key_read,8.0
CT-0001010,efuse_key_read,8.0
CT-0001011,efuse_key_read,8.0
CT-0001012,efuse_key_read,8.0
CT-0001013,efuse_key_read,8.0
CT-0001014,efuse_key_read,8.0
CT-0001015,efuse_key_read,8.0
CT-0001016,efuse_key_read,8.0
CT-0001017,efuse_key_read,8.0
CT-0001018,efuse_key_read,8.0
CT-0001019,efuse_key_read,8.0
CT-0001020,efuse_key_read,8.0
CT-0001021,efuse_key_read,8.0
CT-0001022,efuse_key_read,8.0
CT-0001023,efuse_key_read,8.0
CT-0001024,efuse_key_read,8.0
CT-0001025,efuse_key_read,8.0
CT-0001026,efuse_key_read,8.0
CT-0001027,efuse_key_read,8.0
CT-0001028,efuse_key_read,8.0
CT-0001029,efuse_key_read,8.0
CT-0001030,efuse_key_read,8.0
CT-0001031,efuse_key_read,8.0
CT-0001032,efuse_key_read,8.0
CT-0001033,efuse_key_read,8.0
CT-0001034,efuse_key_read,8.0
CT-0001035,efuse_key_read,8.0
CT-0001036,efuse_key_read,8.0
CT-0001037,efuse_key_read,8.0
CT-0001038,efuse_key_read,8.0
CT-0001039,efuse_key_read,8.0
CT-0001040,efuse_key_read,8.0
CT-0001041,efuse_key_read,8.0
CT-0001042,efuse_key_read,8.0
CT-0001043,efuse_key_read,8.0
CT-0001044,efuse_key_read,8.0
CT-0001045,efuse_key_read,8.0
CT-0001046,efuse_key_read,8.0
CT-0001047,efuse_key_read,8.0
CT-0001048,efuse_key_read,8.0
CT-0001049,efuse_key_read,8.0
CT-0001050,efuse_key_read,8.0
CT-0001051,efuse_key_read,8.0
CT-0001052,efuse_key_read,8.0
CT-0001053,efuse_key_read,8.0
CT-0001054,efuse_key_read,8.0
CT-0001055,efuse_key_read,8.0
CT-0001056,efuse_key_read,8.0
CT-0001057,efuse_key_read,8.0
CT-0001058,efuse_key_read,8.0
CT-0001059,efuse_key_read,8.0
CT-0001060,efuse_key_read,8.0
CT-0001061,efuse_key_read,8.0
CT-0001062,efuse_key_read,8.0
CT-0001063,efuse_key_read,8.0
CT-0001064,efuse_key_read,8.0
CT-0001065,efuse_key_read,8.0
CT-0001066,efuse_key_read,8.0
CT-0001067,efuse_key_read,8.0
CT-0001068,efuse_key_read,8.0
CT-0001069,efuse_key_read,8.0
CT-0001070,efuse_key_read,8.0
CT-0001071,efuse_key_read,8.0
CT-0001072,efuse_key_read,8.0
CT-0001073,efuse_key_read,8.0
CT-0001074,efuse_key_read,8.0
CT-0001075,efuse_key_read,8.0
CT-0001076,efuse_key_read,8.0
CT-0001077,efuse_key_read,8.0
CT-0001078,efuse_key_read,8.0
CT-0001079,efuse_key_read,8.0
CT-0001080,efuse_key_read,8.0
CT-0001081,efuse_key_read,8.0
CT-0001082,efuse_key_read,8.0
CT-0001083,efuse_key_read,8.0
CT-0001084,efuse_key_read,8.0
CT-0001085,efuse_key_read,8.0
CT-0001086,efuse_key_read,8.0
CT-0001087,efuse_key_read,8.0
CT-0001088,efuse_key_read,8.0
CT-0001089,efuse_key_read,8.0
CT-0001090,efuse_key_read,8.0
CT-0001091,efuse_key_read,8.0
CT-0001092,efuse_key_read,8.0
CT-0001093,efuse_key_read,8.0
CT-0001094,efuse_key_read,8.0
CT-0001095,efuse_key_read,8.0
CT-0001096,efuse_key_read,8.0
CT-0001097,efuse_key_read,8.0
CT-0001098,efuse_key_read,8.0
CT-0001099,efuse_key_read,8.0
CT-0001100,efuse_key_read,8.0
CT-0001101,efuse_key_read,8.0
CT-0001102,efuse_key_read,8.0
CT-0001103,efuse_key_read,8.0
CT-0001104,efuse_key_read,8.0
CT-0001105,efuse_key_read,8.0
CT-0001106,efuse_key_read,8.0
CT-0001107,efuse_key_read,8.0
CT-0001108,efuse_key_read,8.0
CT-0001109,efuse_key_read,8.0
CT-0001110,efuse_key_read,8.0
CT-0001111,efuse_key_read,8.0
CT-0001112,efuse_key_read,8.0
CT-0001113,efuse_key_read,8.0
CT-0001114,efuse_key_read,8.0
CT-0001115,efuse_key_read,8.0
CT-0001116,efuse_key_read,8.0
CT-0001117,efuse_key_read,8.0
CT-0001118,efuse_key_read,8.0
CT-0001119,efuse_key_read,8.0
CT-0001120,efuse_key_read,8.0
CT-0001121,efuse_key_read,8.0
CT-0001122,efuse_key_read,8.0
CT-0001123,efuse_key_read,8.0
CT-0001124,efuse_key_read,8.0
CT-0001125,efuse_key_read,8.0
CT-0001126,efuse_key_read,8.0
CT-0001127,efuse_key_read,8.0
CT-0001128,efuse_key_read,8.0
CT-0001129,efuse_key_read,8.0
CT-0001130,efuse_key_read,8.0
CT-0001131,efuse_key_read,8.0
CT-0001132,efuse_key_read,8.0
CT-0001133,efuse_key_read,8.0
CT-0001134,efuse_key_read,8.0
CT-0001135,efuse_key_read,8.0
CT-0001136,efuse_key_read,8.0
CT-0001137,efuse_key_read,8.0
CT-0001138,efuse_key_read,8.0
CT-0001139,efuse_key_read,8.0
CT-0001140,efuse_key_read,8.0
CT-0001141,efuse_key_read,8.0
CT-0001142,efuse_key_read,8.0
CT-0001143,efuse_key_read,8.0
CT-0001144,efuse_key_read,8.0
CT-0001145,efuse_key_read,8.0
CT-0001146,efuse_key_read,8.0
CT-0001147,efuse_key_read,8.0
CT-0001148,efuse_key_read,8.0
CT-0001149,efuse_key_read,8.0
CT-0001150,efuse_key_read,8.0
CT-0001151,efuse_key_read,8.0
CT-0001152,efuse_key_read,8.0
CT-0001153,efuse_key_read,8.0
CT-0001154,efuse_key_read,8.0
CT-0001155,efuse_key_read,8.0
CT-0001156,efuse_key_read,8.0
CT-0001157,efuse_key_read,8.0
CT-0001158,efuse_key_read,8.0
CT-0001159,efuse_key_read,8.0
CT-0001160,efuse_key_read,8.0
CT-0001161,efuse_key_read,8.0
CT-0001162,efuse_key_read,8.0
CT-0001163,efuse_key_read,8.0
CT-0001164,efuse_key_read,8.0
CT-0001165,efuse_key_read,8.0
CT-0001166,efuse_key_read,8.0
CT-0001167,efuse_key_read,8.0
CT-0001168,efuse_key_read,8.0
CT-0001169,efuse_key_read,8.0
CT-0001170,efuse_key_read,8.0
CT-0001171,efuse_key_read,8.0
CT-0001172,efuse_key_read,8.0
CT-0001173,efuse_key_read,8.0
CT-0001174,efuse_key_read,8.0
CT-0001175,efuse_key_read,8.0
CT-0001176,efuse_key_read,8.0
CT-0001177,efuse_key_read,8.0
CT-0001178,efuse_key_read,8.0
CT-0001179,efuse_key_read,8.0
CT-0001180,efuse_key_read,8.0
CT-0001181,efuse_key_read,8.0
CT-0001182,efuse_key_read,8.0
CT-0001183,efuse_key_read,8.0
CT-0001184,efuse_key_read,8.0
CT-0001185,efuse_key_read,8.0
CT-0001186,efuse_key_read,8.0
CT-0001187,efuse_key_read,8.0
CT-0001188,efuse_key_read,8.0
CT-0001189,efuse_key_read,8.0
CT-0001190,efuse_key_read,8.0
CT-0001191,efuse_key_read,8.0
CT-0001192,efuse_key_read,8.0
CT-0001193,efuse_key_read,8.0
CT-0001194,efuse_key_read,8.0
CT-0001195,efuse_key_read,8.0
CT-0001196,efuse_key_read,8.0
CT-0001197,efuse_key_read,8.0
CT-0001198,efuse_key_read,8.0
CT-0001199,efuse_key_read,8.0
CT-0001200,efuse_key_read,8.0
CT-0001201,efuse_key_read,8.0
CT-0001202,efuse_key_read,8.0
CT-0001203,efuse_key_read,8.0
CT-0001204,efuse_key_read,8.0
CT-0001205,efuse_key_read,8.0
CT-0001206,efuse_key_read,8.0
CT-0001207,efuse_key_read,8.0
CT-0001208,efuse_key_read,8.0
CT-0001209,efuse_key_read,8.0
CT-0001210,efuse_key_read,8.0
CT-0001211,efuse_key_read,8.0
CT-0001212,efuse_key_read,8.0
CT-0001213,efuse_key_read,8.0
CT-0001214,efuse_key_read,8.0
CT-0001215,efuse_key_read,8.0
CT-0001216,efuse_key_read,8.0
CT-0001217,efuse_key_read,8.0
CT-0001218,efuse_key_read,8.0
CT-0001219,efuse_key_read,8.0
CT-0001220,efuse_key_read,8.0
CT-0001221,efuse_key_read,8.0
CT-0001222,efuse_key_read,8.0
CT-0001223,efuse_key_read,8.0
CT-0001224,efuse_key_read,8.0
CT-0001225,efuse_key_read,8.0
CT-0001226,efuse_key_read,8.0
CT-0001227,efuse_key_read,8.0
CT-0001228,efuse_key_read,8.0
CT-0001229,efuse_key_read,8.0
CT-0001230,efuse_key_read,8.0
CT-0001231,efuse_key_read,8.0
CT-0001232,efuse_key_read,8.0
CT-0001233,efuse_key_read,8.0
CT-0001234,efuse_key_read,8.0
CT-0001235,efuse_key_read,8.0
CT-0001236,efuse_key_read,8.0
CT-0001237,efuse_key_read,8.0
CT-0001238,efuse_key_read,8.0
CT-0001239,efuse_key_read,8.0
CT-0001240,efuse_key_read,8.0
CT-0001241,efuse_key_read,8.0
CT-0001242,efuse_key_read,8.0
CT-0001243,efuse_key_read,8.0
CT-0001244,efuse_key_read,8.0
CT-0001245,efuse_key_read,8.0
CT-0001246,efuse_key_read,8.0
CT-0001247,efuse_key_read,8.0
CT-0001248,efuse_key_read,8.0
CT-0001249,efuse_key_read,8.0
CT-0001250,efuse_key_read,8.0
CT-0001251,efuse_key_read,8.0
CT-0001252,efuse_key_read,8.0
CT-0001253,efuse_key_read,8.0
CT-0001254,efuse_key_read,8.0
CT-0001255,efuse_key_read,8.0
CT-0001256,efuse_key_read,8.0
CT-0001257,efuse_key_read,8.0
CT-0001258,efuse_key_read,8.0
CT-0001259,efuse_key_read,8.0
CT-0001260,efuse_key_read,8.0
CT-0001261,efuse_key_read,8.0
CT-0001262,efuse_key_read,8.0
CT-0001263,efuse_key_read,8.0
CT-0001264,efuse_key_read,8.0
CT-0001265,efuse_key_read,8.0
CT-0001266,efuse_key_read,8.0
CT-0001267,efuse_key_read,8.0
CT-0001268,efuse_key_read,8.0
CT-0001269,efuse_key_read,8.0
CT-0001270,efuse_key_read,8.0
CT-0001271,efuse_key_read,8.0
CT-0001272,efuse_key_read,8.0
CT-0001273,efuse_key_read,8.0
CT-0001274,efuse_key_read,8.0
CT-0001275,efuse_key_read,8.0
CT-0001276,efuse_key_read,8.0
CT-0001277,efuse_key_read,8.0
CT-0001278,efuse_key_read,8.0
CT-0001279,efuse_key_read,8.0
CT-0001280,efuse_key_read,8.0
CT-0001281,efuse_key_read,8.0
CT-0001282,efuse_key_read,8.0
CT-0001283,efuse_key_read,8.0
CT-0001284,efuse_key_read,8.0
CT-0001285,efuse_key_read,8.0
CT-0001286,efuse_key_read,8.0
CT-0001287,efuse_key_read,8.0
CT-0001288,efuse_key_read,8.0
CT-0001289,efuse_key_read,8.0
CT-0001290,efuse_key_read,8.0
CT-0001291,efuse_key_read,8.0
CT-0001292,efuse_key_read,8.0
CT-0001293,efuse_key_read,8.0
CT-0001294,efuse_key_read,8.0
CT-0001295,efuse_key_read,8.0
CT-0001296,efuse_key_read,8.0
CT-0001297,efuse_key_read,8.0
CT-0001298,efuse_key_read,8.0
CT-0001299,efuse_key_read,8.0
CT-0001300,efuse_key_read,8.0
CT-0001301,efuse_key_read,8.0
CT-0001302,efuse_key_read,8.0
CT-0001303,efuse_key_read,8.0
CT-0001304,efuse_key_read,8.0
CT-0001305,efuse_key_read,8.0
CT-0001306,efuse_key_read,8.0
CT-0001307,efuse_key_read,8.0
CT-0001308,efuse_key_read,8.0
CT-0001309,efuse_key_read,8.0
CT-0001310,efuse_key_read,8.0
CT-0001311,efuse_key_read,8.0
CT-0001312,efuse_key_read,8.0
CT-0001313,efuse_key_read,8.0
CT-0001314,efuse_key_read,8.0
CT-0001315,efuse_key_read,8.0
CT-0001316,efuse_key_read,8.0
CT-0001317,efuse_key_read,8.0
CT-0001318,efuse_key_read,8.0
CT-0001319,efuse_key_read,8.0
CT-0001320,efuse_key_read,8.0
CT-0001321,efuse_key_read,8.0
CT-0001322,efuse_key_read,8.0
CT-0001323,efuse_key_read,8.0
CT-0001324,efuse_key_read,8.0
CT-0001325,efuse_key_read,8.0
CT-0001326,efuse_key_read,8.0
CT-0001327,efuse_key_read,8.0
CT-0001328,efuse_key_read,8.0
CT-0001329,efuse_key_read,8.0
CT-0001330,efuse_key_read,8.0
CT-0001331,efuse_key_read,8.0
CT-0001332,efuse_key_read,8.0
CT-0001333,efuse_key_read,8.0
CT-0001334,efuse_key_read,8.0
CT-0001335,efuse_key_read,8.0
CT-0001336,efuse_key_read,8.0
CT-0001337,efuse_key_read,8.0
CT-0001338,efuse_key_read,8.0
CT-0001339,efuse_key_read,8.0
CT-0001340,efuse_key_read,8.0
CT-0001341,efuse_key_read,8.0
CT-0001342,efuse_key_read,8.0
CT-0001343,efuse_key_read,8.0
CT-0001344,efuse_key_read,8.0
CT-0001345,efuse_key_read,8.0
CT-0001346,efuse_key_read,8.0
CT-0001347,efuse_key_read,8.0
CT-0001348,efuse_key_read,8.0
CT-0001349,efuse_key_read,8.0
CT-0001350,efuse_key_read,8.0
CT-0001351,efuse_key_read,8.0
CT-0001352,efuse_key_read,8.0
CT-0001353,efuse_key_read,8.0
CT-0001354,efuse_key_read,8.0
CT-0001355,efuse_key_read,8.0
CT-0001356,efuse_key_read,8.0
CT-0001357,efuse_key_read,8.0
CT-0001358,efuse_key_read,8.0
CT-0001359,efuse_key_read,8.0
CT-0001360,efuse_key_read,8.0
CT-0001361,efuse_key_read,8.0
CT-0001362,efuse_key_read,8.0
CT-0001363,efuse_key_read,8.0
CT-0001364,efuse_key_read,8.0
CT-0001365,efuse_key_read,8.0
CT-0001366,efuse_key_read,8.0
CT-0001367,efuse_key_read,8.0
CT-0001368,efuse_key_read,8.0
CT-0001369,efuse_key_read,8.0
CT-0001370,efuse_key_read,8.0
CT-0001371,efuse_key_read,8.0
CT-0001372,efuse_key_read,8.0
CT-0001373,efuse_key_read,8.0
CT-0001374,efuse_key_read,8.0
CT-0001375,efuse_key_read,8.0
CT-0001376,efuse_key_read,8.0
CT-0001377,efuse_key_read,8.0
CT-0001378,efuse_key_read,8.0
CT-0001379,efuse_key_read,8.0
CT-0001380,efuse_key_read,8.0
CT-0001381,efuse_key_read,8.0
CT-0001382,efuse_key_read,8.0
CT-0001383,efuse_key_read,8.0
CT-0001384,efuse_key_read,8.0
CT-0001385,efuse_key_read,8.0
CT-0001386,efuse_key_read,8.0
CT-0001387,efuse_key_read,8.0
CT-0001388,efuse_key_read,8.0
CT-0001389,efuse_key_read,8.0
CT-0001390,efuse_key_read,8.0
CT-0001391,efuse_key_read,8.0
CT-0001392,efuse_key_read,8.0
CT-0001393,efuse_key_read,8.0
CT-0001394,efuse_key_read,8.0
CT-0001395,efuse_key_read,8.0
CT-0001396,efuse_key_read,8.0
CT-0001397,efuse_key_read,8.0
CT-0001398,efuse_key_read,8.0
CT-0001399,efuse_key_read,8.0
CT-0001400,efuse_key_read,8.0
CT-0001401,efuse_key_read,8.0
CT-0001402,efuse_key_read,8.0
CT-0001403,efuse_key_read,8.0
CT-0001404,efuse_key_read,8.0
CT-0001405,efuse_key_read,8.0
CT-0001406,efuse_key_read,8.0
CT-0001407,efuse_key_read,8.0
CT-0001408,efuse_key_read,8.0
CT-0001409,efuse_key_read,8.0
CT-0001410,efuse_key_read,8.0
CT-0001411,efuse_key_read,8.0
CT-0001412,efuse_key_read,8.0
CT-0001413,efuse_key_read,8.0
CT-0001414,efuse_key_read,8.0
CT-0001415,efuse_key_read,8.0
CT-0001416,efuse_key_read,8.0
CT-0001417,efuse_key_read,8.0
CT-0001418,efuse_key_read,8.0
CT-0001419,efuse_key_read,8.0
CT-0001420,efuse_key_read,8.0
CT-0001421,efuse_key_read,8.0
CT-0001422,efuse_key_read,8.0
CT-0001423,efuse_key_read,8.0
CT-0001424,efuse_key_read,8.0
CT-0001425,efuse_key_read,8.0
CT-0001426,efuse_key_read,8.0
CT-0001427,efuse_key_read,8.0
CT-0001428,efuse_key_read,8.0
CT-0001429,efuse_key_read,8.0
CT-0001430,efuse_key_read,8.0
CT-0001431,efuse_key_read,8.0
CT-0001432,efuse_key_read,8.0
CT-0001433,efuse_key_read,8.0
CT-0001434,efuse_key_read,8.0
CT-0001435,efuse_key_read,8.0
CT-0001436,efuse_key_read,8.0
CT-0001437,efuse_key_read,8.0
CT-0001438,efuse_key_read,8.0
CT-0001439,efuse_key_read,8.0
CT-0001440,efuse_key_read,8.0
CT-0001441,efuse_key_read,8.0
CT-0001442,efuse_key_read,8.0
CT-0001443,efuse_key_read,8.0
CT-0001444,efuse_key_read,8.0
CT-0001445,efuse_key_read,8.0
CT-0001446,efuse_key_read,8.0
CT-0001447,efuse_key_read,8.0
CT-0001448,efuse_key_read,8.0
CT-0001449,efuse_key_read,8.0
CT-0001450,efuse_key_read,8.0
CT-0001451,efuse_key_read,8.0
CT-0001452,efuse_key_read,8.0
CT-0001453,efuse_key_read,8.0
CT-0001454,efuse_key_read,8.0
CT-0001455,efuse_key_read,8.0
CT-0001456,efuse_key_read,8.0
CT-0001457,efuse_key_read,8.0
CT-0001458,efuse_key_read,8.0
CT-0001459,efuse_key_read,8.0
CT-0001460,efuse_key_read,8.0
CT-0001461,efuse_key_read,8.0
CT-0001462,efuse_key_read,8.0
CT-0001463,efuse_key_read,8.0
CT-0001464,efuse_key_read,8.0
CT-0001465,efuse_key_read,8.0
CT-0001466,efuse_key_read,8.0
CT-0001467,efuse_key_read,8.0
CT-0001468,efuse_key_read,8.0
CT-0001469,efuse_key_read,8.0
CT-0001470,efuse_key_read,8.0
CT-0001471,efuse_key_read,8.0
CT-0001472,efuse_key_read,8.0
CT-0001473,efuse_key_read,8.0
CT-0001474,efuse_key_read,8.0
CT-0001475,efuse_key_read,8.0
CT-0001476,efuse_key_read,8.0
CT-0001477,efuse_key_read,8.0
CT-0001478,efuse_key_read,8.0
CT-0001479,efuse_key_read,8.0
CT-0001480,efuse_key_read,8.0
CT-0001481,efuse_key_read,8.0
CT-0001482,efuse_key_read,8.0
CT-0001483,efuse_key_read,8.0
CT-0001484,efuse_key_read,8.0
CT-0001485,efuse_key_read,8.0
CT-0001486,efuse_key_read,8.0
CT-0001487,efuse_key_read,8.0
CT-0001488,efuse_key_read,8.0
CT-0001489,efuse_key_read,8.0
CT-0001490,efuse_key_read,8.0
CT-0001491,efuse_key_read,8.0
CT-0001492,efuse_key_read,8.0
CT-0001493,efuse_key_read,8.0
CT-0001494,efuse_key_read,8.0
CT-0001495,efuse_key_read,8.0
CT-0001496,efuse_key_read,8.0
CT-0001497,efuse_key_read,8.0
CT-0001498,efuse_key_read,8.0
CT-0001499,efuse_key_read,8.0
CT-0001500,efuse_key_read,8.0
CT-0001501,efuse_key_read,8.0
CT-0001502,efuse_key_read,8.0
CT-0001503,efuse_key_read,8.0
CT-0001504,efuse_key_read,8.0
CT-0001505,efuse_key_read,8.0
CT-0001506,efuse_key_read,8.0
CT-0001507,efuse_key_read,8.0
CT-0001508,efuse_key_read,8.0
CT-0001509,efuse_key_read,8.0
CT-0001510,efuse_key_read,8.0
CT-0001511,efuse_key_read,8.0
CT-0001512,efuse_key_read,8.0
CT-0001513,efuse_key_read,8.0
CT-0001514,efuse_key_read,8.0
CT-0001515,efuse_key_read,8.0
CT-0001516,efuse_key_read,8.0
CT-0001517,efuse_key_read,8.0
CT-0001518,efuse_key_read,8.0
CT-0001519,efuse_key_read,8.0
CT-0001520,efuse_key_read,8.0
CT-0001521,efuse_key_read,8.0
CT-0001522,efuse_key_read,8.0
CT-0001523,efuse_key_read,8.0
CT-0001524,efuse_key_read,8.0
CT-0001525,efuse_key_read,8.0
CT-0001526,efuse_key_read,8.0
CT-0001527,efuse_key_read,8.0
CT-0001528,efuse_key_read,8.0
CT-0001529,efuse_key_read,8.0
CT-0001530,efuse_key_read,8.0
CT-0001531,efuse_key_read,8.0
CT-0001532,efuse_key_read,8.0
CT-0001533,efuse_key_read,8.0
CT-0001534,efuse_key_read,8.0
CT-0001535,efuse_key_read,8.0
CT-0001536,efuse_key_read,8.0
CT-0001537,efuse_key_read,8.0
CT-0001538,efuse_key_read,8.0
CT-0001539,efuse_key_read,8.0
CT-0001540,efuse_key_read,8.0
CT-0001541,efuse_key_read,8.0
CT-0001542,efuse_key_read,8.0
CT-0001543,efuse_key_read,8.0
CT-0001544,efuse_key_read,8.0
CT-0001545,efuse_key_read,8.0
CT-0001546,efuse_key_read,8.0
CT-0001547,efuse_key_read,8.0
CT-0001548,efuse_key_read,8.0
CT-0001549,efuse_key_read,8.0
CT-0001550,efuse_key_read,8.0
CT-0001551,efuse_key_read,8.0
CT-0001552,efuse_key_read,8.0
CT-0001553,efuse_key_read,8.0
CT-0001554,efuse_key_read,8.0
CT-0001555,efuse_key_read,8.0
CT-0001556,efuse_key_read,8.0
CT-0001557,efuse_key_read,8.0
CT-0001558,efuse_key_read,8.0
CT-0001559,efuse_key_read,8.0
CT-0001560,efuse_key_read,8.0
CT-0001561,efuse_key_read,8.0
CT-0001562,efuse_key_read,8.0
CT-0001563,efuse_key_read,8.0
CT-0001564,efuse_key_read,8.0
CT-0001565,efuse_key_read,8.0
CT-0001566,efuse_key_read,8.0
CT-0001567,efuse_key_read,8.0
CT-0001568,efuse_key_read,8.0
CT-0001569,efuse_key_read,8.0
CT-0001570,efuse_key_read,8.0
CT-0001571,efuse_key_read,8.0
CT-0001572,efuse_key_read,8.0
CT-0001573,efuse_key_read,8.0
CT-0001574,efuse_key_read,8.0
CT-0001575,efuse_key_read,8.0
CT-0001576,efuse_key_read,8.0
CT-0001577,efuse_key_read,8.0
CT-0001578,efuse_key_read,8.0
CT-0001579,efuse_key_read,8.0
CT-0001580,efuse_key_read,8.0
CT-0001581,efuse_key_read,8.0
CT-0001582,efuse_key_read,8.0
CT-0001583,efuse_key_read,8.0
CT-0001584,efuse_key_read,8.0
CT-0001585,efuse_key_read,8.0
CT-0001586,efuse_key_read,8.0
CT-0001587,efuse_key_read,8.0
CT-0001588,efuse_key_read,8.0
CT-0001589,efuse_key_read,8.0
CT-0001590,efuse_key_read,8.0
CT-0001591,efuse_key_read,8.0
CT-0001592,efuse_key_read,8.0
CT-0001593,efuse_key_read,8.0
CT-0001594,efuse_key_read,8.0
CT-0001595,efuse_key_read,8.0
CT-0001596,efuse_key_read,8.0
CT-0001597,efuse_key_read,8.0
CT-0001598,efuse_key_read,8.0
CT-0001599,efuse_key_read,8.0
CT-0001600,efuse_key_read,8.0
CT-0001601,efuse_key_read,8.0
CT-0001602,efuse_key_read,8.0
CT-0001603,efuse_key_read,8.0
CT-0001604,efuse_key_read,8.0
CT-0001605,efuse_key_read,8.0
CT-0001606,efuse_key_read,8.0
CT-0001607,efuse_key_read,8.0
CT-0001608,efuse_key_read,8.0
CT-0001609,efuse_key_read,8.0
CT-0001610,efuse_key_read,8.0
CT-0001611,efuse_key_read,8.0
CT-0001612,efuse_key_read,8.0
CT-0001613,efuse_key_read,8.0
CT-0001614,efuse_key_read,8.0
CT-0001615,efuse_key_read,8.0
CT-0001616,efuse_key_read,8.0
CT-0001617,efuse_key_read,8.0
CT-0001618,efuse_key_read,8.0
CT-0001619,efuse_key_read,8.0
CT-0001620,efuse_key_read,8.0
CT-0001621,efuse_key_read,8.0
CT-0001622,efuse_key_read,8.0
CT-0001623,efuse_key_read,8.0
CT-0001624,efuse_key_read,8.0
CT-0001625,efuse_key_read,8.0
CT-0001626,efuse_key_read,8.0
CT-0001627,efuse_key_read,8.0
CT-0001628,efuse_key_read,8.0
CT-0001629,efuse_key_read,8.0
CT-0001630,efuse_key_read,8.0
CT-0001631,efuse_key_read,8.0
CT-0001632,efuse_key_read,8.0
CT-0001633,efuse_key_read,8.0
CT-0001634,efuse_key_read,8.0
CT-0001635,efuse_key_read,8.0
CT-0001636,efuse_key_read,8.0
CT-0001637,efuse_key_read,8.0
CT-0001638,efuse_key_read,8.0
CT-0001639,efuse_key_read,8.0
CT-0001640,efuse_key_read,8.0
CT-0001641,efuse_key_read,8.0
CT-0001642,efuse_key_read,8.0
CT-0001643,efuse_key_read,8.0
CT-0001644,efuse_key_read,8.0
CT-0001645,efuse_key_read,8.0
CT-0001646,efuse_key_read,8.0
CT-0001647,efuse_key_read,8.0
CT-0001648,efuse_key_read,8.0
CT-0001649,efuse_key_read,8.0
CT-0001650,efuse_key_read,8.0
CT-0001651,efuse_key_read,8.0
CT-0001652,efuse_key_read,8.0
CT-0001653,efuse_key_read,8.0
CT-0001654,efuse_key_read,8.0
CT-0001655,efuse_key_read,8.0
CT-0001656,efuse_key_read,8.0
CT-0001657,efuse_key_read,8.0
CT-0001658,efuse_key_read,8.0
CT-0001659,efuse_key_read,8.0
CT-0001660,efuse_key_read,8.0
CT-0001661,efuse_key_read,8.0
CT-0001662,efuse_key_read,8.0
CT-0001663,efuse_key_read,8.0
CT-0001664,efuse_key_read,8.0
CT-0001665,efuse_key_read,8.0
CT-0001666,efuse_key_read,8.0
CT-0001667,efuse_key_read,8.0
CT-0001668,efuse_key_read,8.0
CT-0001669,efuse_key_read,8.0
CT-0001670,efuse_key_read,8.0
CT-0001671,efuse_key_read,8.0
CT-0001672,efuse_key_read,8.0
CT-0001673,efuse_key_read,8.0
CT-0001674,efuse_key_read,8.0
CT-0001675,efuse_key_read,8.0
CT-0001676,efuse_key_read,8.0
CT-0001677,efuse_key_read,8.0
CT-0001678,efuse_key_read,8.0
CT-0001679,efuse_key_read,8.0
CT-0001680,efuse_key_read,8.0
CT-0001681,efuse_key_read,8.0
CT-0001682,efuse_key_read,8.0
CT-0001683,efuse_key_read,8.0
CT-0001684,efuse_key_read,8.0
CT-0001685,efuse_key_read,8.0
CT-0001686,efuse_key_read,8.0
CT-0001687,efuse_key_read,8.0
CT-0001688,efuse_key_read,8.0
CT-0001689,efuse_key_read,8.0
CT-0001690,efuse_key_read,8.0
CT-0001691,efuse_key_read,8.0
CT-0001692,efuse_key_read,8.0
CT-0001693,efuse_key_read,8.0
CT-0001694,efuse_key_read,8.0
CT-0001695,efuse_key_read,8.0
CT-0001696,efuse_key_read,8.0
CT-0001697,efuse_key_read,8.0
CT-0001698,efuse_key_read,8.0
CT-0001699,efuse_key_read,8.0
CT-0001700,efuse_key_read,8.0
CT-0001701,efuse_key_read,8.0
CT-0001702,efuse_key_read,8.0
CT-0001703,efuse_key_read,8.0
CT-0001704,efuse_key_read,8.0
CT-0001705,efuse_key_read,8.0
CT-0001706,efuse_key_read,8.0
CT-0001707,efuse_key_read,8.0
CT-0001708,efuse_key_read,8.0
CT-0001709,efuse_key_read,8.0
CT-0001710,efuse_key_read,8.0
CT-0001711,efuse_key_read,8.0
CT-0001712,efuse_key_read,8.0
CT-0001713,efuse_key_read,8.0
CT-0001714,efuse_key_read,8.0
CT-0001715,efuse_key_read,8.0
CT-0001716,efuse_key_read,8.0
CT-0001717,efuse_key_read,8.0
CT-0001718,efuse_key_read,8.0
CT-0001719,efuse_key_read,8.0
CT-0001720,efuse_key_read,8.0
CT-0001721,efuse_key_read,8.0
CT-0001722,efuse_key_read,8.0
CT-0001723,efuse_key_read,8.0
CT-0001724,efuse_key_read,8.0
CT-0001725,efuse_key_read,8.0
CT-0001726,efuse_key_read,8.0
CT-0001727,efuse_key_read,8.0
CT-0001728,efuse_key_read,8.0
CT-0001729,efuse_key_read,8.0
CT-0001730,efuse_key_read,8.0
CT-0001731,efuse_key_read,8.0
CT-0001732,efuse_key_read,8.0
CT-0001733,efuse_key_read,8.0
CT-0001734,efuse_key_read,8.0
CT-0001735,efuse_key_read,8.0
CT-0001736,efuse_key_read,8.0
CT-0001737,efuse_key_read,8.0
CT-0001738,efuse_key_read,8.0
CT-0001739,efuse_key_read,8.0
CT-0001740,efuse_key_read,8.0
CT-0001741,efuse_key_read,8.0
CT-0001742,efuse_key_read,8.0
CT-0001743,efuse_key_read,8.0
CT-0001744,efuse_key_read,8.0
CT-0001745,efuse_key_read,8.0
CT-0001746,efuse_key_read,8.0
CT-0001747,efuse_key_read,8.0
CT-0001748,efuse_key_read,8.0
CT-0001749,efuse_key_read,8.0
CT-0001750,efuse_key_read,8.0
CT-0001751,efuse_key_read,8.0
CT-0001752,efuse_key_read,8.0
CT-0001753,efuse_key_read,8.0
CT-0001754,efuse_key_read,8.0
CT-0001755,efuse_key_read,8.0
CT-0001756,efuse_key_read,8.0
CT-0001757,efuse_key_read,8.0
CT-0001758,efuse_key_read,8.0
CT-0001759,efuse_key_read,8.0
CT-0001760,efuse_key_read,8.0
CT-0001761,efuse_key_read,8.0
CT-0001762,efuse_key_read,8.0
CT-0001763,efuse_key_read,8.0
CT-0001764,efuse_key_read,8.0
CT-0001765,efuse_key_read,8.0
CT-0001766,efuse_key_read,8.0
CT-0001767,efuse_key_read,8.0
CT-0001768,efuse_key_read,8.0
CT-0001769,efuse_key_read,8.0
CT-0001770,efuse_key_read,8.0
CT-0001771,efuse_key_read,8.0
CT-0001772,efuse_key_read,8.0
CT-0001773,efuse_key_read,8.0
CT-0001774,efuse_key_read,8.0
CT-0001775,efuse_key_read,8.0
CT-0001776,efuse_key_read,8.0
CT-0001777,efuse_key_read,8.0
CT-0001778,efuse_key_read,8.0
CT-0001779,efuse_key_read,8.0
CT-0001780,efuse_key_read,8.0
CT-0001781,efuse_key_read,8.0
CT-0001782,efuse_key_read,8.0
CT-0001783,efuse_key_read,8.0
CT-0001784,efuse_key_read,8.0
CT-0001785,efuse_key_read,8.0
CT-0001786,efuse_key_read,8.0
CT-0001787,efuse_key_read,8.0
CT-0001788,efuse_key_read,8.0
CT-0001789,efuse_key_read,8.0
CT-0001790,efuse_key_read,8.0
CT-0001791,efuse_key_read,8.0
CT-0001792,efuse_key_read,8.0
CT-0001793,efuse_key_read,8.0
CT-0001794,efuse_key_read,8.0
CT-0001795,efuse_key_read,8.0
CT-0001796,efuse_key_read,8.0
CT-0001797,efuse_key_read,8.0
CT-0001798,efuse_key_read,8.0
CT-0001799,efuse_key_read,8.0
CT-0001800,efuse_key_read,8.0
CT-0001801,efuse_key_read,8.0
CT-0001802,efuse_key_read,8.0
CT-0001803,efuse_key_read,8.0
CT-0001804,efuse_key_read,8.0
CT-0001805,efuse_key_read,8.0
CT-0001806,efuse_key_read,8.0
CT-0001807,efuse_key_read,8.0
CT-0001808,efuse_key_read,8.0
CT-0001809,efuse_key_read,8.0
CT-0001810,efuse_key_read,8.0
CT-0001811,efuse_key_read,8.0
CT-0001812,efuse_key_read,8.0
CT-0001813,efuse_key_read,8.0
CT-0001814,efuse_key_read,8.0
CT-0001815,efuse_key_read,8.0
CT-0001816,efuse_key_read,8.0
CT-0001817,efuse_key_read,8.0
CT-0001818,efuse_key_read,8.0
CT-0001819,efuse_key_read,8.0
CT-0001820,efuse_key_read,8.0
CT-0001821,efuse_key_read,8.0
CT-0001822,efuse_key_read,8.0
CT-0001823,efuse_key_read,8.0
CT-0001824,efuse_key_read,8.0
CT-0001825,efuse_key_read,8.0
CT-0001826,efuse_key_read,8.0
CT-0001827,efuse_key_read,8.0
CT-0001828,efuse_key_read,8.0
CT-0001829,efuse_key_read,8.0
CT-0001830,efuse_key_read,8.0
CT-0001831,efuse_key_read,8.0
CT-0001832,efuse_key_read,8.0
CT-0001833,efuse_key_read,8.0
CT-0001834,efuse_key_read,8.0
CT-0001835,efuse_key_read,8.0
CT-0001836,efuse_key_read,8.0
CT-0001837,efuse_key_read,8.0
CT-0001838,efuse_key_read,8.0
CT-0001839,efuse_key_read,8.0
CT-0001840,efuse_key_read,8.0
CT-0001841,efuse_key_read,8.0
CT-0001842,efuse_key_read,8.0
CT-0001843,efuse_key_read,8.0
CT-0001844,efuse_key_read,8.0
CT-0001845,efuse_key_read,8.0
CT-0001846,efuse_key_read,8.0
CT-0001847,efuse_key_read,8.0
CT-0001848,efuse_key_read,8.0
CT-0001849,efuse_key_read,8.0
CT-0001850,efuse_key_read,8.0
CT-0001851,efuse_key_read,8.0
CT-0001852,efuse_key_read,8.0
CT-0001853,efuse_key_read,8.0
CT-0001854,efuse_key_read,8.0
CT-0001855,efuse_key_read,8.0
CT-0001856,efuse_key_read,8.0
CT-0001857,efuse_key_read,8.0
CT-0001858,efuse_key_read,8.0
CT-0001859,efuse_key_read,8.0
CT-0001860,efuse_key_read,8.0
CT-0001861,efuse_key_read,8.0
CT-0001862,efuse_key_read,8.0
CT-0001863,efuse_key_read,8.0
CT-0001864,efuse_key_read,8.0
CT-0001865,efuse_key_read,8.0
CT-0001866,efuse_key_read,8.0
CT-0001867,efuse_key_read,8.0
CT-0001868,efuse_key_read,8.0
CT-0001869,efuse_key_read,8.0
CT-0001870,efuse_key_read,8.0
CT-0001871,efuse_key_read,8.0
CT-0001872,efuse_key_read,8.0
CT-0001873,efuse_key_read,8.0
CT-0001874,efuse_key_read,8.0
CT-0001875,efuse_key_read,8.0
CT-0001876,efuse_key_read,8.0
CT-0001877,efuse_key_read,8.0
CT-0001878,efuse_key_read,8.0
CT-0001879,efuse_key_read,8.0
CT-0001880,efuse_key_read,8.0
CT-0001881,efuse_key_read,8.0
CT-0001882,efuse_key_read,8.0
CT-0001883,efuse_key_read,8.0
CT-0001884,efuse_key_read,8.0
CT-0001885,efuse_key_read,8.0
CT-0001886,efuse_key_read,8.0
CT-0001887,efuse_key_read,8.0
CT-0001888,efuse_key_read,8.0
CT-0001889,efuse_key_read,8.0
CT-0001890,efuse_key_read,8.0
CT-0001891,efuse_key_read,8.0
CT-0001892,efuse_key_read,8.0
CT-0001893,efuse_key_read,8.0
CT-0001894,efuse_key_read,8.0
CT-0001895,efuse_key_read,8.0
CT-0001896,efuse_key_read,8.0
CT-0001897,efuse_key_read,8.0
CT-0001898,efuse_key_read,8.0
CT-0001899,efuse_key_read,8.0
CT-0001900,efuse_key_read,8.0
CT-0001901,efuse_key_read,8.0
CT-0001902,efuse_key_read,8.0
CT-0001903,efuse_key_read,8.0
CT-0001904,efuse_key_read,8.0
CT-0001905,efuse_key_read,8.0
CT-0001906,efuse_key_read,8.0
CT-0001907,efuse_key_read,8.0
CT-0001908,efuse_key_read,8.0
CT-0001909,efuse_key_read,8.0
CT-0001910,efuse_key_read,8.0
CT-0001911,efuse_key_read,8.0
CT-0001912,efuse_key_read,8.0
CT-0001913,efuse_key_read,8.0
CT-0001914,efuse_key_read,8.0
CT-0001915,efuse_key_read,8.0
CT-0001916,efuse_key_read,8.0
CT-0001917,efuse_key_read,8.0
CT-0001918,efuse_key_read,8.0
CT-0001919,efuse_key_read,8.0
CT-0001920,efuse_key_read,8.0
CT-0001921,efuse_key_read,8.0
CT-0001922,efuse_key_read,8.0
CT-0001923,efuse_key_read,8.0
CT-0001924,efuse_key_read,8.0
CT-0001925,efuse_key_read,8.0
CT-0001926,efuse_key_read,8.0
CT-0001927,efuse_key_read,8.0
CT-0001928,efuse_key_read,8.0
CT-0001929,efuse_key_read,8.0
CT-0001930,efuse_key_read,8.0
CT-0001931,efuse_key_read,8.0
CT-0001932,efuse_key_read,8.0
CT-0001933,efuse_key_read,8.0
CT-0001934,efuse_key_read,8.0
CT-0001935,efuse_key_read,8.0
CT-0001936,efuse_key_read,8.0
CT-0001937,efuse_key_read,8.0
CT-0001938,efuse_key_read,8.0
CT-0001939,efuse_key_read,8.0
CT-0001940,efuse_key_read,8.0
CT-0001941,efuse_key_read,8.0
CT-0001942,efuse_key_read,8.0
CT-0001943,efuse_key_read,8.0
CT-0001944,efuse_key_read,8.0
CT-0001945,efuse_key_read,8.0
CT-0001946,efuse_key_read,8.0
CT-0001947,efuse_key_read,8.0
CT-0001948,efuse_key_read,8.0
CT-0001949,efuse_key_read,8.0
CT-0001950,efuse_key_read,8.0
CT-0001951,efuse_key_read,8.0
CT-0001952,efuse_key_read,8.0
CT-0001953,efuse_key_read,8.0
CT-0001954,efuse_key_read,8.0
CT-0001955,efuse_key_read,8.0
CT-0001956,efuse_key_read,8.0
CT-0001957,efuse_key_read,8.0
CT-0001958,efuse_key_read,8.0
CT-0001959,efuse_key_read,8.0
CT-0001960,efuse_key_read,8.0
CT-0001961,efuse_key_read,8.0
CT-0001962,efuse_key_read,8.0
CT-0001963,efuse_key_read,8.0
CT-0001964,efuse_key_read,8.0
CT-0001965,efuse_key_read,8.0
CT-0001966,efuse_key_read,8.0
CT-0001967,efuse_key_read,8.0
CT-0001968,efuse_key_read,8.0
CT-0001969,efuse_key_read,8.0
CT-0001970,efuse_key_read,8.0
CT-0001971,efuse_key_read,8.0
CT-0001972,efuse_key_read,8.0
CT-0001973,efuse_key_read,8.0
CT-0001974,efuse_key_read,8.0
CT-0001975,efuse_key_read,8.0
CT-0001976,efuse_key_read,8.0
CT-0001977,efuse_key_read,8.0
CT-0001978,efuse_key_read,8.0
CT-0001979,efuse_key_read,8.0
CT-0001980,efuse_key_read,8.0
CT-0001981,efuse_key_read,8.0
CT-0001982,efuse_key_read,8.0
CT-0001983,efuse_key_read,8.0
CT-0001984,efuse_key_read,8.0
CT-0001985,efuse_key_read,8.0
CT-0001986,efuse_key_read,8.0
CT-0001987,efuse_key_read,8.0
CT-0001988,efuse_key_read,8.0
CT-0001989,efuse_key_read,8.0
CT-0001990,efuse_key_read,8.0
CT-0001991,efuse_key_read,8.0
CT-0001992,efuse_key_read,8.0
CT-0001993,efuse_key_read,8.0
CT-0001994,efuse_key_read,8.0
CT-0001995,efuse_key_read,8.0
CT-0001996,efuse_key_read,8.0
CT-0001997,efuse_key_read,8.0
CT-0001998,efuse_key_read,8.0
CT-0001999,efuse_key_read,8.0
CT-0002000,efuse_key_read,8.0
CT-0002001,ed25519_sign,868.6
CT-0002002,ed25519_sign,876.2
CT-0002003,ed25519_sign,858.6
CT-0002004,ed25519_sign,843.1
CT-0002005,ed25519_sign,871.2
CT-0002006,ed25519_sign,861.9
CT-0002007,ed25519_sign,866.6
CT-0002008,ed25519_sign,861.4
CT-0002009,ed25519_sign,867.7
CT-0002010,ed25519_sign,856.9
CT-0002011,ed25519_sign,856.0
CT-0002012,ed25519_sign,866.5
CT-0002013,ed25519_sign,858.3
CT-0002014,ed25519_sign,858.7
CT-0002015,ed25519_sign,856.8
CT-0002016,ed25519_sign,845.9
CT-0002017,ed25519_sign,870.2
CT-0002018,ed25519_sign,861.4
CT-0002019,ed25519_sign,883.6
CT-0002020,ed25519_sign,854.1
CT-0002021,ed25519_sign,869.9
CT-0002022,ed25519_sign,867.8
CT-0002023,ed25519_sign,864.3
CT-0002024,ed25519_sign,859.7
CT-0002025,ed25519_sign,859.5
CT-0002026,ed25519_sign,849.1
CT-0002027,ed25519_sign,851.8
CT-0002028,ed25519_sign,857.5
CT-0002029,ed25519_sign,864.9
CT-0002030,ed25519_sign,855.7
CT-0002031,ed25519_sign,861.3
CT-0002032,ed25519_sign,852.6
CT-0002033,ed25519_sign,861.3
CT-0002034,ed25519_sign,866.3
CT-0002035,ed25519_sign,862.1
CT-0002036,ed25519_sign,856.3
CT-0002037,ed25519_sign,853.6
CT-0002038,ed25519_sign,859.8
CT-0002039,ed25519_sign,861.3
CT-0002040,ed25519_sign,852.8
CT-0002041,ed25519_sign,861.3
CT-0002042,ed25519_sign,851.5
CT-0002043,ed25519_sign,860.8
CT-0002044,ed25519_sign,866.7
CT-0002045,ed25519_sign,852.7
CT-0002046,ed25519_sign,864.2
CT-0002047,ed25519_sign,855.0
CT-0002048,ed25519_sign,863.3
CT-0002049,ed25519_sign,854.6
CT-0002050,ed25519_sign,841.7
CT-0002051,ed25519_sign,860.9
CT-0002052,ed25519_sign,852.2
CT-0002053,ed25519_sign,863.7
CT-0002054,ed25519_sign,863.9
CT-0002055,ed25519_sign,862.8
CT-0002056,ed25519_sign,872.0
CT-0002057,ed25519_sign,853.0
CT-0002058,ed25519_sign,871.5
CT-0002059,ed25519_sign,851.5
CT-0002060,ed25519_sign,845.6
CT-0002061,ed25519_sign,847.7
CT-0002062,ed25519_sign,861.5
CT-0002063,ed25519_sign,859.2
CT-0002064,ed25519_sign,846.4
CT-0002065,ed25519_sign,870.7
CT-0002066,ed25519_sign,866.1
CT-0002067,ed25519_sign,861.2
CT-0002068,ed25519_sign,864.6
CT-0002069,ed25519_sign,865.7
CT-0002070,ed25519_sign,854.8
CT-0002071,ed25519_sign,872.3
CT-0002072,ed25519_sign,866.2
CT-0002073,ed25519_sign,867.9
CT-0002074,ed25519_sign,861.9
CT-0002075,ed25519_sign,869.0
CT-0002076,ed25519_sign,863.6
CT-0002077,ed25519_sign,874.0
CT-0002078,ed25519_sign,865.9
CT-0002079,ed25519_sign,856.6
CT-0002080,ed25519_sign,866.1
CT-0002081,ed25519_sign,847.6
CT-0002082,ed25519_sign,880.1
CT-0002083,ed25519_sign,854.2
CT-0002084,ed25519_sign,849.3
CT-0002085,ed25519_sign,869.8
CT-0002086,ed25519_sign,860.1
CT-0002087,ed25519_sign,856.7
CT-0002088,ed25519_sign,851.3
CT-0002089,ed25519_sign,857.6
CT-0002090,ed25519_sign,849.6
CT-0002091,ed25519_sign,860.8
CT-0002092,ed25519_sign,872.2
CT-0002093,ed25519_sign,871.0
CT-0002094,ed25519_sign,856.8
CT-0002095,ed25519_sign,858.0
CT-0002096,ed25519_sign,876.5
CT-0002097,ed25519_sign,848.2
CT-0002098,ed25519_sign,868.0
CT-0002099,ed25519_sign,851.0
CT-0002100,ed25519_sign,853.8
CT-0002101,ed25519_sign,861.2
CT-0002102,ed25519_sign,855.9
CT-0002103,ed25519_sign,856.6
CT-0002104,ed25519_sign,867.8
CT-0002105,ed25519_sign,849.2
CT-0002106,ed25519_sign,859.3
CT-0002107,ed25519_sign,860.0
CT-0002108,ed25519_sign,850.9
CT-0002109,ed25519_sign,850.0
CT-0002110,ed25519_sign,868.1
CT-0002111,ed25519_sign,856.9
CT-0002112,ed25519_sign,869.7
CT-0002113,ed25519_sign,868.3
CT-0002114,ed25519_sign,869.0
CT-0002115,ed25519_sign,861.6
CT-0002116,ed25519_sign,876.6
CT-0002117,ed25519_sign,863.4
CT-0002118,ed25519_sign,846.5
CT-0002119,ed25519_sign,866.1
CT-0002120,ed25519_sign,858.5
CT-0002121,ed25519_sign,859.2
CT-0002122,ed25519_sign,849.7
CT-0002123,ed25519_sign,853.2
CT-0002124,ed25519_sign,876.6
CT-0002125,ed25519_sign,842.2
CT-0002126,ed25519_sign,867.1
CT-0002127,ed25519_sign,852.9
CT-0002128,ed25519_sign,868.4
CT-0002129,ed25519_sign,854.9
CT-0002130,ed25519_sign,869.6
CT-0002131,ed25519_sign,870.3
CT-0002132,ed25519_sign,860.3
CT-0002133,ed25519_sign,859.8
CT-0002134,ed25519_sign,853.2
CT-0002135,ed25519_sign,842.4
CT-0002136,ed25519_sign,864.9
CT-0002137,ed25519_sign,860.9
CT-0002138,ed25519_sign,853.6
CT-0002139,ed25519_sign,848.2
CT-0002140,ed25519_sign,857.5
CT-0002141,ed25519_sign,859.1
CT-0002142,ed25519_sign,858.6
CT-0002143,ed25519_sign,887.0
CT-0002144,ed25519_sign,858.5
CT-0002145,ed25519_sign,857.5
CT-0002146,ed25519_sign,863.3
CT-0002147,ed25519_sign,846.0
CT-0002148,ed25519_sign,852.3
CT-0002149,ed25519_sign,869.0
CT-0002150,ed25519_sign,839.6
CT-0002151,ed25519_sign,852.9
CT-0002152,ed25519_sign,868.4
CT-0002153,ed25519_sign,853.2
CT-0002154,ed25519_sign,845.6
CT-0002155,ed25519_sign,874.3
CT-0002156,ed25519_sign,862.3
CT-0002157,ed25519_sign,863.9
CT-0002158,ed25519_sign,864.1
CT-0002159,ed25519_sign,874.6
CT-0002160,ed25519_sign,875.4
CT-0002161,ed25519_sign,860.8
CT-0002162,ed25519_sign,870.8
CT-0002163,ed25519_sign,866.5
CT-0002164,ed25519_sign,861.3
CT-0002165,ed25519_sign,860.2
CT-0002166,ed25519_sign,853.8
CT-0002167,ed25519_sign,850.2
CT-0002168,ed25519_sign,855.7
CT-0002169,ed25519_sign,842.6
CT-0002170,ed25519_sign,877.5
CT-0002171,ed25519_sign,865.0
CT-0002172,ed25519_sign,848.6
CT-0002173,ed25519_sign,856.1
CT-0002174,ed25519_sign,861.5
CT-0002175,ed25519_sign,864.1
CT-0002176,ed25519_sign,844.8
CT-0002177,ed25519_sign,865.2
CT-0002178,ed25519_sign,865.8
CT-0002179,ed25519_sign,860.6
CT-0002180,ed25519_sign,874.7
CT-0002181,ed25519_sign,860.5
CT-0002182,ed25519_sign,840.7
CT-0002183,ed25519_sign,864.6
CT-0002184,ed25519_sign,869.1
CT-0002185,ed25519_sign,859.2
CT-0002186,ed25519_sign,855.4
CT-0002187,ed25519_sign,862.8
CT-0002188,ed25519_sign,853.7
CT-0002189,ed25519_sign,857.9
CT-0002190,ed25519_sign,854.7
CT-0002191,ed25519_sign,863.5
CT-0002192,ed25519_sign,844.1
CT-0002193,ed25519_sign,849.1
CT-0002194,ed25519_sign,877.3
CT-0002195,ed25519_sign,848.2
CT-0002196,ed25519_sign,858.0
CT-0002197,ed25519_sign,855.4
CT-0002198,ed25519_sign,879.1
CT-0002199,ed25519_sign,861.9
CT-0002200,ed25519_sign,859.7
CT-0002201,ed25519_sign,867.8
CT-0002202,ed25519_sign,866.8
CT-0002203,ed25519_sign,857.6
CT-0002204,ed25519_sign,862.5
CT-0002205,ed25519_sign,859.7
CT-0002206,ed25519_sign,844.0
CT-0002207,ed25519_sign,875.6
CT-0002208,ed25519_sign,849.3
CT-0002209,ed25519_sign,880.0
CT-0002210,ed25519_sign,857.6
CT-0002211,ed25519_sign,848.3
CT-0002212,ed25519_sign,861.3
CT-0002213,ed25519_sign,862.0
CT-0002214,ed25519_sign,857.4
CT-0002215,ed25519_sign,863.8
CT-0002216,ed25519_sign,856.4
CT-0002217,ed25519_sign,854.7
CT-0002218,ed25519_sign,869.2
CT-0002219,ed25519_sign,845.8
CT-0002220,ed25519_sign,855.6
CT-0002221,ed25519_sign,869.5
CT-0002222,ed25519_sign,850.9
CT-0002223,ed25519_sign,853.9
CT-0002224,ed25519_sign,863.8
CT-0002225,ed25519_sign,860.1
CT-0002226,ed25519_sign,854.6
CT-0002227,ed25519_sign,861.0
CT-0002228,ed25519_sign,872.9
CT-0002229,ed25519_sign,874.8
CT-0002230,ed25519_sign,861.5
CT-0002231,ed25519_sign,848.6
CT-0002232,ed25519_sign,863.4
CT-0002233,ed25519_sign,855.0
CT-0002234,ed25519_sign,865.4
CT-0002235,ed25519_sign,850.3
CT-0002236,ed25519_sign,860.3
CT-0002237,ed25519_sign,864.4
CT-0002238,ed25519_sign,870.1
CT-0002239,ed25519_sign,860.2
CT-0002240,ed25519_sign,854.6
CT-0002241,ed25519_sign,858.2
CT-0002242,ed25519_sign,854.2
CT-0002243,ed25519_sign,867.8
CT-0002244,ed25519_sign,853.6
CT-0002245,ed25519_sign,862.5
CT-0002246,ed25519_sign,862.2
CT-0002247,ed25519_sign,860.0
CT-0002248,ed25519_sign,842.7
CT-0002249,ed25519_sign,861.7
CT-0002250,ed25519_sign,842.5
CT-0002251,ed25519_sign,854.2
CT-0002252,ed25519_sign,865.3
CT-0002253,ed25519_sign,863.5
CT-0002254,ed25519_sign,854.6
CT-0002255,ed25519_sign,857.4
CT-0002256,ed25519_sign,866.0
CT-0002257,ed25519_sign,846.0
CT-0002258,ed25519_sign,864.7
CT-0002259,ed25519_sign,851.2
CT-0002260,ed25519_sign,865.1
CT-0002261,ed25519_sign,846.7
CT-0002262,ed25519_sign,870.3
CT-0002263,ed25519_sign,875.9
CT-0002264,ed25519_sign,853.7
CT-0002265,ed25519_sign,853.0
CT-0002266,ed25519_sign,867.5
CT-0002267,ed25519_sign,855.9
CT-0002268,ed25519_sign,851.9
CT-0002269,ed25519_sign,866.5
CT-0002270,ed25519_sign,852.7
CT-0002271,ed25519_sign,864.1
CT-0002272,ed25519_sign,845.2
CT-0002273,ed25519_sign,850.9
CT-0002274,ed25519_sign,861.2
CT-0002275,ed25519_sign,862.8
CT-0002276,ed25519_sign,862.5
CT-0002277,ed25519_sign,863.1
CT-0002278,ed25519_sign,874.7
CT-0002279,ed25519_sign,873.3
CT-0002280,ed25519_sign,865.0
CT-0002281,ed25519_sign,854.4
CT-0002282,ed25519_sign,858.7
CT-0002283,ed25519_sign,863.4
CT-0002284,ed25519_sign,868.7
CT-0002285,ed25519_sign,857.5
CT-0002286,ed25519_sign,871.1
CT-0002287,ed25519_sign,846.2
CT-0002288,ed25519_sign,859.1
CT-0002289,ed25519_sign,871.7
CT-0002290,ed25519_sign,859.4
CT-0002291,ed25519_sign,859.6
CT-0002292,ed25519_sign,872.6
CT-0002293,ed25519_sign,865.7
CT-0002294,ed25519_sign,861.3
CT-0002295,ed25519_sign,873.2
CT-0002296,ed25519_sign,853.1
CT-0002297,ed25519_sign,835.8
CT-0002298,ed25519_sign,876.2
CT-0002299,ed25519_sign,846.3
CT-0002300,ed25519_sign,853.9
CT-0002301,ed25519_sign,878.5
CT-0002302,ed25519_sign,858.7
CT-0002303,ed25519_sign,853.4
CT-0002304,ed25519_sign,862.1
CT-0002305,ed25519_sign,876.1
CT-0002306,ed25519_sign,882.0
CT-0002307,ed25519_sign,871.5
CT-0002308,ed25519_sign,857.1
CT-0002309,ed25519_sign,862.2
CT-0002310,ed25519_sign,854.0
CT-0002311,ed25519_sign,875.8
CT-0002312,ed25519_sign,858.9
CT-0002313,ed25519_sign,852.3
CT-0002314,ed25519_sign,868.6
CT-0002315,ed25519_sign,880.5
CT-0002316,ed25519_sign,849.6
CT-0002317,ed25519_sign,871.7
CT-0002318,ed25519_sign,870.9
CT-0002319,ed25519_sign,856.4
CT-0002320,ed25519_sign,870.7
CT-0002321,ed25519_sign,861.5
CT-0002322,ed25519_sign,869.0
CT-0002323,ed25519_sign,841.9
CT-0002324,ed25519_sign,855.5
CT-0002325,ed25519_sign,862.7
CT-0002326,ed25519_sign,844.1
CT-0002327,ed25519_sign,857.3
CT-0002328,ed25519_sign,854.4
CT-0002329,ed25519_sign,870.2
CT-0002330,ed25519_sign,855.6
CT-0002331,ed25519_sign,848.4
CT-0002332,ed25519_sign,869.3
CT-0002333,ed25519_sign,849.8
CT-0002334,ed25519_sign,860.3
CT-0002335,ed25519_sign,852.7
CT-0002336,ed25519_sign,850.4
CT-0002337,ed25519_sign,845.5
CT-0002338,ed25519_sign,864.8
CT-0002339,ed25519_sign,849.1
CT-0002340,ed25519_sign,868.1
CT-0002341,ed25519_sign,863.9
CT-0002342,ed25519_sign,861.3
CT-0002343,ed25519_sign,873.0
CT-0002344,ed25519_sign,847.9
CT-0002345,ed25519_sign,866.3
CT-0002346,ed25519_sign,844.1
CT-0002347,ed25519_sign,862.1
CT-0002348,ed25519_sign,862.3
CT-0002349,ed25519_sign,854.4
CT-0002350,ed25519_sign,850.5
CT-0002351,ed25519_sign,869.2
CT-0002352,ed25519_sign,841.9
CT-0002353,ed25519_sign,851.2
CT-0002354,ed25519_sign,865.6
CT-0002355,ed25519_sign,874.4
CT-0002356,ed25519_sign,846.3
CT-0002357,ed25519_sign,865.9
CT-0002358,ed25519_sign,854.9
CT-0002359,ed25519_sign,884.2
CT-0002360,ed25519_sign,852.8
CT-0002361,ed25519_sign,876.7
CT-0002362,ed25519_sign,858.7
CT-0002363,ed25519_sign,863.1
CT-0002364,ed25519_sign,858.3
CT-0002365,ed25519_sign,861.5
CT-0002366,ed25519_sign,871.9
CT-0002367,ed25519_sign,867.6
CT-0002368,ed25519_sign,842.3
CT-0002369,ed25519_sign,853.9
CT-0002370,ed25519_sign,865.1
CT-0002371,ed25519_sign,864.0
CT-0002372,ed25519_sign,864.8
CT-0002373,ed25519_sign,851.5
CT-0002374,ed25519_sign,850.5
CT-0002375,ed25519_sign,871.3
CT-0002376,ed25519_sign,861.2
CT-0002377,ed25519_sign,875.6
CT-0002378,ed25519_sign,871.6
CT-0002379,ed25519_sign,877.4
CT-0002380,ed25519_sign,864.6
CT-0002381,ed25519_sign,865.0
CT-0002382,ed25519_sign,859.3
CT-0002383,ed25519_sign,871.8
CT-0002384,ed25519_sign,850.3
CT-0002385,ed25519_sign,846.8
CT-0002386,ed25519_sign,855.6
CT-0002387,ed25519_sign,876.2
CT-0002388,ed25519_sign,870.6
CT-0002389,ed25519_sign,865.0
CT-0002390,ed25519_sign,858.0
CT-0002391,ed25519_sign,854.4
CT-0002392,ed25519_sign,850.6
CT-0002393,ed25519_sign,853.9
CT-0002394,ed25519_sign,879.9
CT-0002395,ed25519_sign,851.5
CT-0002396,ed25519_sign,857.1
CT-0002397,ed25519_sign,871.3
CT-0002398,ed25519_sign,866.4
CT-0002399,ed25519_sign,857.4
CT-0002400,ed25519_sign,857.8
CT-0002401,ed25519_sign,855.4
CT-0002402,ed25519_sign,849.5
CT-0002403,ed25519_sign,859.9
CT-0002404,ed25519_sign,857.8
CT-0002405,ed25519_sign,862.1
CT-0002406,ed25519_sign,865.0
CT-0002407,ed25519_sign,862.5
CT-0002408,ed25519_sign,869.6
CT-0002409,ed25519_sign,845.5
CT-0002410,ed25519_sign,857.6
CT-0002411,ed25519_sign,848.8
CT-0002412,ed25519_sign,847.2
CT-0002413,ed25519_sign,861.4
CT-0002414,ed25519_sign,850.7
CT-0002415,ed25519_sign,864.4
CT-0002416,ed25519_sign,850.3
CT-0002417,ed25519_sign,856.2
CT-0002418,ed25519_sign,872.9
CT-0002419,ed25519_sign,854.8
CT-0002420,ed25519_sign,864.5
CT-0002421,ed25519_sign,862.8
CT-0002422,ed25519_sign,866.1
CT-0002423,ed25519_sign,852.2
CT-0002424,ed25519_sign,852.4
CT-0002425,ed25519_sign,859.0
CT-0002426,ed25519_sign,857.4
CT-0002427,ed25519_sign,860.8
CT-0002428,ed25519_sign,836.9
CT-0002429,ed25519_sign,869.8
CT-0002430,ed25519_sign,836.0
CT-0002431,ed25519_sign,860.1
CT-0002432,ed25519_sign,863.2
CT-0002433,ed25519_sign,852.4
CT-0002434,ed25519_sign,868.4
CT-0002435,ed25519_sign,862.4
CT-0002436,ed25519_sign,854.7
CT-0002437,ed25519_sign,865.2
CT-0002438,ed25519_sign,853.2
CT-0002439,ed25519_sign,863.9
CT-0002440,ed25519_sign,851.1
CT-0002441,ed25519_sign,852.5
CT-0002442,ed25519_sign,879.3
CT-0002443,ed25519_sign,887.0
CT-0002444,ed25519_sign,853.2
CT-0002445,ed25519_sign,848.5
CT-0002446,ed25519_sign,864.1
CT-0002447,ed25519_sign,862.3
CT-0002448,ed25519_sign,873.4
CT-0002449,ed25519_sign,863.1
CT-0002450,ed25519_sign,865.5
CT-0002451,ed25519_sign,850.0
CT-0002452,ed25519_sign,866.5
CT-0002453,ed25519_sign,864.3
CT-0002454,ed25519_sign,854.7
CT-0002455,ed25519_sign,855.8
CT-0002456,ed25519_sign,864.2
CT-0002457,ed25519_sign,871.2
CT-0002458,ed25519_sign,869.9
CT-0002459,ed25519_sign,871.3
CT-0002460,ed25519_sign,852.7
CT-0002461,ed25519_sign,865.0
CT-0002462,ed25519_sign,849.2
CT-0002463,ed25519_sign,857.9
CT-0002464,ed25519_sign,859.0
CT-0002465,ed25519_sign,858.0
CT-0002466,ed25519_sign,849.0
CT-0002467,ed25519_sign,875.9
CT-0002468,ed25519_sign,869.4
CT-0002469,ed25519_sign,845.3
CT-0002470,ed25519_sign,854.2
CT-0002471,ed25519_sign,857.1
CT-0002472,ed25519_sign,854.0
CT-0002473,ed25519_sign,864.2
CT-0002474,ed25519_sign,856.8
CT-0002475,ed25519_sign,853.0
CT-0002476,ed25519_sign,861.2
CT-0002477,ed25519_sign,873.6
CT-0002478,ed25519_sign,847.9
CT-0002479,ed25519_sign,855.7
CT-0002480,ed25519_sign,854.1
CT-0002481,ed25519_sign,859.6
CT-0002482,ed25519_sign,865.5
CT-0002483,ed25519_sign,862.3
CT-0002484,ed25519_sign,871.3
CT-0002485,ed25519_sign,864.6
CT-0002486,ed25519_sign,866.6
CT-0002487,ed25519_sign,870.9
CT-0002488,ed25519_sign,858.7
CT-0002489,ed25519_sign,864.9
CT-0002490,ed25519_sign,871.0
CT-0002491,ed25519_sign,882.4
CT-0002492,ed25519_sign,852.8
CT-0002493,ed25519_sign,856.8
CT-0002494,ed25519_sign,860.3
CT-0002495,ed25519_sign,857.5
CT-0002496,ed25519_sign,847.2
CT-0002497,ed25519_sign,863.8
CT-0002498,ed25519_sign,846.2
CT-0002499,ed25519_sign,856.2
CT-0002500,ed25519_sign,862.4
CT-0002501,ed25519_sign,860.1
CT-0002502,ed25519_sign,853.8
CT-0002503,ed25519_sign,862.5
CT-0002504,ed25519_sign,845.1
CT-0002505,ed25519_sign,875.0
CT-0002506,ed25519_sign,860.4
CT-0002507,ed25519_sign,852.7
CT-0002508,ed25519_sign,854.0
CT-0002509,ed25519_sign,848.1
CT-0002510,ed25519_sign,854.0
CT-0002511,ed25519_sign,844.8
CT-0002512,ed25519_sign,856.8
CT-0002513,ed25519_sign,865.4
CT-0002514,ed25519_sign,850.4
CT-0002515,ed25519_sign,876.5
CT-0002516,ed25519_sign,849.2
CT-0002517,ed25519_sign,874.8
CT-0002518,ed25519_sign,854.6
CT-0002519,ed25519_sign,855.7
CT-0002520,ed25519_sign,856.2
CT-0002521,ed25519_sign,864.4
CT-0002522,ed25519_sign,868.5
CT-0002523,ed25519_sign,871.0
CT-0002524,ed25519_sign,875.7
CT-0002525,ed25519_sign,861.8
CT-0002526,ed25519_sign,860.2
CT-0002527,ed25519_sign,849.4
CT-0002528,ed25519_sign,869.0
CT-0002529,ed25519_sign,853.5
CT-0002530,ed25519_sign,858.5
CT-0002531,ed25519_sign,858.8
CT-0002532,ed25519_sign,868.7
CT-0002533,ed25519_sign,870.1
CT-0002534,ed25519_sign,853.3
CT-0002535,ed25519_sign,868.8
CT-0002536,ed25519_sign,860.3
CT-0002537,ed25519_sign,862.5
CT-0002538,ed25519_sign,864.1
CT-0002539,ed25519_sign,854.6
CT-0002540,ed25519_sign,857.9
CT-0002541,ed25519_sign,869.8
CT-0002542,ed25519_sign,863.2
CT-0002543,ed25519_sign,864.2
CT-0002544,ed25519_sign,863.6
CT-0002545,ed25519_sign,852.9
CT-0002546,ed25519_sign,860.5
CT-0002547,ed25519_sign,851.9
CT-0002548,ed25519_sign,867.9
CT-0002549,ed25519_sign,868.2
CT-0002550,ed25519_sign,849.3
CT-0002551,ed25519_sign,864.7
CT-0002552,ed25519_sign,865.0
CT-0002553,ed25519_sign,859.2
CT-0002554,ed25519_sign,854.7
CT-0002555,ed25519_sign,867.8
CT-0002556,ed25519_sign,847.3
CT-0002557,ed25519_sign,864.2
CT-0002558,ed25519_sign,877.9
CT-0002559,ed25519_sign,866.8
CT-0002560,ed25519_sign,873.8
CT-0002561,ed25519_sign,843.0
CT-0002562,ed25519_sign,865.9
CT-0002563,ed25519_sign,857.6
CT-0002564,ed25519_sign,858.6
CT-0002565,ed25519_sign,855.7
CT-0002566,ed25519_sign,879.4
CT-0002567,ed25519_sign,881.9
CT-0002568,ed25519_sign,865.2
CT-0002569,ed25519_sign,869.7
CT-0002570,ed25519_sign,867.2
CT-0002571,ed25519_sign,865.2
CT-0002572,ed25519_sign,870.9
CT-0002573,ed25519_sign,870.9
CT-0002574,ed25519_sign,863.4
CT-0002575,ed25519_sign,844.5
CT-0002576,ed25519_sign,881.0
CT-0002577,ed25519_sign,858.3
CT-0002578,ed25519_sign,857.7
CT-0002579,ed25519_sign,855.2
CT-0002580,ed25519_sign,866.8
CT-0002581,ed25519_sign,855.0
CT-0002582,ed25519_sign,852.4
CT-0002583,ed25519_sign,868.7
CT-0002584,ed25519_sign,862.1
CT-0002585,ed25519_sign,865.4
CT-0002586,ed25519_sign,873.7
CT-0002587,ed25519_sign,862.0
CT-0002588,ed25519_sign,844.2
CT-0002589,ed25519_sign,860.2
CT-0002590,ed25519_sign,870.6
CT-0002591,ed25519_sign,858.2
CT-0002592,ed25519_sign,871.0
CT-0002593,ed25519_sign,847.9
CT-0002594,ed25519_sign,858.2
CT-0002595,ed25519_sign,852.3
CT-0002596,ed25519_sign,852.5
CT-0002597,ed25519_sign,865.6
CT-0002598,ed25519_sign,859.1
CT-0002599,ed25519_sign,853.5
CT-0002600,ed25519_sign,853.9
CT-0002601,ed25519_sign,853.2
CT-0002602,ed25519_sign,846.9
CT-0002603,ed25519_sign,863.5
CT-0002604,ed25519_sign,851.8
CT-0002605,ed25519_sign,859.6
CT-0002606,ed25519_sign,860.4
CT-0002607,ed25519_sign,844.4
CT-0002608,ed25519_sign,852.9
CT-0002609,ed25519_sign,857.5
CT-0002610,ed25519_sign,853.6
CT-0002611,ed25519_sign,873.1
CT-0002612,ed25519_sign,845.6
CT-0002613,ed25519_sign,852.9
CT-0002614,ed25519_sign,852.4
CT-0002615,ed25519_sign,850.1
CT-0002616,ed25519_sign,872.9
CT-0002617,ed25519_sign,859.5
CT-0002618,ed25519_sign,866.5
CT-0002619,ed25519_sign,860.8
CT-0002620,ed25519_sign,872.4
CT-0002621,ed25519_sign,851.2
CT-0002622,ed25519_sign,860.2
CT-0002623,ed25519_sign,853.0
CT-0002624,ed25519_sign,854.4
CT-0002625,ed25519_sign,854.4
CT-0002626,ed25519_sign,872.5
CT-0002627,ed25519_sign,855.5
CT-0002628,ed25519_sign,856.4
CT-0002629,ed25519_sign,860.3
CT-0002630,ed25519_sign,871.8
CT-0002631,ed25519_sign,856.3
CT-0002632,ed25519_sign,881.1
CT-0002633,ed25519_sign,847.2
CT-0002634,ed25519_sign,857.2
CT-0002635,ed25519_sign,852.5
CT-0002636,ed25519_sign,858.8
CT-0002637,ed25519_sign,860.8
CT-0002638,ed25519_sign,862.6
CT-0002639,ed25519_sign,849.4
CT-0002640,ed25519_sign,837.5
CT-0002641,ed25519_sign,870.7
CT-0002642,ed25519_sign,856.2
CT-0002643,ed25519_sign,842.3
CT-0002644,ed25519_sign,854.0
CT-0002645,ed25519_sign,868.8
CT-0002646,ed25519_sign,876.5
CT-0002647,ed25519_sign,844.4
CT-0002648,ed25519_sign,858.0
CT-0002649,ed25519_sign,875.2
CT-0002650,ed25519_sign,863.3
CT-0002651,ed25519_sign,855.5
CT-0002652,ed25519_sign,853.0
CT-0002653,ed25519_sign,865.6
CT-0002654,ed25519_sign,875.8
CT-0002655,ed25519_sign,868.2
CT-0002656,ed25519_sign,865.3
CT-0002657,ed25519_sign,874.3
CT-0002658,ed25519_sign,856.8
CT-0002659,ed25519_sign,856.8
CT-0002660,ed25519_sign,858.5
CT-0002661,ed25519_sign,869.9
CT-0002662,ed25519_sign,871.4
CT-0002663,ed25519_sign,860.5
CT-0002664,ed25519_sign,857.0
CT-0002665,ed25519_sign,860.8
CT-0002666,ed25519_sign,855.7
CT-0002667,ed25519_sign,858.6
CT-0002668,ed25519_sign,868.7
CT-0002669,ed25519_sign,866.2
CT-0002670,ed25519_sign,865.9
CT-0002671,ed25519_sign,852.0
CT-0002672,ed25519_sign,874.4
CT-0002673,ed25519_sign,850.4
CT-0002674,ed25519_sign,859.2
CT-0002675,ed25519_sign,863.1
CT-0002676,ed25519_sign,856.8
CT-0002677,ed25519_sign,858.3
CT-0002678,ed25519_sign,857.2
CT-0002679,ed25519_sign,881.6
CT-0002680,ed25519_sign,847.7
CT-0002681,ed25519_sign,854.3
CT-0002682,ed25519_sign,867.1
CT-0002683,ed25519_sign,853.5
CT-0002684,ed25519_sign,851.6
CT-0002685,ed25519_sign,874.0
CT-0002686,ed25519_sign,876.3
CT-0002687,ed25519_sign,868.3
CT-0002688,ed25519_sign,851.6
CT-0002689,ed25519_sign,863.6
CT-0002690,ed25519_sign,852.8
CT-0002691,ed25519_sign,855.7
CT-0002692,ed25519_sign,859.2
CT-0002693,ed25519_sign,866.4
CT-0002694,ed25519_sign,865.6
CT-0002695,ed25519_sign,860.7
CT-0002696,ed25519_sign,863.5
CT-0002697,ed25519_sign,869.2
CT-0002698,ed25519_sign,850.7
CT-0002699,ed25519_sign,868.2
CT-0002700,ed25519_sign,858.9
CT-0002701,ed25519_sign,847.9
CT-0002702,ed25519_sign,863.1
CT-0002703,ed25519_sign,853.7
CT-0002704,ed25519_sign,869.9
CT-0002705,ed25519_sign,862.1
CT-0002706,ed25519_sign,859.4
CT-0002707,ed25519_sign,851.4
CT-0002708,ed25519_sign,848.4
CT-0002709,ed25519_sign,862.2
CT-0002710,ed25519_sign,852.9
CT-0002711,ed25519_sign,867.0
CT-0002712,ed25519_sign,860.2
CT-0002713,ed25519_sign,866.2
CT-0002714,ed25519_sign,854.4
CT-0002715,ed25519_sign,872.4
CT-0002716,ed25519_sign,867.7
CT-0002717,ed25519_sign,859.9
CT-0002718,ed25519_sign,862.4
CT-0002719,ed25519_sign,846.6
CT-0002720,ed25519_sign,863.9
CT-0002721,ed25519_sign,865.5
CT-0002722,ed25519_sign,840.5
CT-0002723,ed25519_sign,853.2
CT-0002724,ed25519_sign,863.5
CT-0002725,ed25519_sign,859.1
CT-0002726,ed25519_sign,847.7
CT-0002727,ed25519_sign,869.2
CT-0002728,ed25519_sign,854.5
CT-0002729,ed25519_sign,857.2
CT-0002730,ed25519_sign,854.7
CT-0002731,ed25519_sign,858.3
CT-0002732,ed25519_sign,864.7
CT-0002733,ed25519_sign,875.7
CT-0002734,ed25519_sign,867.3
CT-0002735,ed25519_sign,864.9
CT-0002736,ed25519_sign,856.6
CT-0002737,ed25519_sign,849.0
CT-0002738,ed25519_sign,869.9
CT-0002739,ed25519_sign,850.4
CT-0002740,ed25519_sign,882.4
CT-0002741,ed25519_sign,872.6
CT-0002742,ed25519_sign,856.6
CT-0002743,ed25519_sign,861.1
CT-0002744,ed25519_sign,848.5
CT-0002745,ed25519_sign,851.2
CT-0002746,ed25519_sign,852.5
CT-0002747,ed25519_sign,866.7
CT-0002748,ed25519_sign,856.5
CT-0002749,ed25519_sign,856.4
CT-0002750,ed25519_sign,858.6
CT-0002751,ed25519_sign,848.9
CT-0002752,ed25519_sign,860.9
CT-0002753,ed25519_sign,872.4
CT-0002754,ed25519_sign,847.9
CT-0002755,ed25519_sign,868.5
CT-0002756,ed25519_sign,856.1
CT-0002757,ed25519_sign,873.3
CT-0002758,ed25519_sign,859.3
CT-0002759,ed25519_sign,859.4
CT-0002760,ed25519_sign,855.4
CT-0002761,ed25519_sign,872.9
CT-0002762,ed25519_sign,852.6
CT-0002763,ed25519_sign,874.2
CT-0002764,ed25519_sign,857.8
CT-0002765,ed25519_sign,868.0
CT-0002766,ed25519_sign,869.5
CT-0002767,ed25519_sign,852.9
CT-0002768,ed25519_sign,857.7
CT-0002769,ed25519_sign,863.6
CT-0002770,ed25519_sign,867.2
CT-0002771,ed25519_sign,860.7
CT-0002772,ed25519_sign,862.7
CT-0002773,ed25519_sign,846.1
CT-0002774,ed25519_sign,871.7
CT-0002775,ed25519_sign,865.4
CT-0002776,ed25519_sign,854.1
CT-0002777,ed25519_sign,863.5
CT-0002778,ed25519_sign,858.3
CT-0002779,ed25519_sign,867.9
CT-0002780,ed25519_sign,869.3
CT-0002781,ed25519_sign,856.6
CT-0002782,ed25519_sign,845.0
CT-0002783,ed25519_sign,855.6
CT-0002784,ed25519_sign,861.6
CT-0002785,ed25519_sign,868.4
CT-0002786,ed25519_sign,853.5
CT-0002787,ed25519_sign,859.4
CT-0002788,ed25519_sign,868.3
CT-0002789,ed25519_sign,854.3
CT-0002790,ed25519_sign,865.5
CT-0002791,ed25519_sign,857.0
CT-0002792,ed25519_sign,873.6
CT-0002793,ed25519_sign,856.0
CT-0002794,ed25519_sign,864.8
CT-0002795,ed25519_sign,861.9
CT-0002796,ed25519_sign,854.9
CT-0002797,ed25519_sign,869.9
CT-0002798,ed25519_sign,875.5
CT-0002799,ed25519_sign,851.6
CT-0002800,ed25519_sign,853.0
CT-0002801,ed25519_sign,848.3
CT-0002802,ed25519_sign,865.1
CT-0002803,ed25519_sign,863.7
CT-0002804,ed25519_sign,856.2
CT-0002805,ed25519_sign,864.0
CT-0002806,ed25519_sign,868.3
CT-0002807,ed25519_sign,857.3
CT-0002808,ed25519_sign,870.5
CT-0002809,ed25519_sign,856.4
CT-0002810,ed25519_sign,867.5
CT-0002811,ed25519_sign,859.7
CT-0002812,ed25519_sign,851.9
CT-0002813,ed25519_sign,851.1
CT-0002814,ed25519_sign,862.0
CT-0002815,ed25519_sign,865.8
CT-0002816,ed25519_sign,864.5
CT-0002817,ed25519_sign,869.2
CT-0002818,ed25519_sign,861.3
CT-0002819,ed25519_sign,860.5
CT-0002820,ed25519_sign,866.2
CT-0002821,ed25519_sign,854.2
CT-0002822,ed25519_sign,877.6
CT-0002823,ed25519_sign,855.3
CT-0002824,ed25519_sign,860.5
CT-0002825,ed25519_sign,853.4
CT-0002826,ed25519_sign,875.9
CT-0002827,ed25519_sign,855.7
CT-0002828,ed25519_sign,855.1
CT-0002829,ed25519_sign,881.3
CT-0002830,ed25519_sign,866.5
CT-0002831,ed25519_sign,856.8
CT-0002832,ed25519_sign,856.6
CT-0002833,ed25519_sign,867.1
CT-0002834,ed25519_sign,851.5
CT-0002835,ed25519_sign,866.5
CT-0002836,ed25519_sign,853.1
CT-0002837,ed25519_sign,858.3
CT-0002838,ed25519_sign,856.6
CT-0002839,ed25519_sign,850.6
CT-0002840,ed25519_sign,880.9
CT-0002841,ed25519_sign,845.4
CT-0002842,ed25519_sign,844.9
CT-0002843,ed25519_sign,866.6
CT-0002844,ed25519_sign,848.1
CT-0002845,ed25519_sign,872.2
CT-0002846,ed25519_sign,845.5
CT-0002847,ed25519_sign,867.3
CT-0002848,ed25519_sign,856.7
CT-0002849,ed25519_sign,863.3
CT-0002850,ed25519_sign,856.7
CT-0002851,ed25519_sign,856.9
CT-0002852,ed25519_sign,853.2
CT-0002853,ed25519_sign,852.4
CT-0002854,ed25519_sign,852.6
CT-0002855,ed25519_sign,865.4
CT-0002856,ed25519_sign,875.5
CT-0002857,ed25519_sign,844.5
CT-0002858,ed25519_sign,856.6
CT-0002859,ed25519_sign,859.2
CT-0002860,ed25519_sign,848.3
CT-0002861,ed25519_sign,865.6
CT-0002862,ed25519_sign,853.7
CT-0002863,ed25519_sign,867.5
CT-0002864,ed25519_sign,854.7
CT-0002865,ed25519_sign,850.3
CT-0002866,ed25519_sign,861.3
CT-0002867,ed25519_sign,858.7
CT-0002868,ed25519_sign,859.8
CT-0002869,ed25519_sign,871.9
CT-0002870,ed25519_sign,862.8
CT-0002871,ed25519_sign,846.3
CT-0002872,ed25519_sign,850.0
CT-0002873,ed25519_sign,855.3
CT-0002874,ed25519_sign,852.4
CT-0002875,ed25519_sign,868.8
CT-0002876,ed25519_sign,859.6
CT-0002877,ed25519_sign,869.4
CT-0002878,ed25519_sign,863.9
CT-0002879,ed25519_sign,861.5
CT-0002880,ed25519_sign,859.9
CT-0002881,ed25519_sign,860.2
CT-0002882,ed25519_sign,858.0
CT-0002883,ed25519_sign,858.8
CT-0002884,ed25519_sign,868.7
CT-0002885,ed25519_sign,859.8
CT-0002886,ed25519_sign,847.3
CT-0002887,ed25519_sign,841.9
CT-0002888,ed25519_sign,860.7
CT-0002889,ed25519_sign,842.9
CT-0002890,ed25519_sign,861.5
CT-0002891,ed25519_sign,873.0
CT-0002892,ed25519_sign,852.5
CT-0002893,ed25519_sign,862.5
CT-0002894,ed25519_sign,846.7
CT-0002895,ed25519_sign,856.6
CT-0002896,ed25519_sign,842.0
CT-0002897,ed25519_sign,859.1
CT-0002898,ed25519_sign,863.9
CT-0002899,ed25519_sign,841.6
CT-0002900,ed25519_sign,849.7
CT-0002901,ed25519_sign,854.5
CT-0002902,ed25519_sign,862.8
CT-0002903,ed25519_sign,850.6
CT-0002904,ed25519_sign,874.8
CT-0002905,ed25519_sign,855.9
CT-0002906,ed25519_sign,880.9
CT-0002907,ed25519_sign,857.2
CT-0002908,ed25519_sign,875.8
CT-0002909,ed25519_sign,849.7
CT-0002910,ed25519_sign,864.0
CT-0002911,ed25519_sign,858.1
CT-0002912,ed25519_sign,855.8
CT-0002913,ed25519_sign,842.0
CT-0002914,ed25519_sign,843.7
CT-0002915,ed25519_sign,868.0
CT-0002916,ed25519_sign,853.8
CT-0002917,ed25519_sign,858.7
CT-0002918,ed25519_sign,862.0
CT-0002919,ed25519_sign,863.3
CT-0002920,ed25519_sign,856.4
CT-0002921,ed25519_sign,867.8
CT-0002922,ed25519_sign,853.6
CT-0002923,ed25519_sign,861.0
CT-0002924,ed25519_sign,855.0
CT-0002925,ed25519_sign,852.3
CT-0002926,ed25519_sign,849.9
CT-0002927,ed25519_sign,866.2
CT-0002928,ed25519_sign,866.9
CT-0002929,ed25519_sign,855.2
CT-0002930,ed25519_sign,862.9
CT-0002931,ed25519_sign,853.6
CT-0002932,ed25519_sign,850.6
CT-0002933,ed25519_sign,875.1
CT-0002934,ed25519_sign,856.3
CT-0002935,ed25519_sign,860.0
CT-0002936,ed25519_sign,851.6
CT-0002937,ed25519_sign,861.3
CT-0002938,ed25519_sign,870.9
CT-0002939,ed25519_sign,851.3
CT-0002940,ed25519_sign,871.5
CT-0002941,ed25519_sign,854.5
CT-0002942,ed25519_sign,845.0
CT-0002943,ed25519_sign,851.6
CT-0002944,ed25519_sign,864.9
CT-0002945,ed25519_sign,838.2
CT-0002946,ed25519_sign,860.1
CT-0002947,ed25519_sign,860.7
CT-0002948,ed25519_sign,864.2
CT-0002949,ed25519_sign,856.0
CT-0002950,ed25519_sign,837.8
CT-0002951,ed25519_sign,867.6
CT-0002952,ed25519_sign,872.1
CT-0002953,ed25519_sign,870.5
CT-0002954,ed25519_sign,864.5
CT-0002955,ed25519_sign,864.2
CT-0002956,ed25519_sign,876.0
CT-0002957,ed25519_sign,859.0
CT-0002958,ed25519_sign,868.4
CT-0002959,ed25519_sign,863.9
CT-0002960,ed25519_sign,855.1
CT-0002961,ed25519_sign,872.0
CT-0002962,ed25519_sign,856.5
CT-0002963,ed25519_sign,864.5
CT-0002964,ed25519_sign,850.8
CT-0002965,ed25519_sign,861.1
CT-0002966,ed25519_sign,859.4
CT-0002967,ed25519_sign,872.1
CT-0002968,ed25519_sign,859.5
CT-0002969,ed25519_sign,869.3
CT-0002970,ed25519_sign,852.5
CT-0002971,ed25519_sign,862.7
CT-0002972,ed25519_sign,858.2
CT-0002973,ed25519_sign,859.1
CT-0002974,ed25519_sign,866.9
CT-0002975,ed25519_sign,855.1
CT-0002976,ed25519_sign,865.4
CT-0002977,ed25519_sign,862.7
CT-0002978,ed25519_sign,861.7
CT-0002979,ed25519_sign,862.4
CT-0002980,ed25519_sign,861.0
CT-0002981,ed25519_sign,857.4
CT-0002982,ed25519_sign,860.7
CT-0002983,ed25519_sign,864.1
CT-0002984,ed25519_sign,866.0
CT-0002985,ed25519_sign,857.9
CT-0002986,ed25519_sign,852.8
CT-0002987,ed25519_sign,862.3
CT-0002988,ed25519_sign,870.9
CT-0002989,ed25519_sign,863.0
CT-0002990,ed25519_sign,875.9
CT-0002991,ed25519_sign,854.2
CT-0002992,ed25519_sign,882.9
CT-0002993,ed25519_sign,857.8
CT-0002994,ed25519_sign,863.7
CT-0002995,ed25519_sign,870.2
CT-0002996,ed25519_sign,857.0
CT-0002997,ed25519_sign,864.9
CT-0002998,ed25519_sign,863.1
CT-0002999,ed25519_sign,850.7
CT-0003000,ed25519_sign,853.3
CT-0003001,key_context,17.6
CT-0003002,key_context,17.6
CT-0003003,key_context,20.2
CT-0003004,key_context,21.8
CT-0003005,key_context,20.5
CT-0003006,key_context,20.2
CT-0003007,key_context,20.0
CT-0003008,key_context,19.6
CT-0003009,key_context,20.6
CT-0003010,key_context,21.2
CT-0003011,key_context,22.4
CT-0003012,key_context,20.4
CT-0003013,key_context,21.7
CT-0003014,key_context,18.1
CT-0003015,key_context,20.5
CT-0003016,key_context,20.9
CT-0003017,key_context,20.0
CT-0003018,key_context,18.9
CT-0003019,key_context,18.9
CT-0003020,key_context,18.2
CT-0003021,key_context,18.9
CT-0003022,key_context,21.0
CT-0003023,key_context,21.1
CT-0003024,key_context,20.9
CT-0003025,key_context,18.9
CT-0003026,key_context,21.2
CT-0003027,key_context,20.0
CT-0003028,key_context,19.5
CT-0003029,key_context,20.9
CT-0003030,key_context,20.4
CT-0003031,key_context,19.5
CT-0003032,key_context,19.4
CT-0003033,key_context,19.2
CT-0003034,key_context,17.5
CT-0003035,key_context,19.4
CT-0003036,key_context,21.1
CT-0003037,key_context,21.8
CT-0003038,key_context,20.9
CT-0003039,key_context,18.7
CT-0003040,key_context,19.8
CT-0003041,key_context,21.3
CT-0003042,key_context,20.0
CT-0003043,key_context,20.5
CT-0003044,key_context,21.7
CT-0003045,key_context,21.3
CT-0003046,key_context,19.6
CT-0003047,key_context,19.7
CT-0003048,key_context,20.6
CT-0003049,key_context,21.3
CT-0003050,key_context,19.0
CT-0003051,key_context,18.0
CT-0003052,key_context,20.2
CT-0003053,key_context,19.8
CT-0003054,key_context,19.3
CT-0003055,key_context,20.2
CT-0003056,key_context,20.4
CT-0003057,key_context,20.8
CT-0003058,key_context,19.3
CT-0003059,key_context,20.9
CT-0003060,key_context,20.0
CT-0003061,key_context,21.9
CT-0003062,key_context,19.8
CT-0003063,key_context,18.2
CT-0003064,key_context,20.8
CT-0003065,key_context,20.8
CT-0003066,key_context,20.3
CT-0003067,key_context,18.8
CT-0003068,key_context,20.5
CT-0003069,key_context,20.1
CT-0003070,key_context,19.2
CT-0003071,key_context,21.2
CT-0003072,key_context,19.0
CT-0003073,key_context,19.4
CT-0003074,key_context,21.3
CT-0003075,key_context,18.1
CT-0003076,key_context,21.3
CT-0003077,key_context,20.7
CT-0003078,key_context,22.3
CT-0003079,key_context,19.0
CT-0003080,key_context,20.3
CT-0003081,key_context,21.9
CT-0003082,key_context,19.2
CT-0003083,key_context,21.1
CT-0003084,key_context,19.5
CT-0003085,key_context,20.7
CT-0003086,key_context,19.3
CT-0003087,key_context,19.3
CT-0003088,key_context,19.7
CT-0003089,key_context,19.6
CT-0003090,key_context,20.7
CT-0003091,key_context,19.5
CT-0003092,key_context,21.1
CT-0003093,key_context,18.4
CT-0003094,key_context,22.2
CT-0003095,key_context,20.3
CT-0003096,key_context,19.7
CT-0003097,key_context,20.1
CT-0003098,key_context,19.9
CT-0003099,key_context,19.6
CT-0003100,key_context,21.1
CT-0003101,key_context,19.0
CT-0003102,key_context,21.5
CT-0003103,key_context,18.9
CT-0003104,key_context,20.3
CT-0003105,key_context,20.0
CT-0003106,key_context,19.6
CT-0003107,key_context,20.6
CT-0003108,key_context,20.7
CT-0003109,key_context,20.7
CT-0003110,key_context,18.3
CT-0003111,key_context,20.2
CT-0003112,key_context,18.6
CT-0003113,key_context,21.0
CT-0003114,key_context,20.6
CT-0003115,key_context,21.8
CT-0003116,key_context,19.6
CT-0003117,key_context,20.8
CT-0003118,key_context,18.9
CT-0003119,key_context,20.3
CT-0003120,key_context,20.0
CT-0003121,key_context,19.8
CT-0003122,key_context,20.7
CT-0003123,key_context,21.0
CT-0003124,key_context,19.7
CT-0003125,key_context,19.7
CT-0003126,key_context,18.9
CT-0003127,key_context,20.9
CT-0003128,key_context,20.8
CT-0003129,key_context,20.0
CT-0003130,key_context,20.3
CT-0003131,key_context,21.0
CT-0003132,key_context,20.3
CT-0003133,key_context,20.1
CT-0003134,key_context,19.7
CT-0003135,key_context,22.0
CT-0003136,key_context,21.8
CT-0003137,key_context,20.5
CT-0003138,key_context,21.0
CT-0003139,key_context,21.6
CT-0003140,key_context,21.2
CT-0003141,key_context,21.1
CT-0003142,key_context,20.3
CT-0003143,key_context,20.0
CT-0003144,key_context,21.2
CT-0003145,key_context,19.6
CT-0003146,key_context,19.4
CT-0003147,key_context,17.5
CT-0003148,key_context,22.5
CT-0003149,key_context,19.7
CT-0003150,key_context,19.8
CT-0003151,key_context,20.1
CT-0003152,key_context,19.6
CT-0003153,key_context,19.8
CT-0003154,key_context,19.5
CT-0003155,key_context,20.0
CT-0003156,key_context,19.7
CT-0003157,key_context,18.0
CT-0003158,key_context,20.5
CT-0003159,key_context,20.0
CT-0003160,key_context,20.8
CT-0003161,key_context,20.3
CT-0003162,key_context,19.8
CT-0003163,key_context,19.5
CT-0003164,key_context,20.1
CT-0003165,key_context,19.0
CT-0003166,key_context,22.1
CT-0003167,key_context,19.5
CT-0003168,key_context,19.5
CT-0003169,key_context,19.4
CT-0003170,key_context,20.7
CT-0003171,key_context,19.7
CT-0003172,key_context,20.6
CT-0003173,key_context,19.4
CT-0003174,key_context,19.5
CT-0003175,key_context,21.0
CT-0003176,key_context,20.6
CT-0003177,key_context,19.8
CT-0003178,key_context,19.5
CT-0003179,key_context,19.9
CT-0003180,key_context,19.9
CT-0003181,key_context,19.7
CT-0003182,key_context,19.9
CT-0003183,key_context,18.3
CT-0003184,key_context,20.7
CT-0003185,key_context,20.4
CT-0003186,key_context,19.5
CT-0003187,key_context,21.1
CT-0003188,key_context,19.2
CT-0003189,key_context,19.5
CT-0003190,key_context,19.3
CT-0003191,key_context,20.5
CT-0003192,key_context,19.6
CT-0003193,key_context,20.1
CT-0003194,key_context,21.7
CT-0003195,key_context,20.7
CT-0003196,key_context,21.0
CT-0003197,key_context,20.3
CT-0003198,key_context,19.3
CT-0003199,key_context,19.9
CT-0003200,key_context,19.4
CT-0003201,key_context,20.1
CT-0003202,key_context,20.4
CT-0003203,key_context,18.7
CT-0003204,key_context,19.6
CT-0003205,key_context,20.5
CT-0003206,key_context,19.9
CT-0003207,key_context,20.8
CT-0003208,key_context,21.5
CT-0003209,key_context,19.4
CT-0003210,key_context,20.0
CT-0003211,key_context,19.9
CT-0003212,key_context,19.3
CT-0003213,key_context,21.9
CT-0003214,key_context,20.5
CT-0003215,key_context,21.3
CT-0003216,key_context,19.1
CT-0003217,key_context,19.7
CT-0003218,key_context,20.1
CT-0003219,key_context,20.3
CT-0003220,key_context,20.2
CT-0003221,key_context,19.5
CT-0003222,key_context,22.7
CT-0003223,key_context,21.8
CT-0003224,key_context,21.4
CT-0003225,key_context,19.7
CT-0003226,key_context,20.7
CT-0003227,key_context,19.0
CT-0003228,key_context,19.0
CT-0003229,key_context,20.3
CT-0003230,key_context,18.4
CT-0003231,key_context,18.8
CT-0003232,key_context,19.1
CT-0003233,key_context,19.6
CT-0003234,key_context,19.4
CT-0003235,key_context,18.0
CT-0003236,key_context,20.6
CT-0003237,key_context,21.1
CT-0003238,key_context,17.1
CT-0003239,key_context,20.7
CT-0003240,key_context,19.7
CT-0003241,key_context,19.9
CT-0003242,key_context,19.3
CT-0003243,key_context,18.9
CT-0003244,key_context,20.9
CT-0003245,key_context,20.4
CT-0003246,key_context,19.8
CT-0003247,key_context,20.4
CT-0003248,key_context,20.5
CT-0003249,key_context,20.3
CT-0003250,key_context,21.2
CT-0003251,key_context,18.2
CT-0003252,key_context,19.1
CT-0003253,key_context,20.8
CT-0003254,key_context,19.3
CT-0003255,key_context,18.5
CT-0003256,key_context,19.8
CT-0003257,key_context,19.8
CT-0003258,key_context,21.3
CT-0003259,key_context,17.6
CT-0003260,key_context,18.8
CT-0003261,key_context,20.8
CT-0003262,key_context,21.8
CT-0003263,key_context,20.4
CT-0003264,key_context,19.5
CT-0003265,key_context,19.8
CT-0003266,key_context,21.0
CT-0003267,key_context,19.6
CT-0003268,key_context,19.5
CT-0003269,key_context,19.9
CT-0003270,key_context,21.4
CT-0003271,key_context,20.2
CT-0003272,key_context,20.2
CT-0003273,key_context,18.8
CT-0003274,key_context,20.8
CT-0003275,key_context,18.7
CT-0003276,key_context,18.9
CT-0003277,key_context,19.7
CT-0003278,key_context,20.5
CT-0003279,key_context,19.5
CT-0003280,key_context,20.5
CT-0003281,key_context,19.4
CT-0003282,key_context,19.4
CT-0003283,key_context,20.0
CT-0003284,key_context,19.2
CT-0003285,key_context,19.5
CT-0003286,key_context,20.9
CT-0003287,key_context,20.4
CT-0003288,key_context,19.9
CT-0003289,key_context,21.0
CT-0003290,key_context,18.2
CT-0003291,key_context,19.9
CT-0003292,key_context,20.5
CT-0003293,key_context,21.0
CT-0003294,key_context,19.8
CT-0003295,key_context,18.7
CT-0003296,key_context,20.3
CT-0003297,key_context,19.7
CT-0003298,key_context,19.4
CT-0003299,key_context,20.5
CT-0003300,key_context,21.0
CT-0003301,key_context,19.2
CT-0003302,key_context,20.7
CT-0003303,key_context,21.5
CT-0003304,key_context,19.8
CT-0003305,key_context,20.7
CT-0003306,key_context,19.6
CT-0003307,key_context,21.9
CT-0003308,key_context,19.9
CT-0003309,key_context,20.2
CT-0003310,key_context,18.9
CT-0003311,key_context,19.6
CT-0003312,key_context,20.8
CT-0003313,key_context,17.8
CT-0003314,key_context,19.3
CT-0003315,key_context,22.5
CT-0003316,key_context,19.6
CT-0003317,key_context,18.9
CT-0003318,key_context,19.2
CT-0003319,key_context,20.1
CT-0003320,key_context,18.8
CT-0003321,key_context,18.8
CT-0003322,key_context,19.4
CT-0003323,key_context,18.6
CT-0003324,key_context,19.0
CT-0003325,key_context,20.3
CT-0003326,key_context,19.7
CT-0003327,key_context,19.3
CT-0003328,key_context,20.5
CT-0003329,key_context,19.1
CT-0003330,key_context,19.5
CT-0003331,key_context,19.7
CT-0003332,key_context,21.2
CT-0003333,key_context,20.5
CT-0003334,key_context,18.2
CT-0003335,key_context,20.0
CT-0003336,key_context,21.1
CT-0003337,key_context,20.5
CT-0003338,key_context,19.3
CT-0003339,key_context,19.9
CT-0003340,key_context,19.5
CT-0003341,key_context,21.5
CT-0003342,key_context,20.2
CT-0003343,key_context,22.5
CT-0003344,key_context,19.5
CT-0003345,key_context,20.0
CT-0003346,key_context,20.6
CT-0003347,key_context,19.3
CT-0003348,key_context,19.2
CT-0003349,key_context,19.3
CT-0003350,key_context,19.0
CT-0003351,key_context,20.4
CT-0003352,key_context,18.2
CT-0003353,key_context,18.9
CT-0003354,key_context,20.6
CT-0003355,key_context,21.8
CT-0003356,key_context,20.4
CT-0003357,key_context,20.1
CT-0003358,key_context,22.1
CT-0003359,key_context,19.1
CT-0003360,key_context,21.1
CT-0003361,key_context,21.1
CT-0003362,key_context,21.2
CT-0003363,key_context,21.4
CT-0003364,key_context,19.7
CT-0003365,key_context,20.4
CT-0003366,key_context,20.0
CT-0003367,key_context,21.7
CT-0003368,key_context,19.9
CT-0003369,key_context,19.6
CT-0003370,key_context,20.2
CT-0003371,key_context,20.7
CT-0003372,key_context,18.9
CT-0003373,key_context,19.0
CT-0003374,key_context,20.1
CT-0003375,key_context,21.0
CT-0003376,key_context,18.7
CT-0003377,key_context,21.1
CT-0003378,key_context,20.4
CT-0003379,key_context,19.6
CT-0003380,key_context,19.0
CT-0003381,key_context,21.5
CT-0003382,key_context,21.2
CT-0003383,key_context,20.5
CT-0003384,key_context,17.7
CT-0003385,key_context,20.8
CT-0003386,key_context,20.3
CT-0003387,key_context,20.4
CT-0003388,key_context,20.4
CT-0003389,key_context,21.9
CT-0003390,key_context,21.2
CT-0003391,key_context,21.0
CT-0003392,key_context,19.5
CT-0003393,key_context,19.5
CT-0003394,key_context,19.1
CT-0003395,key_context,21.2
CT-0003396,key_context,20.6
CT-0003397,key_context,19.1
CT-0003398,key_context,17.7
CT-0003399,key_context,20.1
CT-0003400,key_context,19.5
CT-0003401,key_context,20.3
CT-0003402,key_context,20.3
CT-0003403,key_context,20.3
CT-0003404,key_context,20.8
CT-0003405,key_context,22.2
CT-0003406,key_context,21.1
CT-0003407,key_context,18.5
CT-0003408,key_context,20.1
CT-0003409,key_context,17.3
CT-0003410,key_context,19.4
CT-0003411,key_context,18.8
CT-0003412,key_context,20.3
CT-0003413,key_context,19.5
CT-0003414,key_context,21.2
CT-0003415,key_context,20.0
CT-0003416,key_context,20.2
CT-0003417,key_context,20.0
CT-0003418,key_context,19.8
CT-0003419,key_context,19.4
CT-0003420,key_context,19.7
CT-0003421,key_context,19.6
CT-0003422,key_context,19.8
CT-0003423,key_context,19.8
CT-0003424,key_context,22.0
CT-0003425,key_context,19.4
CT-0003426,key_context,19.1
CT-0003427,key_context,18.6
CT-0003428,key_context,18.8
CT-0003429,key_context,19.2
CT-0003430,key_context,20.4
CT-0003431,key_context,20.2
CT-0003432,key_context,21.7
CT-0003433,key_context,19.0
CT-0003434,key_context,21.7
CT-0003435,key_context,20.3
CT-0003436,key_context,18.4
CT-0003437,key_context,20.3
CT-0003438,key_context,19.8
CT-0003439,key_context,20.7
CT-0003440,key_context,19.6
CT-0003441,key_context,19.5
CT-0003442,key_context,20.9
CT-0003443,key_context,22.5
CT-0003444,key_context,19.7
CT-0003445,key_context,19.9
CT-0003446,key_context,20.5
CT-0003447,key_context,19.1
CT-0003448,key_context,19.1
CT-0003449,key_context,20.8
CT-0003450,key_context,20.9
CT-0003451,key_context,21.7
CT-0003452,key_context,22.3
CT-0003453,key_context,21.2
CT-0003454,key_context,20.5
CT-0003455,key_context,20.7
CT-0003456,key_context,21.7
CT-0003457,key_context,20.0
CT-0003458,key_context,20.3
CT-0003459,key_context,20.6
CT-0003460,key_context,19.2
CT-0003461,key_context,21.5
CT-0003462,key_context,21.8
CT-0003463,key_context,19.5
CT-0003464,key_context,19.5
CT-0003465,key_context,18.3
CT-0003466,key_context,19.3
CT-0003467,key_context,20.2
CT-0003468,key_context,21.1
CT-0003469,key_context,20.1
CT-0003470,key_context,18.6
CT-0003471,key_context,21.3
CT-0003472,key_context,20.2
CT-0003473,key_context,18.4
CT-0003474,key_context,19.2
CT-0003475,key_context,20.6
CT-0003476,key_context,19.9
CT-0003477,key_context,19.2
CT-0003478,key_context,18.7
CT-0003479,key_context,19.4
CT-0003480,key_context,21.0
CT-0003481,key_context,18.4
CT-0003482,key_context,20.4
CT-0003483,key_context,19.6
CT-0003484,key_context,20.5
CT-0003485,key_context,19.8
CT-0003486,key_context,19.9
CT-0003487,key_context,19.5
CT-0003488,key_context,18.1
CT-0003489,key_context,20.1
CT-0003490,key_context,20.0
CT-0003491,key_context,17.7
CT-0003492,key_context,19.8
CT-0003493,key_context,20.3
CT-0003494,key_context,19.9
CT-0003495,key_context,20.3
CT-0003496,key_context,20.1
CT-0003497,key_context,20.6
CT-0003498,key_context,19.9
CT-0003499,key_context,18.7
CT-0003500,key_context,22.0
CT-0003501,key_context,20.0
CT-0003502,key_context,20.2
CT-0003503,key_context,21.5
CT-0003504,key_context,19.8
CT-0003505,key_context,20.2
CT-0003506,key_context,20.0
CT-0003507,key_context,18.8
CT-0003508,key_context,20.0
CT-0003509,key_context,18.2
CT-0003510,key_context,21.0
CT-0003511,key_context,20.6
CT-0003512,key_context,21.8
CT-0003513,key_context,19.9
CT-0003514,key_context,20.5
CT-0003515,key_context,20.5
CT-0003516,key_context,21.5
CT-0003517,key_context,21.0
CT-0003518,key_context,20.0
CT-0003519,key_context,18.0
CT-0003520,key_context,20.3
CT-0003521,key_context,19.3
CT-0003522,key_context,20.2
CT-0003523,key_context,20.2
CT-0003524,key_context,19.1
CT-0003525,key_context,19.9
CT-0003526,key_context,23.0
CT-0003527,key_context,20.0
CT-0003528,key_context,20.8
CT-0003529,key_context,20.0
CT-0003530,key_context,20.4
CT-0003531,key_context,19.9
CT-0003532,key_context,19.1
CT-0003533,key_context,21.1
CT-0003534,key_context,20.2
CT-0003535,key_context,21.5
CT-0003536,key_context,19.7
CT-0003537,key_context,20.4
CT-0003538,key_context,20.3
CT-0003539,key_context,19.9
CT-0003540,key_context,20.3
CT-0003541,key_context,19.8
CT-0003542,key_context,18.5
CT-0003543,key_context,18.7
CT-0003544,key_context,21.6
CT-0003545,key_context,21.3
CT-0003546,key_context,17.5
CT-0003547,key_context,19.3
CT-0003548,key_context,20.9
CT-0003549,key_context,19.3
CT-0003550,key_context,19.1
CT-0003551,key_context,18.9
CT-0003552,key_context,20.2
CT-0003553,key_context,19.6
CT-0003554,key_context,19.8
CT-0003555,key_context,18.4
CT-0003556,key_context,20.0
CT-0003557,key_context,21.9
CT-0003558,key_context,19.8
CT-0003559,key_context,19.9
CT-0003560,key_context,18.5
CT-0003561,key_context,18.5
CT-0003562,key_context,21.2
CT-0003563,key_context,19.0
CT-0003564,key_context,19.9
CT-0003565,key_context,21.2
CT-0003566,key_context,20.6
CT-0003567,key_context,19.1
CT-0003568,key_context,19.7
CT-0003569,key_context,18.8
CT-0003570,key_context,19.0
CT-0003571,key_context,21.0
CT-0003572,key_context,18.8
CT-0003573,key_context,20.5
CT-0003574,key_context,19.0
CT-0003575,key_context,20.4
CT-0003576,key_context,19.5
CT-0003577,key_context,20.7
CT-0003578,key_context,21.2
CT-0003579,key_context,19.6
CT-0003580,key_context,18.7
CT-0003581,key_context,19.5
CT-0003582,key_context,18.3
CT-0003583,key_context,20.8
CT-0003584,key_context,19.1
CT-0003585,key_context,20.5
CT-0003586,key_context,19.7
CT-0003587,key_context,19.2
CT-0003588,key_context,19.0
CT-0003589,key_context,19.5
CT-0003590,key_context,19.8
CT-0003591,key_context,20.9
CT-0003592,key_context,18.4
CT-0003593,key_context,19.9
CT-0003594,key_context,21.3
CT-0003595,key_context,21.0
CT-0003596,key_context,19.2
CT-0003597,key_context,20.8
CT-0003598,key_context,20.1
CT-0003599,key_context,17.2
CT-0003600,key_context,19.7
CT-0003601,key_context,21.0
CT-0003602,key_context,20.1
CT-0003603,key_context,19.2
CT-0003604,key_context,19.5
CT-0003605,key_context,20.8
CT-0003606,key_context,20.6
CT-0003607,key_context,20.3
CT-0003608,key_context,22.2
CT-0003609,key_context,19.4
CT-0003610,key_context,18.6
CT-0003611,key_context,20.2
CT-0003612,key_context,20.6
CT-0003613,key_context,19.2
CT-0003614,key_context,18.8
CT-0003615,key_context,19.3
CT-0003616,key_context,20.5
CT-0003617,key_context,19.5
CT-0003618,key_context,20.5
CT-0003619,key_context,18.2
CT-0003620,key_context,20.4
CT-0003621,key_context,21.9
CT-0003622,key_context,20.5
CT-0003623,key_context,21.2
CT-0003624,key_context,19.3
CT-0003625,key_context,20.0
CT-0003626,key_context,20.9
CT-0003627,key_context,21.0
CT-0003628,key_context,21.2
CT-0003629,key_context,20.9
CT-0003630,key_context,20.4
CT-0003631,key_context,19.3
CT-0003632,key_context,21.1
CT-0003633,key_context,18.6
CT-0003634,key_context,19.3
CT-0003635,key_context,19.3
CT-0003636,key_context,19.9
CT-0003637,key_context,20.5
CT-0003638,key_context,19.4
CT-0003639,key_context,19.3
CT-0003640,key_context,19.5
CT-0003641,key_context,20.1
CT-0003642,key_context,19.8
CT-0003643,key_context,20.3
CT-0003644,key_context,20.5
CT-0003645,key_context,20.0
CT-0003646,key_context,19.6
CT-0003647,key_context,20.8
CT-0003648,key_context,19.8
CT-0003649,key_context,20.0
CT-0003650,key_context,21.5
CT-0003651,key_context,19.5
CT-0003652,key_context,19.9
CT-0003653,key_context,21.6
CT-0003654,key_context,20.0
CT-0003655,key_context,19.3
CT-0003656,key_context,21.4
CT-0003657,key_context,19.7
CT-0003658,key_context,19.7
CT-0003659,key_context,20.4
CT-0003660,key_context,19.9
CT-0003661,key_context,19.6
CT-0003662,key_context,20.9
CT-0003663,key_context,19.6
CT-0003664,key_context,19.7
CT-0003665,key_context,19.9
CT-0003666,key_context,22.5
CT-0003667,key_context,18.6
CT-0003668,key_context,19.9
CT-0003669,key_context,21.3
CT-0003670,key_context,22.8
CT-0003671,key_context,17.6
CT-0003672,key_context,18.2
CT-0003673,key_context,19.4
CT-0003674,key_context,21.8
CT-0003675,key_context,19.6
CT-0003676,key_context,19.5
CT-0003677,key_context,19.4
CT-0003678,key_context,20.3
CT-0003679,key_context,18.1
CT-0003680,key_context,20.4
CT-0003681,key_context,20.4
CT-0003682,key_context,19.1
CT-0003683,key_context,20.2
CT-0003684,key_context,19.7
CT-0003685,key_context,20.6
CT-0003686,key_context,18.8
CT-0003687,key_context,20.8
CT-0003688,key_context,20.3
CT-0003689,key_context,20.4
CT-0003690,key_context,19.7
CT-0003691,key_context,20.2
CT-0003692,key_context,20.6
CT-0003693,key_context,20.5
CT-0003694,key_context,20.3
CT-0003695,key_context,19.9
CT-0003696,key_context,19.2
CT-0003697,key_context,19.7
CT-0003698,key_context,19.8
CT-0003699,key_context,20.1
CT-0003700,key_context,19.3
CT-0003701,key_context,19.6
CT-0003702,key_context,19.6
CT-0003703,key_context,19.8
CT-0003704,key_context,20.9
CT-0003705,key_context,20.7
CT-0003706,key_context,18.7
CT-0003707,key_context,19.4
CT-0003708,key_context,20.1
CT-0003709,key_context,19.4
CT-0003710,key_context,19.4
CT-0003711,key_context,19.6
CT-0003712,key_context,19.9
CT-0003713,key_context,20.4
CT-0003714,key_context,20.3
CT-0003715,key_context,18.6
CT-0003716,key_context,20.9
CT-0003717,key_context,20.8
CT-0003718,key_context,21.7
CT-0003719,key_context,20.4
CT-0003720,key_context,21.3
CT-0003721,key_context,19.1
CT-0003722,key_context,20.5
CT-0003723,key_context,20.3
CT-0003724,key_context,19.8
CT-0003725,key_context,20.2
CT-0003726,key_context,21.2
CT-0003727,key_context,19.0
CT-0003728,key_context,19.0
CT-0003729,key_context,20.6
CT-0003730,key_context,19.6
CT-0003731,key_context,21.4
CT-0003732,key_context,19.7
CT-0003733,key_context,18.8
CT-0003734,key_context,20.7
CT-0003735,key_context,19.4
CT-0003736,key_context,21.1
CT-0003737,key_context,18.3
CT-0003738,key_context,20.1
CT-0003739,key_context,20.4
CT-0003740,key_context,20.2
CT-0003741,key_context,19.9
CT-0003742,key_context,19.8
CT-0003743,key_context,19.1
CT-0003744,key_context,19.8
CT-0003745,key_context,20.2
CT-0003746,key_context,18.5
CT-0003747,key_context,20.3
CT-0003748,key_context,21.9
CT-0003749,key_context,21.2
CT-0003750,key_context,21.0
CT-0003751,key_context,20.0
CT-0003752,key_context,18.0
CT-0003753,key_context,18.7
CT-0003754,key_context,19.3
CT-0003755,key_context,19.7
CT-0003756,key_context,20.7
CT-0003757,key_context,20.1
CT-0003758,key_context,18.7
CT-0003759,key_context,19.6
CT-0003760,key_context,19.9
CT-0003761,key_context,17.9
CT-0003762,key_context,19.9
CT-0003763,key_context,20.7
CT-0003764,key_context,17.1
CT-0003765,key_context,21.0
CT-0003766,key_context,20.8
CT-0003767,key_context,20.6
CT-0003768,key_context,19.2
CT-0003769,key_context,19.3
CT-0003770,key_context,21.4
CT-0003771,key_context,19.1
CT-0003772,key_context,18.8
CT-0003773,key_context,18.3
CT-0003774,key_context,19.4
CT-0003775,key_context,19.5
CT-0003776,key_context,21.2
CT-0003777,key_context,21.0
CT-0003778,key_context,19.1
CT-0003779,key_context,20.7
CT-0003780,key_context,21.2
CT-0003781,key_context,21.1
CT-0003782,key_context,18.3
CT-0003783,key_context,19.1
CT-0003784,key_context,19.3
CT-0003785,key_context,20.9
CT-0003786,key_context,19.4
CT-0003787,key_context,20.5
CT-0003788,key_context,21.9
CT-0003789,key_context,19.5
CT-0003790,key_context,22.2
CT-0003791,key_context,20.9
CT-0003792,key_context,17.8
CT-0003793,key_context,19.5
CT-0003794,key_context,17.4
CT-0003795,key_context,18.5
CT-0003796,key_context,19.4
CT-0003797,key_context,19.9
CT-0003798,key_context,19.3
CT-0003799,key_context,19.9
CT-0003800,key_context,20.7
CT-0003801,key_context,21.9
CT-0003802,key_context,21.0
CT-0003803,key_context,20.9
CT-0003804,key_context,20.4
CT-0003805,key_context,20.9
CT-0003806,key_context,20.2
CT-0003807,key_context,19.9
CT-0003808,key_context,18.9
CT-0003809,key_context,20.3
CT-0003810,key_context,20.5
CT-0003811,key_context,20.6
CT-0003812,key_context,21.7
CT-0003813,key_context,19.4
CT-0003814,key_context,22.2
CT-0003815,key_context,18.9
CT-0003816,key_context,21.7
CT-0003817,key_context,18.9
CT-0003818,key_context,20.6
CT-0003819,key_context,21.1
CT-0003820,key_context,19.7
CT-0003821,key_context,19.9
CT-0003822,key_context,19.9
CT-0003823,key_context,20.7
CT-0003824,key_context,19.2
CT-0003825,key_context,20.0
CT-0003826,key_context,18.8
CT-0003827,key_context,20.0
CT-0003828,key_context,19.9
CT-0003829,key_context,21.5
CT-0003830,key_context,20.8
CT-0003831,key_context,21.2
CT-0003832,key_context,19.0
CT-0003833,key_context,21.4
CT-0003834,key_context,19.6
CT-0003835,key_context,20.2
CT-0003836,key_context,20.2
CT-0003837,key_context,21.0
CT-0003838,key_context,19.5
CT-0003839,key_context,18.6
CT-0003840,key_context,20.8
CT-0003841,key_context,18.9
CT-0003842,key_context,20.2
CT-0003843,key_context,20.6
CT-0003844,key_context,18.3
CT-0003845,key_context,20.6
CT-0003846,key_context,20.0
CT-0003847,key_context,19.4
CT-0003848,key_context,20.6
CT-0003849,key_context,19.4
CT-0003850,key_context,19.0
CT-0003851,key_context,20.0
CT-0003852,key_context,19.2
CT-0003853,key_context,19.9
CT-0003854,key_context,19.9
CT-0003855,key_context,20.2
CT-0003856,key_context,20.4
CT-0003857,key_context,21.3
CT-0003858,key_context,20.9
CT-0003859,key_context,20.7
CT-0003860,key_context,20.2
CT-0003861,key_context,18.7
CT-0003862,key_context,20.7
CT-0003863,key_context,21.3
CT-0003864,key_context,18.9
CT-0003865,key_context,20.3
CT-0003866,key_context,20.2
CT-0003867,key_context,19.7
CT-0003868,key_context,18.7
CT-0003869,key_context,21.2
CT-0003870,key_context,20.7
CT-0003871,key_context,21.2
CT-0003872,key_context,22.0
CT-0003873,key_context,17.6
CT-0003874,key_context,20.7
CT-0003875,key_context,20.3
CT-0003876,key_context,20.2
CT-0003877,key_context,18.2
CT-0003878,key_context,19.2
CT-0003879,key_context,19.0
CT-0003880,key_context,20.1
CT-0003881,key_context,21.5
CT-0003882,key_context,19.8
CT-0003883,key_context,19.3
CT-0003884,key_context,18.4
CT-0003885,key_context,18.3
CT-0003886,key_context,20.1
CT-0003887,key_context,19.3
CT-0003888,key_context,20.6
CT-0003889,key_context,18.6
CT-0003890,key_context,20.2
CT-0003891,key_context,20.3
CT-0003892,key_context,19.5
CT-0003893,key_context,19.3
CT-0003894,key_context,20.4
CT-0003895,key_context,19.8
CT-0003896,key_context,20.0
CT-0003897,key_context,21.1
CT-0003898,key_context,20.5
CT-0003899,key_context,21.6
CT-0003900,key_context,18.7
CT-0003901,key_context,22.0
CT-0003902,key_context,20.5
CT-0003903,key_context,19.9
CT-0003904,key_context,20.2
CT-0003905,key_context,18.7
CT-0003906,key_context,18.6
CT-0003907,key_context,19.9
CT-0003908,key_context,19.4
CT-0003909,key_context,22.5
CT-0003910,key_context,19.2
CT-0003911,key_context,19.4
CT-0003912,key_context,19.2
CT-0003913,key_context,19.1
CT-0003914,key_context,18.2
CT-0003915,key_context,20.5
CT-0003916,key_context,18.5
CT-0003917,key_context,19.9
CT-0003918,key_context,21.5
CT-0003919,key_context,20.7
CT-0003920,key_context,19.8
CT-0003921,key_context,18.4
CT-0003922,key_context,21.8
CT-0003923,key_context,19.9
CT-0003924,key_context,20.8
CT-0003925,key_context,19.2
CT-0003926,key_context,19.2
CT-0003927,key_context,21.2
CT-0003928,key_context,18.9
CT-0003929,key_context,20.5
CT-0003930,key_context,19.6
CT-0003931,key_context,19.3
CT-0003932,key_context,18.9
CT-0003933,key_context,20.4
CT-0003934,key_context,17.1
CT-0003935,key_context,17.9
CT-0003936,key_context,19.7
CT-0003937,key_context,22.0
CT-0003938,key_context,20.2
CT-0003939,key_context,19.8
CT-0003940,key_context,19.1
CT-0003941,key_context,21.9
CT-0003942,key_context,20.6
CT-0003943,key_context,21.2
CT-0003944,key_context,19.2
CT-0003945,key_context,20.2
CT-0003946,key_context,21.2
CT-0003947,key_context,22.4
CT-0003948,key_context,20.2
CT-0003949,key_context,21.2
CT-0003950,key_context,21.0
CT-0003951,key_context,19.8
CT-0003952,key_context,17.6
CT-0003953,key_context,19.4
CT-0003954,key_context,20.8
CT-0003955,key_context,19.3
CT-0003956,key_context,21.2
CT-0003957,key_context,19.9
CT-0003958,key_context,20.9
CT-0003959,key_context,19.8
CT-0003960,key_context,19.9
CT-0003961,key_context,21.0
CT-0003962,key_context,19.7
CT-0003963,key_context,21.0
CT-0003964,key_context,20.1
CT-0003965,key_context,19.6
CT-0003966,key_context,19.1
CT-0003967,key_context,21.8
CT-0003968,key_context,21.6
CT-0003969,key_context,17.2
CT-0003970,key_context,20.1
CT-0003971,key_context,21.0
CT-0003972,key_context,20.5
CT-0003973,key_context,18.7
CT-0003974,key_context,22.0
CT-0003975,key_context,19.3
CT-0003976,key_context,20.5
CT-0003977,key_context,19.9
CT-0003978,key_context,20.4
CT-0003979,key_context,18.9
CT-0003980,key_context,20.8
CT-0003981,key_context,19.5
CT-0003982,key_context,21.4
CT-0003983,key_context,20.9
CT-0003984,key_context,19.2
CT-0003985,key_context,19.7
CT-0003986,key_context,21.0
CT-0003987,key_context,19.0
CT-0003988,key_context,22.1
CT-0003989,key_context,17.0
CT-0003990,key_context,17.9
CT-0003991,key_context,18.8
CT-0003992,key_context,19.8
CT-0003993,key_context,17.0
CT-0003994,key_context,20.2
CT-0003995,key_context,18.9
CT-0003996,key_context,22.0
CT-0003997,key_context,20.6
CT-0003998,key_context,18.5
CT-0003999,key_context,19.5
CT-0004000,key_context,19.4
CT-0004001,total_signing,889.1
CT-0004002,total_signing,917.9
CT-0004003,total_signing,893.7
CT-0004004,total_signing,920.1
CT-0004005,total_signing,909.1
CT-0004006,total_signing,904.4
CT-0004007,total_signing,913.8
CT-0004008,total_signing,913.1
CT-0004009,total_signing,907.1
CT-0004010,total_signing,906.5
CT-0004011,total_signing,902.9
CT-0004012,total_signing,914.7
CT-0004013,total_signing,906.6
CT-0004014,total_signing,904.5
CT-0004015,total_signing,909.9
CT-0004016,total_signing,893.8
CT-0004017,total_signing,890.1
CT-0004018,total_signing,916.5
CT-0004019,total_signing,897.9
CT-0004020,total_signing,904.8
CT-0004021,total_signing,904.1
CT-0004022,total_signing,905.9
CT-0004023,total_signing,911.8
CT-0004024,total_signing,889.6
CT-0004025,total_signing,897.4
CT-0004026,total_signing,894.4
CT-0004027,total_signing,885.2
CT-0004028,total_signing,893.8
CT-0004029,total_signing,900.6
CT-0004030,total_signing,903.1
CT-0004031,total_signing,899.3
CT-0004032,total_signing,897.0
CT-0004033,total_signing,910.8
CT-0004034,total_signing,900.4
CT-0004035,total_signing,888.3
CT-0004036,total_signing,903.0
CT-0004037,total_signing,903.9
CT-0004038,total_signing,891.8
CT-0004039,total_signing,900.4
CT-0004040,total_signing,905.0
CT-0004041,total_signing,897.6
CT-0004042,total_signing,889.1
CT-0004043,total_signing,900.5
CT-0004044,total_signing,903.7
CT-0004045,total_signing,892.6
CT-0004046,total_signing,906.3
CT-0004047,total_signing,897.4
CT-0004048,total_signing,893.3
CT-0004049,total_signing,912.1
CT-0004050,total_signing,905.4
CT-0004051,total_signing,920.2
CT-0004052,total_signing,906.4
CT-0004053,total_signing,887.3
CT-0004054,total_signing,905.5
CT-0004055,total_signing,897.1
CT-0004056,total_signing,901.8
CT-0004057,total_signing,906.1
CT-0004058,total_signing,894.2
CT-0004059,total_signing,886.1
CT-0004060,total_signing,897.8
CT-0004061,total_signing,901.1
CT-0004062,total_signing,910.9
CT-0004063,total_signing,894.3
CT-0004064,total_signing,911.8
CT-0004065,total_signing,891.7
CT-0004066,total_signing,890.8
CT-0004067,total_signing,909.8
CT-0004068,total_signing,891.0
CT-0004069,total_signing,899.1
CT-0004070,total_signing,889.0
CT-0004071,total_signing,909.4
CT-0004072,total_signing,897.3
CT-0004073,total_signing,886.2
CT-0004074,total_signing,894.0
CT-0004075,total_signing,906.8
CT-0004076,total_signing,890.2
CT-0004077,total_signing,888.2
CT-0004078,total_signing,919.6
CT-0004079,total_signing,899.2
CT-0004080,total_signing,893.3
CT-0004081,total_signing,898.0
CT-0004082,total_signing,923.4
CT-0004083,total_signing,904.7
CT-0004084,total_signing,910.7
CT-0004085,total_signing,884.6
CT-0004086,total_signing,893.5
CT-0004087,total_signing,899.4
CT-0004088,total_signing,904.7
CT-0004089,total_signing,886.5
CT-0004090,total_signing,911.7
CT-0004091,total_signing,906.6
CT-0004092,total_signing,889.0
CT-0004093,total_signing,907.6
CT-0004094,total_signing,915.0
CT-0004095,total_signing,903.8
CT-0004096,total_signing,899.5
CT-0004097,total_signing,912.6
CT-0004098,total_signing,906.6
CT-0004099,total_signing,894.2
CT-0004100,total_signing,901.7
CT-0004101,total_signing,905.7
CT-0004102,total_signing,911.5
CT-0004103,total_signing,901.8
CT-0004104,total_signing,903.0
CT-0004105,total_signing,901.9
CT-0004106,total_signing,898.7
CT-0004107,total_signing,923.3
CT-0004108,total_signing,894.9
CT-0004109,total_signing,894.7
CT-0004110,total_signing,899.7
CT-0004111,total_signing,889.9
CT-0004112,total_signing,898.1
CT-0004113,total_signing,889.3
CT-0004114,total_signing,905.4
CT-0004115,total_signing,905.4
CT-0004116,total_signing,883.0
CT-0004117,total_signing,898.3
CT-0004118,total_signing,916.0
CT-0004119,total_signing,902.6
CT-0004120,total_signing,907.6
CT-0004121,total_signing,896.9
CT-0004122,total_signing,898.8
CT-0004123,total_signing,911.4
CT-0004124,total_signing,906.3
CT-0004125,total_signing,908.5
CT-0004126,total_signing,885.7
CT-0004127,total_signing,897.3
CT-0004128,total_signing,919.2
CT-0004129,total_signing,912.4
CT-0004130,total_signing,896.9
CT-0004131,total_signing,892.8
CT-0004132,total_signing,896.6
CT-0004133,total_signing,902.1
CT-0004134,total_signing,896.5
CT-0004135,total_signing,896.1
CT-0004136,total_signing,909.1
CT-0004137,total_signing,886.6
CT-0004138,total_signing,915.4
CT-0004139,total_signing,908.5
CT-0004140,total_signing,904.0
CT-0004141,total_signing,900.5
CT-0004142,total_signing,891.5
CT-0004143,total_signing,892.9
CT-0004144,total_signing,914.2
CT-0004145,total_signing,904.4
CT-0004146,total_signing,898.4
CT-0004147,total_signing,886.5
CT-0004148,total_signing,894.1
CT-0004149,total_signing,904.8
CT-0004150,total_signing,890.2
CT-0004151,total_signing,896.2
CT-0004152,total_signing,895.5
CT-0004153,total_signing,907.8
CT-0004154,total_signing,894.1
CT-0004155,total_signing,898.5
CT-0004156,total_signing,889.0
CT-0004157,total_signing,900.1
CT-0004158,total_signing,901.7
CT-0004159,total_signing,897.6
CT-0004160,total_signing,899.4
CT-0004161,total_signing,904.6
CT-0004162,total_signing,900.1
CT-0004163,total_signing,903.2
CT-0004164,total_signing,899.7
CT-0004165,total_signing,906.5
CT-0004166,total_signing,904.5
CT-0004167,total_signing,879.1
CT-0004168,total_signing,910.1
CT-0004169,total_signing,896.4
CT-0004170,total_signing,900.1
CT-0004171,total_signing,908.1
CT-0004172,total_signing,895.0
CT-0004173,total_signing,897.5
CT-0004174,total_signing,887.7
CT-0004175,total_signing,903.6
CT-0004176,total_signing,896.0
CT-0004177,total_signing,904.6
CT-0004178,total_signing,884.7
CT-0004179,total_signing,893.7
CT-0004180,total_signing,905.1
CT-0004181,total_signing,900.7
CT-0004182,total_signing,898.7
CT-0004183,total_signing,893.7
CT-0004184,total_signing,911.0
CT-0004185,total_signing,904.0
CT-0004186,total_signing,895.3
CT-0004187,total_signing,913.5
CT-0004188,total_signing,909.6
CT-0004189,total_signing,892.4
CT-0004190,total_signing,910.5
CT-0004191,total_signing,901.9
CT-0004192,total_signing,885.8
CT-0004193,total_signing,902.6
CT-0004194,total_signing,898.4
CT-0004195,total_signing,901.6
CT-0004196,total_signing,893.3
CT-0004197,total_signing,918.1
CT-0004198,total_signing,902.3
CT-0004199,total_signing,905.9
CT-0004200,total_signing,897.8
CT-0004201,total_signing,889.8
CT-0004202,total_signing,902.9
CT-0004203,total_signing,897.9
CT-0004204,total_signing,900.6
CT-0004205,total_signing,903.6
CT-0004206,total_signing,911.5
CT-0004207,total_signing,904.3
CT-0004208,total_signing,888.1
CT-0004209,total_signing,900.1
CT-0004210,total_signing,900.1
CT-0004211,total_signing,899.9
CT-0004212,total_signing,890.6
CT-0004213,total_signing,892.2
CT-0004214,total_signing,922.6
CT-0004215,total_signing,881.1
CT-0004216,total_signing,910.3
CT-0004217,total_signing,915.8
CT-0004218,total_signing,888.1
CT-0004219,total_signing,885.1
CT-0004220,total_signing,899.1
CT-0004221,total_signing,880.5
CT-0004222,total_signing,886.4
CT-0004223,total_signing,904.9
CT-0004224,total_signing,905.4
CT-0004225,total_signing,892.0
CT-0004226,total_signing,887.3
CT-0004227,total_signing,904.2
CT-0004228,total_signing,903.9
CT-0004229,total_signing,891.9
CT-0004230,total_signing,883.6
CT-0004231,total_signing,902.4
CT-0004232,total_signing,884.2
CT-0004233,total_signing,887.9
CT-0004234,total_signing,899.3
CT-0004235,total_signing,911.7
CT-0004236,total_signing,876.0
CT-0004237,total_signing,897.9
CT-0004238,total_signing,914.0
CT-0004239,total_signing,892.5
CT-0004240,total_signing,896.7
CT-0004241,total_signing,894.0
CT-0004242,total_signing,897.9
CT-0004243,total_signing,893.1
CT-0004244,total_signing,893.7
CT-0004245,total_signing,897.1
CT-0004246,total_signing,915.5
CT-0004247,total_signing,906.1
CT-0004248,total_signing,895.3
CT-0004249,total_signing,913.1
CT-0004250,total_signing,901.8
CT-0004251,total_signing,893.9
CT-0004252,total_signing,881.1
CT-0004253,total_signing,925.9
CT-0004254,total_signing,893.8
CT-0004255,total_signing,900.9
CT-0004256,total_signing,895.1
CT-0004257,total_signing,903.0
CT-0004258,total_signing,895.7
CT-0004259,total_signing,908.2
CT-0004260,total_signing,904.0
CT-0004261,total_signing,896.5
CT-0004262,total_signing,915.4
CT-0004263,total_signing,911.5
CT-0004264,total_signing,895.4
CT-0004265,total_signing,901.2
CT-0004266,total_signing,896.2
CT-0004267,total_signing,899.5
CT-0004268,total_signing,902.2
CT-0004269,total_signing,913.4
CT-0004270,total_signing,908.5
CT-0004271,total_signing,892.7
CT-0004272,total_signing,909.8
CT-0004273,total_signing,884.8
CT-0004274,total_signing,899.6
CT-0004275,total_signing,890.7
CT-0004276,total_signing,903.9
CT-0004277,total_signing,894.1
CT-0004278,total_signing,892.6
CT-0004279,total_signing,914.1
CT-0004280,total_signing,898.0
CT-0004281,total_signing,906.7
CT-0004282,total_signing,897.3
CT-0004283,total_signing,911.2
CT-0004284,total_signing,900.1
CT-0004285,total_signing,908.3
CT-0004286,total_signing,895.5
CT-0004287,total_signing,902.6
CT-0004288,total_signing,901.4
CT-0004289,total_signing,896.0
CT-0004290,total_signing,904.2
CT-0004291,total_signing,916.1
CT-0004292,total_signing,900.1
CT-0004293,total_signing,883.3
CT-0004294,total_signing,897.0
CT-0004295,total_signing,893.8
CT-0004296,total_signing,910.7
CT-0004297,total_signing,905.4
CT-0004298,total_signing,895.6
CT-0004299,total_signing,888.8
CT-0004300,total_signing,898.3
CT-0004301,total_signing,891.0
CT-0004302,total_signing,896.0
CT-0004303,total_signing,901.3
CT-0004304,total_signing,892.0
CT-0004305,total_signing,898.7
CT-0004306,total_signing,895.4
CT-0004307,total_signing,902.4
CT-0004308,total_signing,896.8
CT-0004309,total_signing,896.2
CT-0004310,total_signing,899.7
CT-0004311,total_signing,887.6
CT-0004312,total_signing,897.4
CT-0004313,total_signing,902.3
CT-0004314,total_signing,903.2
CT-0004315,total_signing,897.1
CT-0004316,total_signing,892.6
CT-0004317,total_signing,892.2
CT-0004318,total_signing,896.6
CT-0004319,total_signing,906.2
CT-0004320,total_signing,898.1
CT-0004321,total_signing,904.0
CT-0004322,total_signing,903.7
CT-0004323,total_signing,905.7
CT-0004324,total_signing,900.0
CT-0004325,total_signing,894.7
CT-0004326,total_signing,889.7
CT-0004327,total_signing,897.9
CT-0004328,total_signing,898.7
CT-0004329,total_signing,908.0
CT-0004330,total_signing,895.6
CT-0004331,total_signing,907.8
CT-0004332,total_signing,899.8
CT-0004333,total_signing,903.8
CT-0004334,total_signing,899.8
CT-0004335,total_signing,906.8
CT-0004336,total_signing,887.3
CT-0004337,total_signing,905.2
CT-0004338,total_signing,885.6
CT-0004339,total_signing,883.6
CT-0004340,total_signing,909.7
CT-0004341,total_signing,908.1
CT-0004342,total_signing,892.7
CT-0004343,total_signing,894.4
CT-0004344,total_signing,909.5
CT-0004345,total_signing,903.9
CT-0004346,total_signing,900.6
CT-0004347,total_signing,874.3
CT-0004348,total_signing,896.3
CT-0004349,total_signing,875.8
CT-0004350,total_signing,893.4
CT-0004351,total_signing,888.7
CT-0004352,total_signing,898.8
CT-0004353,total_signing,881.8
CT-0004354,total_signing,910.2
CT-0004355,total_signing,894.9
CT-0004356,total_signing,903.0
CT-0004357,total_signing,892.4
CT-0004358,total_signing,896.6
CT-0004359,total_signing,899.2
CT-0004360,total_signing,887.5
CT-0004361,total_signing,900.4
CT-0004362,total_signing,887.8
CT-0004363,total_signing,903.2
CT-0004364,total_signing,893.7
CT-0004365,total_signing,917.6
CT-0004366,total_signing,901.6
CT-0004367,total_signing,892.7
CT-0004368,total_signing,886.4
CT-0004369,total_signing,916.0
CT-0004370,total_signing,888.0
CT-0004371,total_signing,873.0
CT-0004372,total_signing,910.5
CT-0004373,total_signing,902.2
CT-0004374,total_signing,907.8
CT-0004375,total_signing,890.7
CT-0004376,total_signing,897.5
CT-0004377,total_signing,908.2
CT-0004378,total_signing,901.9
CT-0004379,total_signing,895.8
CT-0004380,total_signing,908.3
CT-0004381,total_signing,901.7
CT-0004382,total_signing,915.5
CT-0004383,total_signing,889.6
CT-0004384,total_signing,903.2
CT-0004385,total_signing,910.0
CT-0004386,total_signing,897.7
CT-0004387,total_signing,912.5
CT-0004388,total_signing,897.4
CT-0004389,total_signing,902.6
CT-0004390,total_signing,917.9
CT-0004391,total_signing,896.9
CT-0004392,total_signing,903.0
CT-0004393,total_signing,901.5
CT-0004394,total_signing,899.2
CT-0004395,total_signing,898.7
CT-0004396,total_signing,909.5
CT-0004397,total_signing,893.4
CT-0004398,total_signing,898.1
CT-0004399,total_signing,875.8
CT-0004400,total_signing,887.6
CT-0004401,total_signing,897.4
CT-0004402,total_signing,886.4
CT-0004403,total_signing,903.9
CT-0004404,total_signing,905.9
CT-0004405,total_signing,898.6
CT-0004406,total_signing,894.9
CT-0004407,total_signing,904.3
CT-0004408,total_signing,893.0
CT-0004409,total_signing,901.1
CT-0004410,total_signing,910.8
CT-0004411,total_signing,891.2
CT-0004412,total_signing,901.4
CT-0004413,total_signing,894.0
CT-0004414,total_signing,875.9
CT-0004415,total_signing,880.4
CT-0004416,total_signing,908.4
CT-0004417,total_signing,892.8
CT-0004418,total_signing,894.4
CT-0004419,total_signing,898.8
CT-0004420,total_signing,918.4
CT-0004421,total_signing,900.5
CT-0004422,total_signing,887.4
CT-0004423,total_signing,907.4
CT-0004424,total_signing,898.5
CT-0004425,total_signing,892.8
CT-0004426,total_signing,901.4
CT-0004427,total_signing,899.8
CT-0004428,total_signing,905.9
CT-0004429,total_signing,897.9
CT-0004430,total_signing,899.4
CT-0004431,total_signing,896.7
CT-0004432,total_signing,898.1
CT-0004433,total_signing,898.5
CT-0004434,total_signing,898.7
CT-0004435,total_signing,909.1
CT-0004436,total_signing,902.5
CT-0004437,total_signing,889.2
CT-0004438,total_signing,911.4
CT-0004439,total_signing,900.7
CT-0004440,total_signing,901.0
CT-0004441,total_signing,887.9
CT-0004442,total_signing,918.1
CT-0004443,total_signing,911.8
CT-0004444,total_signing,897.1
CT-0004445,total_signing,904.6
CT-0004446,total_signing,907.7
CT-0004447,total_signing,908.1
CT-0004448,total_signing,889.1
CT-0004449,total_signing,903.3
CT-0004450,total_signing,914.0
CT-0004451,total_signing,888.2
CT-0004452,total_signing,911.8
CT-0004453,total_signing,902.3
CT-0004454,total_signing,898.0
CT-0004455,total_signing,926.1
CT-0004456,total_signing,898.4
CT-0004457,total_signing,916.1
CT-0004458,total_signing,886.8
CT-0004459,total_signing,892.9
CT-0004460,total_signing,911.0
CT-0004461,total_signing,904.8
CT-0004462,total_signing,899.4
CT-0004463,total_signing,905.5
CT-0004464,total_signing,887.7
CT-0004465,total_signing,899.1
CT-0004466,total_signing,880.5
CT-0004467,total_signing,899.9
CT-0004468,total_signing,909.7
CT-0004469,total_signing,912.6
CT-0004470,total_signing,898.6
CT-0004471,total_signing,891.5
CT-0004472,total_signing,887.7
CT-0004473,total_signing,880.2
CT-0004474,total_signing,908.1
CT-0004475,total_signing,912.6
CT-0004476,total_signing,906.1
CT-0004477,total_signing,914.1
CT-0004478,total_signing,891.8
CT-0004479,total_signing,907.4
CT-0004480,total_signing,892.0
CT-0004481,total_signing,913.0
CT-0004482,total_signing,886.1
CT-0004483,total_signing,894.3
CT-0004484,total_signing,892.8
CT-0004485,total_signing,888.8
CT-0004486,total_signing,914.4
CT-0004487,total_signing,906.3
CT-0004488,total_signing,906.1
CT-0004489,total_signing,901.7
CT-0004490,total_signing,903.4
CT-0004491,total_signing,889.0
CT-0004492,total_signing,903.7
CT-0004493,total_signing,891.5
CT-0004494,total_signing,889.7
CT-0004495,total_signing,901.6
CT-0004496,total_signing,897.1
CT-0004497,total_signing,896.6
CT-0004498,total_signing,889.4
CT-0004499,total_signing,877.7
CT-0004500,total_signing,914.5
CT-0004501,total_signing,904.6
CT-0004502,total_signing,889.7
CT-0004503,total_signing,900.6
CT-0004504,total_signing,911.7
CT-0004505,total_signing,890.7
CT-0004506,total_signing,897.5
CT-0004507,total_signing,919.7
CT-0004508,total_signing,914.7
CT-0004509,total_signing,895.3
CT-0004510,total_signing,898.9
CT-0004511,total_signing,903.5
CT-0004512,total_signing,892.5
CT-0004513,total_signing,903.5
CT-0004514,total_signing,903.7
CT-0004515,total_signing,912.1
CT-0004516,total_signing,915.7
CT-0004517,total_signing,885.2
CT-0004518,total_signing,894.6
CT-0004519,total_signing,892.1
CT-0004520,total_signing,895.2
CT-0004521,total_signing,884.6
CT-0004522,total_signing,898.3
CT-0004523,total_signing,922.6
CT-0004524,total_signing,909.9
CT-0004525,total_signing,906.7
CT-0004526,total_signing,892.5
CT-0004527,total_signing,901.5
CT-0004528,total_signing,900.2
CT-0004529,total_signing,898.8
CT-0004530,total_signing,901.6
CT-0004531,total_signing,892.6
CT-0004532,total_signing,897.7
CT-0004533,total_signing,899.7
CT-0004534,total_signing,894.9
CT-0004535,total_signing,904.8
CT-0004536,total_signing,900.6
CT-0004537,total_signing,893.1
CT-0004538,total_signing,889.5
CT-0004539,total_signing,882.5
CT-0004540,total_signing,909.7
CT-0004541,total_signing,901.8
CT-0004542,total_signing,901.1
CT-0004543,total_signing,890.5
CT-0004544,total_signing,890.8
CT-0004545,total_signing,897.6
CT-0004546,total_signing,907.9
CT-0004547,total_signing,907.8
CT-0004548,total_signing,915.8
CT-0004549,total_signing,909.9
CT-0004550,total_signing,903.6
CT-0004551,total_signing,901.2
CT-0004552,total_signing,890.3
CT-0004553,total_signing,898.8
CT-0004554,total_signing,893.0
CT-0004555,total_signing,911.7
CT-0004556,total_signing,906.3
CT-0004557,total_signing,881.9
CT-0004558,total_signing,885.5
CT-0004559,total_signing,887.8
CT-0004560,total_signing,888.1
CT-0004561,total_signing,896.0
CT-0004562,total_signing,893.4
CT-0004563,total_signing,896.3
CT-0004564,total_signing,891.4
CT-0004565,total_signing,907.2
CT-0004566,total_signing,906.9
CT-0004567,total_signing,887.5
CT-0004568,total_signing,906.7
CT-0004569,total_signing,901.4
CT-0004570,total_signing,908.9
CT-0004571,total_signing,902.2
CT-0004572,total_signing,900.4
CT-0004573,total_signing,898.7
CT-0004574,total_signing,898.6
CT-0004575,total_signing,902.2
CT-0004576,total_signing,905.6
CT-0004577,total_signing,887.6
CT-0004578,total_signing,901.5
CT-0004579,total_signing,913.3
CT-0004580,total_signing,883.3
CT-0004581,total_signing,894.3
CT-0004582,total_signing,905.3
CT-0004583,total_signing,904.4
CT-0004584,total_signing,887.3
CT-0004585,total_signing,885.9
CT-0004586,total_signing,905.6
CT-0004587,total_signing,883.0
CT-0004588,total_signing,889.2
CT-0004589,total_signing,899.0
CT-0004590,total_signing,911.9
CT-0004591,total_signing,908.7
CT-0004592,total_signing,907.9
CT-0004593,total_signing,900.2
CT-0004594,total_signing,876.4
CT-0004595,total_signing,900.5
CT-0004596,total_signing,897.7
CT-0004597,total_signing,893.5
CT-0004598,total_signing,911.5
CT-0004599,total_signing,906.3
CT-0004600,total_signing,904.6
CT-0004601,total_signing,892.1
CT-0004602,total_signing,895.8
CT-0004603,total_signing,904.4
CT-0004604,total_signing,884.6
CT-0004605,total_signing,908.1
CT-0004606,total_signing,893.8
CT-0004607,total_signing,904.3
CT-0004608,total_signing,913.7
CT-0004609,total_signing,910.2
CT-0004610,total_signing,911.2
CT-0004611,total_signing,908.7
CT-0004612,total_signing,909.6
CT-0004613,total_signing,896.2
CT-0004614,total_signing,904.2
CT-0004615,total_signing,893.3
CT-0004616,total_signing,918.2
CT-0004617,total_signing,911.0
CT-0004618,total_signing,899.0
CT-0004619,total_signing,893.9
CT-0004620,total_signing,898.0
CT-0004621,total_signing,884.3
CT-0004622,total_signing,907.1
CT-0004623,total_signing,912.0
CT-0004624,total_signing,896.9
CT-0004625,total_signing,900.0
CT-0004626,total_signing,904.5
CT-0004627,total_signing,899.7
CT-0004628,total_signing,887.3
CT-0004629,total_signing,887.5
CT-0004630,total_signing,914.1
CT-0004631,total_signing,914.5
CT-0004632,total_signing,906.2
CT-0004633,total_signing,897.3
CT-0004634,total_signing,910.7
CT-0004635,total_signing,906.6
CT-0004636,total_signing,896.0
CT-0004637,total_signing,895.7
CT-0004638,total_signing,889.0
CT-0004639,total_signing,918.5
CT-0004640,total_signing,893.3
CT-0004641,total_signing,900.5
CT-0004642,total_signing,907.5
CT-0004643,total_signing,891.5
CT-0004644,total_signing,901.5
CT-0004645,total_signing,883.0
CT-0004646,total_signing,917.4
CT-0004647,total_signing,895.9
CT-0004648,total_signing,901.2
CT-0004649,total_signing,906.1
CT-0004650,total_signing,890.3
CT-0004651,total_signing,902.5
CT-0004652,total_signing,900.9
CT-0004653,total_signing,901.8
CT-0004654,total_signing,882.8
CT-0004655,total_signing,889.9
CT-0004656,total_signing,907.0
CT-0004657,total_signing,901.9
CT-0004658,total_signing,916.4
CT-0004659,total_signing,902.1
CT-0004660,total_signing,907.1
CT-0004661,total_signing,899.6
CT-0004662,total_signing,881.8
CT-0004663,total_signing,899.8
CT-0004664,total_signing,891.4
CT-0004665,total_signing,906.6
CT-0004666,total_signing,901.4
CT-0004667,total_signing,898.3
CT-0004668,total_signing,899.8
CT-0004669,total_signing,897.8
CT-0004670,total_signing,904.2
CT-0004671,total_signing,896.0
CT-0004672,total_signing,902.4
CT-0004673,total_signing,906.5
CT-0004674,total_signing,907.4
CT-0004675,total_signing,898.1
CT-0004676,total_signing,902.7
CT-0004677,total_signing,914.0
CT-0004678,total_signing,906.1
CT-0004679,total_signing,892.4
CT-0004680,total_signing,893.4
CT-0004681,total_signing,906.7
CT-0004682,total_signing,892.9
CT-0004683,total_signing,908.0
CT-0004684,total_signing,897.9
CT-0004685,total_signing,887.7
CT-0004686,total_signing,909.4
CT-0004687,total_signing,897.9
CT-0004688,total_signing,899.5
CT-0004689,total_signing,897.9
CT-0004690,total_signing,902.2
CT-0004691,total_signing,903.3
CT-0004692,total_signing,892.7
CT-0004693,total_signing,901.5
CT-0004694,total_signing,906.2
CT-0004695,total_signing,895.3
CT-0004696,total_signing,889.7
CT-0004697,total_signing,911.6
CT-0004698,total_signing,877.5
CT-0004699,total_signing,893.4
CT-0004700,total_signing,889.4
CT-0004701,total_signing,896.5
CT-0004702,total_signing,900.9
CT-0004703,total_signing,893.2
CT-0004704,total_signing,898.6
CT-0004705,total_signing,903.5
CT-0004706,total_signing,903.0
CT-0004707,total_signing,903.8
CT-0004708,total_signing,894.4
CT-0004709,total_signing,894.6
CT-0004710,total_signing,892.4
CT-0004711,total_signing,905.4
CT-0004712,total_signing,887.7
CT-0004713,total_signing,893.8
CT-0004714,total_signing,890.6
CT-0004715,total_signing,899.6
CT-0004716,total_signing,898.1
CT-0004717,total_signing,903.9
CT-0004718,total_signing,909.5
CT-0004719,total_signing,916.1
CT-0004720,total_signing,906.0
CT-0004721,total_signing,896.8
CT-0004722,total_signing,897.7
CT-0004723,total_signing,904.5
CT-0004724,total_signing,895.1
CT-0004725,total_signing,906.5
CT-0004726,total_signing,890.7
CT-0004727,total_signing,886.0
CT-0004728,total_signing,891.7
CT-0004729,total_signing,898.6
CT-0004730,total_signing,910.9
CT-0004731,total_signing,898.4
CT-0004732,total_signing,893.5
CT-0004733,total_signing,914.8
CT-0004734,total_signing,891.6
CT-0004735,total_signing,901.4
CT-0004736,total_signing,892.1
CT-0004737,total_signing,903.5
CT-0004738,total_signing,894.2
CT-0004739,total_signing,898.7
CT-0004740,total_signing,907.0
CT-0004741,total_signing,886.2
CT-0004742,total_signing,907.2
CT-0004743,total_signing,897.5
CT-0004744,total_signing,891.8
CT-0004745,total_signing,890.8
CT-0004746,total_signing,903.4
CT-0004747,total_signing,892.4
CT-0004748,total_signing,925.3
CT-0004749,total_signing,886.7
CT-0004750,total_signing,892.2
CT-0004751,total_signing,891.4
CT-0004752,total_signing,905.6
CT-0004753,total_signing,906.7
CT-0004754,total_signing,905.4
CT-0004755,total_signing,906.2
CT-0004756,total_signing,900.2
CT-0004757,total_signing,893.7
CT-0004758,total_signing,908.9
CT-0004759,total_signing,905.0
CT-0004760,total_signing,915.2
CT-0004761,total_signing,891.7
CT-0004762,total_signing,915.4
CT-0004763,total_signing,892.7
CT-0004764,total_signing,901.5
CT-0004765,total_signing,889.0
CT-0004766,total_signing,902.4
CT-0004767,total_signing,890.0
CT-0004768,total_signing,896.9
CT-0004769,total_signing,883.8
CT-0004770,total_signing,896.7
CT-0004771,total_signing,897.8
CT-0004772,total_signing,904.8
CT-0004773,total_signing,894.2
CT-0004774,total_signing,898.0
CT-0004775,total_signing,873.0
CT-0004776,total_signing,885.8
CT-0004777,total_signing,907.6
CT-0004778,total_signing,906.4
CT-0004779,total_signing,906.3
CT-0004780,total_signing,891.8
CT-0004781,total_signing,901.0
CT-0004782,total_signing,887.5
CT-0004783,total_signing,888.6
CT-0004784,total_signing,896.9
CT-0004785,total_signing,911.9
CT-0004786,total_signing,915.5
CT-0004787,total_signing,908.6
CT-0004788,total_signing,907.7
CT-0004789,total_signing,888.2
CT-0004790,total_signing,889.6
CT-0004791,total_signing,911.6
CT-0004792,total_signing,897.3
CT-0004793,total_signing,887.2
CT-0004794,total_signing,906.6
CT-0004795,total_signing,901.5
CT-0004796,total_signing,898.7
CT-0004797,total_signing,909.0
CT-0004798,total_signing,905.9
CT-0004799,total_signing,893.7
CT-0004800,total_signing,893.1
CT-0004801,total_signing,884.1
CT-0004802,total_signing,882.8
CT-0004803,total_signing,898.1
CT-0004804,total_signing,895.8
CT-0004805,total_signing,895.1
CT-0004806,total_signing,897.6
CT-0004807,total_signing,892.4
CT-0004808,total_signing,903.8
CT-0004809,total_signing,899.1
CT-0004810,total_signing,897.0
CT-0004811,total_signing,903.4
CT-0004812,total_signing,899.8
CT-0004813,total_signing,909.3
CT-0004814,total_signing,904.3
CT-0004815,total_signing,896.4
CT-0004816,total_signing,895.0
CT-0004817,total_signing,892.6
CT-0004818,total_signing,897.9
CT-0004819,total_signing,893.6
CT-0004820,total_signing,899.9
CT-0004821,total_signing,910.8
CT-0004822,total_signing,891.3
CT-0004823,total_signing,908.9
CT-0004824,total_signing,912.6
CT-0004825,total_signing,914.9
CT-0004826,total_signing,908.1
CT-0004827,total_signing,896.1
CT-0004828,total_signing,893.6
CT-0004829,total_signing,900.4
CT-0004830,total_signing,913.1
CT-0004831,total_signing,891.2
CT-0004832,total_signing,915.5
CT-0004833,total_signing,908.0
CT-0004834,total_signing,902.2
CT-0004835,total_signing,902.6
CT-0004836,total_signing,906.8
CT-0004837,total_signing,896.9
CT-0004838,total_signing,899.4
CT-0004839,total_signing,902.7
CT-0004840,total_signing,901.7
CT-0004841,total_signing,897.9
CT-0004842,total_signing,896.7
CT-0004843,total_signing,904.3
CT-0004844,total_signing,905.8
CT-0004845,total_signing,909.2
CT-0004846,total_signing,904.9
CT-0004847,total_signing,902.9
CT-0004848,total_signing,904.5
CT-0004849,total_signing,913.7
CT-0004850,total_signing,913.7
CT-0004851,total_signing,902.9
CT-0004852,total_signing,895.4
CT-0004853,total_signing,903.7
CT-0004854,total_signing,899.4
CT-0004855,total_signing,893.4
CT-0004856,total_signing,917.5
CT-0004857,total_signing,895.0
CT-0004858,total_signing,899.1
CT-0004859,total_signing,893.6
CT-0004860,total_signing,903.9
CT-0004861,total_signing,899.2
CT-0004862,total_signing,893.5
CT-0004863,total_signing,895.1
CT-0004864,total_signing,912.0
CT-0004865,total_signing,911.4
CT-0004866,total_signing,907.0
CT-0004867,total_signing,911.0
CT-0004868,total_signing,911.9
CT-0004869,total_signing,889.0
CT-0004870,total_signing,898.9
CT-0004871,total_signing,907.4
CT-0004872,total_signing,900.7
CT-0004873,total_signing,894.7
CT-0004874,total_signing,884.4
CT-0004875,total_signing,902.4
CT-0004876,total_signing,898.9
CT-0004877,total_signing,913.3
CT-0004878,total_signing,891.6
CT-0004879,total_signing,914.0
CT-0004880,total_signing,899.3
CT-0004881,total_signing,901.7
CT-0004882,total_signing,906.8
CT-0004883,total_signing,899.8
CT-0004884,total_signing,887.4
CT-0004885,total_signing,890.7
CT-0004886,total_signing,895.4
CT-0004887,total_signing,898.8
CT-0004888,total_signing,901.3
CT-0004889,total_signing,908.5
CT-0004890,total_signing,898.9
CT-0004891,total_signing,897.7
CT-0004892,total_signing,900.4
CT-0004893,total_signing,893.2
CT-0004894,total_signing,912.4
CT-0004895,total_signing,890.0
CT-0004896,total_signing,903.9
CT-0004897,total_signing,893.7
CT-0004898,total_signing,898.6
CT-0004899,total_signing,890.4
CT-0004900,total_signing,893.3
CT-0004901,total_signing,900.1
CT-0004902,total_signing,888.3
CT-0004903,total_signing,892.1
CT-0004904,total_signing,883.9
CT-0004905,total_signing,896.7
CT-0004906,total_signing,893.9
CT-0004907,total_signing,902.6
CT-0004908,total_signing,898.4
CT-0004909,total_signing,900.6
CT-0004910,total_signing,904.4
CT-0004911,total_signing,916.4
CT-0004912,total_signing,893.2
CT-0004913,total_signing,908.9
CT-0004914,total_signing,891.7
CT-0004915,total_signing,905.2
CT-0004916,total_signing,897.7
CT-0004917,total_signing,889.9
CT-0004918,total_signing,892.0
CT-0004919,total_signing,898.4
CT-0004920,total_signing,903.7
CT-0004921,total_signing,893.3
CT-0004922,total_signing,890.7
CT-0004923,total_signing,910.3
CT-0004924,total_signing,901.6
CT-0004925,total_signing,901.0
CT-0004926,total_signing,897.1
CT-0004927,total_signing,901.0
CT-0004928,total_signing,889.9
CT-0004929,total_signing,912.5
CT-0004930,total_signing,903.6
CT-0004931,total_signing,885.3
CT-0004932,total_signing,885.6
CT-0004933,total_signing,901.0
CT-0004934,total_signing,904.6
CT-0004935,total_signing,905.2
CT-0004936,total_signing,895.7
CT-0004937,total_signing,894.6
CT-0004938,total_signing,917.8
CT-0004939,total_signing,894.6
CT-0004940,total_signing,897.5
CT-0004941,total_signing,906.5
CT-0004942,total_signing,898.0
CT-0004943,total_signing,894.2
CT-0004944,total_signing,905.8
CT-0004945,total_signing,897.4
CT-0004946,total_signing,891.0
CT-0004947,total_signing,894.5
CT-0004948,total_signing,898.4
CT-0004949,total_signing,895.9
CT-0004950,total_signing,904.9
CT-0004951,total_signing,912.3
CT-0004952,total_signing,916.3
CT-0004953,total_signing,895.7
CT-0004954,total_signing,909.0
CT-0004955,total_signing,902.5
CT-0004956,total_signing,908.9
CT-0004957,total_signing,884.0
CT-0004958,total_signing,897.5
CT-0004959,total_signing,884.8
CT-0004960,total_signing,901.0
CT-0004961,total_signing,899.3
CT-0004962,total_signing,896.8
CT-0004963,total_signing,907.0
CT-0004964,total_signing,902.9
CT-0004965,total_signing,896.2
CT-0004966,total_signing,908.2
CT-0004967,total_signing,883.1
CT-0004968,total_signing,898.8
CT-0004969,total_signing,884.7
CT-0004970,total_signing,901.2
CT-0004971,total_signing,885.6
CT-0004972,total_signing,911.4
CT-0004973,total_signing,898.5
CT-0004974,total_signing,890.7
CT-0004975,total_signing,901.3
CT-0004976,total_signing,899.4
CT-0004977,total_signing,885.2
CT-0004978,total_signing,896.2
CT-0004979,total_signing,874.5
CT-0004980,total_signing,894.9
CT-0004981,total_signing,903.9
CT-0004982,total_signing,895.8
CT-0004983,total_signing,912.1
CT-0004984,total_signing,883.1
CT-0004985,total_signing,896.5
CT-0004986,total_signing,908.9
CT-0004987,total_signing,903.0
CT-0004988,total_signing,913.1
CT-0004989,total_signing,894.7
CT-0004990,total_signing,900.7
CT-0004991,total_signing,898.5
CT-0004992,total_signing,873.0
CT-0004993,total_signing,913.1
CT-0004994,total_signing,900.3
CT-0004995,total_signing,898.6
CT-0004996,total_signing,906.5
CT-0004997,total_signing,907.4
CT-0004998,total_signing,904.2
CT-0004999,total_signing,891.9
CT-0005000,total_signing,893.6
