timestamp,operation,sample_id,latency_ms,rbac_overhead_ms,peer_count,concurrent_clients,run_id,replicate,sequence_order
2025-08-01T00:00:00Z,WriteSensor,LS-0000001,1222.5,318.6,4,1,,,
2025-08-01T00:02:00Z,WriteSensor,LS-0000002,1277.6,291.1,4,1,,,
2025-08-01T00:04:00Z,WriteSensor,LS-0000003,1256.5,317.9,4,1,,,
2025-08-01T00:06:00Z,WriteSensor,LS-0000004,1174.4,275.5,4,1,,,
2025-08-01T00:08:00Z,WriteSensor,LS-0000005,1264.7,309.5,4,1,,,
2025-08-01T00:10:00Z,WriteSensor,LS-0000006,1246.5,321.5,4,1,,,
2025-08-01T00:12:00Z,WriteSensor,LS-0000007,1195.3,352.1,4,1,,,
2025-08-01T00:14:00Z,WriteSensor,LS-0000008,1240.3,270.4,4,1,,,
2025-08-01T00:16:00Z,WriteSensor,LS-0000009,1246.4,323.1,4,1,,,
2025-08-01T00:18:00Z,WriteSensor,LS-0000010,1236.8,364.2,4,1,,,
2025-08-01T00:20:00Z,WriteSensor,LS-0000011,1223.2,323.3,4,1,,,
2025-08-01T00:22:00Z,WriteSensor,LS-0000012,1240.1,324.1,4,1,,,
2025-08-01T00:24:00Z,WriteSensor,LS-0000013,1170.0,359.2,4,1,,,
2025-08-01T00:26:00Z,WriteSensor,LS-0000014,1306.8,319.6,4,1,,,
2025-08-01T00:28:00Z,WriteSensor,LS-0000015,1230.0,333.4,4,1,,,
2025-08-01T00:30:00Z,WriteSensor,LS-0000016,1223.6,340.5,4,1,,,
2025-08-01T00:32:00Z,WriteSensor,LS-0000017,1242.6,302.5,4,1,,,
2025-08-01T00:34:00Z,WriteSensor,LS-0000018,1262.9,375.3,4,1,,,
2025-08-01T00:36:00Z,WriteSensor,LS-0000019,1266.5,297.3,4,1,,,
2025-08-01T00:38:00Z,WriteSensor,LS-0000020,1251.2,335.3,4,1,,,
2025-08-01T00:40:00Z,WriteSensor,LS-0000021,1212.5,290.2,4,1,,,
2025-08-01T00:42:00Z,WriteSensor,LS-0000022,1242.4,317.8,4,1,,,
2025-08-01T00:44:00Z,WriteSensor,LS-0000023,1334.2,329.7,4,1,,,
2025-08-01T00:46:00Z,WriteSensor,LS-0000024,1322.3,300.5,4,1,,,
2025-08-01T00:48:00Z,WriteSensor,LS-0000025,1170.9,307.2,4,1,,,
2025-08-01T00:50:00Z,WriteSensor,LS-0000026,1277.4,308.4,4,1,,,
2025-08-01T00:52:00Z,WriteSensor,LS-0000027,1278.9,348.0,4,1,,,
2025-08-01T00:54:00Z,WriteSensor,LS-0000028,1183.8,364.9,4,1,,,
2025-08-01T00:56:00Z,WriteSensor,LS-0000029,1194.6,327.4,4,1,,,
2025-08-01T00:58:00Z,WriteSensor,LS-0000030,1291.7,309.9,4,1,,,
2025-08-01T01:00:00Z,WriteSensor,LS-0000031,1242.7,330.1,4,1,,,
2025-08-01T01:02:00Z,WriteSensor,LS-0000032,1220.7,304.9,4,1,,,
2025-08-01T01:04:00Z,WriteSensor,LS-0000033,1273.5,346.2,4,1,,,
2025-08-01T01:06:00Z,WriteSensor,LS-0000034,1140.9,331.7,4,1,,,
2025-08-01T01:08:00Z,WriteSensor,LS-0000035,1262.1,310.5,4,1,,,
2025-08-01T01:10:00Z,WriteSensor,LS-0000036,1199.1,313.1,4,1,,,
2025-08-01T01:12:00Z,WriteSensor,LS-0000037,1192.9,321.1,4,1,,,
2025-08-01T01:14:00Z,WriteSensor,LS-0000038,1188.5,303.3,4,1,,,
2025-08-01T01:16:00Z,WriteSensor,LS-0000039,1306.7,301.5,4,1,,,
2025-08-01T01:18:00Z,WriteSensor,LS-0000040,1227.2,331.3,4,1,,,
2025-08-01T01:20:00Z,WriteSensor,LS-0000041,1271.4,275.7,4,1,,,
2025-08-01T01:22:00Z,WriteSensor,LS-0000042,1388.8,338.8,4,1,,,
2025-08-01T01:24:00Z,WriteSensor,LS-0000043,1116.8,319.1,4,1,,,
2025-08-01T01:26:00Z,WriteSensor,LS-0000044,1252.5,316.2,4,1,,,
2025-08-01T01:28:00Z,WriteSensor,LS-0000045,1234.2,293.2,4,1,,,
2025-08-01T01:30:00Z,WriteSensor,LS-0000046,1310.7,328.2,4,1,,,
2025-08-01T01:32:00Z,WriteSensor,LS-0000047,1258.1,307.9,4,1,,,
2025-08-01T01:34:00Z,WriteSensor,LS-0000048,1295.8,295.1,4,1,,,
2025-08-01T01:36:00Z,WriteSensor,LS-0000049,1203.7,331.2,4,1,,,
2025-08-01T01:38:00Z,WriteSensor,LS-0000050,1228.3,370.0,4,1,,,
2025-08-01T01:40:00Z,WriteSensor,LS-0000051,1296.8,339.5,4,1,,,
2025-08-01T01:42:00Z,WriteSensor,LS-0000052,1312.8,309.4,4,1,,,
2025-08-01T01:44:00Z,WriteSensor,LS-0000053,1282.4,324.6,4,1,,,
2025-08-01T01:46:00Z,WriteSensor,LS-0000054,1334.2,288.9,4,1,,,
2025-08-01T01:48:00Z,WriteSensor,LS-0000055,1268.4,331.6,4,1,,,
2025-08-01T01:50:00Z,WriteSensor,LS-0000056,1263.3,350.1,4,1,,,
2025-08-01T01:52:00Z,WriteSensor,LS-0000057,1221.6,284.9,4,1,,,
2025-08-01T01:54:00Z,WriteSensor,LS-0000058,1300.0,352.6,4,1,,,
2025-08-01T01:56:00Z,WriteSensor,LS-0000059,1298.0,364.2,4,1,,,
2025-08-01T01:58:00Z,WriteSensor,LS-0000060,1150.9,310.6,4,1,,,
2025-08-01T02:00:00Z,WriteSensor,LS-0000061,1281.5,324.0,4,1,,,
2025-08-01T02:02:00Z,WriteSensor,LS-0000062,1213.1,304.8,4,1,,,
2025-08-01T02:04:00Z,WriteSensor,LS-0000063,1219.8,334.4,4,1,,,
2025-08-01T02:06:00Z,WriteSensor,LS-0000064,1193.0,313.2,4,1,,,
2025-08-01T02:08:00Z,WriteSensor,LS-0000065,1197.5,274.2,4,1,,,
2025-08-01T02:10:00Z,WriteSensor,LS-0000066,1208.8,307.1,4,1,,,
2025-08-01T02:12:00Z,WriteSensor,LS-0000067,1161.2,307.8,4,1,,,
2025-08-01T02:14:00Z,WriteSensor,LS-0000068,1206.9,348.9,4,1,,,
2025-08-01T02:16:00Z,WriteSensor,LS-0000069,1233.1,308.6,4,1,,,
2025-08-01T02:18:00Z,WriteSensor,LS-0000070,1208.3,323.1,4,1,,,
2025-08-01T02:20:00Z,WriteSensor,LS-0000071,1198.4,327.1,4,1,,,
2025-08-01T02:22:00Z,WriteSensor,LS-0000072,1228.5,324.3,4,1,,,
2025-08-01T02:24:00Z,WriteSensor,LS-0000073,1174.8,322.6,4,1,,,
2025-08-01T02:26:00Z,WriteSensor,LS-0000074,1253.2,297.7,4,1,,,
2025-08-01T02:28:00Z,WriteSensor,LS-0000075,1258.1,316.7,4,1,,,
2025-08-01T02:30:00Z,WriteSensor,LS-0000076,1296.4,292.2,4,1,,,
2025-08-01T02:32:00Z,WriteSensor,LS-0000077,1246.0,303.0,4,1,,,
2025-08-01T02:34:00Z,WriteSensor,LS-0000078,1178.9,308.3,4,1,,,
2025-08-01T02:36:00Z,WriteSensor,LS-0000079,1276.6,320.1,4,1,,,
2025-08-01T02:38:00Z,WriteSensor,LS-0000080,1245.2,357.5,4,1,,,
2025-08-01T02:40:00Z,WriteSensor,LS-0000081,1227.9,318.8,4,1,,,
2025-08-01T02:42:00Z,WriteSensor,LS-0000082,1245.9,318.3,4,1,,,
2025-08-01T02:44:00Z,WriteSensor,LS-0000083,1313.2,330.5,4,1,,,
2025-08-01T02:46:00Z,WriteSensor,LS-0000084,1209.1,291.1,4,1,,,
2025-08-01T02:48:00Z,WriteSensor,LS-0000085,1180.6,294.9,4,1,,,
2025-08-01T02:50:00Z,WriteSensor,LS-0000086,1158.7,300.5,4,1,,,
2025-08-01T02:52:00Z,WriteSensor,LS-0000087,1235.6,311.8,4,1,,,
2025-08-01T02:54:00Z,WriteSensor,LS-0000088,1315.4,354.1,4,1,,,
2025-08-01T02:56:00Z,WriteSensor,LS-0000089,1204.0,309.4,4,1,,,
2025-08-01T02:58:00Z,WriteSensor,LS-0000090,1373.1,297.9,4,1,,,
2025-08-01T03:00:00Z,WriteSensor,LS-0000091,1195.5,329.3,4,1,,,
2025-08-01T03:02:00Z,WriteSensor,LS-0000092,1248.3,312.0,4,1,,,
2025-08-01T03:04:00Z,WriteSensor,LS-0000093,1255.8,301.1,4,1,,,
2025-08-01T03:06:00Z,WriteSensor,LS-0000094,1285.2,283.1,4,1,,,
2025-08-01T03:08:00Z,WriteSensor,LS-0000095,1290.5,291.6,4,1,,,
2025-08-01T03:10:00Z,WriteSensor,LS-0000096,1243.4,334.3,4,1,,,
2025-08-01T03:12:00Z,WriteSensor,LS-0000097,1229.2,344.8,4,1,,,
2025-08-01T03:14:00Z,WriteSensor,LS-0000098,1212.8,339.9,4,1,,,
2025-08-01T03:16:00Z,WriteSensor,LS-0000099,1209.6,341.9,4,1,,,
2025-08-01T03:18:00Z,WriteSensor,LS-0000100,1241.1,313.2,4,1,,,
2025-08-01T03:20:00Z,WriteSensor,LS-0000101,1230.2,313.9,4,1,,,
2025-08-01T03:22:00Z,WriteSensor,LS-0000102,1262.8,281.3,4,1,,,
2025-08-01T03:24:00Z,WriteSensor,LS-0000103,1371.5,289.8,4,1,,,
2025-08-01T03:26:00Z,WriteSensor,LS-0000104,1258.1,321.5,4,1,,,
2025-08-01T03:28:00Z,WriteSensor,LS-0000105,1294.2,322.0,4,1,,,
2025-08-01T03:30:00Z,WriteSensor,LS-0000106,1269.5,382.1,4,1,,,
2025-08-01T03:32:00Z,WriteSensor,LS-0000107,1252.5,296.7,4,1,,,
2025-08-01T03:34:00Z,WriteSensor,LS-0000108,1310.7,335.4,4,1,,,
2025-08-01T03:36:00Z,WriteSensor,LS-0000109,1286.8,313.9,4,1,,,
2025-08-01T03:38:00Z,WriteSensor,LS-0000110,1307.8,324.2,4,1,,,
2025-08-01T03:40:00Z,WriteSensor,LS-0000111,1294.5,326.2,4,1,,,
2025-08-01T03:42:00Z,WriteSensor,LS-0000112,1333.6,265.8,4,1,,,
2025-08-01T03:44:00Z,WriteSensor,LS-0000113,1204.5,328.7,4,1,,,
2025-08-01T03:46:00Z,WriteSensor,LS-0000114,1265.8,281.5,4,1,,,
2025-08-01T03:48:00Z,WriteSensor,LS-0000115,1193.4,319.1,4,1,,,
2025-08-01T03:50:00Z,WriteSensor,LS-0000116,1319.6,303.2,4,1,,,
2025-08-01T03:52:00Z,WriteSensor,LS-0000117,1260.5,303.7,4,1,,,
2025-08-01T03:54:00Z,WriteSensor,LS-0000118,1265.1,324.9,4,1,,,
2025-08-01T03:56:00Z,WriteSensor,LS-0000119,1217.2,287.5,4,1,,,
2025-08-01T03:58:00Z,WriteSensor,LS-0000120,1303.4,342.6,4,1,,,
2025-08-01T04:00:00Z,WriteSensor,LS-0000121,1214.9,298.8,4,1,,,
2025-08-01T04:02:00Z,WriteSensor,LS-0000122,1193.6,320.5,4,1,,,
2025-08-01T04:04:00Z,WriteSensor,LS-0000123,1240.3,294.3,4,1,,,
2025-08-01T04:06:00Z,WriteSensor,LS-0000124,1113.1,355.7,4,1,,,
2025-08-01T04:08:00Z,WriteSensor,LS-0000125,1285.3,302.5,4,1,,,
2025-08-01T04:10:00Z,WriteSensor,LS-0000126,1336.9,366.6,4,1,,,
2025-08-01T04:12:00Z,WriteSensor,LS-0000127,1201.8,296.7,4,1,,,
2025-08-01T04:14:00Z,WriteSensor,LS-0000128,1151.8,305.2,4,1,,,
2025-08-01T04:16:00Z,WriteSensor,LS-0000129,1215.6,296.0,4,1,,,
2025-08-01T04:18:00Z,WriteSensor,LS-0000130,1312.7,349.3,4,1,,,
2025-08-01T04:20:00Z,WriteSensor,LS-0000131,1321.5,345.1,4,1,,,
2025-08-01T04:22:00Z,WriteSensor,LS-0000132,1324.8,322.7,4,1,,,
2025-08-01T04:24:00Z,WriteSensor,LS-0000133,1257.6,308.1,4,1,,,
2025-08-01T04:26:00Z,WriteSensor,LS-0000134,1264.6,349.1,4,1,,,
2025-08-01T04:28:00Z,WriteSensor,LS-0000135,1250.8,309.6,4,1,,,
2025-08-01T04:30:00Z,WriteSensor,LS-0000136,1308.9,304.6,4,1,,,
2025-08-01T04:32:00Z,WriteSensor,LS-0000137,1276.9,379.0,4,1,,,
2025-08-01T04:34:00Z,WriteSensor,LS-0000138,1179.1,347.9,4,1,,,
2025-08-01T04:36:00Z,WriteSensor,LS-0000139,1229.3,321.8,4,1,,,
2025-08-01T04:38:00Z,WriteSensor,LS-0000140,1263.4,342.2,4,1,,,
2025-08-01T04:40:00Z,WriteSensor,LS-0000141,1243.6,315.9,4,1,,,
2025-08-01T04:42:00Z,WriteSensor,LS-0000142,1272.0,314.6,4,1,,,
2025-08-01T04:44:00Z,WriteSensor,LS-0000143,1271.7,313.6,4,1,,,
2025-08-01T04:46:00Z,WriteSensor,LS-0000144,1204.7,347.9,4,1,,,
2025-08-01T04:48:00Z,WriteSensor,LS-0000145,1235.9,328.9,4,1,,,
2025-08-01T04:50:00Z,WriteSensor,LS-0000146,1227.4,315.7,4,1,,,
2025-08-01T04:52:00Z,WriteSensor,LS-0000147,1276.8,295.9,4,1,,,
2025-08-01T04:54:00Z,WriteSensor,LS-0000148,1274.0,310.2,4,1,,,
2025-08-01T04:56:00Z,WriteSensor,LS-0000149,1249.8,347.2,4,1,,,
2025-08-01T04:58:00Z,WriteSensor,LS-0000150,1268.4,303.5,4,1,,,
2025-08-01T05:00:00Z,WriteSensor,LS-0000151,1222.5,349.0,4,1,,,
2025-08-01T05:02:00Z,WriteSensor,LS-0000152,1198.8,332.9,4,1,,,
2025-08-01T05:04:00Z,WriteSensor,LS-0000153,1323.0,365.3,4,1,,,
2025-08-01T05:06:00Z,WriteSensor,LS-0000154,1348.6,272.6,4,1,,,
2025-08-01T05:08:00Z,WriteSensor,LS-0000155,1265.6,350.4,4,1,,,
2025-08-01T05:10:00Z,WriteSensor,LS-0000156,1191.2,343.9,4,1,,,
2025-08-01T05:12:00Z,WriteSensor,LS-0000157,1323.8,345.2,4,1,,,
2025-08-01T05:14:00Z,WriteSensor,LS-0000158,1262.6,359.2,4,1,,,
2025-08-01T05:16:00Z,WriteSensor,LS-0000159,1257.4,317.9,4,1,,,
2025-08-01T05:18:00Z,WriteSensor,LS-0000160,1219.2,299.3,4,1,,,
2025-08-01T05:20:00Z,WriteSensor,LS-0000161,1230.1,346.2,4,1,,,
2025-08-01T05:22:00Z,WriteSensor,LS-0000162,1352.2,307.7,4,1,,,
2025-08-01T05:24:00Z,WriteSensor,LS-0000163,1230.4,301.2,4,1,,,
2025-08-01T05:26:00Z,WriteSensor,LS-0000164,1291.5,338.1,4,1,,,
2025-08-01T05:28:00Z,WriteSensor,LS-0000165,1226.0,343.0,4,1,,,
2025-08-01T05:30:00Z,WriteSensor,LS-0000166,1202.2,320.0,4,1,,,
2025-08-01T05:32:00Z,WriteSensor,LS-0000167,1236.9,356.5,4,1,,,
2025-08-01T05:34:00Z,WriteSensor,LS-0000168,1315.6,342.4,4,1,,,
2025-08-01T05:36:00Z,WriteSensor,LS-0000169,1391.8,352.3,4,1,,,
2025-08-01T05:38:00Z,WriteSensor,LS-0000170,1213.9,336.1,4,1,,,
2025-08-01T05:40:00Z,WriteSensor,LS-0000171,1313.1,330.7,4,1,,,
2025-08-01T05:42:00Z,WriteSensor,LS-0000172,1166.4,330.0,4,1,,,
2025-08-01T05:44:00Z,WriteSensor,LS-0000173,1216.8,331.5,4,1,,,
2025-08-01T05:46:00Z,WriteSensor,LS-0000174,1258.9,308.3,4,1,,,
2025-08-01T05:48:00Z,WriteSensor,LS-0000175,1292.2,336.7,4,1,,,
2025-08-01T05:50:00Z,WriteSensor,LS-0000176,1258.3,318.5,4,1,,,
2025-08-01T05:52:00Z,WriteSensor,LS-0000177,1208.7,300.6,4,1,,,
2025-08-01T05:54:00Z,WriteSensor,LS-0000178,1348.6,295.5,4,1,,,
2025-08-01T05:56:00Z,WriteSensor,LS-0000179,1442.3,318.8,4,1,,,
2025-08-01T05:58:00Z,WriteSensor,LS-0000180,1156.1,335.1,4,1,,,
2025-08-01T06:00:00Z,WriteSensor,LS-0000181,1251.5,331.1,4,1,,,
2025-08-01T06:02:00Z,WriteSensor,LS-0000182,1204.7,329.7,4,1,,,
2025-08-01T06:04:00Z,WriteSensor,LS-0000183,1235.3,337.0,4,1,,,
2025-08-01T06:06:00Z,WriteSensor,LS-0000184,1286.3,298.1,4,1,,,
2025-08-01T06:08:00Z,WriteSensor,LS-0000185,1315.9,326.5,4,1,,,
2025-08-01T06:10:00Z,WriteSensor,LS-0000186,1287.7,317.2,4,1,,,
2025-08-01T06:12:00Z,WriteSensor,LS-0000187,1320.0,309.4,4,1,,,
2025-08-01T06:14:00Z,WriteSensor,LS-0000188,1199.0,256.6,4,1,,,
2025-08-01T06:16:00Z,WriteSensor,LS-0000189,1273.2,298.3,4,1,,,
2025-08-01T06:18:00Z,WriteSensor,LS-0000190,1234.5,333.6,4,1,,,
2025-08-01T06:20:00Z,WriteSensor,LS-0000191,1247.3,310.0,4,1,,,
2025-08-01T06:22:00Z,WriteSensor,LS-0000192,1220.3,273.3,4,1,,,
2025-08-01T06:24:00Z,WriteSensor,LS-0000193,1356.8,325.6,4,1,,,
2025-08-01T06:26:00Z,WriteSensor,LS-0000194,1346.9,325.5,4,1,,,
2025-08-01T06:28:00Z,WriteSensor,LS-0000195,1130.7,338.0,4,1,,,
2025-08-01T06:30:00Z,WriteSensor,LS-0000196,1338.8,321.6,4,1,,,
2025-08-01T06:32:00Z,WriteSensor,LS-0000197,1238.2,309.8,4,1,,,
2025-08-01T06:34:00Z,WriteSensor,LS-0000198,1268.9,329.0,4,1,,,
2025-08-01T06:36:00Z,WriteSensor,LS-0000199,1269.4,250.9,4,1,,,
2025-08-01T06:38:00Z,WriteSensor,LS-0000200,1258.3,271.0,4,1,,,
2025-08-01T06:40:00Z,WriteSensor,LS-0000201,1218.5,321.7,4,1,,,
2025-08-01T06:42:00Z,WriteSensor,LS-0000202,1309.2,335.4,4,1,,,
2025-08-01T06:44:00Z,WriteSensor,LS-0000203,1216.9,343.7,4,1,,,
2025-08-01T06:46:00Z,WriteSensor,LS-0000204,1333.9,335.4,4,1,,,
2025-08-01T06:48:00Z,WriteSensor,LS-0000205,1313.4,328.2,4,1,,,
2025-08-01T06:50:00Z,WriteSensor,LS-0000206,1233.8,278.9,4,1,,,
2025-08-01T06:52:00Z,WriteSensor,LS-0000207,1268.8,289.7,4,1,,,
2025-08-01T06:54:00Z,WriteSensor,LS-0000208,1250.9,329.7,4,1,,,
2025-08-01T06:56:00Z,WriteSensor,LS-0000209,1223.7,346.8,4,1,,,
2025-08-01T06:58:00Z,WriteSensor,LS-0000210,1308.5,317.6,4,1,,,
2025-08-01T07:00:00Z,WriteSensor,LS-0000211,1367.9,351.3,4,1,,,
2025-08-01T07:02:00Z,WriteSensor,LS-0000212,1273.6,279.7,4,1,,,
2025-08-01T07:04:00Z,WriteSensor,LS-0000213,1299.4,320.4,4,1,,,
2025-08-01T07:06:00Z,WriteSensor,LS-0000214,1293.0,344.3,4,1,,,
2025-08-01T07:08:00Z,WriteSensor,LS-0000215,1276.9,336.3,4,1,,,
2025-08-01T07:10:00Z,WriteSensor,LS-0000216,1245.2,326.2,4,1,,,
2025-08-01T07:12:00Z,WriteSensor,LS-0000217,1296.4,335.7,4,1,,,
2025-08-01T07:14:00Z,WriteSensor,LS-0000218,1311.1,339.3,4,1,,,
2025-08-01T07:16:00Z,WriteSensor,LS-0000219,1252.0,357.0,4,1,,,
2025-08-01T07:18:00Z,WriteSensor,LS-0000220,1350.5,365.5,4,1,,,
2025-08-01T07:20:00Z,WriteSensor,LS-0000221,1271.6,337.0,4,1,,,
2025-08-01T07:22:00Z,WriteSensor,LS-0000222,1197.6,323.0,4,1,,,
2025-08-01T07:24:00Z,WriteSensor,LS-0000223,1249.4,323.0,4,1,,,
2025-08-01T07:26:00Z,WriteSensor,LS-0000224,1254.9,286.5,4,1,,,
2025-08-01T07:28:00Z,WriteSensor,LS-0000225,1232.3,277.1,4,1,,,
2025-08-01T07:30:00Z,WriteSensor,LS-0000226,1223.7,329.2,4,1,,,
2025-08-01T07:32:00Z,WriteSensor,LS-0000227,1217.5,275.3,4,1,,,
2025-08-01T07:34:00Z,WriteSensor,LS-0000228,1229.0,339.4,4,1,,,
2025-08-01T07:36:00Z,WriteSensor,LS-0000229,1260.9,290.4,4,1,,,
2025-08-01T07:38:00Z,WriteSensor,LS-0000230,1253.8,309.9,4,1,,,
2025-08-01T07:40:00Z,WriteSensor,LS-0000231,1211.0,305.0,4,1,,,
2025-08-01T07:42:00Z,WriteSensor,LS-0000232,1211.0,347.8,4,1,,,
2025-08-01T07:44:00Z,WriteSensor,LS-0000233,1271.3,324.3,4,1,,,
2025-08-01T07:46:00Z,WriteSensor,LS-0000234,1296.0,356.9,4,1,,,
2025-08-01T07:48:00Z,WriteSensor,LS-0000235,1337.5,316.0,4,1,,,
2025-08-01T07:50:00Z,WriteSensor,LS-0000236,1259.8,358.3,4,1,,,
2025-08-01T07:52:00Z,WriteSensor,LS-0000237,1290.7,292.4,4,1,,,
2025-08-01T07:54:00Z,WriteSensor,LS-0000238,1209.9,299.3,4,1,,,
2025-08-01T07:56:00Z,WriteSensor,LS-0000239,1313.8,264.3,4,1,,,
2025-08-01T07:58:00Z,WriteSensor,LS-0000240,1263.8,317.7,4,1,,,
2025-08-01T08:00:00Z,WriteSensor,LS-0000241,1251.8,343.8,4,1,,,
2025-08-01T08:02:00Z,WriteSensor,LS-0000242,1279.5,328.6,4,1,,,
2025-08-01T08:04:00Z,WriteSensor,LS-0000243,1192.1,322.3,4,1,,,
2025-08-01T08:06:00Z,WriteSensor,LS-0000244,1145.4,312.8,4,1,,,
2025-08-01T08:08:00Z,WriteSensor,LS-0000245,1256.4,295.6,4,1,,,
2025-08-01T08:10:00Z,WriteSensor,LS-0000246,1298.8,365.4,4,1,,,
2025-08-01T08:12:00Z,WriteSensor,LS-0000247,1286.2,292.5,4,1,,,
2025-08-01T08:14:00Z,WriteSensor,LS-0000248,1336.8,318.9,4,1,,,
2025-08-01T08:16:00Z,WriteSensor,LS-0000249,1300.0,307.6,4,1,,,
2025-08-01T08:18:00Z,WriteSensor,LS-0000250,1244.1,334.2,4,1,,,
2025-08-01T08:20:00Z,WriteSensor,LS-0000251,1249.3,301.1,4,1,,,
2025-08-01T08:22:00Z,WriteSensor,LS-0000252,1207.0,307.5,4,1,,,
2025-08-01T08:24:00Z,WriteSensor,LS-0000253,1269.5,320.5,4,1,,,
2025-08-01T08:26:00Z,WriteSensor,LS-0000254,1172.6,304.8,4,1,,,
2025-08-01T08:28:00Z,WriteSensor,LS-0000255,1220.1,280.6,4,1,,,
2025-08-01T08:30:00Z,WriteSensor,LS-0000256,1282.3,297.6,4,1,,,
2025-08-01T08:32:00Z,WriteSensor,LS-0000257,1187.8,279.2,4,1,,,
2025-08-01T08:34:00Z,WriteSensor,LS-0000258,1318.5,295.5,4,1,,,
2025-08-01T08:36:00Z,WriteSensor,LS-0000259,1150.1,327.0,4,1,,,
2025-08-01T08:38:00Z,WriteSensor,LS-0000260,1221.0,334.6,4,1,,,
2025-08-01T08:40:00Z,WriteSensor,LS-0000261,1283.1,334.1,4,1,,,
2025-08-01T08:42:00Z,WriteSensor,LS-0000262,1182.9,326.4,4,1,,,
2025-08-01T08:44:00Z,WriteSensor,LS-0000263,1273.5,297.8,4,1,,,
2025-08-01T08:46:00Z,WriteSensor,LS-0000264,1259.5,340.8,4,1,,,
2025-08-01T08:48:00Z,WriteSensor,LS-0000265,1372.6,328.8,4,1,,,
2025-08-01T08:50:00Z,WriteSensor,LS-0000266,1162.0,320.1,4,1,,,
2025-08-01T08:52:00Z,WriteSensor,LS-0000267,1272.8,302.7,4,1,,,
2025-08-01T08:54:00Z,WriteSensor,LS-0000268,1255.1,285.3,4,1,,,
2025-08-01T08:56:00Z,WriteSensor,LS-0000269,1182.3,318.6,4,1,,,
2025-08-01T08:58:00Z,WriteSensor,LS-0000270,1327.1,334.1,4,1,,,
2025-08-01T09:00:00Z,WriteSensor,LS-0000271,1345.1,286.0,4,1,,,
2025-08-01T09:02:00Z,WriteSensor,LS-0000272,1284.2,337.2,4,1,,,
2025-08-01T09:04:00Z,WriteSensor,LS-0000273,1314.8,341.1,4,1,,,
2025-08-01T09:06:00Z,WriteSensor,LS-0000274,1174.0,312.8,4,1,,,
2025-08-01T09:08:00Z,WriteSensor,LS-0000275,1207.4,306.0,4,1,,,
2025-08-01T09:10:00Z,WriteSensor,LS-0000276,1350.0,293.5,4,1,,,
2025-08-01T09:12:00Z,WriteSensor,LS-0000277,1223.2,323.7,4,1,,,
2025-08-01T09:14:00Z,WriteSensor,LS-0000278,1275.2,304.6,4,1,,,
2025-08-01T09:16:00Z,WriteSensor,LS-0000279,1222.4,294.4,4,1,,,
2025-08-01T09:18:00Z,WriteSensor,LS-0000280,1202.5,312.4,4,1,,,
2025-08-01T09:20:00Z,WriteSensor,LS-0000281,1313.8,345.0,4,1,,,
2025-08-01T09:22:00Z,WriteSensor,LS-0000282,1212.4,317.3,4,1,,,
2025-08-01T09:24:00Z,WriteSensor,LS-0000283,1260.5,315.5,4,1,,,
2025-08-01T09:26:00Z,WriteSensor,LS-0000284,1282.6,354.4,4,1,,,
2025-08-01T09:28:00Z,WriteSensor,LS-0000285,1148.3,348.0,4,1,,,
2025-08-01T09:30:00Z,WriteSensor,LS-0000286,1287.7,318.7,4,1,,,
2025-08-01T09:32:00Z,WriteSensor,LS-0000287,1224.6,310.9,4,1,,,
2025-08-01T09:34:00Z,WriteSensor,LS-0000288,1282.9,285.5,4,1,,,
2025-08-01T09:36:00Z,WriteSensor,LS-0000289,1267.5,319.2,4,1,,,
2025-08-01T09:38:00Z,WriteSensor,LS-0000290,1197.8,340.0,4,1,,,
2025-08-01T09:40:00Z,WriteSensor,LS-0000291,1265.7,303.8,4,1,,,
2025-08-01T09:42:00Z,WriteSensor,LS-0000292,1336.8,381.1,4,1,,,
2025-08-01T09:44:00Z,WriteSensor,LS-0000293,1303.1,351.9,4,1,,,
2025-08-01T09:46:00Z,WriteSensor,LS-0000294,1240.6,283.1,4,1,,,
2025-08-01T09:48:00Z,WriteSensor,LS-0000295,1302.1,337.2,4,1,,,
2025-08-01T09:50:00Z,WriteSensor,LS-0000296,1205.4,318.2,4,1,,,
2025-08-01T09:52:00Z,WriteSensor,LS-0000297,1257.5,257.5,4,1,,,
2025-08-01T09:54:00Z,WriteSensor,LS-0000298,1217.4,309.0,4,1,,,
2025-08-01T09:56:00Z,WriteSensor,LS-0000299,1182.1,314.8,4,1,,,
2025-08-01T09:58:00Z,WriteSensor,LS-0000300,1305.0,256.7,4,1,,,
2025-08-01T10:00:00Z,WriteSensor,LS-0000301,1217.4,319.9,4,1,,,
2025-08-01T10:02:00Z,WriteSensor,LS-0000302,1281.7,342.9,4,1,,,
2025-08-01T10:04:00Z,WriteSensor,LS-0000303,1276.6,318.1,4,1,,,
2025-08-01T10:06:00Z,WriteSensor,LS-0000304,1234.9,323.7,4,1,,,
2025-08-01T10:08:00Z,WriteSensor,LS-0000305,1208.8,342.8,4,1,,,
2025-08-01T10:10:00Z,WriteSensor,LS-0000306,1193.8,282.3,4,1,,,
2025-08-01T10:12:00Z,WriteSensor,LS-0000307,1287.8,322.2,4,1,,,
2025-08-01T10:14:00Z,WriteSensor,LS-0000308,1264.0,284.7,4,1,,,
2025-08-01T10:16:00Z,WriteSensor,LS-0000309,1259.8,316.3,4,1,,,
2025-08-01T10:18:00Z,WriteSensor,LS-0000310,1215.1,320.7,4,1,,,
2025-08-01T10:20:00Z,WriteSensor,LS-0000311,1263.7,280.0,4,1,,,
2025-08-01T10:22:00Z,WriteSensor,LS-0000312,1179.5,297.9,4,1,,,
2025-08-01T10:24:00Z,WriteSensor,LS-0000313,1146.2,343.0,4,1,,,
2025-08-01T10:26:00Z,WriteSensor,LS-0000314,1228.0,275.1,4,1,,,
2025-08-01T10:28:00Z,WriteSensor,LS-0000315,1198.1,302.0,4,1,,,
2025-08-01T10:30:00Z,WriteSensor,LS-0000316,1326.1,299.9,4,1,,,
2025-08-01T10:32:00Z,WriteSensor,LS-0000317,1240.1,286.4,4,1,,,
2025-08-01T10:34:00Z,WriteSensor,LS-0000318,1300.6,353.6,4,1,,,
2025-08-01T10:36:00Z,WriteSensor,LS-0000319,1125.1,323.5,4,1,,,
2025-08-01T10:38:00Z,WriteSensor,LS-0000320,1258.5,291.1,4,1,,,
2025-08-01T10:40:00Z,WriteSensor,LS-0000321,1231.6,310.1,4,1,,,
2025-08-01T10:42:00Z,WriteSensor,LS-0000322,1304.8,304.6,4,1,,,
2025-08-01T10:44:00Z,WriteSensor,LS-0000323,1197.3,339.8,4,1,,,
2025-08-01T10:46:00Z,WriteSensor,LS-0000324,1233.6,317.7,4,1,,,
2025-08-01T10:48:00Z,WriteSensor,LS-0000325,1265.9,325.8,4,1,,,
2025-08-01T10:50:00Z,WriteSensor,LS-0000326,1207.4,326.4,4,1,,,
2025-08-01T10:52:00Z,WriteSensor,LS-0000327,1196.5,285.2,4,1,,,
2025-08-01T10:54:00Z,WriteSensor,LS-0000328,1132.8,372.5,4,1,,,
2025-08-01T10:56:00Z,WriteSensor,LS-0000329,1304.1,376.2,4,1,,,
2025-08-01T10:58:00Z,WriteSensor,LS-0000330,1307.9,324.0,4,1,,,
2025-08-01T11:00:00Z,WriteSensor,LS-0000331,1272.1,296.5,4,1,,,
2025-08-01T11:02:00Z,WriteSensor,LS-0000332,1319.8,351.8,4,1,,,
2025-08-01T11:04:00Z,WriteSensor,LS-0000333,1331.7,322.0,4,1,,,
2025-08-01T11:06:00Z,WriteSensor,LS-0000334,1191.6,280.6,4,1,,,
2025-08-01T11:08:00Z,WriteSensor,LS-0000335,1084.7,311.0,4,1,,,
2025-08-01T11:10:00Z,WriteSensor,LS-0000336,1170.7,291.8,4,1,,,
2025-08-01T11:12:00Z,WriteSensor,LS-0000337,1257.7,315.7,4,1,,,
2025-08-01T11:14:00Z,WriteSensor,LS-0000338,1247.4,321.5,4,1,,,
2025-08-01T11:16:00Z,WriteSensor,LS-0000339,1227.1,313.6,4,1,,,
2025-08-01T11:18:00Z,WriteSensor,LS-0000340,1270.9,341.7,4,1,,,
2025-08-01T11:20:00Z,WriteSensor,LS-0000341,1141.5,272.3,4,1,,,
2025-08-01T11:22:00Z,WriteSensor,LS-0000342,1370.2,326.8,4,1,,,
2025-08-01T11:24:00Z,WriteSensor,LS-0000343,1324.3,355.1,4,1,,,
2025-08-01T11:26:00Z,WriteSensor,LS-0000344,1160.3,349.6,4,1,,,
2025-08-01T11:28:00Z,WriteSensor,LS-0000345,1259.9,315.7,4,1,,,
2025-08-01T11:30:00Z,WriteSensor,LS-0000346,1337.4,330.7,4,1,,,
2025-08-01T11:32:00Z,WriteSensor,LS-0000347,1265.4,345.4,4,1,,,
2025-08-01T11:34:00Z,WriteSensor,LS-0000348,1173.7,313.6,4,1,,,
2025-08-01T11:36:00Z,WriteSensor,LS-0000349,1306.1,328.0,4,1,,,
2025-08-01T11:38:00Z,WriteSensor,LS-0000350,1263.5,275.8,4,1,,,
2025-08-01T11:40:00Z,WriteSensor,LS-0000351,1260.1,318.7,4,1,,,
2025-08-01T11:42:00Z,WriteSensor,LS-0000352,1157.9,348.0,4,1,,,
2025-08-01T11:44:00Z,WriteSensor,LS-0000353,1330.2,339.7,4,1,,,
2025-08-01T11:46:00Z,WriteSensor,LS-0000354,1314.3,308.6,4,1,,,
2025-08-01T11:48:00Z,WriteSensor,LS-0000355,1187.9,286.3,4,1,,,
2025-08-01T11:50:00Z,WriteSensor,LS-0000356,1281.2,316.4,4,1,,,
2025-08-01T11:52:00Z,WriteSensor,LS-0000357,1274.3,342.1,4,1,,,
2025-08-01T11:54:00Z,WriteSensor,LS-0000358,1271.2,334.2,4,1,,,
2025-08-01T11:56:00Z,WriteSensor,LS-0000359,1273.5,324.3,4,1,,,
2025-08-01T11:58:00Z,WriteSensor,LS-0000360,1162.0,362.4,4,1,,,
2025-08-01T12:00:00Z,WriteSensor,LS-0000361,1265.1,333.0,4,1,,,
2025-08-01T12:02:00Z,WriteSensor,LS-0000362,1141.2,315.1,4,1,,,
2025-08-01T12:04:00Z,WriteSensor,LS-0000363,1262.9,301.1,4,1,,,
2025-08-01T12:06:00Z,WriteSensor,LS-0000364,1300.4,303.2,4,1,,,
2025-08-01T12:08:00Z,WriteSensor,LS-0000365,1286.5,322.0,4,1,,,
2025-08-01T12:10:00Z,WriteSensor,LS-0000366,1181.3,295.7,4,1,,,
2025-08-01T12:12:00Z,WriteSensor,LS-0000367,1096.2,336.8,4,1,,,
2025-08-01T12:14:00Z,WriteSensor,LS-0000368,1295.1,307.8,4,1,,,
2025-08-01T12:16:00Z,WriteSensor,LS-0000369,1238.0,301.8,4,1,,,
2025-08-01T12:18:00Z,WriteSensor,LS-0000370,1262.8,348.0,4,1,,,
2025-08-01T12:20:00Z,WriteSensor,LS-0000371,1244.4,299.6,4,1,,,
2025-08-01T12:22:00Z,WriteSensor,LS-0000372,1225.9,340.4,4,1,,,
2025-08-01T12:24:00Z,WriteSensor,LS-0000373,1214.4,329.0,4,1,,,
2025-08-01T12:26:00Z,WriteSensor,LS-0000374,1225.9,326.7,4,1,,,
2025-08-01T12:28:00Z,WriteSensor,LS-0000375,1270.6,305.9,4,1,,,
2025-08-01T12:30:00Z,WriteSensor,LS-0000376,1270.9,339.9,4,1,,,
2025-08-01T12:32:00Z,WriteSensor,LS-0000377,1206.0,319.5,4,1,,,
2025-08-01T12:34:00Z,WriteSensor,LS-0000378,1195.3,348.7,4,1,,,
2025-08-01T12:36:00Z,WriteSensor,LS-0000379,1216.2,382.3,4,1,,,
2025-08-01T12:38:00Z,WriteSensor,LS-0000380,1305.8,312.4,4,1,,,
2025-08-01T12:40:00Z,WriteSensor,LS-0000381,1247.9,293.0,4,1,,,
2025-08-01T12:42:00Z,WriteSensor,LS-0000382,1319.9,320.7,4,1,,,
2025-08-01T12:44:00Z,WriteSensor,LS-0000383,1299.3,322.5,4,1,,,
2025-08-01T12:46:00Z,WriteSensor,LS-0000384,1336.7,330.6,4,1,,,
2025-08-01T12:48:00Z,WriteSensor,LS-0000385,1318.1,359.4,4,1,,,
2025-08-01T12:50:00Z,WriteSensor,LS-0000386,1233.6,271.5,4,1,,,
2025-08-01T12:52:00Z,WriteSensor,LS-0000387,1261.9,334.6,4,1,,,
2025-08-01T12:54:00Z,WriteSensor,LS-0000388,1315.1,340.4,4,1,,,
2025-08-01T12:56:00Z,WriteSensor,LS-0000389,1288.9,282.9,4,1,,,
2025-08-01T12:58:00Z,WriteSensor,LS-0000390,1212.1,353.2,4,1,,,
2025-08-01T13:00:00Z,WriteSensor,LS-0000391,1292.8,323.9,4,1,,,
2025-08-01T13:02:00Z,WriteSensor,LS-0000392,1204.0,340.5,4,1,,,
2025-08-01T13:04:00Z,WriteSensor,LS-0000393,1379.1,332.9,4,1,,,
2025-08-01T13:06:00Z,WriteSensor,LS-0000394,1220.9,336.1,4,1,,,
2025-08-01T13:08:00Z,WriteSensor,LS-0000395,1270.6,344.7,4,1,,,
2025-08-01T13:10:00Z,WriteSensor,LS-0000396,1215.3,372.6,4,1,,,
2025-08-01T13:12:00Z,WriteSensor,LS-0000397,1221.4,326.5,4,1,,,
2025-08-01T13:14:00Z,WriteSensor,LS-0000398,1321.6,316.6,4,1,,,
2025-08-01T13:16:00Z,WriteSensor,LS-0000399,1298.1,261.7,4,1,,,
2025-08-01T13:18:00Z,WriteSensor,LS-0000400,1320.9,326.9,4,1,,,
2025-08-01T13:20:00Z,WriteSensor,LS-0000401,1252.2,311.0,4,1,,,
2025-08-01T13:22:00Z,WriteSensor,LS-0000402,1231.9,335.7,4,1,,,
2025-08-01T13:24:00Z,WriteSensor,LS-0000403,1267.2,321.5,4,1,,,
2025-08-01T13:26:00Z,WriteSensor,LS-0000404,1226.0,306.1,4,1,,,
2025-08-01T13:28:00Z,WriteSensor,LS-0000405,1340.3,311.6,4,1,,,
2025-08-01T13:30:00Z,WriteSensor,LS-0000406,1255.0,350.2,4,1,,,
2025-08-01T13:32:00Z,WriteSensor,LS-0000407,1320.4,301.3,4,1,,,
2025-08-01T13:34:00Z,WriteSensor,LS-0000408,1249.7,309.9,4,1,,,
2025-08-01T13:36:00Z,WriteSensor,LS-0000409,1138.2,341.6,4,1,,,
2025-08-01T13:38:00Z,WriteSensor,LS-0000410,1215.8,322.2,4,1,,,
2025-08-01T13:40:00Z,WriteSensor,LS-0000411,1210.2,332.7,4,1,,,
2025-08-01T13:42:00Z,WriteSensor,LS-0000412,1220.1,338.5,4,1,,,
2025-08-01T13:44:00Z,WriteSensor,LS-0000413,1272.4,328.4,4,1,,,
2025-08-01T13:46:00Z,WriteSensor,LS-0000414,1228.8,330.1,4,1,,,
2025-08-01T13:48:00Z,WriteSensor,LS-0000415,1234.4,277.4,4,1,,,
2025-08-01T13:50:00Z,WriteSensor,LS-0000416,1262.3,308.2,4,1,,,
2025-08-01T13:52:00Z,WriteSensor,LS-0000417,1235.6,290.3,4,1,,,
2025-08-01T13:54:00Z,WriteSensor,LS-0000418,1218.1,347.6,4,1,,,
2025-08-01T13:56:00Z,WriteSensor,LS-0000419,1140.9,285.7,4,1,,,
2025-08-01T13:58:00Z,WriteSensor,LS-0000420,1282.8,340.1,4,1,,,
2025-08-01T14:00:00Z,WriteSensor,LS-0000421,1270.5,341.4,4,1,,,
2025-08-01T14:02:00Z,WriteSensor,LS-0000422,1161.6,341.8,4,1,,,
2025-08-01T14:04:00Z,WriteSensor,LS-0000423,1281.5,287.2,4,1,,,
2025-08-01T14:06:00Z,WriteSensor,LS-0000424,1208.5,330.0,4,1,,,
2025-08-01T14:08:00Z,WriteSensor,LS-0000425,1286.3,311.7,4,1,,,
2025-08-01T14:10:00Z,WriteSensor,LS-0000426,1290.1,298.9,4,1,,,
2025-08-01T14:12:00Z,WriteSensor,LS-0000427,1186.6,323.8,4,1,,,
2025-08-01T14:14:00Z,WriteSensor,LS-0000428,1245.8,321.8,4,1,,,
2025-08-01T14:16:00Z,WriteSensor,LS-0000429,1203.7,392.9,4,1,,,
2025-08-01T14:18:00Z,WriteSensor,LS-0000430,1284.2,376.4,4,1,,,
2025-08-01T14:20:00Z,WriteSensor,LS-0000431,1283.8,283.5,4,1,,,
2025-08-01T14:22:00Z,WriteSensor,LS-0000432,1146.4,272.9,4,1,,,
2025-08-01T14:24:00Z,WriteSensor,LS-0000433,1191.2,350.4,4,1,,,
2025-08-01T14:26:00Z,WriteSensor,LS-0000434,1249.0,312.1,4,1,,,
2025-08-01T14:28:00Z,WriteSensor,LS-0000435,1272.6,317.5,4,1,,,
2025-08-01T14:30:00Z,WriteSensor,LS-0000436,1310.2,342.9,4,1,,,
2025-08-01T14:32:00Z,WriteSensor,LS-0000437,1359.0,317.3,4,1,,,
2025-08-01T14:34:00Z,WriteSensor,LS-0000438,1170.0,318.3,4,1,,,
2025-08-01T14:36:00Z,WriteSensor,LS-0000439,1270.3,331.7,4,1,,,
2025-08-01T14:38:00Z,WriteSensor,LS-0000440,1234.6,321.1,4,1,,,
2025-08-01T14:40:00Z,WriteSensor,LS-0000441,1360.4,291.1,4,1,,,
2025-08-01T14:42:00Z,WriteSensor,LS-0000442,1270.6,322.2,4,1,,,
2025-08-01T14:44:00Z,WriteSensor,LS-0000443,1200.0,334.1,4,1,,,
2025-08-01T14:46:00Z,WriteSensor,LS-0000444,1235.2,350.4,4,1,,,
2025-08-01T14:48:00Z,WriteSensor,LS-0000445,1250.0,294.7,4,1,,,
2025-08-01T14:50:00Z,WriteSensor,LS-0000446,1155.9,311.5,4,1,,,
2025-08-01T14:52:00Z,WriteSensor,LS-0000447,1269.6,371.3,4,1,,,
2025-08-01T14:54:00Z,WriteSensor,LS-0000448,1296.4,328.7,4,1,,,
2025-08-01T14:56:00Z,WriteSensor,LS-0000449,1336.5,306.6,4,1,,,
2025-08-01T14:58:00Z,WriteSensor,LS-0000450,1173.4,267.9,4,1,,,
2025-08-01T15:00:00Z,WriteSensor,LS-0000451,1188.6,343.3,4,1,,,
2025-08-01T15:02:00Z,WriteSensor,LS-0000452,1286.3,353.6,4,1,,,
2025-08-01T15:04:00Z,WriteSensor,LS-0000453,1222.4,316.4,4,1,,,
2025-08-01T15:06:00Z,WriteSensor,LS-0000454,1239.3,267.3,4,1,,,
2025-08-01T15:08:00Z,WriteSensor,LS-0000455,1180.2,341.5,4,1,,,
2025-08-01T15:10:00Z,WriteSensor,LS-0000456,1234.5,328.6,4,1,,,
2025-08-01T15:12:00Z,WriteSensor,LS-0000457,1298.8,279.6,4,1,,,
2025-08-01T15:14:00Z,WriteSensor,LS-0000458,1233.9,310.9,4,1,,,
2025-08-01T15:16:00Z,WriteSensor,LS-0000459,1305.9,337.8,4,1,,,
2025-08-01T15:18:00Z,WriteSensor,LS-0000460,1189.2,338.1,4,1,,,
2025-08-01T15:20:00Z,WriteSensor,LS-0000461,1257.8,334.3,4,1,,,
2025-08-01T15:22:00Z,WriteSensor,LS-0000462,1189.6,322.8,4,1,,,
2025-08-01T15:24:00Z,WriteSensor,LS-0000463,1272.3,353.9,4,1,,,
2025-08-01T15:26:00Z,WriteSensor,LS-0000464,1275.8,332.0,4,1,,,
2025-08-01T15:28:00Z,WriteSensor,LS-0000465,1234.8,332.5,4,1,,,
2025-08-01T15:30:00Z,WriteSensor,LS-0000466,1296.8,254.4,4,1,,,
2025-08-01T15:32:00Z,WriteSensor,LS-0000467,1259.0,331.9,4,1,,,
2025-08-01T15:34:00Z,WriteSensor,LS-0000468,1334.7,281.1,4,1,,,
2025-08-01T15:36:00Z,WriteSensor,LS-0000469,1301.7,346.9,4,1,,,
2025-08-01T15:38:00Z,WriteSensor,LS-0000470,1279.5,319.2,4,1,,,
2025-08-01T15:40:00Z,WriteSensor,LS-0000471,1293.3,335.1,4,1,,,
2025-08-01T15:42:00Z,WriteSensor,LS-0000472,1321.0,306.6,4,1,,,
2025-08-01T15:44:00Z,WriteSensor,LS-0000473,1221.2,333.8,4,1,,,
2025-08-01T15:46:00Z,WriteSensor,LS-0000474,1252.2,350.0,4,1,,,
2025-08-01T15:48:00Z,WriteSensor,LS-0000475,1268.5,298.4,4,1,,,
2025-08-01T15:50:00Z,WriteSensor,LS-0000476,1161.3,323.9,4,1,,,
2025-08-01T15:52:00Z,WriteSensor,LS-0000477,1268.5,347.8,4,1,,,
2025-08-01T15:54:00Z,WriteSensor,LS-0000478,1178.2,331.8,4,1,,,
2025-08-01T15:56:00Z,WriteSensor,LS-0000479,1317.6,306.8,4,1,,,
2025-08-01T15:58:00Z,WriteSensor,LS-0000480,1301.4,342.4,4,1,,,
2025-08-01T16:00:00Z,WriteSensor,LS-0000481,1319.6,330.1,4,1,,,
2025-08-01T16:02:00Z,WriteSensor,LS-0000482,1149.9,363.1,4,1,,,
2025-08-01T16:04:00Z,WriteSensor,LS-0000483,1180.3,331.4,4,1,,,
2025-08-01T16:06:00Z,WriteSensor,LS-0000484,1324.1,313.8,4,1,,,
2025-08-01T16:08:00Z,WriteSensor,LS-0000485,1246.7,290.4,4,1,,,
2025-08-01T16:10:00Z,WriteSensor,LS-0000486,1246.4,342.9,4,1,,,
2025-08-01T16:12:00Z,WriteSensor,LS-0000487,1270.8,308.3,4,1,,,
2025-08-01T16:14:00Z,WriteSensor,LS-0000488,1289.0,352.6,4,1,,,
2025-08-01T16:16:00Z,WriteSensor,LS-0000489,1246.3,312.2,4,1,,,
2025-08-01T16:18:00Z,WriteSensor,LS-0000490,1164.1,357.5,4,1,,,
2025-08-01T16:20:00Z,WriteSensor,LS-0000491,1197.2,309.3,4,1,,,
2025-08-01T16:22:00Z,WriteSensor,LS-0000492,1125.9,311.9,4,1,,,
2025-08-01T16:24:00Z,WriteSensor,LS-0000493,1188.9,317.0,4,1,,,
2025-08-01T16:26:00Z,WriteSensor,LS-0000494,1183.9,334.2,4,1,,,
2025-08-01T16:28:00Z,WriteSensor,LS-0000495,1370.6,335.1,4,1,,,
2025-08-01T16:30:00Z,WriteSensor,LS-0000496,1228.6,345.3,4,1,,,
2025-08-01T16:32:00Z,WriteSensor,LS-0000497,1244.7,310.0,4,1,,,
2025-08-01T16:34:00Z,WriteSensor,LS-0000498,1279.4,335.0,4,1,,,
2025-08-01T16:36:00Z,WriteSensor,LS-0000499,1231.0,303.6,4,1,,,
2025-08-01T16:38:00Z,WriteSensor,LS-0000500,1190.2,331.9,4,1,,,
2025-10-06T00:00:00Z,WriteSensor,PS-0000001,1161.1,329.5,4,50,PSR-01,1,1
2025-10-06T00:02:00Z,WriteSensor,PS-0000002,1206.2,321.9,4,50,PSR-01,1,1
2025-10-06T00:04:00Z,WriteSensor,PS-0000003,1271.3,388.1,4,50,PSR-01,1,1
2025-10-06T00:06:00Z,WriteSensor,PS-0000004,1296.8,335.8,4,50,PSR-01,1,1
2025-10-06T00:08:00Z,WriteSensor,PS-0000005,1205.2,314.9,4,50,PSR-01,1,1
2025-10-06T00:10:00Z,WriteSensor,PS-0000006,1199.8,328.6,4,50,PSR-01,1,1
2025-10-06T00:12:00Z,WriteSensor,PS-0000007,1091.6,302.6,4,50,PSR-01,1,1
2025-10-06T00:14:00Z,WriteSensor,PS-0000008,1203.0,301.2,4,50,PSR-01,1,1
2025-10-06T00:16:00Z,WriteSensor,PS-0000009,1177.7,369.6,4,50,PSR-01,1,1
2025-10-06T00:18:00Z,WriteSensor,PS-0000010,1091.4,308.7,4,50,PSR-01,1,1
2025-10-06T00:20:00Z,WriteSensor,PS-0000011,1254.1,324.8,4,50,PSR-01,1,1
2025-10-06T00:22:00Z,WriteSensor,PS-0000012,1153.9,350.9,4,50,PSR-01,1,1
2025-10-06T00:24:00Z,WriteSensor,PS-0000013,1138.0,342.8,4,50,PSR-01,1,1
2025-10-06T00:26:00Z,WriteSensor,PS-0000014,1151.4,367.7,4,50,PSR-01,1,1
2025-10-06T00:28:00Z,WriteSensor,PS-0000015,1184.6,335.3,4,50,PSR-01,1,1
2025-10-06T00:30:00Z,WriteSensor,PS-0000016,1124.2,293.3,4,50,PSR-01,1,1
2025-10-06T00:32:00Z,WriteSensor,PS-0000017,1216.6,314.3,4,50,PSR-01,1,1
2025-10-06T00:34:00Z,WriteSensor,PS-0000018,1339.4,318.6,4,50,PSR-01,1,1
2025-10-06T00:36:00Z,WriteSensor,PS-0000019,1169.2,347.6,4,50,PSR-01,1,1
2025-10-06T00:38:00Z,WriteSensor,PS-0000020,1169.8,348.5,4,50,PSR-01,1,1
2025-10-06T00:40:00Z,WriteSensor,PS-0000021,1226.3,292.5,4,50,PSR-01,1,1
2025-10-06T00:42:00Z,WriteSensor,PS-0000022,1212.2,352.0,4,50,PSR-01,1,1
2025-10-06T00:44:00Z,WriteSensor,PS-0000023,1196.5,340.6,4,50,PSR-01,1,1
2025-10-06T00:46:00Z,WriteSensor,PS-0000024,1170.5,324.6,4,50,PSR-01,1,1
2025-10-06T00:48:00Z,WriteSensor,PS-0000025,1211.5,307.4,4,50,PSR-01,1,1
2025-10-06T00:50:00Z,WriteSensor,PS-0000026,1179.2,332.5,4,50,PSR-01,1,1
2025-10-06T00:52:00Z,WriteSensor,PS-0000027,1185.0,333.4,4,50,PSR-01,1,1
2025-10-06T00:54:00Z,WriteSensor,PS-0000028,1218.7,300.0,4,50,PSR-01,1,1
2025-10-06T00:56:00Z,WriteSensor,PS-0000029,1252.6,375.1,4,50,PSR-01,1,1
2025-10-06T00:58:00Z,WriteSensor,PS-0000030,1218.6,368.3,4,50,PSR-01,1,1
2025-10-06T01:00:00Z,WriteSensor,PS-0000031,1054.3,331.5,4,50,PSR-01,1,1
2025-10-06T01:02:00Z,WriteSensor,PS-0000032,1054.6,362.6,4,50,PSR-01,1,1
2025-10-06T01:04:00Z,WriteSensor,PS-0000033,1149.9,350.4,4,50,PSR-01,1,1
2025-10-06T01:06:00Z,WriteSensor,PS-0000034,1173.4,293.6,4,50,PSR-01,1,1
2025-10-06T01:08:00Z,WriteSensor,PS-0000035,1171.7,331.0,4,50,PSR-01,1,1
2025-10-06T01:10:00Z,WriteSensor,PS-0000036,1167.1,319.8,4,50,PSR-01,1,1
2025-10-06T01:12:00Z,WriteSensor,PS-0000037,1202.6,339.7,4,50,PSR-01,1,1
2025-10-06T01:14:00Z,WriteSensor,PS-0000038,1230.3,303.5,4,50,PSR-01,1,1
2025-10-06T01:16:00Z,WriteSensor,PS-0000039,1121.4,289.6,4,50,PSR-01,1,1
2025-10-06T01:18:00Z,WriteSensor,PS-0000040,1175.6,283.0,4,50,PSR-01,1,1
2025-10-06T01:20:00Z,WriteSensor,PS-0000041,1213.0,348.1,4,50,PSR-01,1,1
2025-10-06T01:22:00Z,WriteSensor,PS-0000042,1126.6,291.8,4,50,PSR-01,1,1
2025-10-06T01:24:00Z,WriteSensor,PS-0000043,1190.1,349.5,4,50,PSR-01,1,1
2025-10-06T01:26:00Z,WriteSensor,PS-0000044,1218.7,316.2,4,50,PSR-01,1,1
2025-10-06T01:28:00Z,WriteSensor,PS-0000045,1273.6,319.4,4,50,PSR-01,1,1
2025-10-06T01:30:00Z,WriteSensor,PS-0000046,1201.7,316.8,4,50,PSR-01,1,1
2025-10-06T01:32:00Z,WriteSensor,PS-0000047,1200.2,307.4,4,50,PSR-01,1,1
2025-10-06T01:34:00Z,WriteSensor,PS-0000048,1151.0,314.0,4,50,PSR-01,1,1
2025-10-06T01:36:00Z,WriteSensor,PS-0000049,1263.2,269.1,4,50,PSR-01,1,1
2025-10-06T01:38:00Z,WriteSensor,PS-0000050,1214.8,310.4,4,50,PSR-01,1,1
2025-10-06T01:40:00Z,WriteSensor,PS-0000051,1199.0,313.0,4,50,PSR-01,1,1
2025-10-06T01:42:00Z,WriteSensor,PS-0000052,1171.6,332.8,4,50,PSR-01,1,1
2025-10-06T01:44:00Z,WriteSensor,PS-0000053,1139.6,335.4,4,50,PSR-01,1,1
2025-10-06T01:46:00Z,WriteSensor,PS-0000054,1167.1,318.1,4,50,PSR-01,1,1
2025-10-06T01:48:00Z,WriteSensor,PS-0000055,1312.6,305.2,4,50,PSR-01,1,1
2025-10-06T01:50:00Z,WriteSensor,PS-0000056,1188.9,317.8,4,50,PSR-01,1,1
2025-10-06T01:52:00Z,WriteSensor,PS-0000057,1253.6,287.6,4,50,PSR-01,1,1
2025-10-06T01:54:00Z,WriteSensor,PS-0000058,1246.9,348.9,4,50,PSR-01,1,1
2025-10-06T01:56:00Z,WriteSensor,PS-0000059,1169.4,317.6,4,50,PSR-01,1,1
2025-10-06T01:58:00Z,WriteSensor,PS-0000060,1213.9,326.8,4,50,PSR-01,1,1
2025-10-06T02:00:00Z,WriteSensor,PS-0000061,1214.9,327.7,4,50,PSR-01,1,1
2025-10-06T02:02:00Z,WriteSensor,PS-0000062,1119.6,298.6,4,50,PSR-01,1,1
2025-10-06T02:04:00Z,WriteSensor,PS-0000063,1181.0,322.3,4,50,PSR-01,1,1
2025-10-06T02:06:00Z,WriteSensor,PS-0000064,1264.4,305.2,4,50,PSR-01,1,1
2025-10-06T02:08:00Z,WriteSensor,PS-0000065,1187.5,319.2,4,50,PSR-01,1,1
2025-10-06T02:10:00Z,WriteSensor,PS-0000066,1152.1,327.0,4,50,PSR-01,1,1
2025-10-06T02:12:00Z,WriteSensor,PS-0000067,1180.3,346.1,4,50,PSR-01,1,1
2025-10-06T02:14:00Z,WriteSensor,PS-0000068,1190.0,338.0,4,50,PSR-01,1,1
2025-10-06T02:16:00Z,WriteSensor,PS-0000069,1206.2,337.1,4,50,PSR-01,1,1
2025-10-06T02:18:00Z,WriteSensor,PS-0000070,1102.1,324.0,4,50,PSR-01,1,1
2025-10-06T02:20:00Z,WriteSensor,PS-0000071,1180.1,349.3,4,50,PSR-01,1,1
2025-10-06T02:22:00Z,WriteSensor,PS-0000072,1299.4,306.0,4,50,PSR-01,1,1
2025-10-06T02:24:00Z,WriteSensor,PS-0000073,1186.8,289.7,4,50,PSR-01,1,1
2025-10-06T02:26:00Z,WriteSensor,PS-0000074,1175.0,364.8,4,50,PSR-01,1,1
2025-10-06T02:28:00Z,WriteSensor,PS-0000075,1139.0,323.2,4,50,PSR-01,1,1
2025-10-06T02:30:00Z,WriteSensor,PS-0000076,1160.4,327.0,4,50,PSR-01,1,1
2025-10-06T02:32:00Z,WriteSensor,PS-0000077,1270.9,280.4,4,50,PSR-01,1,1
2025-10-06T02:34:00Z,WriteSensor,PS-0000078,1170.0,353.2,4,50,PSR-01,1,1
2025-10-06T02:36:00Z,WriteSensor,PS-0000079,1158.3,324.4,4,50,PSR-01,1,1
2025-10-06T02:38:00Z,WriteSensor,PS-0000080,1189.0,348.4,4,50,PSR-01,1,1
2025-10-06T02:40:00Z,WriteSensor,PS-0000081,1143.0,307.7,4,50,PSR-01,1,1
2025-10-06T02:42:00Z,WriteSensor,PS-0000082,1202.2,277.0,4,50,PSR-01,1,1
2025-10-06T02:44:00Z,WriteSensor,PS-0000083,1279.1,353.7,4,50,PSR-01,1,1
2025-10-06T02:46:00Z,WriteSensor,PS-0000084,1187.1,299.9,4,50,PSR-01,1,1
2025-10-06T02:48:00Z,WriteSensor,PS-0000085,1163.1,330.7,4,50,PSR-01,1,1
2025-10-06T02:50:00Z,WriteSensor,PS-0000086,1277.9,330.1,4,50,PSR-01,1,1
2025-10-06T02:52:00Z,WriteSensor,PS-0000087,1145.2,342.2,4,50,PSR-01,1,1
2025-10-06T02:54:00Z,WriteSensor,PS-0000088,1109.8,286.6,4,50,PSR-01,1,1
2025-10-06T02:56:00Z,WriteSensor,PS-0000089,1164.8,351.5,4,50,PSR-01,1,1
2025-10-06T02:58:00Z,WriteSensor,PS-0000090,1147.3,348.8,4,50,PSR-01,1,1
2025-10-06T03:00:00Z,WriteSensor,PS-0000091,1271.8,303.8,4,50,PSR-01,1,1
2025-10-06T03:02:00Z,WriteSensor,PS-0000092,1089.2,291.0,4,50,PSR-01,1,1
2025-10-06T03:04:00Z,WriteSensor,PS-0000093,1176.1,344.2,4,50,PSR-01,1,1
2025-10-06T03:06:00Z,WriteSensor,PS-0000094,1214.3,310.9,4,50,PSR-01,1,1
2025-10-06T03:08:00Z,WriteSensor,PS-0000095,1260.7,270.2,4,50,PSR-01,1,1
2025-10-06T03:10:00Z,WriteSensor,PS-0000096,1251.6,337.2,4,50,PSR-01,1,1
2025-10-06T03:12:00Z,WriteSensor,PS-0000097,1182.3,343.2,4,50,PSR-01,1,1
2025-10-06T03:14:00Z,WriteSensor,PS-0000098,1301.8,368.6,4,50,PSR-01,1,1
2025-10-06T03:16:00Z,WriteSensor,PS-0000099,1087.3,329.7,4,50,PSR-01,1,1
2025-10-06T03:18:00Z,WriteSensor,PS-0000100,1072.0,346.5,4,50,PSR-01,1,1
2025-10-06T03:20:00Z,WriteSensor,PS-0000101,1180.7,244.8,4,50,PSR-01,1,1
2025-10-06T03:22:00Z,WriteSensor,PS-0000102,1234.8,311.4,4,50,PSR-01,1,1
2025-10-06T03:24:00Z,WriteSensor,PS-0000103,1278.0,322.4,4,50,PSR-01,1,1
2025-10-06T03:26:00Z,WriteSensor,PS-0000104,1198.2,304.8,4,50,PSR-01,1,1
2025-10-06T03:28:00Z,WriteSensor,PS-0000105,1248.5,347.7,4,50,PSR-01,1,1
2025-10-06T03:30:00Z,WriteSensor,PS-0000106,1123.4,321.8,4,50,PSR-01,1,1
2025-10-06T03:32:00Z,WriteSensor,PS-0000107,1126.1,343.0,4,50,PSR-01,1,1
2025-10-06T03:34:00Z,WriteSensor,PS-0000108,1180.3,292.2,4,50,PSR-01,1,1
2025-10-06T03:36:00Z,WriteSensor,PS-0000109,1207.5,321.1,4,50,PSR-01,1,1
2025-10-06T03:38:00Z,WriteSensor,PS-0000110,1125.7,333.1,4,50,PSR-01,1,1
2025-10-06T03:40:00Z,WriteSensor,PS-0000111,1155.7,296.8,4,50,PSR-01,1,1
2025-10-06T03:42:00Z,WriteSensor,PS-0000112,1188.9,373.5,4,50,PSR-01,1,1
2025-10-06T03:44:00Z,WriteSensor,PS-0000113,1279.1,312.7,4,50,PSR-01,1,1
2025-10-06T03:46:00Z,WriteSensor,PS-0000114,1194.3,331.7,4,50,PSR-01,1,1
2025-10-06T03:48:00Z,WriteSensor,PS-0000115,1148.3,296.5,4,50,PSR-01,1,1
2025-10-06T03:50:00Z,WriteSensor,PS-0000116,1184.4,363.9,4,50,PSR-01,1,1
2025-10-06T03:52:00Z,WriteSensor,PS-0000117,1178.4,284.0,4,50,PSR-01,1,1
2025-10-06T03:54:00Z,WriteSensor,PS-0000118,1103.9,349.6,4,50,PSR-01,1,1
2025-10-06T03:56:00Z,WriteSensor,PS-0000119,1180.8,273.1,4,50,PSR-01,1,1
2025-10-06T03:58:00Z,WriteSensor,PS-0000120,1201.1,315.1,4,50,PSR-01,1,1
2025-10-06T04:00:00Z,WriteSensor,PS-0000121,1150.6,298.4,4,50,PSR-01,1,1
2025-10-06T04:02:00Z,WriteSensor,PS-0000122,1154.4,271.6,4,50,PSR-01,1,1
2025-10-06T04:04:00Z,WriteSensor,PS-0000123,1205.9,344.0,4,50,PSR-01,1,1
2025-10-06T04:06:00Z,WriteSensor,PS-0000124,1142.5,338.7,4,50,PSR-01,1,1
2025-10-06T04:08:00Z,WriteSensor,PS-0000125,1196.4,311.8,4,50,PSR-01,1,1
2025-10-06T04:10:00Z,WriteSensor,PS-0000126,1246.7,295.6,4,50,PSR-01,1,1
2025-10-06T04:12:00Z,WriteSensor,PS-0000127,1142.9,341.2,4,50,PSR-01,1,1
2025-10-06T04:14:00Z,WriteSensor,PS-0000128,1209.9,317.8,4,50,PSR-01,1,1
2025-10-06T04:16:00Z,WriteSensor,PS-0000129,1133.8,345.6,4,50,PSR-01,1,1
2025-10-06T04:18:00Z,WriteSensor,PS-0000130,1194.9,356.7,4,50,PSR-01,1,1
2025-10-06T05:00:00Z,WriteSensor,PS-0000131,1140.7,338.7,8,50,PSR-02,1,2
2025-10-06T05:02:00Z,WriteSensor,PS-0000132,1206.4,340.1,8,50,PSR-02,1,2
2025-10-06T05:04:00Z,WriteSensor,PS-0000133,1106.9,331.4,8,50,PSR-02,1,2
2025-10-06T05:06:00Z,WriteSensor,PS-0000134,1103.5,319.4,8,50,PSR-02,1,2
2025-10-06T05:08:00Z,WriteSensor,PS-0000135,1132.5,315.9,8,50,PSR-02,1,2
2025-10-06T05:10:00Z,WriteSensor,PS-0000136,1262.0,343.8,8,50,PSR-02,1,2
2025-10-06T05:12:00Z,WriteSensor,PS-0000137,1116.5,327.3,8,50,PSR-02,1,2
2025-10-06T05:14:00Z,WriteSensor,PS-0000138,1077.2,298.2,8,50,PSR-02,1,2
2025-10-06T05:16:00Z,WriteSensor,PS-0000139,1114.4,344.9,8,50,PSR-02,1,2
2025-10-06T05:18:00Z,WriteSensor,PS-0000140,1187.4,313.6,8,50,PSR-02,1,2
2025-10-06T05:20:00Z,WriteSensor,PS-0000141,1113.1,364.3,8,50,PSR-02,1,2
2025-10-06T05:22:00Z,WriteSensor,PS-0000142,1089.9,277.6,8,50,PSR-02,1,2
2025-10-06T05:24:00Z,WriteSensor,PS-0000143,1201.7,306.3,8,50,PSR-02,1,2
2025-10-06T05:26:00Z,WriteSensor,PS-0000144,1160.9,306.7,8,50,PSR-02,1,2
2025-10-06T05:28:00Z,WriteSensor,PS-0000145,1114.6,327.3,8,50,PSR-02,1,2
2025-10-06T05:30:00Z,WriteSensor,PS-0000146,1143.3,320.2,8,50,PSR-02,1,2
2025-10-06T05:32:00Z,WriteSensor,PS-0000147,1205.1,312.5,8,50,PSR-02,1,2
2025-10-06T05:34:00Z,WriteSensor,PS-0000148,1161.6,285.6,8,50,PSR-02,1,2
2025-10-06T05:36:00Z,WriteSensor,PS-0000149,1191.4,304.1,8,50,PSR-02,1,2
2025-10-06T05:38:00Z,WriteSensor,PS-0000150,1153.7,311.8,8,50,PSR-02,1,2
2025-10-06T05:40:00Z,WriteSensor,PS-0000151,1238.1,344.1,8,50,PSR-02,1,2
2025-10-06T05:42:00Z,WriteSensor,PS-0000152,1179.7,302.1,8,50,PSR-02,1,2
2025-10-06T05:44:00Z,WriteSensor,PS-0000153,1287.5,291.7,8,50,PSR-02,1,2
2025-10-06T05:46:00Z,WriteSensor,PS-0000154,1210.2,325.1,8,50,PSR-02,1,2
2025-10-06T05:48:00Z,WriteSensor,PS-0000155,1094.5,339.5,8,50,PSR-02,1,2
2025-10-06T05:50:00Z,WriteSensor,PS-0000156,1105.1,280.6,8,50,PSR-02,1,2
2025-10-06T05:52:00Z,WriteSensor,PS-0000157,1135.0,303.0,8,50,PSR-02,1,2
2025-10-06T05:54:00Z,WriteSensor,PS-0000158,1108.1,296.8,8,50,PSR-02,1,2
2025-10-06T05:56:00Z,WriteSensor,PS-0000159,1240.1,340.4,8,50,PSR-02,1,2
2025-10-06T05:58:00Z,WriteSensor,PS-0000160,1226.7,340.5,8,50,PSR-02,1,2
2025-10-06T06:00:00Z,WriteSensor,PS-0000161,1155.7,335.2,8,50,PSR-02,1,2
2025-10-06T06:02:00Z,WriteSensor,PS-0000162,1059.0,315.8,8,50,PSR-02,1,2
2025-10-06T06:04:00Z,WriteSensor,PS-0000163,1165.5,347.2,8,50,PSR-02,1,2
2025-10-06T06:06:00Z,WriteSensor,PS-0000164,1243.0,347.2,8,50,PSR-02,1,2
2025-10-06T06:08:00Z,WriteSensor,PS-0000165,1139.7,305.3,8,50,PSR-02,1,2
2025-10-06T06:10:00Z,WriteSensor,PS-0000166,1126.8,321.1,8,50,PSR-02,1,2
2025-10-06T06:12:00Z,WriteSensor,PS-0000167,1162.3,273.2,8,50,PSR-02,1,2
2025-10-06T06:14:00Z,WriteSensor,PS-0000168,1160.3,353.8,8,50,PSR-02,1,2
2025-10-06T06:16:00Z,WriteSensor,PS-0000169,1135.2,349.1,8,50,PSR-02,1,2
2025-10-06T06:18:00Z,WriteSensor,PS-0000170,1161.5,326.9,8,50,PSR-02,1,2
2025-10-06T06:20:00Z,WriteSensor,PS-0000171,1180.8,339.7,8,50,PSR-02,1,2
2025-10-06T06:22:00Z,WriteSensor,PS-0000172,1126.0,257.8,8,50,PSR-02,1,2
2025-10-06T06:24:00Z,WriteSensor,PS-0000173,1139.0,342.3,8,50,PSR-02,1,2
2025-10-06T06:26:00Z,WriteSensor,PS-0000174,1185.0,291.6,8,50,PSR-02,1,2
2025-10-06T06:28:00Z,WriteSensor,PS-0000175,1219.1,238.2,8,50,PSR-02,1,2
2025-10-06T06:30:00Z,WriteSensor,PS-0000176,1177.6,351.4,8,50,PSR-02,1,2
2025-10-06T06:32:00Z,WriteSensor,PS-0000177,1169.6,334.9,8,50,PSR-02,1,2
2025-10-06T06:34:00Z,WriteSensor,PS-0000178,1070.3,319.0,8,50,PSR-02,1,2
2025-10-06T06:36:00Z,WriteSensor,PS-0000179,1219.6,344.5,8,50,PSR-02,1,2
2025-10-06T06:38:00Z,WriteSensor,PS-0000180,1112.6,309.1,8,50,PSR-02,1,2
2025-10-06T06:40:00Z,WriteSensor,PS-0000181,1148.0,315.1,8,50,PSR-02,1,2
2025-10-06T06:42:00Z,WriteSensor,PS-0000182,1154.0,289.1,8,50,PSR-02,1,2
2025-10-06T06:44:00Z,WriteSensor,PS-0000183,1177.4,332.1,8,50,PSR-02,1,2
2025-10-06T06:46:00Z,WriteSensor,PS-0000184,1139.4,318.2,8,50,PSR-02,1,2
2025-10-06T06:48:00Z,WriteSensor,PS-0000185,1236.0,339.3,8,50,PSR-02,1,2
2025-10-06T06:50:00Z,WriteSensor,PS-0000186,1191.1,355.9,8,50,PSR-02,1,2
2025-10-06T06:52:00Z,WriteSensor,PS-0000187,1127.5,291.0,8,50,PSR-02,1,2
2025-10-06T06:54:00Z,WriteSensor,PS-0000188,1054.4,295.3,8,50,PSR-02,1,2
2025-10-06T06:56:00Z,WriteSensor,PS-0000189,1110.5,304.5,8,50,PSR-02,1,2
2025-10-06T06:58:00Z,WriteSensor,PS-0000190,1178.3,319.6,8,50,PSR-02,1,2
2025-10-06T07:00:00Z,WriteSensor,PS-0000191,1185.4,346.3,8,50,PSR-02,1,2
2025-10-06T07:02:00Z,WriteSensor,PS-0000192,1134.7,350.8,8,50,PSR-02,1,2
2025-10-06T07:04:00Z,WriteSensor,PS-0000193,1200.9,301.3,8,50,PSR-02,1,2
2025-10-06T07:06:00Z,WriteSensor,PS-0000194,1158.8,354.3,8,50,PSR-02,1,2
2025-10-06T07:08:00Z,WriteSensor,PS-0000195,1168.2,337.9,8,50,PSR-02,1,2
2025-10-06T07:10:00Z,WriteSensor,PS-0000196,1149.0,257.9,8,50,PSR-02,1,2
2025-10-06T07:12:00Z,WriteSensor,PS-0000197,1140.3,327.2,8,50,PSR-02,1,2
2025-10-06T07:14:00Z,WriteSensor,PS-0000198,1054.6,306.4,8,50,PSR-02,1,2
2025-10-06T07:16:00Z,WriteSensor,PS-0000199,1188.2,302.7,8,50,PSR-02,1,2
2025-10-06T07:18:00Z,WriteSensor,PS-0000200,1183.7,254.8,8,50,PSR-02,1,2
2025-10-06T07:20:00Z,WriteSensor,PS-0000201,1142.4,314.2,8,50,PSR-02,1,2
2025-10-06T07:22:00Z,WriteSensor,PS-0000202,1030.3,350.2,8,50,PSR-02,1,2
2025-10-06T07:24:00Z,WriteSensor,PS-0000203,1126.6,332.9,8,50,PSR-02,1,2
2025-10-06T07:26:00Z,WriteSensor,PS-0000204,1164.9,297.6,8,50,PSR-02,1,2
2025-10-06T07:28:00Z,WriteSensor,PS-0000205,1270.8,283.5,8,50,PSR-02,1,2
2025-10-06T07:30:00Z,WriteSensor,PS-0000206,1103.7,354.9,8,50,PSR-02,1,2
2025-10-06T07:32:00Z,WriteSensor,PS-0000207,1136.5,300.9,8,50,PSR-02,1,2
2025-10-06T07:34:00Z,WriteSensor,PS-0000208,1258.6,272.4,8,50,PSR-02,1,2
2025-10-06T07:36:00Z,WriteSensor,PS-0000209,1148.0,282.5,8,50,PSR-02,1,2
2025-10-06T07:38:00Z,WriteSensor,PS-0000210,1161.9,276.1,8,50,PSR-02,1,2
2025-10-06T07:40:00Z,WriteSensor,PS-0000211,1190.9,262.2,8,50,PSR-02,1,2
2025-10-06T07:42:00Z,WriteSensor,PS-0000212,1171.5,266.6,8,50,PSR-02,1,2
2025-10-06T07:44:00Z,WriteSensor,PS-0000213,1112.5,301.3,8,50,PSR-02,1,2
2025-10-06T07:46:00Z,WriteSensor,PS-0000214,1186.1,330.3,8,50,PSR-02,1,2
2025-10-06T07:48:00Z,WriteSensor,PS-0000215,1095.6,295.7,8,50,PSR-02,1,2
2025-10-06T07:50:00Z,WriteSensor,PS-0000216,1092.3,297.6,8,50,PSR-02,1,2
2025-10-06T07:52:00Z,WriteSensor,PS-0000217,1148.2,314.1,8,50,PSR-02,1,2
2025-10-06T07:54:00Z,WriteSensor,PS-0000218,1162.4,327.2,8,50,PSR-02,1,2
2025-10-06T07:56:00Z,WriteSensor,PS-0000219,1239.6,289.3,8,50,PSR-02,1,2
2025-10-06T07:58:00Z,WriteSensor,PS-0000220,1097.8,286.5,8,50,PSR-02,1,2
2025-10-06T08:00:00Z,WriteSensor,PS-0000221,1294.1,345.0,8,50,PSR-02,1,2
2025-10-06T08:02:00Z,WriteSensor,PS-0000222,1163.0,357.1,8,50,PSR-02,1,2
2025-10-06T08:04:00Z,WriteSensor,PS-0000223,1203.0,345.1,8,50,PSR-02,1,2
2025-10-06T08:06:00Z,WriteSensor,PS-0000224,1275.1,358.9,8,50,PSR-02,1,2
2025-10-06T08:08:00Z,WriteSensor,PS-0000225,1052.3,320.1,8,50,PSR-02,1,2
2025-10-06T08:10:00Z,WriteSensor,PS-0000226,1039.2,313.8,8,50,PSR-02,1,2
2025-10-06T08:12:00Z,WriteSensor,PS-0000227,1065.8,316.4,8,50,PSR-02,1,2
2025-10-06T08:14:00Z,WriteSensor,PS-0000228,1243.8,272.4,8,50,PSR-02,1,2
2025-10-06T08:16:00Z,WriteSensor,PS-0000229,1205.7,303.8,8,50,PSR-02,1,2
2025-10-06T08:18:00Z,WriteSensor,PS-0000230,1033.8,327.7,8,50,PSR-02,1,2
2025-10-06T08:20:00Z,WriteSensor,PS-0000231,1183.3,343.6,8,50,PSR-02,1,2
2025-10-06T08:22:00Z,WriteSensor,PS-0000232,1138.6,314.9,8,50,PSR-02,1,2
2025-10-06T08:24:00Z,WriteSensor,PS-0000233,1167.7,255.3,8,50,PSR-02,1,2
2025-10-06T08:26:00Z,WriteSensor,PS-0000234,1064.1,349.5,8,50,PSR-02,1,2
2025-10-06T08:28:00Z,WriteSensor,PS-0000235,1133.6,319.6,8,50,PSR-02,1,2
2025-10-06T08:30:00Z,WriteSensor,PS-0000236,1192.2,287.4,8,50,PSR-02,1,2
2025-10-06T08:32:00Z,WriteSensor,PS-0000237,1094.5,259.2,8,50,PSR-02,1,2
2025-10-06T08:34:00Z,WriteSensor,PS-0000238,1228.2,312.5,8,50,PSR-02,1,2
2025-10-06T08:36:00Z,WriteSensor,PS-0000239,1089.0,325.7,8,50,PSR-02,1,2
2025-10-06T08:38:00Z,WriteSensor,PS-0000240,1179.2,332.2,8,50,PSR-02,1,2
2025-10-06T08:40:00Z,WriteSensor,PS-0000241,1292.7,312.4,8,50,PSR-02,1,2
2025-10-06T08:42:00Z,WriteSensor,PS-0000242,1175.0,269.9,8,50,PSR-02,1,2
2025-10-06T08:44:00Z,WriteSensor,PS-0000243,1150.5,340.1,8,50,PSR-02,1,2
2025-10-06T08:46:00Z,WriteSensor,PS-0000244,1122.8,329.0,8,50,PSR-02,1,2
2025-10-06T08:48:00Z,WriteSensor,PS-0000245,1145.6,335.1,8,50,PSR-02,1,2
2025-10-06T08:50:00Z,WriteSensor,PS-0000246,1231.5,317.2,8,50,PSR-02,1,2
2025-10-06T08:52:00Z,WriteSensor,PS-0000247,1165.9,315.9,8,50,PSR-02,1,2
2025-10-06T08:54:00Z,WriteSensor,PS-0000248,1170.6,283.9,8,50,PSR-02,1,2
2025-10-06T08:56:00Z,WriteSensor,PS-0000249,1176.6,324.3,8,50,PSR-02,1,2
2025-10-06T08:58:00Z,WriteSensor,PS-0000250,1114.9,332.2,8,50,PSR-02,1,2
2025-10-06T09:00:00Z,WriteSensor,PS-0000251,1097.5,380.3,8,50,PSR-02,1,2
2025-10-06T09:02:00Z,WriteSensor,PS-0000252,1216.0,320.8,8,50,PSR-02,1,2
2025-10-06T09:04:00Z,WriteSensor,PS-0000253,1132.8,294.4,8,50,PSR-02,1,2
2025-10-06T09:06:00Z,WriteSensor,PS-0000254,1290.3,302.4,8,50,PSR-02,1,2
2025-10-06T09:08:00Z,WriteSensor,PS-0000255,1179.2,354.9,8,50,PSR-02,1,2
2025-10-06T09:10:00Z,WriteSensor,PS-0000256,1113.2,302.9,8,50,PSR-02,1,2
2025-10-06T09:12:00Z,WriteSensor,PS-0000257,1223.4,298.7,8,50,PSR-02,1,2
2025-10-06T09:14:00Z,WriteSensor,PS-0000258,1077.9,293.7,8,50,PSR-02,1,2
2025-10-06T09:16:00Z,WriteSensor,PS-0000259,1109.1,310.4,8,50,PSR-02,1,2
2025-10-06T09:18:00Z,WriteSensor,PS-0000260,1124.3,326.6,8,50,PSR-02,1,2
2025-10-06T10:00:00Z,WriteSensor,PS-0000261,1071.9,332.1,16,50,PSR-03,1,3
2025-10-06T10:02:00Z,WriteSensor,PS-0000262,1009.1,303.2,16,50,PSR-03,1,3
2025-10-06T10:04:00Z,WriteSensor,PS-0000263,1042.4,375.3,16,50,PSR-03,1,3
2025-10-06T10:06:00Z,WriteSensor,PS-0000264,944.1,350.9,16,50,PSR-03,1,3
2025-10-06T10:08:00Z,WriteSensor,PS-0000265,989.3,344.6,16,50,PSR-03,1,3
2025-10-06T10:10:00Z,WriteSensor,PS-0000266,1046.3,357.8,16,50,PSR-03,1,3
2025-10-06T10:12:00Z,WriteSensor,PS-0000267,1109.3,323.0,16,50,PSR-03,1,3
2025-10-06T10:14:00Z,WriteSensor,PS-0000268,1105.9,306.8,16,50,PSR-03,1,3
2025-10-06T10:16:00Z,WriteSensor,PS-0000269,1043.2,316.5,16,50,PSR-03,1,3
2025-10-06T10:18:00Z,WriteSensor,PS-0000270,1047.7,266.7,16,50,PSR-03,1,3
2025-10-06T10:20:00Z,WriteSensor,PS-0000271,1047.9,354.2,16,50,PSR-03,1,3
2025-10-06T10:22:00Z,WriteSensor,PS-0000272,1010.4,294.6,16,50,PSR-03,1,3
2025-10-06T10:24:00Z,WriteSensor,PS-0000273,1031.4,333.6,16,50,PSR-03,1,3
2025-10-06T10:26:00Z,WriteSensor,PS-0000274,990.5,333.1,16,50,PSR-03,1,3
2025-10-06T10:28:00Z,WriteSensor,PS-0000275,1076.5,345.6,16,50,PSR-03,1,3
2025-10-06T10:30:00Z,WriteSensor,PS-0000276,1076.3,383.3,16,50,PSR-03,1,3
2025-10-06T10:32:00Z,WriteSensor,PS-0000277,976.4,341.4,16,50,PSR-03,1,3
2025-10-06T10:34:00Z,WriteSensor,PS-0000278,1068.9,336.5,16,50,PSR-03,1,3
2025-10-06T10:36:00Z,WriteSensor,PS-0000279,1024.3,349.9,16,50,PSR-03,1,3
2025-10-06T10:38:00Z,WriteSensor,PS-0000280,1026.2,359.7,16,50,PSR-03,1,3
2025-10-06T10:40:00Z,WriteSensor,PS-0000281,1058.8,351.2,16,50,PSR-03,1,3
2025-10-06T10:42:00Z,WriteSensor,PS-0000282,964.1,317.5,16,50,PSR-03,1,3
2025-10-06T10:44:00Z,WriteSensor,PS-0000283,931.6,330.1,16,50,PSR-03,1,3
2025-10-06T10:46:00Z,WriteSensor,PS-0000284,978.8,324.0,16,50,PSR-03,1,3
2025-10-06T10:48:00Z,WriteSensor,PS-0000285,989.3,305.9,16,50,PSR-03,1,3
2025-10-06T10:50:00Z,WriteSensor,PS-0000286,1039.3,340.8,16,50,PSR-03,1,3
2025-10-06T10:52:00Z,WriteSensor,PS-0000287,947.0,270.3,16,50,PSR-03,1,3
2025-10-06T10:54:00Z,WriteSensor,PS-0000288,1024.6,332.9,16,50,PSR-03,1,3
2025-10-06T10:56:00Z,WriteSensor,PS-0000289,1106.7,336.1,16,50,PSR-03,1,3
2025-10-06T10:58:00Z,WriteSensor,PS-0000290,1051.1,329.9,16,50,PSR-03,1,3
2025-10-06T11:00:00Z,WriteSensor,PS-0000291,1006.6,320.6,16,50,PSR-03,1,3
2025-10-06T11:02:00Z,WriteSensor,PS-0000292,1096.9,311.8,16,50,PSR-03,1,3
2025-10-06T11:04:00Z,WriteSensor,PS-0000293,1067.1,285.9,16,50,PSR-03,1,3
2025-10-06T11:06:00Z,WriteSensor,PS-0000294,1057.0,298.0,16,50,PSR-03,1,3
2025-10-06T11:08:00Z,WriteSensor,PS-0000295,1013.9,337.8,16,50,PSR-03,1,3
2025-10-06T11:10:00Z,WriteSensor,PS-0000296,969.2,365.3,16,50,PSR-03,1,3
2025-10-06T11:12:00Z,WriteSensor,PS-0000297,979.7,341.3,16,50,PSR-03,1,3
2025-10-06T11:14:00Z,WriteSensor,PS-0000298,1031.9,326.0,16,50,PSR-03,1,3
2025-10-06T11:16:00Z,WriteSensor,PS-0000299,1015.6,308.7,16,50,PSR-03,1,3
2025-10-06T11:18:00Z,WriteSensor,PS-0000300,958.2,341.8,16,50,PSR-03,1,3
2025-10-06T11:20:00Z,WriteSensor,PS-0000301,971.4,308.0,16,50,PSR-03,1,3
2025-10-06T11:22:00Z,WriteSensor,PS-0000302,1116.6,358.8,16,50,PSR-03,1,3
2025-10-06T11:24:00Z,WriteSensor,PS-0000303,1089.3,327.3,16,50,PSR-03,1,3
2025-10-06T11:26:00Z,WriteSensor,PS-0000304,1006.5,315.1,16,50,PSR-03,1,3
2025-10-06T11:28:00Z,WriteSensor,PS-0000305,1111.8,331.4,16,50,PSR-03,1,3
2025-10-06T11:30:00Z,WriteSensor,PS-0000306,1002.9,312.8,16,50,PSR-03,1,3
2025-10-06T11:32:00Z,WriteSensor,PS-0000307,994.6,295.4,16,50,PSR-03,1,3
2025-10-06T11:34:00Z,WriteSensor,PS-0000308,1017.1,310.9,16,50,PSR-03,1,3
2025-10-06T11:36:00Z,WriteSensor,PS-0000309,977.7,320.1,16,50,PSR-03,1,3
2025-10-06T11:38:00Z,WriteSensor,PS-0000310,1133.3,296.3,16,50,PSR-03,1,3
2025-10-06T11:40:00Z,WriteSensor,PS-0000311,1035.2,326.2,16,50,PSR-03,1,3
2025-10-06T11:42:00Z,WriteSensor,PS-0000312,902.2,317.6,16,50,PSR-03,1,3
2025-10-06T11:44:00Z,WriteSensor,PS-0000313,1089.1,360.5,16,50,PSR-03,1,3
2025-10-06T11:46:00Z,WriteSensor,PS-0000314,1064.1,304.0,16,50,PSR-03,1,3
2025-10-06T11:48:00Z,WriteSensor,PS-0000315,1149.9,324.9,16,50,PSR-03,1,3
2025-10-06T11:50:00Z,WriteSensor,PS-0000316,1040.0,289.0,16,50,PSR-03,1,3
2025-10-06T11:52:00Z,WriteSensor,PS-0000317,1071.0,285.4,16,50,PSR-03,1,3
2025-10-06T11:54:00Z,WriteSensor,PS-0000318,1036.1,344.8,16,50,PSR-03,1,3
2025-10-06T11:56:00Z,WriteSensor,PS-0000319,1026.2,365.3,16,50,PSR-03,1,3
2025-10-06T11:58:00Z,WriteSensor,PS-0000320,1009.7,343.1,16,50,PSR-03,1,3
2025-10-06T12:00:00Z,WriteSensor,PS-0000321,1031.8,352.7,16,50,PSR-03,1,3
2025-10-06T12:02:00Z,WriteSensor,PS-0000322,1042.8,285.3,16,50,PSR-03,1,3
2025-10-06T12:04:00Z,WriteSensor,PS-0000323,961.0,315.8,16,50,PSR-03,1,3
2025-10-06T12:06:00Z,WriteSensor,PS-0000324,1064.8,335.6,16,50,PSR-03,1,3
2025-10-06T12:08:00Z,WriteSensor,PS-0000325,1035.4,313.0,16,50,PSR-03,1,3
2025-10-06T12:10:00Z,WriteSensor,PS-0000326,1020.8,322.5,16,50,PSR-03,1,3
2025-10-06T12:12:00Z,WriteSensor,PS-0000327,1064.4,361.7,16,50,PSR-03,1,3
2025-10-06T12:14:00Z,WriteSensor,PS-0000328,1032.2,370.8,16,50,PSR-03,1,3
2025-10-06T12:16:00Z,WriteSensor,PS-0000329,943.9,319.5,16,50,PSR-03,1,3
2025-10-06T12:18:00Z,WriteSensor,PS-0000330,1202.3,303.6,16,50,PSR-03,1,3
2025-10-06T12:20:00Z,WriteSensor,PS-0000331,1007.0,291.7,16,50,PSR-03,1,3
2025-10-06T12:22:00Z,WriteSensor,PS-0000332,1091.0,317.2,16,50,PSR-03,1,3
2025-10-06T12:24:00Z,WriteSensor,PS-0000333,1002.7,319.1,16,50,PSR-03,1,3
2025-10-06T12:26:00Z,WriteSensor,PS-0000334,1041.5,280.6,16,50,PSR-03,1,3
2025-10-06T12:28:00Z,WriteSensor,PS-0000335,1084.4,325.9,16,50,PSR-03,1,3
2025-10-06T12:30:00Z,WriteSensor,PS-0000336,1080.9,326.8,16,50,PSR-03,1,3
2025-10-06T12:32:00Z,WriteSensor,PS-0000337,1134.9,287.3,16,50,PSR-03,1,3
2025-10-06T12:34:00Z,WriteSensor,PS-0000338,1088.5,297.6,16,50,PSR-03,1,3
2025-10-06T12:36:00Z,WriteSensor,PS-0000339,1151.4,310.0,16,50,PSR-03,1,3
2025-10-06T12:38:00Z,WriteSensor,PS-0000340,938.1,321.0,16,50,PSR-03,1,3
2025-10-06T12:40:00Z,WriteSensor,PS-0000341,1057.9,313.0,16,50,PSR-03,1,3
2025-10-06T12:42:00Z,WriteSensor,PS-0000342,1004.9,297.6,16,50,PSR-03,1,3
2025-10-06T12:44:00Z,WriteSensor,PS-0000343,1057.9,314.5,16,50,PSR-03,1,3
2025-10-06T12:46:00Z,WriteSensor,PS-0000344,988.6,307.5,16,50,PSR-03,1,3
2025-10-06T12:48:00Z,WriteSensor,PS-0000345,1046.1,301.6,16,50,PSR-03,1,3
2025-10-06T12:50:00Z,WriteSensor,PS-0000346,979.7,315.4,16,50,PSR-03,1,3
2025-10-06T12:52:00Z,WriteSensor,PS-0000347,1047.2,304.5,16,50,PSR-03,1,3
2025-10-06T12:54:00Z,WriteSensor,PS-0000348,975.6,377.3,16,50,PSR-03,1,3
2025-10-06T12:56:00Z,WriteSensor,PS-0000349,1048.3,343.0,16,50,PSR-03,1,3
2025-10-06T12:58:00Z,WriteSensor,PS-0000350,1089.7,338.7,16,50,PSR-03,1,3
2025-10-06T13:00:00Z,WriteSensor,PS-0000351,967.6,348.9,16,50,PSR-03,1,3
2025-10-06T13:02:00Z,WriteSensor,PS-0000352,1059.4,359.3,16,50,PSR-03,1,3
2025-10-06T13:04:00Z,WriteSensor,PS-0000353,1054.8,352.7,16,50,PSR-03,1,3
2025-10-06T13:06:00Z,WriteSensor,PS-0000354,959.5,289.0,16,50,PSR-03,1,3
2025-10-06T13:08:00Z,WriteSensor,PS-0000355,1095.6,335.2,16,50,PSR-03,1,3
2025-10-06T13:10:00Z,WriteSensor,PS-0000356,1061.7,324.3,16,50,PSR-03,1,3
2025-10-06T13:12:00Z,WriteSensor,PS-0000357,1031.7,265.7,16,50,PSR-03,1,3
2025-10-06T13:14:00Z,WriteSensor,PS-0000358,999.3,321.3,16,50,PSR-03,1,3
2025-10-06T13:16:00Z,WriteSensor,PS-0000359,1024.8,339.7,16,50,PSR-03,1,3
2025-10-06T13:18:00Z,WriteSensor,PS-0000360,1004.9,297.4,16,50,PSR-03,1,3
2025-10-06T13:20:00Z,WriteSensor,PS-0000361,1071.9,358.7,16,50,PSR-03,1,3
2025-10-06T13:22:00Z,WriteSensor,PS-0000362,986.3,307.2,16,50,PSR-03,1,3
2025-10-06T13:24:00Z,WriteSensor,PS-0000363,1031.3,365.3,16,50,PSR-03,1,3
2025-10-06T13:26:00Z,WriteSensor,PS-0000364,1047.0,342.0,16,50,PSR-03,1,3
2025-10-06T13:28:00Z,WriteSensor,PS-0000365,1084.2,330.5,16,50,PSR-03,1,3
2025-10-06T13:30:00Z,WriteSensor,PS-0000366,961.8,308.0,16,50,PSR-03,1,3
2025-10-06T13:32:00Z,WriteSensor,PS-0000367,1055.2,362.9,16,50,PSR-03,1,3
2025-10-06T13:34:00Z,WriteSensor,PS-0000368,959.8,352.8,16,50,PSR-03,1,3
2025-10-06T13:36:00Z,WriteSensor,PS-0000369,1028.1,348.4,16,50,PSR-03,1,3
2025-10-06T13:38:00Z,WriteSensor,PS-0000370,1002.7,285.5,16,50,PSR-03,1,3
2025-10-06T13:40:00Z,WriteSensor,PS-0000371,1045.1,351.3,16,50,PSR-03,1,3
2025-10-06T13:42:00Z,WriteSensor,PS-0000372,1024.7,357.7,16,50,PSR-03,1,3
2025-10-06T13:44:00Z,WriteSensor,PS-0000373,1047.7,354.0,16,50,PSR-03,1,3
2025-10-06T13:46:00Z,WriteSensor,PS-0000374,1088.0,333.5,16,50,PSR-03,1,3
2025-10-06T13:48:00Z,WriteSensor,PS-0000375,944.0,289.4,16,50,PSR-03,1,3
2025-10-06T13:50:00Z,WriteSensor,PS-0000376,1078.1,363.2,16,50,PSR-03,1,3
2025-10-06T13:52:00Z,WriteSensor,PS-0000377,1071.0,352.8,16,50,PSR-03,1,3
2025-10-06T13:54:00Z,WriteSensor,PS-0000378,1002.2,355.5,16,50,PSR-03,1,3
2025-10-06T13:56:00Z,WriteSensor,PS-0000379,992.6,368.7,16,50,PSR-03,1,3
2025-10-06T13:58:00Z,WriteSensor,PS-0000380,1092.7,374.7,16,50,PSR-03,1,3
2025-10-06T14:00:00Z,WriteSensor,PS-0000381,1019.5,326.3,16,50,PSR-03,1,3
2025-10-06T14:02:00Z,WriteSensor,PS-0000382,1064.3,341.1,16,50,PSR-03,1,3
2025-10-06T14:04:00Z,WriteSensor,PS-0000383,1025.9,305.1,16,50,PSR-03,1,3
2025-10-06T14:06:00Z,WriteSensor,PS-0000384,1117.8,346.6,16,50,PSR-03,1,3
2025-10-06T14:08:00Z,WriteSensor,PS-0000385,978.4,337.7,16,50,PSR-03,1,3
2025-10-06T14:10:00Z,WriteSensor,PS-0000386,1022.2,355.5,16,50,PSR-03,1,3
2025-10-06T14:12:00Z,WriteSensor,PS-0000387,1059.4,307.8,16,50,PSR-03,1,3
2025-10-06T14:14:00Z,WriteSensor,PS-0000388,1039.0,350.3,16,50,PSR-03,1,3
2025-10-06T14:16:00Z,WriteSensor,PS-0000389,1057.6,326.1,16,50,PSR-03,1,3
2025-10-06T14:18:00Z,WriteSensor,PS-0000390,1070.3,303.2,16,50,PSR-03,1,3
2025-10-06T15:00:00Z,WriteSensor,PS-0000391,766.1,290.0,32,50,PSR-04,1,4
2025-10-06T15:02:00Z,WriteSensor,PS-0000392,815.3,310.6,32,50,PSR-04,1,4
2025-10-06T15:04:00Z,WriteSensor,PS-0000393,871.7,276.8,32,50,PSR-04,1,4
2025-10-06T15:06:00Z,WriteSensor,PS-0000394,872.0,333.3,32,50,PSR-04,1,4
2025-10-06T15:08:00Z,WriteSensor,PS-0000395,769.7,273.4,32,50,PSR-04,1,4
2025-10-06T15:10:00Z,WriteSensor,PS-0000396,811.4,272.0,32,50,PSR-04,1,4
2025-10-06T15:12:00Z,WriteSensor,PS-0000397,815.5,309.3,32,50,PSR-04,1,4
2025-10-06T15:14:00Z,WriteSensor,PS-0000398,834.4,282.4,32,50,PSR-04,1,4
2025-10-06T15:16:00Z,WriteSensor,PS-0000399,751.8,336.7,32,50,PSR-04,1,4
2025-10-06T15:18:00Z,WriteSensor,PS-0000400,767.6,280.4,32,50,PSR-04,1,4
2025-10-06T15:20:00Z,WriteSensor,PS-0000401,756.0,264.8,32,50,PSR-04,1,4
2025-10-06T15:22:00Z,WriteSensor,PS-0000402,775.8,315.7,32,50,PSR-04,1,4
2025-10-06T15:24:00Z,WriteSensor,PS-0000403,813.0,329.2,32,50,PSR-04,1,4
2025-10-06T15:26:00Z,WriteSensor,PS-0000404,904.3,311.6,32,50,PSR-04,1,4
2025-10-06T15:28:00Z,WriteSensor,PS-0000405,749.6,302.5,32,50,PSR-04,1,4
2025-10-06T15:30:00Z,WriteSensor,PS-0000406,867.2,300.7,32,50,PSR-04,1,4
2025-10-06T15:32:00Z,WriteSensor,PS-0000407,860.6,347.8,32,50,PSR-04,1,4
2025-10-06T15:34:00Z,WriteSensor,PS-0000408,837.1,306.2,32,50,PSR-04,1,4
2025-10-06T15:36:00Z,WriteSensor,PS-0000409,810.9,297.2,32,50,PSR-04,1,4
2025-10-06T15:38:00Z,WriteSensor,PS-0000410,872.4,270.6,32,50,PSR-04,1,4
2025-10-06T15:40:00Z,WriteSensor,PS-0000411,816.9,329.5,32,50,PSR-04,1,4
2025-10-06T15:42:00Z,WriteSensor,PS-0000412,806.3,336.6,32,50,PSR-04,1,4
2025-10-06T15:44:00Z,WriteSensor,PS-0000413,838.5,330.3,32,50,PSR-04,1,4
2025-10-06T15:46:00Z,WriteSensor,PS-0000414,767.9,296.2,32,50,PSR-04,1,4
2025-10-06T15:48:00Z,WriteSensor,PS-0000415,892.6,272.9,32,50,PSR-04,1,4
2025-10-06T15:50:00Z,WriteSensor,PS-0000416,818.5,339.9,32,50,PSR-04,1,4
2025-10-06T15:52:00Z,WriteSensor,PS-0000417,736.6,351.9,32,50,PSR-04,1,4
2025-10-06T15:54:00Z,WriteSensor,PS-0000418,838.5,323.3,32,50,PSR-04,1,4
2025-10-06T15:56:00Z,WriteSensor,PS-0000419,773.2,297.4,32,50,PSR-04,1,4
2025-10-06T15:58:00Z,WriteSensor,PS-0000420,811.1,372.1,32,50,PSR-04,1,4
2025-10-06T16:00:00Z,WriteSensor,PS-0000421,751.4,316.1,32,50,PSR-04,1,4
2025-10-06T16:02:00Z,WriteSensor,PS-0000422,862.4,303.5,32,50,PSR-04,1,4
2025-10-06T16:04:00Z,WriteSensor,PS-0000423,856.0,314.5,32,50,PSR-04,1,4
2025-10-06T16:06:00Z,WriteSensor,PS-0000424,702.5,310.9,32,50,PSR-04,1,4
2025-10-06T16:08:00Z,WriteSensor,PS-0000425,807.6,311.3,32,50,PSR-04,1,4
2025-10-06T16:10:00Z,WriteSensor,PS-0000426,858.4,330.7,32,50,PSR-04,1,4
2025-10-06T16:12:00Z,WriteSensor,PS-0000427,838.4,359.8,32,50,PSR-04,1,4
2025-10-06T16:14:00Z,WriteSensor,PS-0000428,844.1,314.7,32,50,PSR-04,1,4
2025-10-06T16:16:00Z,WriteSensor,PS-0000429,785.8,342.1,32,50,PSR-04,1,4
2025-10-06T16:18:00Z,WriteSensor,PS-0000430,903.1,334.0,32,50,PSR-04,1,4
2025-10-06T16:20:00Z,WriteSensor,PS-0000431,798.8,289.1,32,50,PSR-04,1,4
2025-10-06T16:22:00Z,WriteSensor,PS-0000432,762.2,317.4,32,50,PSR-04,1,4
2025-10-06T16:24:00Z,WriteSensor,PS-0000433,725.3,343.5,32,50,PSR-04,1,4
2025-10-06T16:26:00Z,WriteSensor,PS-0000434,804.5,270.5,32,50,PSR-04,1,4
2025-10-06T16:28:00Z,WriteSensor,PS-0000435,752.5,274.3,32,50,PSR-04,1,4
2025-10-06T16:30:00Z,WriteSensor,PS-0000436,813.7,284.1,32,50,PSR-04,1,4
2025-10-06T16:32:00Z,WriteSensor,PS-0000437,675.5,314.4,32,50,PSR-04,1,4
2025-10-06T16:34:00Z,WriteSensor,PS-0000438,741.1,319.0,32,50,PSR-04,1,4
2025-10-06T16:36:00Z,WriteSensor,PS-0000439,862.3,332.7,32,50,PSR-04,1,4
2025-10-06T16:38:00Z,WriteSensor,PS-0000440,828.4,300.8,32,50,PSR-04,1,4
2025-10-06T16:40:00Z,WriteSensor,PS-0000441,906.4,289.0,32,50,PSR-04,1,4
2025-10-06T16:42:00Z,WriteSensor,PS-0000442,812.8,304.7,32,50,PSR-04,1,4
2025-10-06T16:44:00Z,WriteSensor,PS-0000443,830.9,333.2,32,50,PSR-04,1,4
2025-10-06T16:46:00Z,WriteSensor,PS-0000444,837.1,347.8,32,50,PSR-04,1,4
2025-10-06T16:48:00Z,WriteSensor,PS-0000445,726.1,321.7,32,50,PSR-04,1,4
2025-10-06T16:50:00Z,WriteSensor,PS-0000446,848.4,337.9,32,50,PSR-04,1,4
2025-10-06T16:52:00Z,WriteSensor,PS-0000447,754.2,334.6,32,50,PSR-04,1,4
2025-10-06T16:54:00Z,WriteSensor,PS-0000448,761.8,267.3,32,50,PSR-04,1,4
2025-10-06T16:56:00Z,WriteSensor,PS-0000449,803.9,299.1,32,50,PSR-04,1,4
2025-10-06T16:58:00Z,WriteSensor,PS-0000450,815.0,300.0,32,50,PSR-04,1,4
2025-10-06T17:00:00Z,WriteSensor,PS-0000451,849.2,282.2,32,50,PSR-04,1,4
2025-10-06T17:02:00Z,WriteSensor,PS-0000452,747.9,330.1,32,50,PSR-04,1,4
2025-10-06T17:04:00Z,WriteSensor,PS-0000453,797.4,297.1,32,50,PSR-04,1,4
2025-10-06T17:06:00Z,WriteSensor,PS-0000454,783.7,304.2,32,50,PSR-04,1,4
2025-10-06T17:08:00Z,WriteSensor,PS-0000455,852.9,328.4,32,50,PSR-04,1,4
2025-10-06T17:10:00Z,WriteSensor,PS-0000456,861.2,340.7,32,50,PSR-04,1,4
2025-10-06T17:12:00Z,WriteSensor,PS-0000457,806.0,329.5,32,50,PSR-04,1,4
2025-10-06T17:14:00Z,WriteSensor,PS-0000458,784.9,289.1,32,50,PSR-04,1,4
2025-10-06T17:16:00Z,WriteSensor,PS-0000459,956.8,319.5,32,50,PSR-04,1,4
2025-10-06T17:18:00Z,WriteSensor,PS-0000460,775.3,321.5,32,50,PSR-04,1,4
2025-10-06T17:20:00Z,WriteSensor,PS-0000461,833.0,340.5,32,50,PSR-04,1,4
2025-10-06T17:22:00Z,WriteSensor,PS-0000462,800.8,312.0,32,50,PSR-04,1,4
2025-10-06T17:24:00Z,WriteSensor,PS-0000463,835.7,324.3,32,50,PSR-04,1,4
2025-10-06T17:26:00Z,WriteSensor,PS-0000464,904.2,297.0,32,50,PSR-04,1,4
2025-10-06T17:28:00Z,WriteSensor,PS-0000465,801.7,295.0,32,50,PSR-04,1,4
2025-10-06T17:30:00Z,WriteSensor,PS-0000466,794.8,365.5,32,50,PSR-04,1,4
2025-10-06T17:32:00Z,WriteSensor,PS-0000467,797.0,351.0,32,50,PSR-04,1,4
2025-10-06T17:34:00Z,WriteSensor,PS-0000468,785.7,328.9,32,50,PSR-04,1,4
2025-10-06T17:36:00Z,WriteSensor,PS-0000469,827.9,294.8,32,50,PSR-04,1,4
2025-10-06T17:38:00Z,WriteSensor,PS-0000470,878.6,346.9,32,50,PSR-04,1,4
2025-10-06T17:40:00Z,WriteSensor,PS-0000471,773.0,315.0,32,50,PSR-04,1,4
2025-10-06T17:42:00Z,WriteSensor,PS-0000472,921.0,316.3,32,50,PSR-04,1,4
2025-10-06T17:44:00Z,WriteSensor,PS-0000473,729.9,341.7,32,50,PSR-04,1,4
2025-10-06T17:46:00Z,WriteSensor,PS-0000474,823.7,302.2,32,50,PSR-04,1,4
2025-10-06T17:48:00Z,WriteSensor,PS-0000475,801.3,333.1,32,50,PSR-04,1,4
2025-10-06T17:50:00Z,WriteSensor,PS-0000476,917.7,315.9,32,50,PSR-04,1,4
2025-10-06T17:52:00Z,WriteSensor,PS-0000477,736.3,309.0,32,50,PSR-04,1,4
2025-10-06T17:54:00Z,WriteSensor,PS-0000478,695.6,307.0,32,50,PSR-04,1,4
2025-10-06T17:56:00Z,WriteSensor,PS-0000479,769.1,294.2,32,50,PSR-04,1,4
2025-10-06T17:58:00Z,WriteSensor,PS-0000480,811.0,245.2,32,50,PSR-04,1,4
2025-10-06T18:00:00Z,WriteSensor,PS-0000481,827.9,366.0,32,50,PSR-04,1,4
2025-10-06T18:02:00Z,WriteSensor,PS-0000482,830.1,326.9,32,50,PSR-04,1,4
2025-10-06T18:04:00Z,WriteSensor,PS-0000483,833.6,321.7,32,50,PSR-04,1,4
2025-10-06T18:06:00Z,WriteSensor,PS-0000484,842.6,336.4,32,50,PSR-04,1,4
2025-10-06T18:08:00Z,WriteSensor,PS-0000485,840.2,305.8,32,50,PSR-04,1,4
2025-10-06T18:10:00Z,WriteSensor,PS-0000486,813.3,299.8,32,50,PSR-04,1,4
2025-10-06T18:12:00Z,WriteSensor,PS-0000487,835.3,273.5,32,50,PSR-04,1,4
2025-10-06T18:14:00Z,WriteSensor,PS-0000488,846.0,265.0,32,50,PSR-04,1,4
2025-10-06T18:16:00Z,WriteSensor,PS-0000489,634.9,334.6,32,50,PSR-04,1,4
2025-10-06T18:18:00Z,WriteSensor,PS-0000490,798.5,292.5,32,50,PSR-04,1,4
2025-10-06T18:20:00Z,WriteSensor,PS-0000491,796.4,250.0,32,50,PSR-04,1,4
2025-10-06T18:22:00Z,WriteSensor,PS-0000492,801.5,296.2,32,50,PSR-04,1,4
2025-10-06T18:24:00Z,WriteSensor,PS-0000493,745.4,352.5,32,50,PSR-04,1,4
2025-10-06T18:26:00Z,WriteSensor,PS-0000494,845.6,333.1,32,50,PSR-04,1,4
2025-10-06T18:28:00Z,WriteSensor,PS-0000495,820.7,297.0,32,50,PSR-04,1,4
2025-10-06T18:30:00Z,WriteSensor,PS-0000496,746.1,284.2,32,50,PSR-04,1,4
2025-10-06T18:32:00Z,WriteSensor,PS-0000497,839.3,303.6,32,50,PSR-04,1,4
2025-10-06T18:34:00Z,WriteSensor,PS-0000498,767.4,327.0,32,50,PSR-04,1,4
2025-10-06T18:36:00Z,WriteSensor,PS-0000499,747.0,299.7,32,50,PSR-04,1,4
2025-10-06T18:38:00Z,WriteSensor,PS-0000500,823.5,309.1,32,50,PSR-04,1,4
2025-10-06T18:40:00Z,WriteSensor,PS-0000501,759.4,318.7,32,50,PSR-04,1,4
2025-10-06T18:42:00Z,WriteSensor,PS-0000502,865.4,319.5,32,50,PSR-04,1,4
2025-10-06T18:44:00Z,WriteSensor,PS-0000503,933.6,303.6,32,50,PSR-04,1,4
2025-10-06T18:46:00Z,WriteSensor,PS-0000504,795.1,319.6,32,50,PSR-04,1,4
2025-10-06T18:48:00Z,WriteSensor,PS-0000505,809.8,337.3,32,50,PSR-04,1,4
2025-10-06T18:50:00Z,WriteSensor,PS-0000506,764.1,298.5,32,50,PSR-04,1,4
2025-10-06T18:52:00Z,WriteSensor,PS-0000507,835.4,264.5,32,50,PSR-04,1,4
2025-10-06T18:54:00Z,WriteSensor,PS-0000508,748.0,314.5,32,50,PSR-04,1,4
2025-10-06T18:56:00Z,WriteSensor,PS-0000509,836.4,297.7,32,50,PSR-04,1,4
2025-10-06T18:58:00Z,WriteSensor,PS-0000510,865.9,323.9,32,50,PSR-04,1,4
2025-10-06T19:00:00Z,WriteSensor,PS-0000511,854.2,288.2,32,50,PSR-04,1,4
2025-10-06T19:02:00Z,WriteSensor,PS-0000512,690.8,293.3,32,50,PSR-04,1,4
2025-10-06T19:04:00Z,WriteSensor,PS-0000513,795.8,321.2,32,50,PSR-04,1,4
2025-10-06T19:06:00Z,WriteSensor,PS-0000514,720.4,350.8,32,50,PSR-04,1,4
2025-10-06T19:08:00Z,WriteSensor,PS-0000515,885.4,302.0,32,50,PSR-04,1,4
2025-10-06T19:10:00Z,WriteSensor,PS-0000516,850.7,290.1,32,50,PSR-04,1,4
2025-10-06T19:12:00Z,WriteSensor,PS-0000517,733.5,302.4,32,50,PSR-04,1,4
2025-10-06T19:14:00Z,WriteSensor,PS-0000518,820.3,374.0,32,50,PSR-04,1,4
2025-10-06T19:16:00Z,WriteSensor,PS-0000519,851.5,327.2,32,50,PSR-04,1,4
2025-10-06T19:18:00Z,WriteSensor,PS-0000520,781.6,309.9,32,50,PSR-04,1,4
2025-10-06T20:00:00Z,WriteSensor,PS-0000521,1203.4,308.4,8,50,PSR-05,2,5
2025-10-06T20:02:00Z,WriteSensor,PS-0000522,1249.6,298.4,8,50,PSR-05,2,5
2025-10-06T20:04:00Z,WriteSensor,PS-0000523,1168.0,301.5,8,50,PSR-05,2,5
2025-10-06T20:06:00Z,WriteSensor,PS-0000524,1069.2,336.2,8,50,PSR-05,2,5
2025-10-06T20:08:00Z,WriteSensor,PS-0000525,1161.5,272.5,8,50,PSR-05,2,5
2025-10-06T20:10:00Z,WriteSensor,PS-0000526,1113.4,293.0,8,50,PSR-05,2,5
2025-10-06T20:12:00Z,WriteSensor,PS-0000527,1010.3,351.5,8,50,PSR-05,2,5
2025-10-06T20:14:00Z,WriteSensor,PS-0000528,1144.4,346.0,8,50,PSR-05,2,5
2025-10-06T20:16:00Z,WriteSensor,PS-0000529,1121.8,361.6,8,50,PSR-05,2,5
2025-10-06T20:18:00Z,WriteSensor,PS-0000530,1099.6,355.2,8,50,PSR-05,2,5
2025-10-06T20:20:00Z,WriteSensor,PS-0000531,1199.1,342.0,8,50,PSR-05,2,5
2025-10-06T20:22:00Z,WriteSensor,PS-0000532,1085.7,333.3,8,50,PSR-05,2,5
2025-10-06T20:24:00Z,WriteSensor,PS-0000533,1130.8,314.1,8,50,PSR-05,2,5
2025-10-06T20:26:00Z,WriteSensor,PS-0000534,1062.9,314.8,8,50,PSR-05,2,5
2025-10-06T20:28:00Z,WriteSensor,PS-0000535,1155.9,298.6,8,50,PSR-05,2,5
2025-10-06T20:30:00Z,WriteSensor,PS-0000536,1177.3,249.8,8,50,PSR-05,2,5
2025-10-06T20:32:00Z,WriteSensor,PS-0000537,1053.7,325.4,8,50,PSR-05,2,5
2025-10-06T20:34:00Z,WriteSensor,PS-0000538,1141.2,300.7,8,50,PSR-05,2,5
2025-10-06T20:36:00Z,WriteSensor,PS-0000539,1259.5,271.8,8,50,PSR-05,2,5
2025-10-06T20:38:00Z,WriteSensor,PS-0000540,1177.8,335.3,8,50,PSR-05,2,5
2025-10-06T20:40:00Z,WriteSensor,PS-0000541,1192.5,294.1,8,50,PSR-05,2,5
2025-10-06T20:42:00Z,WriteSensor,PS-0000542,1131.5,303.0,8,50,PSR-05,2,5
2025-10-06T20:44:00Z,WriteSensor,PS-0000543,1177.2,346.7,8,50,PSR-05,2,5
2025-10-06T20:46:00Z,WriteSensor,PS-0000544,1182.3,300.1,8,50,PSR-05,2,5
2025-10-06T20:48:00Z,WriteSensor,PS-0000545,1025.6,395.3,8,50,PSR-05,2,5
2025-10-06T20:50:00Z,WriteSensor,PS-0000546,1145.5,285.8,8,50,PSR-05,2,5
2025-10-06T20:52:00Z,WriteSensor,PS-0000547,1157.1,322.0,8,50,PSR-05,2,5
2025-10-06T20:54:00Z,WriteSensor,PS-0000548,1227.6,366.6,8,50,PSR-05,2,5
2025-10-06T20:56:00Z,WriteSensor,PS-0000549,1248.5,303.1,8,50,PSR-05,2,5
2025-10-06T20:58:00Z,WriteSensor,PS-0000550,1138.1,309.9,8,50,PSR-05,2,5
2025-10-06T21:00:00Z,WriteSensor,PS-0000551,1107.9,339.1,8,50,PSR-05,2,5
2025-10-06T21:02:00Z,WriteSensor,PS-0000552,1154.8,332.3,8,50,PSR-05,2,5
2025-10-06T21:04:00Z,WriteSensor,PS-0000553,1212.7,332.1,8,50,PSR-05,2,5
2025-10-06T21:06:00Z,WriteSensor,PS-0000554,1185.0,323.0,8,50,PSR-05,2,5
2025-10-06T21:08:00Z,WriteSensor,PS-0000555,1099.3,347.4,8,50,PSR-05,2,5
2025-10-06T21:10:00Z,WriteSensor,PS-0000556,1142.7,364.8,8,50,PSR-05,2,5
2025-10-06T21:12:00Z,WriteSensor,PS-0000557,1169.2,383.4,8,50,PSR-05,2,5
2025-10-06T21:14:00Z,WriteSensor,PS-0000558,1156.9,313.3,8,50,PSR-05,2,5
2025-10-06T21:16:00Z,WriteSensor,PS-0000559,1095.2,364.7,8,50,PSR-05,2,5
2025-10-06T21:18:00Z,WriteSensor,PS-0000560,1116.0,344.9,8,50,PSR-05,2,5
2025-10-06T21:20:00Z,WriteSensor,PS-0000561,1119.9,339.4,8,50,PSR-05,2,5
2025-10-06T21:22:00Z,WriteSensor,PS-0000562,1209.0,317.9,8,50,PSR-05,2,5
2025-10-06T21:24:00Z,WriteSensor,PS-0000563,1122.5,319.2,8,50,PSR-05,2,5
2025-10-06T21:26:00Z,WriteSensor,PS-0000564,1138.3,323.3,8,50,PSR-05,2,5
2025-10-06T21:28:00Z,WriteSensor,PS-0000565,1186.1,352.4,8,50,PSR-05,2,5
2025-10-06T21:30:00Z,WriteSensor,PS-0000566,1163.5,340.0,8,50,PSR-05,2,5
2025-10-06T21:32:00Z,WriteSensor,PS-0000567,1140.8,322.9,8,50,PSR-05,2,5
2025-10-06T21:34:00Z,WriteSensor,PS-0000568,1186.5,313.9,8,50,PSR-05,2,5
2025-10-06T21:36:00Z,WriteSensor,PS-0000569,1066.8,332.0,8,50,PSR-05,2,5
2025-10-06T21:38:00Z,WriteSensor,PS-0000570,1235.0,332.0,8,50,PSR-05,2,5
2025-10-06T21:40:00Z,WriteSensor,PS-0000571,1051.8,353.0,8,50,PSR-05,2,5
2025-10-06T21:42:00Z,WriteSensor,PS-0000572,1249.1,316.4,8,50,PSR-05,2,5
2025-10-06T21:44:00Z,WriteSensor,PS-0000573,1213.6,327.2,8,50,PSR-05,2,5
2025-10-06T21:46:00Z,WriteSensor,PS-0000574,1132.1,292.2,8,50,PSR-05,2,5
2025-10-06T21:48:00Z,WriteSensor,PS-0000575,1179.7,304.3,8,50,PSR-05,2,5
2025-10-06T21:50:00Z,WriteSensor,PS-0000576,1206.9,306.0,8,50,PSR-05,2,5
2025-10-06T21:52:00Z,WriteSensor,PS-0000577,1158.9,303.4,8,50,PSR-05,2,5
2025-10-06T21:54:00Z,WriteSensor,PS-0000578,1063.1,313.6,8,50,PSR-05,2,5
2025-10-06T21:56:00Z,WriteSensor,PS-0000579,1198.1,277.4,8,50,PSR-05,2,5
2025-10-06T21:58:00Z,WriteSensor,PS-0000580,1149.0,304.3,8,50,PSR-05,2,5
2025-10-06T22:00:00Z,WriteSensor,PS-0000581,1191.8,360.2,8,50,PSR-05,2,5
2025-10-06T22:02:00Z,WriteSensor,PS-0000582,1139.3,275.5,8,50,PSR-05,2,5
2025-10-06T22:04:00Z,WriteSensor,PS-0000583,1172.3,347.8,8,50,PSR-05,2,5
2025-10-06T22:06:00Z,WriteSensor,PS-0000584,1096.0,348.6,8,50,PSR-05,2,5
2025-10-06T22:08:00Z,WriteSensor,PS-0000585,1146.5,295.8,8,50,PSR-05,2,5
2025-10-06T22:10:00Z,WriteSensor,PS-0000586,1121.7,363.6,8,50,PSR-05,2,5
2025-10-06T22:12:00Z,WriteSensor,PS-0000587,1185.1,352.1,8,50,PSR-05,2,5
2025-10-06T22:14:00Z,WriteSensor,PS-0000588,1134.6,309.7,8,50,PSR-05,2,5
2025-10-06T22:16:00Z,WriteSensor,PS-0000589,1178.2,348.3,8,50,PSR-05,2,5
2025-10-06T22:18:00Z,WriteSensor,PS-0000590,1091.2,330.1,8,50,PSR-05,2,5
2025-10-06T22:20:00Z,WriteSensor,PS-0000591,1242.7,358.4,8,50,PSR-05,2,5
2025-10-06T22:22:00Z,WriteSensor,PS-0000592,1159.4,377.3,8,50,PSR-05,2,5
2025-10-06T22:24:00Z,WriteSensor,PS-0000593,1273.4,348.2,8,50,PSR-05,2,5
2025-10-06T22:26:00Z,WriteSensor,PS-0000594,1150.9,295.6,8,50,PSR-05,2,5
2025-10-06T22:28:00Z,WriteSensor,PS-0000595,1083.9,358.8,8,50,PSR-05,2,5
2025-10-06T22:30:00Z,WriteSensor,PS-0000596,1137.6,252.3,8,50,PSR-05,2,5
2025-10-06T22:32:00Z,WriteSensor,PS-0000597,955.9,334.2,8,50,PSR-05,2,5
2025-10-06T22:34:00Z,WriteSensor,PS-0000598,1204.4,372.5,8,50,PSR-05,2,5
2025-10-06T22:36:00Z,WriteSensor,PS-0000599,1123.4,299.6,8,50,PSR-05,2,5
2025-10-06T22:38:00Z,WriteSensor,PS-0000600,1126.1,365.1,8,50,PSR-05,2,5
2025-10-06T22:40:00Z,WriteSensor,PS-0000601,1162.6,303.4,8,50,PSR-05,2,5
2025-10-06T22:42:00Z,WriteSensor,PS-0000602,1157.7,374.6,8,50,PSR-05,2,5
2025-10-06T22:44:00Z,WriteSensor,PS-0000603,1160.9,361.6,8,50,PSR-05,2,5
2025-10-06T22:46:00Z,WriteSensor,PS-0000604,1138.9,312.2,8,50,PSR-05,2,5
2025-10-06T22:48:00Z,WriteSensor,PS-0000605,1098.8,322.5,8,50,PSR-05,2,5
2025-10-06T22:50:00Z,WriteSensor,PS-0000606,1146.9,275.0,8,50,PSR-05,2,5
2025-10-06T22:52:00Z,WriteSensor,PS-0000607,1062.5,341.1,8,50,PSR-05,2,5
2025-10-06T22:54:00Z,WriteSensor,PS-0000608,1083.1,340.2,8,50,PSR-05,2,5
2025-10-06T22:56:00Z,WriteSensor,PS-0000609,1105.5,333.6,8,50,PSR-05,2,5
2025-10-06T22:58:00Z,WriteSensor,PS-0000610,1134.6,309.6,8,50,PSR-05,2,5
2025-10-06T23:00:00Z,WriteSensor,PS-0000611,1108.5,313.2,8,50,PSR-05,2,5
2025-10-06T23:02:00Z,WriteSensor,PS-0000612,1224.5,329.1,8,50,PSR-05,2,5
2025-10-06T23:04:00Z,WriteSensor,PS-0000613,1161.7,349.8,8,50,PSR-05,2,5
2025-10-06T23:06:00Z,WriteSensor,PS-0000614,1113.6,295.6,8,50,PSR-05,2,5
2025-10-06T23:08:00Z,WriteSensor,PS-0000615,1232.8,308.5,8,50,PSR-05,2,5
2025-10-06T23:10:00Z,WriteSensor,PS-0000616,1137.5,351.1,8,50,PSR-05,2,5
2025-10-06T23:12:00Z,WriteSensor,PS-0000617,1103.6,281.3,8,50,PSR-05,2,5
2025-10-06T23:14:00Z,WriteSensor,PS-0000618,1087.6,338.7,8,50,PSR-05,2,5
2025-10-06T23:16:00Z,WriteSensor,PS-0000619,1153.8,357.2,8,50,PSR-05,2,5
2025-10-06T23:18:00Z,WriteSensor,PS-0000620,1082.0,322.1,8,50,PSR-05,2,5
2025-10-06T23:20:00Z,WriteSensor,PS-0000621,1112.3,333.9,8,50,PSR-05,2,5
2025-10-06T23:22:00Z,WriteSensor,PS-0000622,1112.2,339.6,8,50,PSR-05,2,5
2025-10-06T23:24:00Z,WriteSensor,PS-0000623,1230.6,341.8,8,50,PSR-05,2,5
2025-10-06T23:26:00Z,WriteSensor,PS-0000624,1131.2,332.4,8,50,PSR-05,2,5
2025-10-06T23:28:00Z,WriteSensor,PS-0000625,1128.9,362.0,8,50,PSR-05,2,5
2025-10-06T23:30:00Z,WriteSensor,PS-0000626,1107.9,330.0,8,50,PSR-05,2,5
2025-10-06T23:32:00Z,WriteSensor,PS-0000627,1228.9,300.6,8,50,PSR-05,2,5
2025-10-06T23:34:00Z,WriteSensor,PS-0000628,1115.7,284.3,8,50,PSR-05,2,5
2025-10-06T23:36:00Z,WriteSensor,PS-0000629,1164.9,311.5,8,50,PSR-05,2,5
2025-10-06T23:38:00Z,WriteSensor,PS-0000630,1045.0,361.8,8,50,PSR-05,2,5
2025-10-06T23:40:00Z,WriteSensor,PS-0000631,1079.3,337.5,8,50,PSR-05,2,5
2025-10-06T23:42:00Z,WriteSensor,PS-0000632,1098.4,322.9,8,50,PSR-05,2,5
2025-10-06T23:44:00Z,WriteSensor,PS-0000633,1091.3,313.5,8,50,PSR-05,2,5
2025-10-06T23:46:00Z,WriteSensor,PS-0000634,1197.8,326.2,8,50,PSR-05,2,5
2025-10-06T23:48:00Z,WriteSensor,PS-0000635,1148.2,324.0,8,50,PSR-05,2,5
2025-10-06T23:50:00Z,WriteSensor,PS-0000636,1158.2,305.4,8,50,PSR-05,2,5
2025-10-06T23:52:00Z,WriteSensor,PS-0000637,1173.5,329.6,8,50,PSR-05,2,5
2025-10-06T23:54:00Z,WriteSensor,PS-0000638,1181.8,368.8,8,50,PSR-05,2,5
2025-10-06T23:56:00Z,WriteSensor,PS-0000639,1288.3,336.0,8,50,PSR-05,2,5
2025-10-06T23:58:00Z,WriteSensor,PS-0000640,1097.8,347.7,8,50,PSR-05,2,5
2025-10-07T00:00:00Z,WriteSensor,PS-0000641,1203.7,352.0,8,50,PSR-05,2,5
2025-10-07T00:02:00Z,WriteSensor,PS-0000642,1192.9,365.4,8,50,PSR-05,2,5
2025-10-07T00:04:00Z,WriteSensor,PS-0000643,1146.0,365.5,8,50,PSR-05,2,5
2025-10-07T00:06:00Z,WriteSensor,PS-0000644,1077.6,310.1,8,50,PSR-05,2,5
2025-10-07T00:08:00Z,WriteSensor,PS-0000645,1070.7,302.3,8,50,PSR-05,2,5
2025-10-07T00:10:00Z,WriteSensor,PS-0000646,1310.5,324.4,8,50,PSR-05,2,5
2025-10-07T00:12:00Z,WriteSensor,PS-0000647,1025.8,388.9,8,50,PSR-05,2,5
2025-10-07T00:14:00Z,WriteSensor,PS-0000648,1083.6,344.8,8,50,PSR-05,2,5
2025-10-07T00:16:00Z,WriteSensor,PS-0000649,1112.0,343.9,8,50,PSR-05,2,5
2025-10-07T00:18:00Z,WriteSensor,PS-0000650,1074.4,340.8,8,50,PSR-05,2,5
2025-10-07T01:00:00Z,WriteSensor,PS-0000651,1094.4,295.9,16,50,PSR-06,2,6
2025-10-07T01:02:00Z,WriteSensor,PS-0000652,1109.9,362.7,16,50,PSR-06,2,6
2025-10-07T01:04:00Z,WriteSensor,PS-0000653,993.7,319.0,16,50,PSR-06,2,6
2025-10-07T01:06:00Z,WriteSensor,PS-0000654,1054.0,301.3,16,50,PSR-06,2,6
2025-10-07T01:08:00Z,WriteSensor,PS-0000655,1167.2,307.7,16,50,PSR-06,2,6
2025-10-07T01:10:00Z,WriteSensor,PS-0000656,1094.2,311.6,16,50,PSR-06,2,6
2025-10-07T01:12:00Z,WriteSensor,PS-0000657,1013.6,358.1,16,50,PSR-06,2,6
2025-10-07T01:14:00Z,WriteSensor,PS-0000658,999.3,312.7,16,50,PSR-06,2,6
2025-10-07T01:16:00Z,WriteSensor,PS-0000659,1120.6,274.4,16,50,PSR-06,2,6
2025-10-07T01:18:00Z,WriteSensor,PS-0000660,987.0,324.6,16,50,PSR-06,2,6
2025-10-07T01:20:00Z,WriteSensor,PS-0000661,1025.3,280.5,16,50,PSR-06,2,6
2025-10-07T01:22:00Z,WriteSensor,PS-0000662,1013.7,340.8,16,50,PSR-06,2,6
2025-10-07T01:24:00Z,WriteSensor,PS-0000663,1038.3,370.4,16,50,PSR-06,2,6
2025-10-07T01:26:00Z,WriteSensor,PS-0000664,1001.2,338.5,16,50,PSR-06,2,6
2025-10-07T01:28:00Z,WriteSensor,PS-0000665,1099.3,308.1,16,50,PSR-06,2,6
2025-10-07T01:30:00Z,WriteSensor,PS-0000666,1071.1,283.9,16,50,PSR-06,2,6
2025-10-07T01:32:00Z,WriteSensor,PS-0000667,984.3,358.5,16,50,PSR-06,2,6
2025-10-07T01:34:00Z,WriteSensor,PS-0000668,1075.6,313.5,16,50,PSR-06,2,6
2025-10-07T01:36:00Z,WriteSensor,PS-0000669,1126.8,297.4,16,50,PSR-06,2,6
2025-10-07T01:38:00Z,WriteSensor,PS-0000670,1065.0,342.1,16,50,PSR-06,2,6
2025-10-07T01:40:00Z,WriteSensor,PS-0000671,1047.3,329.8,16,50,PSR-06,2,6
2025-10-07T01:42:00Z,WriteSensor,PS-0000672,1085.0,330.9,16,50,PSR-06,2,6
2025-10-07T01:44:00Z,WriteSensor,PS-0000673,1017.7,327.5,16,50,PSR-06,2,6
2025-10-07T01:46:00Z,WriteSensor,PS-0000674,1046.6,330.6,16,50,PSR-06,2,6
2025-10-07T01:48:00Z,WriteSensor,PS-0000675,1148.9,307.1,16,50,PSR-06,2,6
2025-10-07T01:50:00Z,WriteSensor,PS-0000676,1107.0,300.0,16,50,PSR-06,2,6
2025-10-07T01:52:00Z,WriteSensor,PS-0000677,1015.7,321.4,16,50,PSR-06,2,6
2025-10-07T01:54:00Z,WriteSensor,PS-0000678,1042.2,326.2,16,50,PSR-06,2,6
2025-10-07T01:56:00Z,WriteSensor,PS-0000679,1171.4,334.8,16,50,PSR-06,2,6
2025-10-07T01:58:00Z,WriteSensor,PS-0000680,1106.0,312.0,16,50,PSR-06,2,6
2025-10-07T02:00:00Z,WriteSensor,PS-0000681,1089.5,346.9,16,50,PSR-06,2,6
2025-10-07T02:02:00Z,WriteSensor,PS-0000682,1055.6,279.7,16,50,PSR-06,2,6
2025-10-07T02:04:00Z,WriteSensor,PS-0000683,1040.1,374.6,16,50,PSR-06,2,6
2025-10-07T02:06:00Z,WriteSensor,PS-0000684,1023.1,322.0,16,50,PSR-06,2,6
2025-10-07T02:08:00Z,WriteSensor,PS-0000685,1138.7,314.3,16,50,PSR-06,2,6
2025-10-07T02:10:00Z,WriteSensor,PS-0000686,1034.1,285.5,16,50,PSR-06,2,6
2025-10-07T02:12:00Z,WriteSensor,PS-0000687,1016.4,298.2,16,50,PSR-06,2,6
2025-10-07T02:14:00Z,WriteSensor,PS-0000688,1096.5,317.8,16,50,PSR-06,2,6
2025-10-07T02:16:00Z,WriteSensor,PS-0000689,1028.1,356.3,16,50,PSR-06,2,6
2025-10-07T02:18:00Z,WriteSensor,PS-0000690,1066.7,285.5,16,50,PSR-06,2,6
2025-10-07T02:20:00Z,WriteSensor,PS-0000691,1046.9,310.5,16,50,PSR-06,2,6
2025-10-07T02:22:00Z,WriteSensor,PS-0000692,957.9,270.5,16,50,PSR-06,2,6
2025-10-07T02:24:00Z,WriteSensor,PS-0000693,1099.9,337.8,16,50,PSR-06,2,6
2025-10-07T02:26:00Z,WriteSensor,PS-0000694,1021.6,299.7,16,50,PSR-06,2,6
2025-10-07T02:28:00Z,WriteSensor,PS-0000695,1185.1,353.0,16,50,PSR-06,2,6
2025-10-07T02:30:00Z,WriteSensor,PS-0000696,1129.6,368.1,16,50,PSR-06,2,6
2025-10-07T02:32:00Z,WriteSensor,PS-0000697,1053.7,295.4,16,50,PSR-06,2,6
2025-10-07T02:34:00Z,WriteSensor,PS-0000698,1026.2,285.6,16,50,PSR-06,2,6
2025-10-07T02:36:00Z,WriteSensor,PS-0000699,1066.5,321.5,16,50,PSR-06,2,6
2025-10-07T02:38:00Z,WriteSensor,PS-0000700,950.9,392.0,16,50,PSR-06,2,6
2025-10-07T02:40:00Z,WriteSensor,PS-0000701,1001.8,320.0,16,50,PSR-06,2,6
2025-10-07T02:42:00Z,WriteSensor,PS-0000702,1056.5,353.9,16,50,PSR-06,2,6
2025-10-07T02:44:00Z,WriteSensor,PS-0000703,1185.4,285.3,16,50,PSR-06,2,6
2025-10-07T02:46:00Z,WriteSensor,PS-0000704,1113.5,292.9,16,50,PSR-06,2,6
2025-10-07T02:48:00Z,WriteSensor,PS-0000705,1034.3,326.4,16,50,PSR-06,2,6
2025-10-07T02:50:00Z,WriteSensor,PS-0000706,1055.1,308.8,16,50,PSR-06,2,6
2025-10-07T02:52:00Z,WriteSensor,PS-0000707,999.6,330.2,16,50,PSR-06,2,6
2025-10-07T02:54:00Z,WriteSensor,PS-0000708,1017.7,293.7,16,50,PSR-06,2,6
2025-10-07T02:56:00Z,WriteSensor,PS-0000709,1161.7,351.7,16,50,PSR-06,2,6
2025-10-07T02:58:00Z,WriteSensor,PS-0000710,1002.9,314.0,16,50,PSR-06,2,6
2025-10-07T03:00:00Z,WriteSensor,PS-0000711,1002.1,324.3,16,50,PSR-06,2,6
2025-10-07T03:02:00Z,WriteSensor,PS-0000712,1050.8,326.7,16,50,PSR-06,2,6
2025-10-07T03:04:00Z,WriteSensor,PS-0000713,1178.0,313.1,16,50,PSR-06,2,6
2025-10-07T03:06:00Z,WriteSensor,PS-0000714,1014.8,355.1,16,50,PSR-06,2,6
2025-10-07T03:08:00Z,WriteSensor,PS-0000715,1012.9,314.2,16,50,PSR-06,2,6
2025-10-07T03:10:00Z,WriteSensor,PS-0000716,1068.1,328.7,16,50,PSR-06,2,6
2025-10-07T03:12:00Z,WriteSensor,PS-0000717,1007.1,336.3,16,50,PSR-06,2,6
2025-10-07T03:14:00Z,WriteSensor,PS-0000718,1091.8,290.0,16,50,PSR-06,2,6
2025-10-07T03:16:00Z,WriteSensor,PS-0000719,1070.2,361.9,16,50,PSR-06,2,6
2025-10-07T03:18:00Z,WriteSensor,PS-0000720,1092.8,297.3,16,50,PSR-06,2,6
2025-10-07T03:20:00Z,WriteSensor,PS-0000721,993.1,341.8,16,50,PSR-06,2,6
2025-10-07T03:22:00Z,WriteSensor,PS-0000722,1048.2,311.5,16,50,PSR-06,2,6
2025-10-07T03:24:00Z,WriteSensor,PS-0000723,948.6,349.5,16,50,PSR-06,2,6
2025-10-07T03:26:00Z,WriteSensor,PS-0000724,1028.5,326.4,16,50,PSR-06,2,6
2025-10-07T03:28:00Z,WriteSensor,PS-0000725,1044.2,315.7,16,50,PSR-06,2,6
2025-10-07T03:30:00Z,WriteSensor,PS-0000726,1072.8,360.2,16,50,PSR-06,2,6
2025-10-07T03:32:00Z,WriteSensor,PS-0000727,1045.6,310.4,16,50,PSR-06,2,6
2025-10-07T03:34:00Z,WriteSensor,PS-0000728,1117.3,368.4,16,50,PSR-06,2,6
2025-10-07T03:36:00Z,WriteSensor,PS-0000729,1065.0,300.9,16,50,PSR-06,2,6
2025-10-07T03:38:00Z,WriteSensor,PS-0000730,981.6,309.3,16,50,PSR-06,2,6
2025-10-07T03:40:00Z,WriteSensor,PS-0000731,1037.6,295.5,16,50,PSR-06,2,6
2025-10-07T03:42:00Z,WriteSensor,PS-0000732,1089.5,329.1,16,50,PSR-06,2,6
2025-10-07T03:44:00Z,WriteSensor,PS-0000733,1026.0,276.8,16,50,PSR-06,2,6
2025-10-07T03:46:00Z,WriteSensor,PS-0000734,1044.2,331.6,16,50,PSR-06,2,6
2025-10-07T03:48:00Z,WriteSensor,PS-0000735,984.0,361.4,16,50,PSR-06,2,6
2025-10-07T03:50:00Z,WriteSensor,PS-0000736,1051.9,340.3,16,50,PSR-06,2,6
2025-10-07T03:52:00Z,WriteSensor,PS-0000737,1058.8,311.2,16,50,PSR-06,2,6
2025-10-07T03:54:00Z,WriteSensor,PS-0000738,1137.7,306.3,16,50,PSR-06,2,6
2025-10-07T03:56:00Z,WriteSensor,PS-0000739,1008.9,332.2,16,50,PSR-06,2,6
2025-10-07T03:58:00Z,WriteSensor,PS-0000740,1051.2,348.2,16,50,PSR-06,2,6
2025-10-07T04:00:00Z,WriteSensor,PS-0000741,999.7,351.5,16,50,PSR-06,2,6
2025-10-07T04:02:00Z,WriteSensor,PS-0000742,1024.4,316.4,16,50,PSR-06,2,6
2025-10-07T04:04:00Z,WriteSensor,PS-0000743,1056.5,330.9,16,50,PSR-06,2,6
2025-10-07T04:06:00Z,WriteSensor,PS-0000744,1061.6,345.7,16,50,PSR-06,2,6
2025-10-07T04:08:00Z,WriteSensor,PS-0000745,941.0,315.8,16,50,PSR-06,2,6
2025-10-07T04:10:00Z,WriteSensor,PS-0000746,1041.0,354.9,16,50,PSR-06,2,6
2025-10-07T04:12:00Z,WriteSensor,PS-0000747,1004.4,341.0,16,50,PSR-06,2,6
2025-10-07T04:14:00Z,WriteSensor,PS-0000748,1137.4,318.1,16,50,PSR-06,2,6
2025-10-07T04:16:00Z,WriteSensor,PS-0000749,1137.0,306.2,16,50,PSR-06,2,6
2025-10-07T04:18:00Z,WriteSensor,PS-0000750,942.3,334.2,16,50,PSR-06,2,6
2025-10-07T04:20:00Z,WriteSensor,PS-0000751,1173.6,367.6,16,50,PSR-06,2,6
2025-10-07T04:22:00Z,WriteSensor,PS-0000752,974.2,286.8,16,50,PSR-06,2,6
2025-10-07T04:24:00Z,WriteSensor,PS-0000753,1042.5,380.5,16,50,PSR-06,2,6
2025-10-07T04:26:00Z,WriteSensor,PS-0000754,989.4,306.3,16,50,PSR-06,2,6
2025-10-07T04:28:00Z,WriteSensor,PS-0000755,1045.5,351.8,16,50,PSR-06,2,6
2025-10-07T04:30:00Z,WriteSensor,PS-0000756,1040.5,372.5,16,50,PSR-06,2,6
2025-10-07T04:32:00Z,WriteSensor,PS-0000757,1078.2,297.3,16,50,PSR-06,2,6
2025-10-07T04:34:00Z,WriteSensor,PS-0000758,1071.9,398.0,16,50,PSR-06,2,6
2025-10-07T04:36:00Z,WriteSensor,PS-0000759,1025.7,333.9,16,50,PSR-06,2,6
2025-10-07T04:38:00Z,WriteSensor,PS-0000760,1062.5,262.3,16,50,PSR-06,2,6
2025-10-07T04:40:00Z,WriteSensor,PS-0000761,1048.5,302.5,16,50,PSR-06,2,6
2025-10-07T04:42:00Z,WriteSensor,PS-0000762,1075.0,329.6,16,50,PSR-06,2,6
2025-10-07T04:44:00Z,WriteSensor,PS-0000763,1029.2,339.3,16,50,PSR-06,2,6
2025-10-07T04:46:00Z,WriteSensor,PS-0000764,1010.9,275.7,16,50,PSR-06,2,6
2025-10-07T04:48:00Z,WriteSensor,PS-0000765,1140.7,393.2,16,50,PSR-06,2,6
2025-10-07T04:50:00Z,WriteSensor,PS-0000766,989.7,318.1,16,50,PSR-06,2,6
2025-10-07T04:52:00Z,WriteSensor,PS-0000767,1200.7,340.2,16,50,PSR-06,2,6
2025-10-07T04:54:00Z,WriteSensor,PS-0000768,1064.5,316.3,16,50,PSR-06,2,6
2025-10-07T04:56:00Z,WriteSensor,PS-0000769,1067.0,329.8,16,50,PSR-06,2,6
2025-10-07T04:58:00Z,WriteSensor,PS-0000770,1184.7,256.8,16,50,PSR-06,2,6
2025-10-07T05:00:00Z,WriteSensor,PS-0000771,1023.1,360.8,16,50,PSR-06,2,6
2025-10-07T05:02:00Z,WriteSensor,PS-0000772,1050.7,266.3,16,50,PSR-06,2,6
2025-10-07T05:04:00Z,WriteSensor,PS-0000773,981.2,336.7,16,50,PSR-06,2,6
2025-10-07T05:06:00Z,WriteSensor,PS-0000774,1104.8,326.5,16,50,PSR-06,2,6
2025-10-07T05:08:00Z,WriteSensor,PS-0000775,1035.3,310.4,16,50,PSR-06,2,6
2025-10-07T05:10:00Z,WriteSensor,PS-0000776,1009.6,317.6,16,50,PSR-06,2,6
2025-10-07T05:12:00Z,WriteSensor,PS-0000777,1049.6,314.6,16,50,PSR-06,2,6
2025-10-07T05:14:00Z,WriteSensor,PS-0000778,991.2,321.8,16,50,PSR-06,2,6
2025-10-07T05:16:00Z,WriteSensor,PS-0000779,1059.1,366.0,16,50,PSR-06,2,6
2025-10-07T05:18:00Z,WriteSensor,PS-0000780,988.0,389.7,16,50,PSR-06,2,6
2025-10-07T06:00:00Z,WriteSensor,PS-0000781,812.0,326.2,32,50,PSR-07,2,7
2025-10-07T06:02:00Z,WriteSensor,PS-0000782,770.4,318.9,32,50,PSR-07,2,7
2025-10-07T06:04:00Z,WriteSensor,PS-0000783,794.6,289.9,32,50,PSR-07,2,7
2025-10-07T06:06:00Z,WriteSensor,PS-0000784,819.4,348.0,32,50,PSR-07,2,7
2025-10-07T06:08:00Z,WriteSensor,PS-0000785,820.9,316.0,32,50,PSR-07,2,7
2025-10-07T06:10:00Z,WriteSensor,PS-0000786,835.5,300.9,32,50,PSR-07,2,7
2025-10-07T06:12:00Z,WriteSensor,PS-0000787,855.9,278.0,32,50,PSR-07,2,7
2025-10-07T06:14:00Z,WriteSensor,PS-0000788,851.7,300.9,32,50,PSR-07,2,7
2025-10-07T06:16:00Z,WriteSensor,PS-0000789,767.3,300.4,32,50,PSR-07,2,7
2025-10-07T06:18:00Z,WriteSensor,PS-0000790,734.1,376.7,32,50,PSR-07,2,7
2025-10-07T06:20:00Z,WriteSensor,PS-0000791,760.7,317.9,32,50,PSR-07,2,7
2025-10-07T06:22:00Z,WriteSensor,PS-0000792,842.3,325.7,32,50,PSR-07,2,7
2025-10-07T06:24:00Z,WriteSensor,PS-0000793,776.8,371.7,32,50,PSR-07,2,7
2025-10-07T06:26:00Z,WriteSensor,PS-0000794,830.0,253.1,32,50,PSR-07,2,7
2025-10-07T06:28:00Z,WriteSensor,PS-0000795,844.2,305.0,32,50,PSR-07,2,7
2025-10-07T06:30:00Z,WriteSensor,PS-0000796,831.6,338.7,32,50,PSR-07,2,7
2025-10-07T06:32:00Z,WriteSensor,PS-0000797,773.3,310.2,32,50,PSR-07,2,7
2025-10-07T06:34:00Z,WriteSensor,PS-0000798,851.9,332.2,32,50,PSR-07,2,7
2025-10-07T06:36:00Z,WriteSensor,PS-0000799,850.4,296.0,32,50,PSR-07,2,7
2025-10-07T06:38:00Z,WriteSensor,PS-0000800,840.7,328.6,32,50,PSR-07,2,7
2025-10-07T06:40:00Z,WriteSensor,PS-0000801,793.7,298.6,32,50,PSR-07,2,7
2025-10-07T06:42:00Z,WriteSensor,PS-0000802,794.7,276.2,32,50,PSR-07,2,7
2025-10-07T06:44:00Z,WriteSensor,PS-0000803,709.9,287.6,32,50,PSR-07,2,7
2025-10-07T06:46:00Z,WriteSensor,PS-0000804,849.2,241.5,32,50,PSR-07,2,7
2025-10-07T06:48:00Z,WriteSensor,PS-0000805,795.5,283.7,32,50,PSR-07,2,7
2025-10-07T06:50:00Z,WriteSensor,PS-0000806,841.6,309.9,32,50,PSR-07,2,7
2025-10-07T06:52:00Z,WriteSensor,PS-0000807,893.1,350.1,32,50,PSR-07,2,7
2025-10-07T06:54:00Z,WriteSensor,PS-0000808,801.4,310.9,32,50,PSR-07,2,7
2025-10-07T06:56:00Z,WriteSensor,PS-0000809,756.6,270.8,32,50,PSR-07,2,7
2025-10-07T06:58:00Z,WriteSensor,PS-0000810,818.9,358.5,32,50,PSR-07,2,7
2025-10-07T07:00:00Z,WriteSensor,PS-0000811,708.0,283.1,32,50,PSR-07,2,7
2025-10-07T07:02:00Z,WriteSensor,PS-0000812,832.4,328.8,32,50,PSR-07,2,7
2025-10-07T07:04:00Z,WriteSensor,PS-0000813,926.7,338.1,32,50,PSR-07,2,7
2025-10-07T07:06:00Z,WriteSensor,PS-0000814,856.7,295.9,32,50,PSR-07,2,7
2025-10-07T07:08:00Z,WriteSensor,PS-0000815,867.2,348.5,32,50,PSR-07,2,7
2025-10-07T07:10:00Z,WriteSensor,PS-0000816,920.8,320.2,32,50,PSR-07,2,7
2025-10-07T07:12:00Z,WriteSensor,PS-0000817,888.3,291.4,32,50,PSR-07,2,7
2025-10-07T07:14:00Z,WriteSensor,PS-0000818,847.5,326.6,32,50,PSR-07,2,7
2025-10-07T07:16:00Z,WriteSensor,PS-0000819,762.7,286.5,32,50,PSR-07,2,7
2025-10-07T07:18:00Z,WriteSensor,PS-0000820,850.6,302.6,32,50,PSR-07,2,7
2025-10-07T07:20:00Z,WriteSensor,PS-0000821,876.6,308.3,32,50,PSR-07,2,7
2025-10-07T07:22:00Z,WriteSensor,PS-0000822,835.0,315.8,32,50,PSR-07,2,7
2025-10-07T07:24:00Z,WriteSensor,PS-0000823,834.2,295.4,32,50,PSR-07,2,7
2025-10-07T07:26:00Z,WriteSensor,PS-0000824,838.3,308.5,32,50,PSR-07,2,7
2025-10-07T07:28:00Z,WriteSensor,PS-0000825,864.8,309.0,32,50,PSR-07,2,7
2025-10-07T07:30:00Z,WriteSensor,PS-0000826,846.8,342.8,32,50,PSR-07,2,7
2025-10-07T07:32:00Z,WriteSensor,PS-0000827,816.9,321.8,32,50,PSR-07,2,7
2025-10-07T07:34:00Z,WriteSensor,PS-0000828,810.1,308.1,32,50,PSR-07,2,7
2025-10-07T07:36:00Z,WriteSensor,PS-0000829,849.0,321.7,32,50,PSR-07,2,7
2025-10-07T07:38:00Z,WriteSensor,PS-0000830,763.5,367.6,32,50,PSR-07,2,7
2025-10-07T07:40:00Z,WriteSensor,PS-0000831,729.3,279.7,32,50,PSR-07,2,7
2025-10-07T07:42:00Z,WriteSensor,PS-0000832,817.5,319.1,32,50,PSR-07,2,7
2025-10-07T07:44:00Z,WriteSensor,PS-0000833,770.4,312.0,32,50,PSR-07,2,7
2025-10-07T07:46:00Z,WriteSensor,PS-0000834,880.4,330.2,32,50,PSR-07,2,7
2025-10-07T07:48:00Z,WriteSensor,PS-0000835,794.9,265.0,32,50,PSR-07,2,7
2025-10-07T07:50:00Z,WriteSensor,PS-0000836,894.5,361.4,32,50,PSR-07,2,7
2025-10-07T07:52:00Z,WriteSensor,PS-0000837,892.1,313.0,32,50,PSR-07,2,7
2025-10-07T07:54:00Z,WriteSensor,PS-0000838,795.1,262.1,32,50,PSR-07,2,7
2025-10-07T07:56:00Z,WriteSensor,PS-0000839,815.8,353.9,32,50,PSR-07,2,7
2025-10-07T07:58:00Z,WriteSensor,PS-0000840,812.1,315.6,32,50,PSR-07,2,7
2025-10-07T08:00:00Z,WriteSensor,PS-0000841,749.2,324.0,32,50,PSR-07,2,7
2025-10-07T08:02:00Z,WriteSensor,PS-0000842,897.5,307.8,32,50,PSR-07,2,7
2025-10-07T08:04:00Z,WriteSensor,PS-0000843,802.8,305.1,32,50,PSR-07,2,7
2025-10-07T08:06:00Z,WriteSensor,PS-0000844,812.7,296.9,32,50,PSR-07,2,7
2025-10-07T08:08:00Z,WriteSensor,PS-0000845,864.1,324.0,32,50,PSR-07,2,7
2025-10-07T08:10:00Z,WriteSensor,PS-0000846,861.0,291.6,32,50,PSR-07,2,7
2025-10-07T08:12:00Z,WriteSensor,PS-0000847,865.2,322.7,32,50,PSR-07,2,7
2025-10-07T08:14:00Z,WriteSensor,PS-0000848,738.2,316.6,32,50,PSR-07,2,7
2025-10-07T08:16:00Z,WriteSensor,PS-0000849,840.1,298.9,32,50,PSR-07,2,7
2025-10-07T08:18:00Z,WriteSensor,PS-0000850,801.4,340.8,32,50,PSR-07,2,7
2025-10-07T08:20:00Z,WriteSensor,PS-0000851,748.2,277.5,32,50,PSR-07,2,7
2025-10-07T08:22:00Z,WriteSensor,PS-0000852,801.1,313.8,32,50,PSR-07,2,7
2025-10-07T08:24:00Z,WriteSensor,PS-0000853,811.7,323.1,32,50,PSR-07,2,7
2025-10-07T08:26:00Z,WriteSensor,PS-0000854,857.6,290.8,32,50,PSR-07,2,7
2025-10-07T08:28:00Z,WriteSensor,PS-0000855,823.4,304.3,32,50,PSR-07,2,7
2025-10-07T08:30:00Z,WriteSensor,PS-0000856,840.7,320.3,32,50,PSR-07,2,7
2025-10-07T08:32:00Z,WriteSensor,PS-0000857,795.1,271.3,32,50,PSR-07,2,7
2025-10-07T08:34:00Z,WriteSensor,PS-0000858,809.6,339.6,32,50,PSR-07,2,7
2025-10-07T08:36:00Z,WriteSensor,PS-0000859,777.1,337.6,32,50,PSR-07,2,7
2025-10-07T08:38:00Z,WriteSensor,PS-0000860,820.3,330.7,32,50,PSR-07,2,7
2025-10-07T08:40:00Z,WriteSensor,PS-0000861,879.8,295.9,32,50,PSR-07,2,7
2025-10-07T08:42:00Z,WriteSensor,PS-0000862,843.5,331.8,32,50,PSR-07,2,7
2025-10-07T08:44:00Z,WriteSensor,PS-0000863,813.5,356.6,32,50,PSR-07,2,7
2025-10-07T08:46:00Z,WriteSensor,PS-0000864,831.8,305.5,32,50,PSR-07,2,7
2025-10-07T08:48:00Z,WriteSensor,PS-0000865,758.7,314.0,32,50,PSR-07,2,7
2025-10-07T08:50:00Z,WriteSensor,PS-0000866,771.6,295.7,32,50,PSR-07,2,7
2025-10-07T08:52:00Z,WriteSensor,PS-0000867,826.6,332.1,32,50,PSR-07,2,7
2025-10-07T08:54:00Z,WriteSensor,PS-0000868,745.8,339.1,32,50,PSR-07,2,7
2025-10-07T08:56:00Z,WriteSensor,PS-0000869,877.9,321.8,32,50,PSR-07,2,7
2025-10-07T08:58:00Z,WriteSensor,PS-0000870,897.2,346.0,32,50,PSR-07,2,7
2025-10-07T09:00:00Z,WriteSensor,PS-0000871,825.1,289.5,32,50,PSR-07,2,7
2025-10-07T09:02:00Z,WriteSensor,PS-0000872,785.8,310.7,32,50,PSR-07,2,7
2025-10-07T09:04:00Z,WriteSensor,PS-0000873,857.0,284.8,32,50,PSR-07,2,7
2025-10-07T09:06:00Z,WriteSensor,PS-0000874,833.7,295.0,32,50,PSR-07,2,7
2025-10-07T09:08:00Z,WriteSensor,PS-0000875,800.7,294.9,32,50,PSR-07,2,7
2025-10-07T09:10:00Z,WriteSensor,PS-0000876,851.6,291.4,32,50,PSR-07,2,7
2025-10-07T09:12:00Z,WriteSensor,PS-0000877,841.7,356.2,32,50,PSR-07,2,7
2025-10-07T09:14:00Z,WriteSensor,PS-0000878,896.7,312.6,32,50,PSR-07,2,7
2025-10-07T09:16:00Z,WriteSensor,PS-0000879,752.8,332.8,32,50,PSR-07,2,7
2025-10-07T09:18:00Z,WriteSensor,PS-0000880,867.8,286.4,32,50,PSR-07,2,7
2025-10-07T09:20:00Z,WriteSensor,PS-0000881,808.4,356.8,32,50,PSR-07,2,7
2025-10-07T09:22:00Z,WriteSensor,PS-0000882,817.6,279.9,32,50,PSR-07,2,7
2025-10-07T09:24:00Z,WriteSensor,PS-0000883,885.0,288.2,32,50,PSR-07,2,7
2025-10-07T09:26:00Z,WriteSensor,PS-0000884,785.9,278.4,32,50,PSR-07,2,7
2025-10-07T09:28:00Z,WriteSensor,PS-0000885,883.5,316.9,32,50,PSR-07,2,7
2025-10-07T09:30:00Z,WriteSensor,PS-0000886,851.6,309.8,32,50,PSR-07,2,7
2025-10-07T09:32:00Z,WriteSensor,PS-0000887,814.2,320.6,32,50,PSR-07,2,7
2025-10-07T09:34:00Z,WriteSensor,PS-0000888,788.7,279.4,32,50,PSR-07,2,7
2025-10-07T09:36:00Z,WriteSensor,PS-0000889,850.4,341.1,32,50,PSR-07,2,7
2025-10-07T09:38:00Z,WriteSensor,PS-0000890,809.2,324.4,32,50,PSR-07,2,7
2025-10-07T09:40:00Z,WriteSensor,PS-0000891,732.2,345.8,32,50,PSR-07,2,7
2025-10-07T09:42:00Z,WriteSensor,PS-0000892,877.4,292.8,32,50,PSR-07,2,7
2025-10-07T09:44:00Z,WriteSensor,PS-0000893,862.3,297.8,32,50,PSR-07,2,7
2025-10-07T09:46:00Z,WriteSensor,PS-0000894,857.9,300.3,32,50,PSR-07,2,7
2025-10-07T09:48:00Z,WriteSensor,PS-0000895,855.6,289.2,32,50,PSR-07,2,7
2025-10-07T09:50:00Z,WriteSensor,PS-0000896,845.0,306.5,32,50,PSR-07,2,7
2025-10-07T09:52:00Z,WriteSensor,PS-0000897,836.3,300.1,32,50,PSR-07,2,7
2025-10-07T09:54:00Z,WriteSensor,PS-0000898,861.3,313.0,32,50,PSR-07,2,7
2025-10-07T09:56:00Z,WriteSensor,PS-0000899,861.8,294.5,32,50,PSR-07,2,7
2025-10-07T09:58:00Z,WriteSensor,PS-0000900,895.9,332.2,32,50,PSR-07,2,7
2025-10-07T10:00:00Z,WriteSensor,PS-0000901,790.9,348.2,32,50,PSR-07,2,7
2025-10-07T10:02:00Z,WriteSensor,PS-0000902,944.3,263.7,32,50,PSR-07,2,7
2025-10-07T10:04:00Z,WriteSensor,PS-0000903,825.5,309.8,32,50,PSR-07,2,7
2025-10-07T10:06:00Z,WriteSensor,PS-0000904,787.2,291.6,32,50,PSR-07,2,7
2025-10-07T10:08:00Z,WriteSensor,PS-0000905,887.0,283.0,32,50,PSR-07,2,7
2025-10-07T10:10:00Z,WriteSensor,PS-0000906,780.8,282.8,32,50,PSR-07,2,7
2025-10-07T10:12:00Z,WriteSensor,PS-0000907,806.7,357.2,32,50,PSR-07,2,7
2025-10-07T10:14:00Z,WriteSensor,PS-0000908,678.4,304.0,32,50,PSR-07,2,7
2025-10-07T10:16:00Z,WriteSensor,PS-0000909,884.6,362.0,32,50,PSR-07,2,7
2025-10-07T10:18:00Z,WriteSensor,PS-0000910,805.9,361.1,32,50,PSR-07,2,7
2025-10-07T11:00:00Z,WriteSensor,PS-0000911,1330.3,329.6,4,50,PSR-08,2,8
2025-10-07T11:02:00Z,WriteSensor,PS-0000912,1223.1,317.5,4,50,PSR-08,2,8
2025-10-07T11:04:00Z,WriteSensor,PS-0000913,1126.3,274.7,4,50,PSR-08,2,8
2025-10-07T11:06:00Z,WriteSensor,PS-0000914,1157.7,286.7,4,50,PSR-08,2,8
2025-10-07T11:08:00Z,WriteSensor,PS-0000915,1121.0,290.8,4,50,PSR-08,2,8
2025-10-07T11:10:00Z,WriteSensor,PS-0000916,1334.8,309.3,4,50,PSR-08,2,8
2025-10-07T11:12:00Z,WriteSensor,PS-0000917,1061.6,383.1,4,50,PSR-08,2,8
2025-10-07T11:14:00Z,WriteSensor,PS-0000918,1181.6,308.6,4,50,PSR-08,2,8
2025-10-07T11:16:00Z,WriteSensor,PS-0000919,1125.0,344.1,4,50,PSR-08,2,8
2025-10-07T11:18:00Z,WriteSensor,PS-0000920,1136.4,373.2,4,50,PSR-08,2,8
2025-10-07T11:20:00Z,WriteSensor,PS-0000921,1265.1,322.1,4,50,PSR-08,2,8
2025-10-07T11:22:00Z,WriteSensor,PS-0000922,1204.9,328.8,4,50,PSR-08,2,8
2025-10-07T11:24:00Z,WriteSensor,PS-0000923,1193.3,290.9,4,50,PSR-08,2,8
2025-10-07T11:26:00Z,WriteSensor,PS-0000924,1260.2,350.5,4,50,PSR-08,2,8
2025-10-07T11:28:00Z,WriteSensor,PS-0000925,1176.0,284.9,4,50,PSR-08,2,8
2025-10-07T11:30:00Z,WriteSensor,PS-0000926,1206.5,316.2,4,50,PSR-08,2,8
2025-10-07T11:32:00Z,WriteSensor,PS-0000927,1225.2,317.9,4,50,PSR-08,2,8
2025-10-07T11:34:00Z,WriteSensor,PS-0000928,1167.6,357.6,4,50,PSR-08,2,8
2025-10-07T11:36:00Z,WriteSensor,PS-0000929,1139.6,321.0,4,50,PSR-08,2,8
2025-10-07T11:38:00Z,WriteSensor,PS-0000930,1221.5,326.4,4,50,PSR-08,2,8
2025-10-07T11:40:00Z,WriteSensor,PS-0000931,1263.2,306.5,4,50,PSR-08,2,8
2025-10-07T11:42:00Z,WriteSensor,PS-0000932,1359.3,341.4,4,50,PSR-08,2,8
2025-10-07T11:44:00Z,WriteSensor,PS-0000933,1220.3,330.5,4,50,PSR-08,2,8
2025-10-07T11:46:00Z,WriteSensor,PS-0000934,1251.3,362.3,4,50,PSR-08,2,8
2025-10-07T11:48:00Z,WriteSensor,PS-0000935,1151.2,310.4,4,50,PSR-08,2,8
2025-10-07T11:50:00Z,WriteSensor,PS-0000936,1275.2,258.8,4,50,PSR-08,2,8
2025-10-07T11:52:00Z,WriteSensor,PS-0000937,1358.3,309.2,4,50,PSR-08,2,8
2025-10-07T11:54:00Z,WriteSensor,PS-0000938,1210.0,357.2,4,50,PSR-08,2,8
2025-10-07T11:56:00Z,WriteSensor,PS-0000939,1228.3,329.6,4,50,PSR-08,2,8
2025-10-07T11:58:00Z,WriteSensor,PS-0000940,1235.3,333.8,4,50,PSR-08,2,8
2025-10-07T12:00:00Z,WriteSensor,PS-0000941,1225.7,344.9,4,50,PSR-08,2,8
2025-10-07T12:02:00Z,WriteSensor,PS-0000942,1166.1,319.8,4,50,PSR-08,2,8
2025-10-07T12:04:00Z,WriteSensor,PS-0000943,1265.8,279.4,4,50,PSR-08,2,8
2025-10-07T12:06:00Z,WriteSensor,PS-0000944,1162.1,292.3,4,50,PSR-08,2,8
2025-10-07T12:08:00Z,WriteSensor,PS-0000945,1184.2,351.0,4,50,PSR-08,2,8
2025-10-07T12:10:00Z,WriteSensor,PS-0000946,1173.4,285.9,4,50,PSR-08,2,8
2025-10-07T12:12:00Z,WriteSensor,PS-0000947,1154.0,276.8,4,50,PSR-08,2,8
2025-10-07T12:14:00Z,WriteSensor,PS-0000948,1181.5,319.4,4,50,PSR-08,2,8
2025-10-07T12:16:00Z,WriteSensor,PS-0000949,1148.3,335.4,4,50,PSR-08,2,8
2025-10-07T12:18:00Z,WriteSensor,PS-0000950,1188.6,304.7,4,50,PSR-08,2,8
2025-10-07T12:20:00Z,WriteSensor,PS-0000951,1241.1,345.8,4,50,PSR-08,2,8
2025-10-07T12:22:00Z,WriteSensor,PS-0000952,1208.5,345.1,4,50,PSR-08,2,8
2025-10-07T12:24:00Z,WriteSensor,PS-0000953,1317.9,278.4,4,50,PSR-08,2,8
2025-10-07T12:26:00Z,WriteSensor,PS-0000954,1206.8,375.7,4,50,PSR-08,2,8
2025-10-07T12:28:00Z,WriteSensor,PS-0000955,1217.1,270.8,4,50,PSR-08,2,8
2025-10-07T12:30:00Z,WriteSensor,PS-0000956,1245.8,311.8,4,50,PSR-08,2,8
2025-10-07T12:32:00Z,WriteSensor,PS-0000957,1207.0,336.2,4,50,PSR-08,2,8
2025-10-07T12:34:00Z,WriteSensor,PS-0000958,1229.2,315.8,4,50,PSR-08,2,8
2025-10-07T12:36:00Z,WriteSensor,PS-0000959,1146.6,351.3,4,50,PSR-08,2,8
2025-10-07T12:38:00Z,WriteSensor,PS-0000960,1368.9,347.4,4,50,PSR-08,2,8
2025-10-07T12:40:00Z,WriteSensor,PS-0000961,1302.7,314.0,4,50,PSR-08,2,8
2025-10-07T12:42:00Z,WriteSensor,PS-0000962,1164.3,301.5,4,50,PSR-08,2,8
2025-10-07T12:44:00Z,WriteSensor,PS-0000963,1360.2,333.8,4,50,PSR-08,2,8
2025-10-07T12:46:00Z,WriteSensor,PS-0000964,1203.5,317.7,4,50,PSR-08,2,8
2025-10-07T12:48:00Z,WriteSensor,PS-0000965,1146.2,365.2,4,50,PSR-08,2,8
2025-10-07T12:50:00Z,WriteSensor,PS-0000966,1191.4,314.1,4,50,PSR-08,2,8
2025-10-07T12:52:00Z,WriteSensor,PS-0000967,1142.5,326.1,4,50,PSR-08,2,8
2025-10-07T12:54:00Z,WriteSensor,PS-0000968,1166.4,303.6,4,50,PSR-08,2,8
2025-10-07T12:56:00Z,WriteSensor,PS-0000969,1220.1,306.2,4,50,PSR-08,2,8
2025-10-07T12:58:00Z,WriteSensor,PS-0000970,1217.1,328.2,4,50,PSR-08,2,8
2025-10-07T13:00:00Z,WriteSensor,PS-0000971,1138.5,286.7,4,50,PSR-08,2,8
2025-10-07T13:02:00Z,WriteSensor,PS-0000972,1177.0,290.8,4,50,PSR-08,2,8
2025-10-07T13:04:00Z,WriteSensor,PS-0000973,1184.3,310.8,4,50,PSR-08,2,8
2025-10-07T13:06:00Z,WriteSensor,PS-0000974,1214.3,347.7,4,50,PSR-08,2,8
2025-10-07T13:08:00Z,WriteSensor,PS-0000975,1242.6,323.0,4,50,PSR-08,2,8
2025-10-07T13:10:00Z,WriteSensor,PS-0000976,1140.7,307.2,4,50,PSR-08,2,8
2025-10-07T13:12:00Z,WriteSensor,PS-0000977,1233.9,271.5,4,50,PSR-08,2,8
2025-10-07T13:14:00Z,WriteSensor,PS-0000978,1100.6,333.7,4,50,PSR-08,2,8
2025-10-07T13:16:00Z,WriteSensor,PS-0000979,1217.3,301.8,4,50,PSR-08,2,8
2025-10-07T13:18:00Z,WriteSensor,PS-0000980,1228.9,317.5,4,50,PSR-08,2,8
2025-10-07T13:20:00Z,WriteSensor,PS-0000981,1237.5,344.3,4,50,PSR-08,2,8
2025-10-07T13:22:00Z,WriteSensor,PS-0000982,1163.5,369.8,4,50,PSR-08,2,8
2025-10-07T13:24:00Z,WriteSensor,PS-0000983,1137.0,324.8,4,50,PSR-08,2,8
2025-10-07T13:26:00Z,WriteSensor,PS-0000984,1165.1,388.2,4,50,PSR-08,2,8
2025-10-07T13:28:00Z,WriteSensor,PS-0000985,1263.7,307.9,4,50,PSR-08,2,8
2025-10-07T13:30:00Z,WriteSensor,PS-0000986,1184.1,323.0,4,50,PSR-08,2,8
2025-10-07T13:32:00Z,WriteSensor,PS-0000987,1173.2,342.8,4,50,PSR-08,2,8
2025-10-07T13:34:00Z,WriteSensor,PS-0000988,1265.7,320.9,4,50,PSR-08,2,8
2025-10-07T13:36:00Z,WriteSensor,PS-0000989,1177.2,289.6,4,50,PSR-08,2,8
2025-10-07T13:38:00Z,WriteSensor,PS-0000990,1244.3,286.1,4,50,PSR-08,2,8
2025-10-07T13:40:00Z,WriteSensor,PS-0000991,1146.2,330.2,4,50,PSR-08,2,8
2025-10-07T13:42:00Z,WriteSensor,PS-0000992,1113.7,344.8,4,50,PSR-08,2,8
2025-10-07T13:44:00Z,WriteSensor,PS-0000993,1256.7,290.9,4,50,PSR-08,2,8
2025-10-07T13:46:00Z,WriteSensor,PS-0000994,1036.8,295.2,4,50,PSR-08,2,8
2025-10-07T13:48:00Z,WriteSensor,PS-0000995,1285.2,275.8,4,50,PSR-08,2,8
2025-10-07T13:50:00Z,WriteSensor,PS-0000996,1205.0,343.8,4,50,PSR-08,2,8
2025-10-07T13:52:00Z,WriteSensor,PS-0000997,1256.3,350.0,4,50,PSR-08,2,8
2025-10-07T13:54:00Z,WriteSensor,PS-0000998,1225.7,347.8,4,50,PSR-08,2,8
2025-10-07T13:56:00Z,WriteSensor,PS-0000999,1260.5,341.4,4,50,PSR-08,2,8
2025-10-07T13:58:00Z,WriteSensor,PS-0001000,1149.7,295.9,4,50,PSR-08,2,8
2025-10-07T14:00:00Z,WriteSensor,PS-0001001,1335.2,328.7,4,50,PSR-08,2,8
2025-10-07T14:02:00Z,WriteSensor,PS-0001002,1188.9,326.0,4,50,PSR-08,2,8
2025-10-07T14:04:00Z,WriteSensor,PS-0001003,1143.8,353.5,4,50,PSR-08,2,8
2025-10-07T14:06:00Z,WriteSensor,PS-0001004,1142.7,396.0,4,50,PSR-08,2,8
2025-10-07T14:08:00Z,WriteSensor,PS-0001005,1176.9,346.6,4,50,PSR-08,2,8
2025-10-07T14:10:00Z,WriteSensor,PS-0001006,1186.0,371.9,4,50,PSR-08,2,8
2025-10-07T14:12:00Z,WriteSensor,PS-0001007,1216.5,339.7,4,50,PSR-08,2,8
2025-10-07T14:14:00Z,WriteSensor,PS-0001008,1156.5,324.4,4,50,PSR-08,2,8
2025-10-07T14:16:00Z,WriteSensor,PS-0001009,1246.8,382.0,4,50,PSR-08,2,8
2025-10-07T14:18:00Z,WriteSensor,PS-0001010,1260.7,297.0,4,50,PSR-08,2,8
2025-10-07T14:20:00Z,WriteSensor,PS-0001011,1191.7,329.5,4,50,PSR-08,2,8
2025-10-07T14:22:00Z,WriteSensor,PS-0001012,1190.4,276.7,4,50,PSR-08,2,8
2025-10-07T14:24:00Z,WriteSensor,PS-0001013,1285.8,271.0,4,50,PSR-08,2,8
2025-10-07T14:26:00Z,WriteSensor,PS-0001014,1267.9,326.4,4,50,PSR-08,2,8
2025-10-07T14:28:00Z,WriteSensor,PS-0001015,1292.4,296.3,4,50,PSR-08,2,8
2025-10-07T14:30:00Z,WriteSensor,PS-0001016,1214.1,303.5,4,50,PSR-08,2,8
2025-10-07T14:32:00Z,WriteSensor,PS-0001017,1242.3,339.9,4,50,PSR-08,2,8
2025-10-07T14:34:00Z,WriteSensor,PS-0001018,1141.3,335.6,4,50,PSR-08,2,8
2025-10-07T14:36:00Z,WriteSensor,PS-0001019,1254.0,320.9,4,50,PSR-08,2,8
2025-10-07T14:38:00Z,WriteSensor,PS-0001020,1189.2,336.5,4,50,PSR-08,2,8
2025-10-07T14:40:00Z,WriteSensor,PS-0001021,1161.9,314.5,4,50,PSR-08,2,8
2025-10-07T14:42:00Z,WriteSensor,PS-0001022,1186.3,279.9,4,50,PSR-08,2,8
2025-10-07T14:44:00Z,WriteSensor,PS-0001023,1294.9,281.5,4,50,PSR-08,2,8
2025-10-07T14:46:00Z,WriteSensor,PS-0001024,1248.9,358.7,4,50,PSR-08,2,8
2025-10-07T14:48:00Z,WriteSensor,PS-0001025,1070.6,329.2,4,50,PSR-08,2,8
2025-10-07T14:50:00Z,WriteSensor,PS-0001026,1186.0,271.1,4,50,PSR-08,2,8
2025-10-07T14:52:00Z,WriteSensor,PS-0001027,1265.4,303.0,4,50,PSR-08,2,8
2025-10-07T14:54:00Z,WriteSensor,PS-0001028,1247.6,311.0,4,50,PSR-08,2,8
2025-10-07T14:56:00Z,WriteSensor,PS-0001029,1233.9,368.5,4,50,PSR-08,2,8
2025-10-07T14:58:00Z,WriteSensor,PS-0001030,1172.8,340.3,4,50,PSR-08,2,8
2025-10-07T15:00:00Z,WriteSensor,PS-0001031,1202.6,277.0,4,50,PSR-08,2,8
2025-10-07T15:02:00Z,WriteSensor,PS-0001032,1278.2,355.7,4,50,PSR-08,2,8
2025-10-07T15:04:00Z,WriteSensor,PS-0001033,1202.3,351.5,4,50,PSR-08,2,8
2025-10-07T15:06:00Z,WriteSensor,PS-0001034,1189.6,315.8,4,50,PSR-08,2,8
2025-10-07T15:08:00Z,WriteSensor,PS-0001035,1137.6,264.5,4,50,PSR-08,2,8
2025-10-07T15:10:00Z,WriteSensor,PS-0001036,1148.4,342.6,4,50,PSR-08,2,8
2025-10-07T15:12:00Z,WriteSensor,PS-0001037,1306.7,327.8,4,50,PSR-08,2,8
2025-10-07T15:14:00Z,WriteSensor,PS-0001038,1230.1,326.9,4,50,PSR-08,2,8
2025-10-07T15:16:00Z,WriteSensor,PS-0001039,1175.0,314.1,4,50,PSR-08,2,8
2025-10-07T15:18:00Z,WriteSensor,PS-0001040,1189.4,322.5,4,50,PSR-08,2,8
2025-10-07T16:00:00Z,WriteSensor,PS-0001041,1040.9,311.9,16,50,PSR-09,3,9
2025-10-07T16:02:00Z,WriteSensor,PS-0001042,1081.6,352.4,16,50,PSR-09,3,9
2025-10-07T16:04:00Z,WriteSensor,PS-0001043,1124.4,366.4,16,50,PSR-09,3,9
2025-10-07T16:06:00Z,WriteSensor,PS-0001044,932.0,310.0,16,50,PSR-09,3,9
2025-10-07T16:08:00Z,WriteSensor,PS-0001045,1018.7,356.1,16,50,PSR-09,3,9
2025-10-07T16:10:00Z,WriteSensor,PS-0001046,1017.7,321.8,16,50,PSR-09,3,9
2025-10-07T16:12:00Z,WriteSensor,PS-0001047,999.9,255.2,16,50,PSR-09,3,9
2025-10-07T16:14:00Z,WriteSensor,PS-0001048,1004.0,295.3,16,50,PSR-09,3,9
2025-10-07T16:16:00Z,WriteSensor,PS-0001049,1042.1,357.3,16,50,PSR-09,3,9
2025-10-07T16:18:00Z,WriteSensor,PS-0001050,1149.1,330.9,16,50,PSR-09,3,9
2025-10-07T16:20:00Z,WriteSensor,PS-0001051,1035.6,290.3,16,50,PSR-09,3,9
2025-10-07T16:22:00Z,WriteSensor,PS-0001052,1085.8,281.2,16,50,PSR-09,3,9
2025-10-07T16:24:00Z,WriteSensor,PS-0001053,1049.2,342.3,16,50,PSR-09,3,9
2025-10-07T16:26:00Z,WriteSensor,PS-0001054,1040.5,312.7,16,50,PSR-09,3,9
2025-10-07T16:28:00Z,WriteSensor,PS-0001055,1026.0,347.5,16,50,PSR-09,3,9
2025-10-07T16:30:00Z,WriteSensor,PS-0001056,1078.2,307.9,16,50,PSR-09,3,9
2025-10-07T16:32:00Z,WriteSensor,PS-0001057,1011.6,278.6,16,50,PSR-09,3,9
2025-10-07T16:34:00Z,WriteSensor,PS-0001058,1104.9,288.9,16,50,PSR-09,3,9
2025-10-07T16:36:00Z,WriteSensor,PS-0001059,1005.1,313.5,16,50,PSR-09,3,9
2025-10-07T16:38:00Z,WriteSensor,PS-0001060,1006.1,353.1,16,50,PSR-09,3,9
2025-10-07T16:40:00Z,WriteSensor,PS-0001061,1098.7,380.6,16,50,PSR-09,3,9
2025-10-07T16:42:00Z,WriteSensor,PS-0001062,1113.9,312.4,16,50,PSR-09,3,9
2025-10-07T16:44:00Z,WriteSensor,PS-0001063,954.9,299.1,16,50,PSR-09,3,9
2025-10-07T16:46:00Z,WriteSensor,PS-0001064,1054.7,267.9,16,50,PSR-09,3,9
2025-10-07T16:48:00Z,WriteSensor,PS-0001065,919.9,281.2,16,50,PSR-09,3,9
2025-10-07T16:50:00Z,WriteSensor,PS-0001066,1034.8,370.0,16,50,PSR-09,3,9
2025-10-07T16:52:00Z,WriteSensor,PS-0001067,1121.0,361.0,16,50,PSR-09,3,9
2025-10-07T16:54:00Z,WriteSensor,PS-0001068,1042.1,313.4,16,50,PSR-09,3,9
2025-10-07T16:56:00Z,WriteSensor,PS-0001069,1047.4,331.3,16,50,PSR-09,3,9
2025-10-07T16:58:00Z,WriteSensor,PS-0001070,1001.6,339.8,16,50,PSR-09,3,9
2025-10-07T17:00:00Z,WriteSensor,PS-0001071,1024.5,335.0,16,50,PSR-09,3,9
2025-10-07T17:02:00Z,WriteSensor,PS-0001072,1068.1,304.0,16,50,PSR-09,3,9
2025-10-07T17:04:00Z,WriteSensor,PS-0001073,1057.3,309.5,16,50,PSR-09,3,9
2025-10-07T17:06:00Z,WriteSensor,PS-0001074,1079.2,334.4,16,50,PSR-09,3,9
2025-10-07T17:08:00Z,WriteSensor,PS-0001075,1110.6,362.6,16,50,PSR-09,3,9
2025-10-07T17:10:00Z,WriteSensor,PS-0001076,992.4,302.9,16,50,PSR-09,3,9
2025-10-07T17:12:00Z,WriteSensor,PS-0001077,1008.1,358.8,16,50,PSR-09,3,9
2025-10-07T17:14:00Z,WriteSensor,PS-0001078,1084.4,329.0,16,50,PSR-09,3,9
2025-10-07T17:16:00Z,WriteSensor,PS-0001079,1054.4,373.4,16,50,PSR-09,3,9
2025-10-07T17:18:00Z,WriteSensor,PS-0001080,982.0,315.6,16,50,PSR-09,3,9
2025-10-07T17:20:00Z,WriteSensor,PS-0001081,904.4,337.1,16,50,PSR-09,3,9
2025-10-07T17:22:00Z,WriteSensor,PS-0001082,1049.9,312.7,16,50,PSR-09,3,9
2025-10-07T17:24:00Z,WriteSensor,PS-0001083,1106.2,321.5,16,50,PSR-09,3,9
2025-10-07T17:26:00Z,WriteSensor,PS-0001084,1093.0,368.2,16,50,PSR-09,3,9
2025-10-07T17:28:00Z,WriteSensor,PS-0001085,927.4,347.7,16,50,PSR-09,3,9
2025-10-07T17:30:00Z,WriteSensor,PS-0001086,988.0,332.9,16,50,PSR-09,3,9
2025-10-07T17:32:00Z,WriteSensor,PS-0001087,1054.2,355.1,16,50,PSR-09,3,9
2025-10-07T17:34:00Z,WriteSensor,PS-0001088,1094.0,291.4,16,50,PSR-09,3,9
2025-10-07T17:36:00Z,WriteSensor,PS-0001089,1081.4,362.7,16,50,PSR-09,3,9
2025-10-07T17:38:00Z,WriteSensor,PS-0001090,1017.1,283.0,16,50,PSR-09,3,9
2025-10-07T17:40:00Z,WriteSensor,PS-0001091,1065.0,354.7,16,50,PSR-09,3,9
2025-10-07T17:42:00Z,WriteSensor,PS-0001092,1018.4,330.4,16,50,PSR-09,3,9
2025-10-07T17:44:00Z,WriteSensor,PS-0001093,1054.7,326.4,16,50,PSR-09,3,9
2025-10-07T17:46:00Z,WriteSensor,PS-0001094,983.6,351.1,16,50,PSR-09,3,9
2025-10-07T17:48:00Z,WriteSensor,PS-0001095,951.4,369.2,16,50,PSR-09,3,9
2025-10-07T17:50:00Z,WriteSensor,PS-0001096,1149.4,298.7,16,50,PSR-09,3,9
2025-10-07T17:52:00Z,WriteSensor,PS-0001097,1145.5,356.6,16,50,PSR-09,3,9
2025-10-07T17:54:00Z,WriteSensor,PS-0001098,1105.0,312.6,16,50,PSR-09,3,9
2025-10-07T17:56:00Z,WriteSensor,PS-0001099,999.2,338.0,16,50,PSR-09,3,9
2025-10-07T17:58:00Z,WriteSensor,PS-0001100,1029.2,333.2,16,50,PSR-09,3,9
2025-10-07T18:00:00Z,WriteSensor,PS-0001101,1143.1,336.0,16,50,PSR-09,3,9
2025-10-07T18:02:00Z,WriteSensor,PS-0001102,988.8,311.5,16,50,PSR-09,3,9
2025-10-07T18:04:00Z,WriteSensor,PS-0001103,925.7,341.1,16,50,PSR-09,3,9
2025-10-07T18:06:00Z,WriteSensor,PS-0001104,963.4,339.7,16,50,PSR-09,3,9
2025-10-07T18:08:00Z,WriteSensor,PS-0001105,1075.2,391.3,16,50,PSR-09,3,9
2025-10-07T18:10:00Z,WriteSensor,PS-0001106,1136.1,340.3,16,50,PSR-09,3,9
2025-10-07T18:12:00Z,WriteSensor,PS-0001107,1088.7,330.4,16,50,PSR-09,3,9
2025-10-07T18:14:00Z,WriteSensor,PS-0001108,1106.9,302.5,16,50,PSR-09,3,9
2025-10-07T18:16:00Z,WriteSensor,PS-0001109,1000.2,286.1,16,50,PSR-09,3,9
2025-10-07T18:18:00Z,WriteSensor,PS-0001110,1030.4,353.1,16,50,PSR-09,3,9
2025-10-07T18:20:00Z,WriteSensor,PS-0001111,1032.3,337.2,16,50,PSR-09,3,9
2025-10-07T18:22:00Z,WriteSensor,PS-0001112,1107.5,278.9,16,50,PSR-09,3,9
2025-10-07T18:24:00Z,WriteSensor,PS-0001113,934.4,292.5,16,50,PSR-09,3,9
2025-10-07T18:26:00Z,WriteSensor,PS-0001114,1004.1,355.0,16,50,PSR-09,3,9
2025-10-07T18:28:00Z,WriteSensor,PS-0001115,887.4,335.5,16,50,PSR-09,3,9
2025-10-07T18:30:00Z,WriteSensor,PS-0001116,1024.9,361.0,16,50,PSR-09,3,9
2025-10-07T18:32:00Z,WriteSensor,PS-0001117,1077.2,368.7,16,50,PSR-09,3,9
2025-10-07T18:34:00Z,WriteSensor,PS-0001118,891.4,345.1,16,50,PSR-09,3,9
2025-10-07T18:36:00Z,WriteSensor,PS-0001119,1022.8,378.1,16,50,PSR-09,3,9
2025-10-07T18:38:00Z,WriteSensor,PS-0001120,1085.2,310.1,16,50,PSR-09,3,9
2025-10-07T18:40:00Z,WriteSensor,PS-0001121,1105.9,324.2,16,50,PSR-09,3,9
2025-10-07T18:42:00Z,WriteSensor,PS-0001122,1012.7,387.8,16,50,PSR-09,3,9
2025-10-07T18:44:00Z,WriteSensor,PS-0001123,1080.4,305.0,16,50,PSR-09,3,9
2025-10-07T18:46:00Z,WriteSensor,PS-0001124,963.7,323.3,16,50,PSR-09,3,9
2025-10-07T18:48:00Z,WriteSensor,PS-0001125,983.3,341.0,16,50,PSR-09,3,9
2025-10-07T18:50:00Z,WriteSensor,PS-0001126,1009.9,303.9,16,50,PSR-09,3,9
2025-10-07T18:52:00Z,WriteSensor,PS-0001127,1108.9,309.2,16,50,PSR-09,3,9
2025-10-07T18:54:00Z,WriteSensor,PS-0001128,995.7,335.1,16,50,PSR-09,3,9
2025-10-07T18:56:00Z,WriteSensor,PS-0001129,1048.8,319.3,16,50,PSR-09,3,9
2025-10-07T18:58:00Z,WriteSensor,PS-0001130,1079.3,312.6,16,50,PSR-09,3,9
2025-10-07T19:00:00Z,WriteSensor,PS-0001131,1013.1,293.3,16,50,PSR-09,3,9
2025-10-07T19:02:00Z,WriteSensor,PS-0001132,937.4,332.4,16,50,PSR-09,3,9
2025-10-07T19:04:00Z,WriteSensor,PS-0001133,1084.6,331.8,16,50,PSR-09,3,9
2025-10-07T19:06:00Z,WriteSensor,PS-0001134,1090.1,337.5,16,50,PSR-09,3,9
2025-10-07T19:08:00Z,WriteSensor,PS-0001135,988.8,303.1,16,50,PSR-09,3,9
2025-10-07T19:10:00Z,WriteSensor,PS-0001136,978.7,308.1,16,50,PSR-09,3,9
2025-10-07T19:12:00Z,WriteSensor,PS-0001137,1121.4,303.7,16,50,PSR-09,3,9
2025-10-07T19:14:00Z,WriteSensor,PS-0001138,1019.8,278.0,16,50,PSR-09,3,9
2025-10-07T19:16:00Z,WriteSensor,PS-0001139,1122.0,310.2,16,50,PSR-09,3,9
2025-10-07T19:18:00Z,WriteSensor,PS-0001140,933.9,328.4,16,50,PSR-09,3,9
2025-10-07T19:20:00Z,WriteSensor,PS-0001141,1039.9,314.7,16,50,PSR-09,3,9
2025-10-07T19:22:00Z,WriteSensor,PS-0001142,1037.8,352.6,16,50,PSR-09,3,9
2025-10-07T19:24:00Z,WriteSensor,PS-0001143,1122.8,259.8,16,50,PSR-09,3,9
2025-10-07T19:26:00Z,WriteSensor,PS-0001144,1066.4,282.3,16,50,PSR-09,3,9
2025-10-07T19:28:00Z,WriteSensor,PS-0001145,1089.5,356.7,16,50,PSR-09,3,9
2025-10-07T19:30:00Z,WriteSensor,PS-0001146,1031.9,293.4,16,50,PSR-09,3,9
2025-10-07T19:32:00Z,WriteSensor,PS-0001147,1095.6,317.0,16,50,PSR-09,3,9
2025-10-07T19:34:00Z,WriteSensor,PS-0001148,1031.7,328.8,16,50,PSR-09,3,9
2025-10-07T19:36:00Z,WriteSensor,PS-0001149,1023.0,313.2,16,50,PSR-09,3,9
2025-10-07T19:38:00Z,WriteSensor,PS-0001150,1047.8,345.7,16,50,PSR-09,3,9
2025-10-07T19:40:00Z,WriteSensor,PS-0001151,1005.0,352.6,16,50,PSR-09,3,9
2025-10-07T19:42:00Z,WriteSensor,PS-0001152,1098.9,296.0,16,50,PSR-09,3,9
2025-10-07T19:44:00Z,WriteSensor,PS-0001153,1098.0,363.9,16,50,PSR-09,3,9
2025-10-07T19:46:00Z,WriteSensor,PS-0001154,926.8,323.4,16,50,PSR-09,3,9
2025-10-07T19:48:00Z,WriteSensor,PS-0001155,1133.1,336.2,16,50,PSR-09,3,9
2025-10-07T19:50:00Z,WriteSensor,PS-0001156,1151.5,343.2,16,50,PSR-09,3,9
2025-10-07T19:52:00Z,WriteSensor,PS-0001157,1099.2,303.1,16,50,PSR-09,3,9
2025-10-07T19:54:00Z,WriteSensor,PS-0001158,1094.0,302.4,16,50,PSR-09,3,9
2025-10-07T19:56:00Z,WriteSensor,PS-0001159,1019.7,356.4,16,50,PSR-09,3,9
2025-10-07T19:58:00Z,WriteSensor,PS-0001160,1031.1,331.4,16,50,PSR-09,3,9
2025-10-07T20:00:00Z,WriteSensor,PS-0001161,1091.4,335.1,16,50,PSR-09,3,9
2025-10-07T20:02:00Z,WriteSensor,PS-0001162,989.9,317.1,16,50,PSR-09,3,9
2025-10-07T20:04:00Z,WriteSensor,PS-0001163,980.8,401.6,16,50,PSR-09,3,9
2025-10-07T20:06:00Z,WriteSensor,PS-0001164,1111.2,318.9,16,50,PSR-09,3,9
2025-10-07T20:08:00Z,WriteSensor,PS-0001165,1063.5,283.4,16,50,PSR-09,3,9
2025-10-07T20:10:00Z,WriteSensor,PS-0001166,1077.3,356.5,16,50,PSR-09,3,9
2025-10-07T20:12:00Z,WriteSensor,PS-0001167,1098.4,325.5,16,50,PSR-09,3,9
2025-10-07T20:14:00Z,WriteSensor,PS-0001168,1078.8,291.5,16,50,PSR-09,3,9
2025-10-07T20:16:00Z,WriteSensor,PS-0001169,974.9,347.5,16,50,PSR-09,3,9
2025-10-07T20:18:00Z,WriteSensor,PS-0001170,1031.4,334.1,16,50,PSR-09,3,9
2025-10-07T21:00:00Z,WriteSensor,PS-0001171,742.7,314.3,32,50,PSR-10,3,10
2025-10-07T21:02:00Z,WriteSensor,PS-0001172,732.4,324.0,32,50,PSR-10,3,10
2025-10-07T21:04:00Z,WriteSensor,PS-0001173,726.9,293.2,32,50,PSR-10,3,10
2025-10-07T21:06:00Z,WriteSensor,PS-0001174,812.2,338.5,32,50,PSR-10,3,10
2025-10-07T21:08:00Z,WriteSensor,PS-0001175,753.5,324.3,32,50,PSR-10,3,10
2025-10-07T21:10:00Z,WriteSensor,PS-0001176,772.0,313.0,32,50,PSR-10,3,10
2025-10-07T21:12:00Z,WriteSensor,PS-0001177,692.0,288.4,32,50,PSR-10,3,10
2025-10-07T21:14:00Z,WriteSensor,PS-0001178,817.6,301.5,32,50,PSR-10,3,10
2025-10-07T21:16:00Z,WriteSensor,PS-0001179,787.3,327.4,32,50,PSR-10,3,10
2025-10-07T21:18:00Z,WriteSensor,PS-0001180,761.3,298.3,32,50,PSR-10,3,10
2025-10-07T21:20:00Z,WriteSensor,PS-0001181,698.1,311.5,32,50,PSR-10,3,10
2025-10-07T21:22:00Z,WriteSensor,PS-0001182,748.8,299.0,32,50,PSR-10,3,10
2025-10-07T21:24:00Z,WriteSensor,PS-0001183,705.4,290.8,32,50,PSR-10,3,10
2025-10-07T21:26:00Z,WriteSensor,PS-0001184,813.7,295.9,32,50,PSR-10,3,10
2025-10-07T21:28:00Z,WriteSensor,PS-0001185,734.1,352.3,32,50,PSR-10,3,10
2025-10-07T21:30:00Z,WriteSensor,PS-0001186,695.7,303.8,32,50,PSR-10,3,10
2025-10-07T21:32:00Z,WriteSensor,PS-0001187,727.5,308.6,32,50,PSR-10,3,10
2025-10-07T21:34:00Z,WriteSensor,PS-0001188,809.0,305.6,32,50,PSR-10,3,10
2025-10-07T21:36:00Z,WriteSensor,PS-0001189,873.6,318.8,32,50,PSR-10,3,10
2025-10-07T21:38:00Z,WriteSensor,PS-0001190,651.5,345.1,32,50,PSR-10,3,10
2025-10-07T21:40:00Z,WriteSensor,PS-0001191,830.9,284.0,32,50,PSR-10,3,10
2025-10-07T21:42:00Z,WriteSensor,PS-0001192,680.1,283.9,32,50,PSR-10,3,10
2025-10-07T21:44:00Z,WriteSensor,PS-0001193,754.6,297.4,32,50,PSR-10,3,10
2025-10-07T21:46:00Z,WriteSensor,PS-0001194,779.6,319.3,32,50,PSR-10,3,10
2025-10-07T21:48:00Z,WriteSensor,PS-0001195,851.0,270.6,32,50,PSR-10,3,10
2025-10-07T21:50:00Z,WriteSensor,PS-0001196,813.0,287.6,32,50,PSR-10,3,10
2025-10-07T21:52:00Z,WriteSensor,PS-0001197,778.4,356.8,32,50,PSR-10,3,10
2025-10-07T21:54:00Z,WriteSensor,PS-0001198,748.4,369.8,32,50,PSR-10,3,10
2025-10-07T21:56:00Z,WriteSensor,PS-0001199,760.9,348.9,32,50,PSR-10,3,10
2025-10-07T21:58:00Z,WriteSensor,PS-0001200,728.5,344.2,32,50,PSR-10,3,10
2025-10-07T22:00:00Z,WriteSensor,PS-0001201,865.7,319.8,32,50,PSR-10,3,10
2025-10-07T22:02:00Z,WriteSensor,PS-0001202,775.1,317.1,32,50,PSR-10,3,10
2025-10-07T22:04:00Z,WriteSensor,PS-0001203,706.6,346.3,32,50,PSR-10,3,10
2025-10-07T22:06:00Z,WriteSensor,PS-0001204,796.2,302.3,32,50,PSR-10,3,10
2025-10-07T22:08:00Z,WriteSensor,PS-0001205,770.8,344.6,32,50,PSR-10,3,10
2025-10-07T22:10:00Z,WriteSensor,PS-0001206,865.4,279.0,32,50,PSR-10,3,10
2025-10-07T22:12:00Z,WriteSensor,PS-0001207,754.2,307.7,32,50,PSR-10,3,10
2025-10-07T22:14:00Z,WriteSensor,PS-0001208,727.9,310.1,32,50,PSR-10,3,10
2025-10-07T22:16:00Z,WriteSensor,PS-0001209,799.1,332.6,32,50,PSR-10,3,10
2025-10-07T22:18:00Z,WriteSensor,PS-0001210,807.9,334.8,32,50,PSR-10,3,10
2025-10-07T22:20:00Z,WriteSensor,PS-0001211,893.2,357.1,32,50,PSR-10,3,10
2025-10-07T22:22:00Z,WriteSensor,PS-0001212,761.1,279.9,32,50,PSR-10,3,10
2025-10-07T22:24:00Z,WriteSensor,PS-0001213,840.7,301.4,32,50,PSR-10,3,10
2025-10-07T22:26:00Z,WriteSensor,PS-0001214,742.2,320.7,32,50,PSR-10,3,10
2025-10-07T22:28:00Z,WriteSensor,PS-0001215,810.8,347.2,32,50,PSR-10,3,10
2025-10-07T22:30:00Z,WriteSensor,PS-0001216,758.5,345.8,32,50,PSR-10,3,10
2025-10-07T22:32:00Z,WriteSensor,PS-0001217,855.6,343.5,32,50,PSR-10,3,10
2025-10-07T22:34:00Z,WriteSensor,PS-0001218,850.4,321.5,32,50,PSR-10,3,10
2025-10-07T22:36:00Z,WriteSensor,PS-0001219,865.3,269.4,32,50,PSR-10,3,10
2025-10-07T22:38:00Z,WriteSensor,PS-0001220,793.4,313.3,32,50,PSR-10,3,10
2025-10-07T22:40:00Z,WriteSensor,PS-0001221,916.4,308.1,32,50,PSR-10,3,10
2025-10-07T22:42:00Z,WriteSensor,PS-0001222,721.0,288.1,32,50,PSR-10,3,10
2025-10-07T22:44:00Z,WriteSensor,PS-0001223,773.9,304.8,32,50,PSR-10,3,10
2025-10-07T22:46:00Z,WriteSensor,PS-0001224,875.3,317.1,32,50,PSR-10,3,10
2025-10-07T22:48:00Z,WriteSensor,PS-0001225,720.8,333.2,32,50,PSR-10,3,10
2025-10-07T22:50:00Z,WriteSensor,PS-0001226,818.8,305.7,32,50,PSR-10,3,10
2025-10-07T22:52:00Z,WriteSensor,PS-0001227,782.3,339.3,32,50,PSR-10,3,10
2025-10-07T22:54:00Z,WriteSensor,PS-0001228,736.9,336.5,32,50,PSR-10,3,10
2025-10-07T22:56:00Z,WriteSensor,PS-0001229,797.3,345.5,32,50,PSR-10,3,10
2025-10-07T22:58:00Z,WriteSensor,PS-0001230,761.3,285.2,32,50,PSR-10,3,10
2025-10-07T23:00:00Z,WriteSensor,PS-0001231,692.2,334.5,32,50,PSR-10,3,10
2025-10-07T23:02:00Z,WriteSensor,PS-0001232,686.1,278.3,32,50,PSR-10,3,10
2025-10-07T23:04:00Z,WriteSensor,PS-0001233,776.9,313.7,32,50,PSR-10,3,10
2025-10-07T23:06:00Z,WriteSensor,PS-0001234,777.6,350.7,32,50,PSR-10,3,10
2025-10-07T23:08:00Z,WriteSensor,PS-0001235,693.1,322.3,32,50,PSR-10,3,10
2025-10-07T23:10:00Z,WriteSensor,PS-0001236,731.2,383.0,32,50,PSR-10,3,10
2025-10-07T23:12:00Z,WriteSensor,PS-0001237,929.8,332.7,32,50,PSR-10,3,10
2025-10-07T23:14:00Z,WriteSensor,PS-0001238,771.3,314.0,32,50,PSR-10,3,10
2025-10-07T23:16:00Z,WriteSensor,PS-0001239,779.7,328.9,32,50,PSR-10,3,10
2025-10-07T23:18:00Z,WriteSensor,PS-0001240,769.4,241.4,32,50,PSR-10,3,10
2025-10-07T23:20:00Z,WriteSensor,PS-0001241,816.4,315.3,32,50,PSR-10,3,10
2025-10-07T23:22:00Z,WriteSensor,PS-0001242,749.3,300.4,32,50,PSR-10,3,10
2025-10-07T23:24:00Z,WriteSensor,PS-0001243,799.5,340.1,32,50,PSR-10,3,10
2025-10-07T23:26:00Z,WriteSensor,PS-0001244,680.7,298.2,32,50,PSR-10,3,10
2025-10-07T23:28:00Z,WriteSensor,PS-0001245,863.4,304.8,32,50,PSR-10,3,10
2025-10-07T23:30:00Z,WriteSensor,PS-0001246,891.0,286.2,32,50,PSR-10,3,10
2025-10-07T23:32:00Z,WriteSensor,PS-0001247,712.9,297.4,32,50,PSR-10,3,10
2025-10-07T23:34:00Z,WriteSensor,PS-0001248,807.4,296.1,32,50,PSR-10,3,10
2025-10-07T23:36:00Z,WriteSensor,PS-0001249,811.1,333.5,32,50,PSR-10,3,10
2025-10-07T23:38:00Z,WriteSensor,PS-0001250,689.5,302.7,32,50,PSR-10,3,10
2025-10-07T23:40:00Z,WriteSensor,PS-0001251,749.9,333.5,32,50,PSR-10,3,10
2025-10-07T23:42:00Z,WriteSensor,PS-0001252,782.3,348.6,32,50,PSR-10,3,10
2025-10-07T23:44:00Z,WriteSensor,PS-0001253,701.0,389.2,32,50,PSR-10,3,10
2025-10-07T23:46:00Z,WriteSensor,PS-0001254,740.8,317.9,32,50,PSR-10,3,10
2025-10-07T23:48:00Z,WriteSensor,PS-0001255,773.6,304.0,32,50,PSR-10,3,10
2025-10-07T23:50:00Z,WriteSensor,PS-0001256,678.5,340.6,32,50,PSR-10,3,10
2025-10-07T23:52:00Z,WriteSensor,PS-0001257,761.0,299.0,32,50,PSR-10,3,10
2025-10-07T23:54:00Z,WriteSensor,PS-0001258,819.6,295.8,32,50,PSR-10,3,10
2025-10-07T23:56:00Z,WriteSensor,PS-0001259,910.8,340.0,32,50,PSR-10,3,10
2025-10-07T23:58:00Z,WriteSensor,PS-0001260,736.1,337.5,32,50,PSR-10,3,10
2025-10-08T00:00:00Z,WriteSensor,PS-0001261,805.2,324.9,32,50,PSR-10,3,10
2025-10-08T00:02:00Z,WriteSensor,PS-0001262,760.4,319.1,32,50,PSR-10,3,10
2025-10-08T00:04:00Z,WriteSensor,PS-0001263,850.9,342.4,32,50,PSR-10,3,10
2025-10-08T00:06:00Z,WriteSensor,PS-0001264,804.4,329.1,32,50,PSR-10,3,10
2025-10-08T00:08:00Z,WriteSensor,PS-0001265,743.0,288.2,32,50,PSR-10,3,10
2025-10-08T00:10:00Z,WriteSensor,PS-0001266,791.8,321.0,32,50,PSR-10,3,10
2025-10-08T00:12:00Z,WriteSensor,PS-0001267,840.5,317.6,32,50,PSR-10,3,10
2025-10-08T00:14:00Z,WriteSensor,PS-0001268,771.7,341.9,32,50,PSR-10,3,10
2025-10-08T00:16:00Z,WriteSensor,PS-0001269,923.6,328.7,32,50,PSR-10,3,10
2025-10-08T00:18:00Z,WriteSensor,PS-0001270,687.4,304.6,32,50,PSR-10,3,10
2025-10-08T00:20:00Z,WriteSensor,PS-0001271,832.3,303.8,32,50,PSR-10,3,10
2025-10-08T00:22:00Z,WriteSensor,PS-0001272,716.9,365.8,32,50,PSR-10,3,10
2025-10-08T00:24:00Z,WriteSensor,PS-0001273,789.2,330.0,32,50,PSR-10,3,10
2025-10-08T00:26:00Z,WriteSensor,PS-0001274,691.9,321.8,32,50,PSR-10,3,10
2025-10-08T00:28:00Z,WriteSensor,PS-0001275,807.3,306.6,32,50,PSR-10,3,10
2025-10-08T00:30:00Z,WriteSensor,PS-0001276,770.4,372.7,32,50,PSR-10,3,10
2025-10-08T00:32:00Z,WriteSensor,PS-0001277,787.4,308.9,32,50,PSR-10,3,10
2025-10-08T00:34:00Z,WriteSensor,PS-0001278,868.8,321.5,32,50,PSR-10,3,10
2025-10-08T00:36:00Z,WriteSensor,PS-0001279,731.2,299.3,32,50,PSR-10,3,10
2025-10-08T00:38:00Z,WriteSensor,PS-0001280,716.1,314.7,32,50,PSR-10,3,10
2025-10-08T00:40:00Z,WriteSensor,PS-0001281,873.3,343.8,32,50,PSR-10,3,10
2025-10-08T00:42:00Z,WriteSensor,PS-0001282,907.9,337.4,32,50,PSR-10,3,10
2025-10-08T00:44:00Z,WriteSensor,PS-0001283,755.5,288.4,32,50,PSR-10,3,10
2025-10-08T00:46:00Z,WriteSensor,PS-0001284,851.5,323.2,32,50,PSR-10,3,10
2025-10-08T00:48:00Z,WriteSensor,PS-0001285,741.4,363.3,32,50,PSR-10,3,10
2025-10-08T00:50:00Z,WriteSensor,PS-0001286,826.5,327.2,32,50,PSR-10,3,10
2025-10-08T00:52:00Z,WriteSensor,PS-0001287,966.2,293.9,32,50,PSR-10,3,10
2025-10-08T00:54:00Z,WriteSensor,PS-0001288,781.6,286.8,32,50,PSR-10,3,10
2025-10-08T00:56:00Z,WriteSensor,PS-0001289,745.0,291.6,32,50,PSR-10,3,10
2025-10-08T00:58:00Z,WriteSensor,PS-0001290,724.2,298.6,32,50,PSR-10,3,10
2025-10-08T01:00:00Z,WriteSensor,PS-0001291,738.8,341.1,32,50,PSR-10,3,10
2025-10-08T01:02:00Z,WriteSensor,PS-0001292,795.6,332.4,32,50,PSR-10,3,10
2025-10-08T01:04:00Z,WriteSensor,PS-0001293,807.2,318.8,32,50,PSR-10,3,10
2025-10-08T01:06:00Z,WriteSensor,PS-0001294,878.7,335.6,32,50,PSR-10,3,10
2025-10-08T01:08:00Z,WriteSensor,PS-0001295,838.8,333.9,32,50,PSR-10,3,10
2025-10-08T01:10:00Z,WriteSensor,PS-0001296,830.0,346.9,32,50,PSR-10,3,10
2025-10-08T01:12:00Z,WriteSensor,PS-0001297,781.8,337.5,32,50,PSR-10,3,10
2025-10-08T01:14:00Z,WriteSensor,PS-0001298,748.3,293.1,32,50,PSR-10,3,10
2025-10-08T01:16:00Z,WriteSensor,PS-0001299,731.4,344.7,32,50,PSR-10,3,10
2025-10-08T01:18:00Z,WriteSensor,PS-0001300,732.9,339.3,32,50,PSR-10,3,10
2025-10-08T02:00:00Z,WriteSensor,PS-0001301,1141.9,307.0,4,50,PSR-11,3,11
2025-10-08T02:02:00Z,WriteSensor,PS-0001302,1164.1,331.0,4,50,PSR-11,3,11
2025-10-08T02:04:00Z,WriteSensor,PS-0001303,1217.0,295.3,4,50,PSR-11,3,11
2025-10-08T02:06:00Z,WriteSensor,PS-0001304,1245.7,322.5,4,50,PSR-11,3,11
2025-10-08T02:08:00Z,WriteSensor,PS-0001305,1192.5,298.1,4,50,PSR-11,3,11
2025-10-08T02:10:00Z,WriteSensor,PS-0001306,1258.9,291.2,4,50,PSR-11,3,11
2025-10-08T02:12:00Z,WriteSensor,PS-0001307,1185.2,332.7,4,50,PSR-11,3,11
2025-10-08T02:14:00Z,WriteSensor,PS-0001308,1157.9,291.7,4,50,PSR-11,3,11
2025-10-08T02:16:00Z,WriteSensor,PS-0001309,1202.1,310.1,4,50,PSR-11,3,11
2025-10-08T02:18:00Z,WriteSensor,PS-0001310,1231.3,330.8,4,50,PSR-11,3,11
2025-10-08T02:20:00Z,WriteSensor,PS-0001311,1221.0,297.3,4,50,PSR-11,3,11
2025-10-08T02:22:00Z,WriteSensor,PS-0001312,1180.8,276.5,4,50,PSR-11,3,11
2025-10-08T02:24:00Z,WriteSensor,PS-0001313,1248.2,280.9,4,50,PSR-11,3,11
2025-10-08T02:26:00Z,WriteSensor,PS-0001314,1233.5,282.1,4,50,PSR-11,3,11
2025-10-08T02:28:00Z,WriteSensor,PS-0001315,1265.7,321.9,4,50,PSR-11,3,11
2025-10-08T02:30:00Z,WriteSensor,PS-0001316,1086.9,344.1,4,50,PSR-11,3,11
2025-10-08T02:32:00Z,WriteSensor,PS-0001317,1099.6,282.1,4,50,PSR-11,3,11
2025-10-08T02:34:00Z,WriteSensor,PS-0001318,1144.9,348.4,4,50,PSR-11,3,11
2025-10-08T02:36:00Z,WriteSensor,PS-0001319,1177.3,288.5,4,50,PSR-11,3,11
2025-10-08T02:38:00Z,WriteSensor,PS-0001320,1236.9,306.6,4,50,PSR-11,3,11
2025-10-08T02:40:00Z,WriteSensor,PS-0001321,1150.2,302.6,4,50,PSR-11,3,11
2025-10-08T02:42:00Z,WriteSensor,PS-0001322,1224.3,260.4,4,50,PSR-11,3,11
2025-10-08T02:44:00Z,WriteSensor,PS-0001323,1224.2,327.6,4,50,PSR-11,3,11
2025-10-08T02:46:00Z,WriteSensor,PS-0001324,1157.8,368.2,4,50,PSR-11,3,11
2025-10-08T02:48:00Z,WriteSensor,PS-0001325,1192.0,395.1,4,50,PSR-11,3,11
2025-10-08T02:50:00Z,WriteSensor,PS-0001326,1243.3,272.3,4,50,PSR-11,3,11
2025-10-08T02:52:00Z,WriteSensor,PS-0001327,1199.8,297.9,4,50,PSR-11,3,11
2025-10-08T02:54:00Z,WriteSensor,PS-0001328,1221.0,313.5,4,50,PSR-11,3,11
2025-10-08T02:56:00Z,WriteSensor,PS-0001329,1186.2,277.5,4,50,PSR-11,3,11
2025-10-08T02:58:00Z,WriteSensor,PS-0001330,1265.4,298.1,4,50,PSR-11,3,11
2025-10-08T03:00:00Z,WriteSensor,PS-0001331,1106.9,314.8,4,50,PSR-11,3,11
2025-10-08T03:02:00Z,WriteSensor,PS-0001332,1190.0,313.1,4,50,PSR-11,3,11
2025-10-08T03:04:00Z,WriteSensor,PS-0001333,1223.4,294.8,4,50,PSR-11,3,11
2025-10-08T03:06:00Z,WriteSensor,PS-0001334,1148.1,304.6,4,50,PSR-11,3,11
2025-10-08T03:08:00Z,WriteSensor,PS-0001335,1183.1,286.8,4,50,PSR-11,3,11
2025-10-08T03:10:00Z,WriteSensor,PS-0001336,1217.2,327.5,4,50,PSR-11,3,11
2025-10-08T03:12:00Z,WriteSensor,PS-0001337,1177.9,279.3,4,50,PSR-11,3,11
2025-10-08T03:14:00Z,WriteSensor,PS-0001338,1163.3,303.1,4,50,PSR-11,3,11
2025-10-08T03:16:00Z,WriteSensor,PS-0001339,1179.9,317.3,4,50,PSR-11,3,11
2025-10-08T03:18:00Z,WriteSensor,PS-0001340,1212.8,353.0,4,50,PSR-11,3,11
2025-10-08T03:20:00Z,WriteSensor,PS-0001341,1081.6,360.4,4,50,PSR-11,3,11
2025-10-08T03:22:00Z,WriteSensor,PS-0001342,1202.9,343.6,4,50,PSR-11,3,11
2025-10-08T03:24:00Z,WriteSensor,PS-0001343,1100.5,383.6,4,50,PSR-11,3,11
2025-10-08T03:26:00Z,WriteSensor,PS-0001344,1272.8,323.5,4,50,PSR-11,3,11
2025-10-08T03:28:00Z,WriteSensor,PS-0001345,1264.3,345.3,4,50,PSR-11,3,11
2025-10-08T03:30:00Z,WriteSensor,PS-0001346,1180.7,359.0,4,50,PSR-11,3,11
2025-10-08T03:32:00Z,WriteSensor,PS-0001347,1159.7,304.4,4,50,PSR-11,3,11
2025-10-08T03:34:00Z,WriteSensor,PS-0001348,1227.6,253.5,4,50,PSR-11,3,11
2025-10-08T03:36:00Z,WriteSensor,PS-0001349,1129.7,339.2,4,50,PSR-11,3,11
2025-10-08T03:38:00Z,WriteSensor,PS-0001350,1230.9,346.3,4,50,PSR-11,3,11
2025-10-08T03:40:00Z,WriteSensor,PS-0001351,1119.1,335.0,4,50,PSR-11,3,11
2025-10-08T03:42:00Z,WriteSensor,PS-0001352,1180.4,262.9,4,50,PSR-11,3,11
2025-10-08T03:44:00Z,WriteSensor,PS-0001353,1177.6,295.8,4,50,PSR-11,3,11
2025-10-08T03:46:00Z,WriteSensor,PS-0001354,1280.5,280.3,4,50,PSR-11,3,11
2025-10-08T03:48:00Z,WriteSensor,PS-0001355,1035.7,281.1,4,50,PSR-11,3,11
2025-10-08T03:50:00Z,WriteSensor,PS-0001356,1095.6,293.1,4,50,PSR-11,3,11
2025-10-08T03:52:00Z,WriteSensor,PS-0001357,1242.1,278.3,4,50,PSR-11,3,11
2025-10-08T03:54:00Z,WriteSensor,PS-0001358,1164.0,326.5,4,50,PSR-11,3,11
2025-10-08T03:56:00Z,WriteSensor,PS-0001359,1181.7,340.6,4,50,PSR-11,3,11
2025-10-08T03:58:00Z,WriteSensor,PS-0001360,1170.8,345.4,4,50,PSR-11,3,11
2025-10-08T04:00:00Z,WriteSensor,PS-0001361,1208.4,279.5,4,50,PSR-11,3,11
2025-10-08T04:02:00Z,WriteSensor,PS-0001362,1206.5,300.8,4,50,PSR-11,3,11
2025-10-08T04:04:00Z,WriteSensor,PS-0001363,1152.0,327.0,4,50,PSR-11,3,11
2025-10-08T04:06:00Z,WriteSensor,PS-0001364,1157.0,293.9,4,50,PSR-11,3,11
2025-10-08T04:08:00Z,WriteSensor,PS-0001365,1110.2,282.9,4,50,PSR-11,3,11
2025-10-08T04:10:00Z,WriteSensor,PS-0001366,1178.2,313.0,4,50,PSR-11,3,11
2025-10-08T04:12:00Z,WriteSensor,PS-0001367,1158.4,308.4,4,50,PSR-11,3,11
2025-10-08T04:14:00Z,WriteSensor,PS-0001368,1201.7,308.9,4,50,PSR-11,3,11
2025-10-08T04:16:00Z,WriteSensor,PS-0001369,1250.4,321.5,4,50,PSR-11,3,11
2025-10-08T04:18:00Z,WriteSensor,PS-0001370,1155.3,312.1,4,50,PSR-11,3,11
2025-10-08T04:20:00Z,WriteSensor,PS-0001371,1323.8,316.0,4,50,PSR-11,3,11
2025-10-08T04:22:00Z,WriteSensor,PS-0001372,1169.5,318.0,4,50,PSR-11,3,11
2025-10-08T04:24:00Z,WriteSensor,PS-0001373,1148.8,331.6,4,50,PSR-11,3,11
2025-10-08T04:26:00Z,WriteSensor,PS-0001374,1262.5,276.2,4,50,PSR-11,3,11
2025-10-08T04:28:00Z,WriteSensor,PS-0001375,1195.5,277.6,4,50,PSR-11,3,11
2025-10-08T04:30:00Z,WriteSensor,PS-0001376,1254.7,335.9,4,50,PSR-11,3,11
2025-10-08T04:32:00Z,WriteSensor,PS-0001377,1208.4,317.0,4,50,PSR-11,3,11
2025-10-08T04:34:00Z,WriteSensor,PS-0001378,1236.1,258.7,4,50,PSR-11,3,11
2025-10-08T04:36:00Z,WriteSensor,PS-0001379,1233.4,306.5,4,50,PSR-11,3,11
2025-10-08T04:38:00Z,WriteSensor,PS-0001380,1218.6,347.0,4,50,PSR-11,3,11
2025-10-08T04:40:00Z,WriteSensor,PS-0001381,1107.9,327.7,4,50,PSR-11,3,11
2025-10-08T04:42:00Z,WriteSensor,PS-0001382,1159.7,285.4,4,50,PSR-11,3,11
2025-10-08T04:44:00Z,WriteSensor,PS-0001383,1191.2,322.6,4,50,PSR-11,3,11
2025-10-08T04:46:00Z,WriteSensor,PS-0001384,1227.6,278.8,4,50,PSR-11,3,11
2025-10-08T04:48:00Z,WriteSensor,PS-0001385,1176.6,277.0,4,50,PSR-11,3,11
2025-10-08T04:50:00Z,WriteSensor,PS-0001386,1278.6,333.2,4,50,PSR-11,3,11
2025-10-08T04:52:00Z,WriteSensor,PS-0001387,1195.3,325.9,4,50,PSR-11,3,11
2025-10-08T04:54:00Z,WriteSensor,PS-0001388,1328.5,343.6,4,50,PSR-11,3,11
2025-10-08T04:56:00Z,WriteSensor,PS-0001389,1181.4,368.7,4,50,PSR-11,3,11
2025-10-08T04:58:00Z,WriteSensor,PS-0001390,1225.2,333.0,4,50,PSR-11,3,11
2025-10-08T05:00:00Z,WriteSensor,PS-0001391,1257.2,321.3,4,50,PSR-11,3,11
2025-10-08T05:02:00Z,WriteSensor,PS-0001392,1177.5,286.4,4,50,PSR-11,3,11
2025-10-08T05:04:00Z,WriteSensor,PS-0001393,1149.5,331.6,4,50,PSR-11,3,11
2025-10-08T05:06:00Z,WriteSensor,PS-0001394,1145.0,314.0,4,50,PSR-11,3,11
2025-10-08T05:08:00Z,WriteSensor,PS-0001395,1214.8,336.2,4,50,PSR-11,3,11
2025-10-08T05:10:00Z,WriteSensor,PS-0001396,1086.2,311.8,4,50,PSR-11,3,11
2025-10-08T05:12:00Z,WriteSensor,PS-0001397,1114.2,409.4,4,50,PSR-11,3,11
2025-10-08T05:14:00Z,WriteSensor,PS-0001398,1170.0,314.5,4,50,PSR-11,3,11
2025-10-08T05:16:00Z,WriteSensor,PS-0001399,1220.8,265.4,4,50,PSR-11,3,11
2025-10-08T05:18:00Z,WriteSensor,PS-0001400,1290.6,296.5,4,50,PSR-11,3,11
2025-10-08T05:20:00Z,WriteSensor,PS-0001401,1226.4,307.4,4,50,PSR-11,3,11
2025-10-08T05:22:00Z,WriteSensor,PS-0001402,1197.6,333.8,4,50,PSR-11,3,11
2025-10-08T05:24:00Z,WriteSensor,PS-0001403,1202.4,334.8,4,50,PSR-11,3,11
2025-10-08T05:26:00Z,WriteSensor,PS-0001404,1247.0,298.6,4,50,PSR-11,3,11
2025-10-08T05:28:00Z,WriteSensor,PS-0001405,1166.4,345.9,4,50,PSR-11,3,11
2025-10-08T05:30:00Z,WriteSensor,PS-0001406,1164.0,353.7,4,50,PSR-11,3,11
2025-10-08T05:32:00Z,WriteSensor,PS-0001407,1165.9,332.9,4,50,PSR-11,3,11
2025-10-08T05:34:00Z,WriteSensor,PS-0001408,1187.2,301.3,4,50,PSR-11,3,11
2025-10-08T05:36:00Z,WriteSensor,PS-0001409,1204.5,314.4,4,50,PSR-11,3,11
2025-10-08T05:38:00Z,WriteSensor,PS-0001410,1180.7,352.5,4,50,PSR-11,3,11
2025-10-08T05:40:00Z,WriteSensor,PS-0001411,1220.5,313.7,4,50,PSR-11,3,11
2025-10-08T05:42:00Z,WriteSensor,PS-0001412,1124.8,324.2,4,50,PSR-11,3,11
2025-10-08T05:44:00Z,WriteSensor,PS-0001413,1261.5,289.0,4,50,PSR-11,3,11
2025-10-08T05:46:00Z,WriteSensor,PS-0001414,1138.0,316.7,4,50,PSR-11,3,11
2025-10-08T05:48:00Z,WriteSensor,PS-0001415,1164.9,278.4,4,50,PSR-11,3,11
2025-10-08T05:50:00Z,WriteSensor,PS-0001416,1235.2,251.1,4,50,PSR-11,3,11
2025-10-08T05:52:00Z,WriteSensor,PS-0001417,1269.2,298.0,4,50,PSR-11,3,11
2025-10-08T05:54:00Z,WriteSensor,PS-0001418,1287.8,302.9,4,50,PSR-11,3,11
2025-10-08T05:56:00Z,WriteSensor,PS-0001419,1122.3,331.5,4,50,PSR-11,3,11
2025-10-08T05:58:00Z,WriteSensor,PS-0001420,1239.5,371.0,4,50,PSR-11,3,11
2025-10-08T06:00:00Z,WriteSensor,PS-0001421,1124.4,299.5,4,50,PSR-11,3,11
2025-10-08T06:02:00Z,WriteSensor,PS-0001422,1086.0,296.4,4,50,PSR-11,3,11
2025-10-08T06:04:00Z,WriteSensor,PS-0001423,1147.7,302.0,4,50,PSR-11,3,11
2025-10-08T06:06:00Z,WriteSensor,PS-0001424,1248.3,273.8,4,50,PSR-11,3,11
2025-10-08T06:08:00Z,WriteSensor,PS-0001425,1069.1,322.9,4,50,PSR-11,3,11
2025-10-08T06:10:00Z,WriteSensor,PS-0001426,1128.5,316.4,4,50,PSR-11,3,11
2025-10-08T06:12:00Z,WriteSensor,PS-0001427,1169.1,321.1,4,50,PSR-11,3,11
2025-10-08T06:14:00Z,WriteSensor,PS-0001428,1185.6,346.9,4,50,PSR-11,3,11
2025-10-08T06:16:00Z,WriteSensor,PS-0001429,1157.3,310.4,4,50,PSR-11,3,11
2025-10-08T06:18:00Z,WriteSensor,PS-0001430,1170.2,305.7,4,50,PSR-11,3,11
2025-10-08T07:00:00Z,WriteSensor,PS-0001431,1093.1,338.6,8,50,PSR-12,3,12
2025-10-08T07:02:00Z,WriteSensor,PS-0001432,1151.5,299.3,8,50,PSR-12,3,12
2025-10-08T07:04:00Z,WriteSensor,PS-0001433,1094.7,306.2,8,50,PSR-12,3,12
2025-10-08T07:06:00Z,WriteSensor,PS-0001434,1269.8,330.2,8,50,PSR-12,3,12
2025-10-08T07:08:00Z,WriteSensor,PS-0001435,1161.6,328.2,8,50,PSR-12,3,12
2025-10-08T07:10:00Z,WriteSensor,PS-0001436,1148.0,289.9,8,50,PSR-12,3,12
2025-10-08T07:12:00Z,WriteSensor,PS-0001437,1121.5,366.5,8,50,PSR-12,3,12
2025-10-08T07:14:00Z,WriteSensor,PS-0001438,1207.4,352.4,8,50,PSR-12,3,12
2025-10-08T07:16:00Z,WriteSensor,PS-0001439,1182.9,320.9,8,50,PSR-12,3,12
2025-10-08T07:18:00Z,WriteSensor,PS-0001440,1191.1,372.6,8,50,PSR-12,3,12
2025-10-08T07:20:00Z,WriteSensor,PS-0001441,1093.1,293.4,8,50,PSR-12,3,12
2025-10-08T07:22:00Z,WriteSensor,PS-0001442,1224.0,360.5,8,50,PSR-12,3,12
2025-10-08T07:24:00Z,WriteSensor,PS-0001443,1077.3,340.0,8,50,PSR-12,3,12
2025-10-08T07:26:00Z,WriteSensor,PS-0001444,1178.2,340.7,8,50,PSR-12,3,12
2025-10-08T07:28:00Z,WriteSensor,PS-0001445,1152.7,302.2,8,50,PSR-12,3,12
2025-10-08T07:30:00Z,WriteSensor,PS-0001446,1198.4,320.6,8,50,PSR-12,3,12
2025-10-08T07:32:00Z,WriteSensor,PS-0001447,1166.5,360.3,8,50,PSR-12,3,12
2025-10-08T07:34:00Z,WriteSensor,PS-0001448,1110.8,263.9,8,50,PSR-12,3,12
2025-10-08T07:36:00Z,WriteSensor,PS-0001449,1128.1,256.1,8,50,PSR-12,3,12
2025-10-08T07:38:00Z,WriteSensor,PS-0001450,1098.3,314.4,8,50,PSR-12,3,12
2025-10-08T07:40:00Z,WriteSensor,PS-0001451,1204.2,305.5,8,50,PSR-12,3,12
2025-10-08T07:42:00Z,WriteSensor,PS-0001452,1155.1,268.8,8,50,PSR-12,3,12
2025-10-08T07:44:00Z,WriteSensor,PS-0001453,1128.0,348.2,8,50,PSR-12,3,12
2025-10-08T07:46:00Z,WriteSensor,PS-0001454,1170.9,339.4,8,50,PSR-12,3,12
2025-10-08T07:48:00Z,WriteSensor,PS-0001455,1194.7,304.2,8,50,PSR-12,3,12
2025-10-08T07:50:00Z,WriteSensor,PS-0001456,1077.1,283.9,8,50,PSR-12,3,12
2025-10-08T07:52:00Z,WriteSensor,PS-0001457,1152.0,327.3,8,50,PSR-12,3,12
2025-10-08T07:54:00Z,WriteSensor,PS-0001458,1190.8,348.3,8,50,PSR-12,3,12
2025-10-08T07:56:00Z,WriteSensor,PS-0001459,1130.6,324.1,8,50,PSR-12,3,12
2025-10-08T07:58:00Z,WriteSensor,PS-0001460,1184.5,338.9,8,50,PSR-12,3,12
2025-10-08T08:00:00Z,WriteSensor,PS-0001461,1096.2,311.7,8,50,PSR-12,3,12
2025-10-08T08:02:00Z,WriteSensor,PS-0001462,1153.3,314.1,8,50,PSR-12,3,12
2025-10-08T08:04:00Z,WriteSensor,PS-0001463,1168.3,333.9,8,50,PSR-12,3,12
2025-10-08T08:06:00Z,WriteSensor,PS-0001464,1184.3,283.9,8,50,PSR-12,3,12
2025-10-08T08:08:00Z,WriteSensor,PS-0001465,1076.6,298.9,8,50,PSR-12,3,12
2025-10-08T08:10:00Z,WriteSensor,PS-0001466,1166.0,318.8,8,50,PSR-12,3,12
2025-10-08T08:12:00Z,WriteSensor,PS-0001467,1121.1,377.4,8,50,PSR-12,3,12
2025-10-08T08:14:00Z,WriteSensor,PS-0001468,1150.8,349.5,8,50,PSR-12,3,12
2025-10-08T08:16:00Z,WriteSensor,PS-0001469,1100.6,309.1,8,50,PSR-12,3,12
2025-10-08T08:18:00Z,WriteSensor,PS-0001470,1134.1,319.7,8,50,PSR-12,3,12
2025-10-08T08:20:00Z,WriteSensor,PS-0001471,1185.8,334.4,8,50,PSR-12,3,12
2025-10-08T08:22:00Z,WriteSensor,PS-0001472,1215.5,311.3,8,50,PSR-12,3,12
2025-10-08T08:24:00Z,WriteSensor,PS-0001473,1101.5,310.7,8,50,PSR-12,3,12
2025-10-08T08:26:00Z,WriteSensor,PS-0001474,1154.0,309.2,8,50,PSR-12,3,12
2025-10-08T08:28:00Z,WriteSensor,PS-0001475,1110.2,341.1,8,50,PSR-12,3,12
2025-10-08T08:30:00Z,WriteSensor,PS-0001476,1193.7,324.3,8,50,PSR-12,3,12
2025-10-08T08:32:00Z,WriteSensor,PS-0001477,1073.2,382.1,8,50,PSR-12,3,12
2025-10-08T08:34:00Z,WriteSensor,PS-0001478,1162.3,355.8,8,50,PSR-12,3,12
2025-10-08T08:36:00Z,WriteSensor,PS-0001479,1086.8,301.3,8,50,PSR-12,3,12
2025-10-08T08:38:00Z,WriteSensor,PS-0001480,1176.0,311.8,8,50,PSR-12,3,12
2025-10-08T08:40:00Z,WriteSensor,PS-0001481,1115.5,313.4,8,50,PSR-12,3,12
2025-10-08T08:42:00Z,WriteSensor,PS-0001482,1100.2,353.3,8,50,PSR-12,3,12
2025-10-08T08:44:00Z,WriteSensor,PS-0001483,1194.2,337.7,8,50,PSR-12,3,12
2025-10-08T08:46:00Z,WriteSensor,PS-0001484,1061.7,328.4,8,50,PSR-12,3,12
2025-10-08T08:48:00Z,WriteSensor,PS-0001485,1174.1,301.3,8,50,PSR-12,3,12
2025-10-08T08:50:00Z,WriteSensor,PS-0001486,1096.7,328.6,8,50,PSR-12,3,12
2025-10-08T08:52:00Z,WriteSensor,PS-0001487,1126.4,323.0,8,50,PSR-12,3,12
2025-10-08T08:54:00Z,WriteSensor,PS-0001488,1231.8,340.4,8,50,PSR-12,3,12
2025-10-08T08:56:00Z,WriteSensor,PS-0001489,1134.7,334.4,8,50,PSR-12,3,12
2025-10-08T08:58:00Z,WriteSensor,PS-0001490,1078.6,375.6,8,50,PSR-12,3,12
2025-10-08T09:00:00Z,WriteSensor,PS-0001491,1065.9,323.8,8,50,PSR-12,3,12
2025-10-08T09:02:00Z,WriteSensor,PS-0001492,1068.7,321.2,8,50,PSR-12,3,12
2025-10-08T09:04:00Z,WriteSensor,PS-0001493,1003.1,305.0,8,50,PSR-12,3,12
2025-10-08T09:06:00Z,WriteSensor,PS-0001494,1165.0,314.5,8,50,PSR-12,3,12
2025-10-08T09:08:00Z,WriteSensor,PS-0001495,1249.1,323.9,8,50,PSR-12,3,12
2025-10-08T09:10:00Z,WriteSensor,PS-0001496,1265.2,350.3,8,50,PSR-12,3,12
2025-10-08T09:12:00Z,WriteSensor,PS-0001497,1191.3,322.3,8,50,PSR-12,3,12
2025-10-08T09:14:00Z,WriteSensor,PS-0001498,1123.9,341.8,8,50,PSR-12,3,12
2025-10-08T09:16:00Z,WriteSensor,PS-0001499,1136.9,333.6,8,50,PSR-12,3,12
2025-10-08T09:18:00Z,WriteSensor,PS-0001500,1157.3,278.7,8,50,PSR-12,3,12
2025-10-08T09:20:00Z,WriteSensor,PS-0001501,1208.9,307.9,8,50,PSR-12,3,12
2025-10-08T09:22:00Z,WriteSensor,PS-0001502,1128.0,350.4,8,50,PSR-12,3,12
2025-10-08T09:24:00Z,WriteSensor,PS-0001503,1143.0,324.9,8,50,PSR-12,3,12
2025-10-08T09:26:00Z,WriteSensor,PS-0001504,1137.4,274.6,8,50,PSR-12,3,12
2025-10-08T09:28:00Z,WriteSensor,PS-0001505,1164.5,341.4,8,50,PSR-12,3,12
2025-10-08T09:30:00Z,WriteSensor,PS-0001506,1123.1,301.1,8,50,PSR-12,3,12
2025-10-08T09:32:00Z,WriteSensor,PS-0001507,1187.1,330.2,8,50,PSR-12,3,12
2025-10-08T09:34:00Z,WriteSensor,PS-0001508,1184.0,335.1,8,50,PSR-12,3,12
2025-10-08T09:36:00Z,WriteSensor,PS-0001509,1163.5,285.3,8,50,PSR-12,3,12
2025-10-08T09:38:00Z,WriteSensor,PS-0001510,1185.1,307.1,8,50,PSR-12,3,12
2025-10-08T09:40:00Z,WriteSensor,PS-0001511,1168.4,334.7,8,50,PSR-12,3,12
2025-10-08T09:42:00Z,WriteSensor,PS-0001512,1081.5,300.3,8,50,PSR-12,3,12
2025-10-08T09:44:00Z,WriteSensor,PS-0001513,1158.3,281.4,8,50,PSR-12,3,12
2025-10-08T09:46:00Z,WriteSensor,PS-0001514,1055.9,272.3,8,50,PSR-12,3,12
2025-10-08T09:48:00Z,WriteSensor,PS-0001515,1113.5,360.6,8,50,PSR-12,3,12
2025-10-08T09:50:00Z,WriteSensor,PS-0001516,1235.5,300.6,8,50,PSR-12,3,12
2025-10-08T09:52:00Z,WriteSensor,PS-0001517,1199.5,349.1,8,50,PSR-12,3,12
2025-10-08T09:54:00Z,WriteSensor,PS-0001518,1137.0,319.4,8,50,PSR-12,3,12
2025-10-08T09:56:00Z,WriteSensor,PS-0001519,1171.0,349.6,8,50,PSR-12,3,12
2025-10-08T09:58:00Z,WriteSensor,PS-0001520,1111.2,329.0,8,50,PSR-12,3,12
2025-10-08T10:00:00Z,WriteSensor,PS-0001521,1116.4,274.0,8,50,PSR-12,3,12
2025-10-08T10:02:00Z,WriteSensor,PS-0001522,1145.0,346.9,8,50,PSR-12,3,12
2025-10-08T10:04:00Z,WriteSensor,PS-0001523,1131.4,320.6,8,50,PSR-12,3,12
2025-10-08T10:06:00Z,WriteSensor,PS-0001524,1137.1,321.4,8,50,PSR-12,3,12
2025-10-08T10:08:00Z,WriteSensor,PS-0001525,1221.2,301.4,8,50,PSR-12,3,12
2025-10-08T10:10:00Z,WriteSensor,PS-0001526,1217.2,311.1,8,50,PSR-12,3,12
2025-10-08T10:12:00Z,WriteSensor,PS-0001527,1205.4,296.9,8,50,PSR-12,3,12
2025-10-08T10:14:00Z,WriteSensor,PS-0001528,1221.9,319.1,8,50,PSR-12,3,12
2025-10-08T10:16:00Z,WriteSensor,PS-0001529,1249.3,341.9,8,50,PSR-12,3,12
2025-10-08T10:18:00Z,WriteSensor,PS-0001530,1184.3,309.0,8,50,PSR-12,3,12
2025-10-08T10:20:00Z,WriteSensor,PS-0001531,1130.7,341.5,8,50,PSR-12,3,12
2025-10-08T10:22:00Z,WriteSensor,PS-0001532,1142.3,323.8,8,50,PSR-12,3,12
2025-10-08T10:24:00Z,WriteSensor,PS-0001533,1267.3,325.6,8,50,PSR-12,3,12
2025-10-08T10:26:00Z,WriteSensor,PS-0001534,1244.7,330.0,8,50,PSR-12,3,12
2025-10-08T10:28:00Z,WriteSensor,PS-0001535,1246.8,332.4,8,50,PSR-12,3,12
2025-10-08T10:30:00Z,WriteSensor,PS-0001536,1124.4,374.0,8,50,PSR-12,3,12
2025-10-08T10:32:00Z,WriteSensor,PS-0001537,1159.2,341.4,8,50,PSR-12,3,12
2025-10-08T10:34:00Z,WriteSensor,PS-0001538,1127.1,303.3,8,50,PSR-12,3,12
2025-10-08T10:36:00Z,WriteSensor,PS-0001539,1063.7,335.9,8,50,PSR-12,3,12
2025-10-08T10:38:00Z,WriteSensor,PS-0001540,1144.6,343.9,8,50,PSR-12,3,12
2025-10-08T10:40:00Z,WriteSensor,PS-0001541,1049.8,308.2,8,50,PSR-12,3,12
2025-10-08T10:42:00Z,WriteSensor,PS-0001542,1104.5,381.4,8,50,PSR-12,3,12
2025-10-08T10:44:00Z,WriteSensor,PS-0001543,1181.7,342.7,8,50,PSR-12,3,12
2025-10-08T10:46:00Z,WriteSensor,PS-0001544,1142.0,401.0,8,50,PSR-12,3,12
2025-10-08T10:48:00Z,WriteSensor,PS-0001545,1102.1,305.3,8,50,PSR-12,3,12
2025-10-08T10:50:00Z,WriteSensor,PS-0001546,1134.6,285.9,8,50,PSR-12,3,12
2025-10-08T10:52:00Z,WriteSensor,PS-0001547,1258.9,369.3,8,50,PSR-12,3,12
2025-10-08T10:54:00Z,WriteSensor,PS-0001548,1096.8,319.2,8,50,PSR-12,3,12
2025-10-08T10:56:00Z,WriteSensor,PS-0001549,1142.3,315.9,8,50,PSR-12,3,12
2025-10-08T10:58:00Z,WriteSensor,PS-0001550,1153.7,326.7,8,50,PSR-12,3,12
2025-10-08T11:00:00Z,WriteSensor,PS-0001551,1110.7,302.7,8,50,PSR-12,3,12
2025-10-08T11:02:00Z,WriteSensor,PS-0001552,1171.8,345.7,8,50,PSR-12,3,12
2025-10-08T11:04:00Z,WriteSensor,PS-0001553,1149.9,312.9,8,50,PSR-12,3,12
2025-10-08T11:06:00Z,WriteSensor,PS-0001554,1109.3,269.9,8,50,PSR-12,3,12
2025-10-08T11:08:00Z,WriteSensor,PS-0001555,1114.4,370.8,8,50,PSR-12,3,12
2025-10-08T11:10:00Z,WriteSensor,PS-0001556,1073.6,352.2,8,50,PSR-12,3,12
2025-10-08T11:12:00Z,WriteSensor,PS-0001557,1242.4,349.5,8,50,PSR-12,3,12
2025-10-08T11:14:00Z,WriteSensor,PS-0001558,1126.7,326.5,8,50,PSR-12,3,12
2025-10-08T11:16:00Z,WriteSensor,PS-0001559,1146.7,303.5,8,50,PSR-12,3,12
2025-10-08T11:18:00Z,WriteSensor,PS-0001560,1148.7,332.5,8,50,PSR-12,3,12
2025-10-08T12:00:00Z,WriteSensor,PS-0001561,866.5,360.1,32,50,PSR-13,4,13
2025-10-08T12:02:00Z,WriteSensor,PS-0001562,881.2,335.4,32,50,PSR-13,4,13
2025-10-08T12:04:00Z,WriteSensor,PS-0001563,887.5,316.0,32,50,PSR-13,4,13
2025-10-08T12:06:00Z,WriteSensor,PS-0001564,781.5,305.0,32,50,PSR-13,4,13
2025-10-08T12:08:00Z,WriteSensor,PS-0001565,852.8,325.3,32,50,PSR-13,4,13
2025-10-08T12:10:00Z,WriteSensor,PS-0001566,872.9,277.9,32,50,PSR-13,4,13
2025-10-08T12:12:00Z,WriteSensor,PS-0001567,847.5,311.6,32,50,PSR-13,4,13
2025-10-08T12:14:00Z,WriteSensor,PS-0001568,887.5,353.5,32,50,PSR-13,4,13
2025-10-08T12:16:00Z,WriteSensor,PS-0001569,848.6,273.7,32,50,PSR-13,4,13
2025-10-08T12:18:00Z,WriteSensor,PS-0001570,755.3,310.4,32,50,PSR-13,4,13
2025-10-08T12:20:00Z,WriteSensor,PS-0001571,876.3,271.6,32,50,PSR-13,4,13
2025-10-08T12:22:00Z,WriteSensor,PS-0001572,785.9,326.6,32,50,PSR-13,4,13
2025-10-08T12:24:00Z,WriteSensor,PS-0001573,785.6,273.7,32,50,PSR-13,4,13
2025-10-08T12:26:00Z,WriteSensor,PS-0001574,794.0,291.3,32,50,PSR-13,4,13
2025-10-08T12:28:00Z,WriteSensor,PS-0001575,832.5,338.2,32,50,PSR-13,4,13
2025-10-08T12:30:00Z,WriteSensor,PS-0001576,853.2,321.4,32,50,PSR-13,4,13
2025-10-08T12:32:00Z,WriteSensor,PS-0001577,772.9,335.8,32,50,PSR-13,4,13
2025-10-08T12:34:00Z,WriteSensor,PS-0001578,801.0,287.6,32,50,PSR-13,4,13
2025-10-08T12:36:00Z,WriteSensor,PS-0001579,759.8,334.4,32,50,PSR-13,4,13
2025-10-08T12:38:00Z,WriteSensor,PS-0001580,925.0,293.0,32,50,PSR-13,4,13
2025-10-08T12:40:00Z,WriteSensor,PS-0001581,747.3,351.1,32,50,PSR-13,4,13
2025-10-08T12:42:00Z,WriteSensor,PS-0001582,905.9,294.2,32,50,PSR-13,4,13
2025-10-08T12:44:00Z,WriteSensor,PS-0001583,811.4,330.9,32,50,PSR-13,4,13
2025-10-08T12:46:00Z,WriteSensor,PS-0001584,889.1,330.6,32,50,PSR-13,4,13
2025-10-08T12:48:00Z,WriteSensor,PS-0001585,894.8,342.5,32,50,PSR-13,4,13
2025-10-08T12:50:00Z,WriteSensor,PS-0001586,768.5,321.7,32,50,PSR-13,4,13
2025-10-08T12:52:00Z,WriteSensor,PS-0001587,920.6,284.2,32,50,PSR-13,4,13
2025-10-08T12:54:00Z,WriteSensor,PS-0001588,776.5,338.8,32,50,PSR-13,4,13
2025-10-08T12:56:00Z,WriteSensor,PS-0001589,790.0,366.2,32,50,PSR-13,4,13
2025-10-08T12:58:00Z,WriteSensor,PS-0001590,828.3,352.4,32,50,PSR-13,4,13
2025-10-08T13:00:00Z,WriteSensor,PS-0001591,802.4,218.3,32,50,PSR-13,4,13
2025-10-08T13:02:00Z,WriteSensor,PS-0001592,788.4,267.6,32,50,PSR-13,4,13
2025-10-08T13:04:00Z,WriteSensor,PS-0001593,780.5,326.3,32,50,PSR-13,4,13
2025-10-08T13:06:00Z,WriteSensor,PS-0001594,850.7,320.8,32,50,PSR-13,4,13
2025-10-08T13:08:00Z,WriteSensor,PS-0001595,900.8,313.4,32,50,PSR-13,4,13
2025-10-08T13:10:00Z,WriteSensor,PS-0001596,874.6,293.5,32,50,PSR-13,4,13
2025-10-08T13:12:00Z,WriteSensor,PS-0001597,832.0,349.4,32,50,PSR-13,4,13
2025-10-08T13:14:00Z,WriteSensor,PS-0001598,869.5,309.6,32,50,PSR-13,4,13
2025-10-08T13:16:00Z,WriteSensor,PS-0001599,733.4,316.4,32,50,PSR-13,4,13
2025-10-08T13:18:00Z,WriteSensor,PS-0001600,820.7,313.9,32,50,PSR-13,4,13
2025-10-08T13:20:00Z,WriteSensor,PS-0001601,948.0,319.8,32,50,PSR-13,4,13
2025-10-08T13:22:00Z,WriteSensor,PS-0001602,786.4,296.2,32,50,PSR-13,4,13
2025-10-08T13:24:00Z,WriteSensor,PS-0001603,857.9,341.7,32,50,PSR-13,4,13
2025-10-08T13:26:00Z,WriteSensor,PS-0001604,805.2,338.4,32,50,PSR-13,4,13
2025-10-08T13:28:00Z,WriteSensor,PS-0001605,839.0,303.0,32,50,PSR-13,4,13
2025-10-08T13:30:00Z,WriteSensor,PS-0001606,852.0,336.8,32,50,PSR-13,4,13
2025-10-08T13:32:00Z,WriteSensor,PS-0001607,886.0,301.9,32,50,PSR-13,4,13
2025-10-08T13:34:00Z,WriteSensor,PS-0001608,818.7,305.2,32,50,PSR-13,4,13
2025-10-08T13:36:00Z,WriteSensor,PS-0001609,744.4,313.0,32,50,PSR-13,4,13
2025-10-08T13:38:00Z,WriteSensor,PS-0001610,888.7,289.5,32,50,PSR-13,4,13
2025-10-08T13:40:00Z,WriteSensor,PS-0001611,914.8,319.1,32,50,PSR-13,4,13
2025-10-08T13:42:00Z,WriteSensor,PS-0001612,801.2,320.8,32,50,PSR-13,4,13
2025-10-08T13:44:00Z,WriteSensor,PS-0001613,853.4,329.4,32,50,PSR-13,4,13
2025-10-08T13:46:00Z,WriteSensor,PS-0001614,866.5,302.2,32,50,PSR-13,4,13
2025-10-08T13:48:00Z,WriteSensor,PS-0001615,807.1,315.5,32,50,PSR-13,4,13
2025-10-08T13:50:00Z,WriteSensor,PS-0001616,712.6,332.1,32,50,PSR-13,4,13
2025-10-08T13:52:00Z,WriteSensor,PS-0001617,814.4,350.4,32,50,PSR-13,4,13
2025-10-08T13:54:00Z,WriteSensor,PS-0001618,731.2,334.0,32,50,PSR-13,4,13
2025-10-08T13:56:00Z,WriteSensor,PS-0001619,726.6,320.6,32,50,PSR-13,4,13
2025-10-08T13:58:00Z,WriteSensor,PS-0001620,828.2,311.7,32,50,PSR-13,4,13
2025-10-08T14:00:00Z,WriteSensor,PS-0001621,775.5,284.5,32,50,PSR-13,4,13
2025-10-08T14:02:00Z,WriteSensor,PS-0001622,868.4,322.0,32,50,PSR-13,4,13
2025-10-08T14:04:00Z,WriteSensor,PS-0001623,815.6,275.6,32,50,PSR-13,4,13
2025-10-08T14:06:00Z,WriteSensor,PS-0001624,717.5,321.0,32,50,PSR-13,4,13
2025-10-08T14:08:00Z,WriteSensor,PS-0001625,713.7,341.8,32,50,PSR-13,4,13
2025-10-08T14:10:00Z,WriteSensor,PS-0001626,807.4,287.3,32,50,PSR-13,4,13
2025-10-08T14:12:00Z,WriteSensor,PS-0001627,861.1,314.8,32,50,PSR-13,4,13
2025-10-08T14:14:00Z,WriteSensor,PS-0001628,821.5,282.7,32,50,PSR-13,4,13
2025-10-08T14:16:00Z,WriteSensor,PS-0001629,789.2,309.4,32,50,PSR-13,4,13
2025-10-08T14:18:00Z,WriteSensor,PS-0001630,790.3,293.2,32,50,PSR-13,4,13
2025-10-08T14:20:00Z,WriteSensor,PS-0001631,833.3,348.8,32,50,PSR-13,4,13
2025-10-08T14:22:00Z,WriteSensor,PS-0001632,865.6,337.6,32,50,PSR-13,4,13
2025-10-08T14:24:00Z,WriteSensor,PS-0001633,758.8,318.7,32,50,PSR-13,4,13
2025-10-08T14:26:00Z,WriteSensor,PS-0001634,839.6,325.1,32,50,PSR-13,4,13
2025-10-08T14:28:00Z,WriteSensor,PS-0001635,817.7,310.5,32,50,PSR-13,4,13
2025-10-08T14:30:00Z,WriteSensor,PS-0001636,801.2,341.7,32,50,PSR-13,4,13
2025-10-08T14:32:00Z,WriteSensor,PS-0001637,627.7,321.1,32,50,PSR-13,4,13
2025-10-08T14:34:00Z,WriteSensor,PS-0001638,829.6,310.7,32,50,PSR-13,4,13
2025-10-08T14:36:00Z,WriteSensor,PS-0001639,890.8,315.6,32,50,PSR-13,4,13
2025-10-08T14:38:00Z,WriteSensor,PS-0001640,788.5,333.3,32,50,PSR-13,4,13
2025-10-08T14:40:00Z,WriteSensor,PS-0001641,888.0,231.7,32,50,PSR-13,4,13
2025-10-08T14:42:00Z,WriteSensor,PS-0001642,907.0,350.6,32,50,PSR-13,4,13
2025-10-08T14:44:00Z,WriteSensor,PS-0001643,793.5,332.8,32,50,PSR-13,4,13
2025-10-08T14:46:00Z,WriteSensor,PS-0001644,878.6,297.5,32,50,PSR-13,4,13
2025-10-08T14:48:00Z,WriteSensor,PS-0001645,824.1,226.8,32,50,PSR-13,4,13
2025-10-08T14:50:00Z,WriteSensor,PS-0001646,916.4,267.3,32,50,PSR-13,4,13
2025-10-08T14:52:00Z,WriteSensor,PS-0001647,663.2,316.5,32,50,PSR-13,4,13
2025-10-08T14:54:00Z,WriteSensor,PS-0001648,845.0,292.2,32,50,PSR-13,4,13
2025-10-08T14:56:00Z,WriteSensor,PS-0001649,849.9,332.3,32,50,PSR-13,4,13
2025-10-08T14:58:00Z,WriteSensor,PS-0001650,954.2,342.0,32,50,PSR-13,4,13
2025-10-08T15:00:00Z,WriteSensor,PS-0001651,813.1,301.1,32,50,PSR-13,4,13
2025-10-08T15:02:00Z,WriteSensor,PS-0001652,861.6,344.5,32,50,PSR-13,4,13
2025-10-08T15:04:00Z,WriteSensor,PS-0001653,808.7,331.4,32,50,PSR-13,4,13
2025-10-08T15:06:00Z,WriteSensor,PS-0001654,859.2,355.5,32,50,PSR-13,4,13
2025-10-08T15:08:00Z,WriteSensor,PS-0001655,741.3,317.3,32,50,PSR-13,4,13
2025-10-08T15:10:00Z,WriteSensor,PS-0001656,876.5,311.5,32,50,PSR-13,4,13
2025-10-08T15:12:00Z,WriteSensor,PS-0001657,849.2,304.5,32,50,PSR-13,4,13
2025-10-08T15:14:00Z,WriteSensor,PS-0001658,786.0,325.1,32,50,PSR-13,4,13
2025-10-08T15:16:00Z,WriteSensor,PS-0001659,828.3,275.0,32,50,PSR-13,4,13
2025-10-08T15:18:00Z,WriteSensor,PS-0001660,724.0,277.1,32,50,PSR-13,4,13
2025-10-08T15:20:00Z,WriteSensor,PS-0001661,866.2,330.6,32,50,PSR-13,4,13
2025-10-08T15:22:00Z,WriteSensor,PS-0001662,791.4,328.6,32,50,PSR-13,4,13
2025-10-08T15:24:00Z,WriteSensor,PS-0001663,832.5,308.5,32,50,PSR-13,4,13
2025-10-08T15:26:00Z,WriteSensor,PS-0001664,819.7,296.2,32,50,PSR-13,4,13
2025-10-08T15:28:00Z,WriteSensor,PS-0001665,769.5,280.1,32,50,PSR-13,4,13
2025-10-08T15:30:00Z,WriteSensor,PS-0001666,821.6,340.6,32,50,PSR-13,4,13
2025-10-08T15:32:00Z,WriteSensor,PS-0001667,829.5,342.1,32,50,PSR-13,4,13
2025-10-08T15:34:00Z,WriteSensor,PS-0001668,806.6,361.9,32,50,PSR-13,4,13
2025-10-08T15:36:00Z,WriteSensor,PS-0001669,741.0,305.3,32,50,PSR-13,4,13
2025-10-08T15:38:00Z,WriteSensor,PS-0001670,846.3,299.6,32,50,PSR-13,4,13
2025-10-08T15:40:00Z,WriteSensor,PS-0001671,747.7,328.9,32,50,PSR-13,4,13
2025-10-08T15:42:00Z,WriteSensor,PS-0001672,761.9,268.8,32,50,PSR-13,4,13
2025-10-08T15:44:00Z,WriteSensor,PS-0001673,751.0,300.3,32,50,PSR-13,4,13
2025-10-08T15:46:00Z,WriteSensor,PS-0001674,792.2,366.6,32,50,PSR-13,4,13
2025-10-08T15:48:00Z,WriteSensor,PS-0001675,879.2,359.2,32,50,PSR-13,4,13
2025-10-08T15:50:00Z,WriteSensor,PS-0001676,834.9,309.7,32,50,PSR-13,4,13
2025-10-08T15:52:00Z,WriteSensor,PS-0001677,864.1,317.5,32,50,PSR-13,4,13
2025-10-08T15:54:00Z,WriteSensor,PS-0001678,847.0,297.6,32,50,PSR-13,4,13
2025-10-08T15:56:00Z,WriteSensor,PS-0001679,758.4,357.6,32,50,PSR-13,4,13
2025-10-08T15:58:00Z,WriteSensor,PS-0001680,815.2,285.7,32,50,PSR-13,4,13
2025-10-08T16:00:00Z,WriteSensor,PS-0001681,839.5,358.5,32,50,PSR-13,4,13
2025-10-08T16:02:00Z,WriteSensor,PS-0001682,789.6,332.3,32,50,PSR-13,4,13
2025-10-08T16:04:00Z,WriteSensor,PS-0001683,818.6,359.9,32,50,PSR-13,4,13
2025-10-08T16:06:00Z,WriteSensor,PS-0001684,845.8,347.4,32,50,PSR-13,4,13
2025-10-08T16:08:00Z,WriteSensor,PS-0001685,813.0,344.9,32,50,PSR-13,4,13
2025-10-08T16:10:00Z,WriteSensor,PS-0001686,806.7,265.2,32,50,PSR-13,4,13
2025-10-08T16:12:00Z,WriteSensor,PS-0001687,828.3,350.2,32,50,PSR-13,4,13
2025-10-08T16:14:00Z,WriteSensor,PS-0001688,873.2,329.8,32,50,PSR-13,4,13
2025-10-08T16:16:00Z,WriteSensor,PS-0001689,814.6,301.8,32,50,PSR-13,4,13
2025-10-08T16:18:00Z,WriteSensor,PS-0001690,749.6,289.1,32,50,PSR-13,4,13
2025-10-08T17:00:00Z,WriteSensor,PS-0001691,1189.0,347.0,4,50,PSR-14,4,14
2025-10-08T17:02:00Z,WriteSensor,PS-0001692,1185.9,313.4,4,50,PSR-14,4,14
2025-10-08T17:04:00Z,WriteSensor,PS-0001693,1240.0,329.8,4,50,PSR-14,4,14
2025-10-08T17:06:00Z,WriteSensor,PS-0001694,1132.4,358.3,4,50,PSR-14,4,14
2025-10-08T17:08:00Z,WriteSensor,PS-0001695,1237.9,358.8,4,50,PSR-14,4,14
2025-10-08T17:10:00Z,WriteSensor,PS-0001696,1203.9,316.2,4,50,PSR-14,4,14
2025-10-08T17:12:00Z,WriteSensor,PS-0001697,1144.5,335.2,4,50,PSR-14,4,14
2025-10-08T17:14:00Z,WriteSensor,PS-0001698,1181.1,334.9,4,50,PSR-14,4,14
2025-10-08T17:16:00Z,WriteSensor,PS-0001699,1237.1,307.4,4,50,PSR-14,4,14
2025-10-08T17:18:00Z,WriteSensor,PS-0001700,1099.5,328.7,4,50,PSR-14,4,14
2025-10-08T17:20:00Z,WriteSensor,PS-0001701,1200.9,306.3,4,50,PSR-14,4,14
2025-10-08T17:22:00Z,WriteSensor,PS-0001702,1154.1,351.5,4,50,PSR-14,4,14
2025-10-08T17:24:00Z,WriteSensor,PS-0001703,1201.0,302.0,4,50,PSR-14,4,14
2025-10-08T17:26:00Z,WriteSensor,PS-0001704,1318.6,349.0,4,50,PSR-14,4,14
2025-10-08T17:28:00Z,WriteSensor,PS-0001705,1162.8,346.7,4,50,PSR-14,4,14
2025-10-08T17:30:00Z,WriteSensor,PS-0001706,1147.5,334.6,4,50,PSR-14,4,14
2025-10-08T17:32:00Z,WriteSensor,PS-0001707,1222.1,328.3,4,50,PSR-14,4,14
2025-10-08T17:34:00Z,WriteSensor,PS-0001708,1209.5,323.7,4,50,PSR-14,4,14
2025-10-08T17:36:00Z,WriteSensor,PS-0001709,1246.8,296.2,4,50,PSR-14,4,14
2025-10-08T17:38:00Z,WriteSensor,PS-0001710,1232.4,383.9,4,50,PSR-14,4,14
2025-10-08T17:40:00Z,WriteSensor,PS-0001711,1195.3,330.4,4,50,PSR-14,4,14
2025-10-08T17:42:00Z,WriteSensor,PS-0001712,1128.0,299.9,4,50,PSR-14,4,14
2025-10-08T17:44:00Z,WriteSensor,PS-0001713,1159.3,288.6,4,50,PSR-14,4,14
2025-10-08T17:46:00Z,WriteSensor,PS-0001714,1094.7,356.4,4,50,PSR-14,4,14
2025-10-08T17:48:00Z,WriteSensor,PS-0001715,1168.6,327.1,4,50,PSR-14,4,14
2025-10-08T17:50:00Z,WriteSensor,PS-0001716,1210.9,292.5,4,50,PSR-14,4,14
2025-10-08T17:52:00Z,WriteSensor,PS-0001717,1102.1,339.4,4,50,PSR-14,4,14
2025-10-08T17:54:00Z,WriteSensor,PS-0001718,1181.9,275.0,4,50,PSR-14,4,14
2025-10-08T17:56:00Z,WriteSensor,PS-0001719,1160.9,306.1,4,50,PSR-14,4,14
2025-10-08T17:58:00Z,WriteSensor,PS-0001720,1267.1,276.6,4,50,PSR-14,4,14
2025-10-08T18:00:00Z,WriteSensor,PS-0001721,1096.3,341.1,4,50,PSR-14,4,14
2025-10-08T18:02:00Z,WriteSensor,PS-0001722,1169.6,315.8,4,50,PSR-14,4,14
2025-10-08T18:04:00Z,WriteSensor,PS-0001723,1234.7,336.3,4,50,PSR-14,4,14
2025-10-08T18:06:00Z,WriteSensor,PS-0001724,1256.2,371.6,4,50,PSR-14,4,14
2025-10-08T18:08:00Z,WriteSensor,PS-0001725,1148.4,366.9,4,50,PSR-14,4,14
2025-10-08T18:10:00Z,WriteSensor,PS-0001726,1138.5,320.9,4,50,PSR-14,4,14
2025-10-08T18:12:00Z,WriteSensor,PS-0001727,1274.4,369.3,4,50,PSR-14,4,14
2025-10-08T18:14:00Z,WriteSensor,PS-0001728,1238.3,356.8,4,50,PSR-14,4,14
2025-10-08T18:16:00Z,WriteSensor,PS-0001729,1168.2,329.2,4,50,PSR-14,4,14
2025-10-08T18:18:00Z,WriteSensor,PS-0001730,1141.6,313.1,4,50,PSR-14,4,14
2025-10-08T18:20:00Z,WriteSensor,PS-0001731,1168.5,354.4,4,50,PSR-14,4,14
2025-10-08T18:22:00Z,WriteSensor,PS-0001732,1287.4,352.9,4,50,PSR-14,4,14
2025-10-08T18:24:00Z,WriteSensor,PS-0001733,1247.1,337.9,4,50,PSR-14,4,14
2025-10-08T18:26:00Z,WriteSensor,PS-0001734,1335.7,281.9,4,50,PSR-14,4,14
2025-10-08T18:28:00Z,WriteSensor,PS-0001735,1212.6,313.3,4,50,PSR-14,4,14
2025-10-08T18:30:00Z,WriteSensor,PS-0001736,1149.0,327.6,4,50,PSR-14,4,14
2025-10-08T18:32:00Z,WriteSensor,PS-0001737,1108.5,298.7,4,50,PSR-14,4,14
2025-10-08T18:34:00Z,WriteSensor,PS-0001738,1295.6,359.0,4,50,PSR-14,4,14
2025-10-08T18:36:00Z,WriteSensor,PS-0001739,1272.2,322.6,4,50,PSR-14,4,14
2025-10-08T18:38:00Z,WriteSensor,PS-0001740,1284.6,317.9,4,50,PSR-14,4,14
2025-10-08T18:40:00Z,WriteSensor,PS-0001741,1172.5,365.9,4,50,PSR-14,4,14
2025-10-08T18:42:00Z,WriteSensor,PS-0001742,1163.7,310.5,4,50,PSR-14,4,14
2025-10-08T18:44:00Z,WriteSensor,PS-0001743,1268.7,375.6,4,50,PSR-14,4,14
2025-10-08T18:46:00Z,WriteSensor,PS-0001744,1147.6,304.7,4,50,PSR-14,4,14
2025-10-08T18:48:00Z,WriteSensor,PS-0001745,1268.7,329.0,4,50,PSR-14,4,14
2025-10-08T18:50:00Z,WriteSensor,PS-0001746,1211.2,318.9,4,50,PSR-14,4,14
2025-10-08T18:52:00Z,WriteSensor,PS-0001747,1159.1,367.2,4,50,PSR-14,4,14
2025-10-08T18:54:00Z,WriteSensor,PS-0001748,1164.4,324.8,4,50,PSR-14,4,14
2025-10-08T18:56:00Z,WriteSensor,PS-0001749,1217.5,335.4,4,50,PSR-14,4,14
2025-10-08T18:58:00Z,WriteSensor,PS-0001750,1279.5,271.4,4,50,PSR-14,4,14
2025-10-08T19:00:00Z,WriteSensor,PS-0001751,1297.2,281.2,4,50,PSR-14,4,14
2025-10-08T19:02:00Z,WriteSensor,PS-0001752,1156.1,340.7,4,50,PSR-14,4,14
2025-10-08T19:04:00Z,WriteSensor,PS-0001753,1312.8,368.0,4,50,PSR-14,4,14
2025-10-08T19:06:00Z,WriteSensor,PS-0001754,1277.8,322.3,4,50,PSR-14,4,14
2025-10-08T19:08:00Z,WriteSensor,PS-0001755,1183.8,348.7,4,50,PSR-14,4,14
2025-10-08T19:10:00Z,WriteSensor,PS-0001756,1149.3,333.3,4,50,PSR-14,4,14
2025-10-08T19:12:00Z,WriteSensor,PS-0001757,1126.2,332.0,4,50,PSR-14,4,14
2025-10-08T19:14:00Z,WriteSensor,PS-0001758,1290.7,289.8,4,50,PSR-14,4,14
2025-10-08T19:16:00Z,WriteSensor,PS-0001759,1227.3,309.7,4,50,PSR-14,4,14
2025-10-08T19:18:00Z,WriteSensor,PS-0001760,1157.6,306.4,4,50,PSR-14,4,14
2025-10-08T19:20:00Z,WriteSensor,PS-0001761,1177.3,341.8,4,50,PSR-14,4,14
2025-10-08T19:22:00Z,WriteSensor,PS-0001762,1186.0,364.1,4,50,PSR-14,4,14
2025-10-08T19:24:00Z,WriteSensor,PS-0001763,1206.6,309.2,4,50,PSR-14,4,14
2025-10-08T19:26:00Z,WriteSensor,PS-0001764,1223.7,312.4,4,50,PSR-14,4,14
2025-10-08T19:28:00Z,WriteSensor,PS-0001765,1191.4,319.1,4,50,PSR-14,4,14
2025-10-08T19:30:00Z,WriteSensor,PS-0001766,1148.7,332.2,4,50,PSR-14,4,14
2025-10-08T19:32:00Z,WriteSensor,PS-0001767,1221.6,331.8,4,50,PSR-14,4,14
2025-10-08T19:34:00Z,WriteSensor,PS-0001768,1149.2,289.6,4,50,PSR-14,4,14
2025-10-08T19:36:00Z,WriteSensor,PS-0001769,1197.1,300.3,4,50,PSR-14,4,14
2025-10-08T19:38:00Z,WriteSensor,PS-0001770,1262.0,308.5,4,50,PSR-14,4,14
2025-10-08T19:40:00Z,WriteSensor,PS-0001771,1180.4,301.1,4,50,PSR-14,4,14
2025-10-08T19:42:00Z,WriteSensor,PS-0001772,1223.6,342.6,4,50,PSR-14,4,14
2025-10-08T19:44:00Z,WriteSensor,PS-0001773,1124.3,292.1,4,50,PSR-14,4,14
2025-10-08T19:46:00Z,WriteSensor,PS-0001774,1229.1,283.6,4,50,PSR-14,4,14
2025-10-08T19:48:00Z,WriteSensor,PS-0001775,1164.2,346.8,4,50,PSR-14,4,14
2025-10-08T19:50:00Z,WriteSensor,PS-0001776,1234.1,271.6,4,50,PSR-14,4,14
2025-10-08T19:52:00Z,WriteSensor,PS-0001777,1169.2,310.0,4,50,PSR-14,4,14
2025-10-08T19:54:00Z,WriteSensor,PS-0001778,1169.3,287.8,4,50,PSR-14,4,14
2025-10-08T19:56:00Z,WriteSensor,PS-0001779,1193.8,366.1,4,50,PSR-14,4,14
2025-10-08T19:58:00Z,WriteSensor,PS-0001780,1146.5,270.1,4,50,PSR-14,4,14
2025-10-08T20:00:00Z,WriteSensor,PS-0001781,1163.7,264.1,4,50,PSR-14,4,14
2025-10-08T20:02:00Z,WriteSensor,PS-0001782,1198.5,330.5,4,50,PSR-14,4,14
2025-10-08T20:04:00Z,WriteSensor,PS-0001783,1206.2,298.6,4,50,PSR-14,4,14
2025-10-08T20:06:00Z,WriteSensor,PS-0001784,1278.3,304.4,4,50,PSR-14,4,14
2025-10-08T20:08:00Z,WriteSensor,PS-0001785,1127.5,332.7,4,50,PSR-14,4,14
2025-10-08T20:10:00Z,WriteSensor,PS-0001786,1200.5,302.3,4,50,PSR-14,4,14
2025-10-08T20:12:00Z,WriteSensor,PS-0001787,1153.1,290.7,4,50,PSR-14,4,14
2025-10-08T20:14:00Z,WriteSensor,PS-0001788,1120.5,273.8,4,50,PSR-14,4,14
2025-10-08T20:16:00Z,WriteSensor,PS-0001789,1223.2,316.4,4,50,PSR-14,4,14
2025-10-08T20:18:00Z,WriteSensor,PS-0001790,1204.6,322.3,4,50,PSR-14,4,14
2025-10-08T20:20:00Z,WriteSensor,PS-0001791,1250.6,300.4,4,50,PSR-14,4,14
2025-10-08T20:22:00Z,WriteSensor,PS-0001792,1223.2,297.0,4,50,PSR-14,4,14
2025-10-08T20:24:00Z,WriteSensor,PS-0001793,1180.0,353.7,4,50,PSR-14,4,14
2025-10-08T20:26:00Z,WriteSensor,PS-0001794,1220.2,320.1,4,50,PSR-14,4,14
2025-10-08T20:28:00Z,WriteSensor,PS-0001795,1166.0,338.7,4,50,PSR-14,4,14
2025-10-08T20:30:00Z,WriteSensor,PS-0001796,1174.0,381.0,4,50,PSR-14,4,14
2025-10-08T20:32:00Z,WriteSensor,PS-0001797,1200.1,292.8,4,50,PSR-14,4,14
2025-10-08T20:34:00Z,WriteSensor,PS-0001798,1197.3,333.5,4,50,PSR-14,4,14
2025-10-08T20:36:00Z,WriteSensor,PS-0001799,1322.3,340.1,4,50,PSR-14,4,14
2025-10-08T20:38:00Z,WriteSensor,PS-0001800,1149.4,308.0,4,50,PSR-14,4,14
2025-10-08T20:40:00Z,WriteSensor,PS-0001801,1221.4,276.9,4,50,PSR-14,4,14
2025-10-08T20:42:00Z,WriteSensor,PS-0001802,1230.0,354.8,4,50,PSR-14,4,14
2025-10-08T20:44:00Z,WriteSensor,PS-0001803,1225.8,337.3,4,50,PSR-14,4,14
2025-10-08T20:46:00Z,WriteSensor,PS-0001804,1286.3,349.6,4,50,PSR-14,4,14
2025-10-08T20:48:00Z,WriteSensor,PS-0001805,1221.6,305.4,4,50,PSR-14,4,14
2025-10-08T20:50:00Z,WriteSensor,PS-0001806,1294.5,325.7,4,50,PSR-14,4,14
2025-10-08T20:52:00Z,WriteSensor,PS-0001807,1171.1,328.9,4,50,PSR-14,4,14
2025-10-08T20:54:00Z,WriteSensor,PS-0001808,1205.2,341.2,4,50,PSR-14,4,14
2025-10-08T20:56:00Z,WriteSensor,PS-0001809,1216.8,318.2,4,50,PSR-14,4,14
2025-10-08T20:58:00Z,WriteSensor,PS-0001810,1237.7,340.2,4,50,PSR-14,4,14
2025-10-08T21:00:00Z,WriteSensor,PS-0001811,1183.9,342.1,4,50,PSR-14,4,14
2025-10-08T21:02:00Z,WriteSensor,PS-0001812,1245.5,347.1,4,50,PSR-14,4,14
2025-10-08T21:04:00Z,WriteSensor,PS-0001813,1204.9,285.5,4,50,PSR-14,4,14
2025-10-08T21:06:00Z,WriteSensor,PS-0001814,1186.6,349.7,4,50,PSR-14,4,14
2025-10-08T21:08:00Z,WriteSensor,PS-0001815,1273.9,311.0,4,50,PSR-14,4,14
2025-10-08T21:10:00Z,WriteSensor,PS-0001816,1260.1,316.9,4,50,PSR-14,4,14
2025-10-08T21:12:00Z,WriteSensor,PS-0001817,1162.3,327.1,4,50,PSR-14,4,14
2025-10-08T21:14:00Z,WriteSensor,PS-0001818,1221.2,315.2,4,50,PSR-14,4,14
2025-10-08T21:16:00Z,WriteSensor,PS-0001819,1233.8,287.0,4,50,PSR-14,4,14
2025-10-08T21:18:00Z,WriteSensor,PS-0001820,1228.8,394.8,4,50,PSR-14,4,14
2025-10-08T22:00:00Z,WriteSensor,PS-0001821,1216.7,347.1,8,50,PSR-15,4,15
2025-10-08T22:02:00Z,WriteSensor,PS-0001822,1282.4,364.7,8,50,PSR-15,4,15
2025-10-08T22:04:00Z,WriteSensor,PS-0001823,1102.2,292.0,8,50,PSR-15,4,15
2025-10-08T22:06:00Z,WriteSensor,PS-0001824,1140.4,333.5,8,50,PSR-15,4,15
2025-10-08T22:08:00Z,WriteSensor,PS-0001825,1119.8,328.9,8,50,PSR-15,4,15
2025-10-08T22:10:00Z,WriteSensor,PS-0001826,1180.1,365.9,8,50,PSR-15,4,15
2025-10-08T22:12:00Z,WriteSensor,PS-0001827,1180.6,324.6,8,50,PSR-15,4,15
2025-10-08T22:14:00Z,WriteSensor,PS-0001828,1084.6,321.7,8,50,PSR-15,4,15
2025-10-08T22:16:00Z,WriteSensor,PS-0001829,1172.6,354.5,8,50,PSR-15,4,15
2025-10-08T22:18:00Z,WriteSensor,PS-0001830,1110.3,294.1,8,50,PSR-15,4,15
2025-10-08T22:20:00Z,WriteSensor,PS-0001831,1134.5,347.5,8,50,PSR-15,4,15
2025-10-08T22:22:00Z,WriteSensor,PS-0001832,1208.7,369.0,8,50,PSR-15,4,15
2025-10-08T22:24:00Z,WriteSensor,PS-0001833,1187.8,371.8,8,50,PSR-15,4,15
2025-10-08T22:26:00Z,WriteSensor,PS-0001834,1106.5,336.2,8,50,PSR-15,4,15
2025-10-08T22:28:00Z,WriteSensor,PS-0001835,1138.9,363.5,8,50,PSR-15,4,15
2025-10-08T22:30:00Z,WriteSensor,PS-0001836,1142.0,282.8,8,50,PSR-15,4,15
2025-10-08T22:32:00Z,WriteSensor,PS-0001837,1112.5,333.9,8,50,PSR-15,4,15
2025-10-08T22:34:00Z,WriteSensor,PS-0001838,1094.7,297.0,8,50,PSR-15,4,15
2025-10-08T22:36:00Z,WriteSensor,PS-0001839,978.3,318.0,8,50,PSR-15,4,15
2025-10-08T22:38:00Z,WriteSensor,PS-0001840,1161.8,286.1,8,50,PSR-15,4,15
2025-10-08T22:40:00Z,WriteSensor,PS-0001841,1152.9,307.2,8,50,PSR-15,4,15
2025-10-08T22:42:00Z,WriteSensor,PS-0001842,1148.9,323.4,8,50,PSR-15,4,15
2025-10-08T22:44:00Z,WriteSensor,PS-0001843,1118.6,315.8,8,50,PSR-15,4,15
2025-10-08T22:46:00Z,WriteSensor,PS-0001844,1071.8,352.3,8,50,PSR-15,4,15
2025-10-08T22:48:00Z,WriteSensor,PS-0001845,1124.6,296.7,8,50,PSR-15,4,15
2025-10-08T22:50:00Z,WriteSensor,PS-0001846,1182.4,359.8,8,50,PSR-15,4,15
2025-10-08T22:52:00Z,WriteSensor,PS-0001847,1122.8,359.0,8,50,PSR-15,4,15
2025-10-08T22:54:00Z,WriteSensor,PS-0001848,1132.0,368.4,8,50,PSR-15,4,15
2025-10-08T22:56:00Z,WriteSensor,PS-0001849,1077.2,310.4,8,50,PSR-15,4,15
2025-10-08T22:58:00Z,WriteSensor,PS-0001850,1141.1,307.1,8,50,PSR-15,4,15
2025-10-08T23:00:00Z,WriteSensor,PS-0001851,1091.1,322.3,8,50,PSR-15,4,15
2025-10-08T23:02:00Z,WriteSensor,PS-0001852,1153.0,334.7,8,50,PSR-15,4,15
2025-10-08T23:04:00Z,WriteSensor,PS-0001853,1159.6,316.4,8,50,PSR-15,4,15
2025-10-08T23:06:00Z,WriteSensor,PS-0001854,1201.0,310.8,8,50,PSR-15,4,15
2025-10-08T23:08:00Z,WriteSensor,PS-0001855,1147.2,290.2,8,50,PSR-15,4,15
2025-10-08T23:10:00Z,WriteSensor,PS-0001856,1181.0,310.1,8,50,PSR-15,4,15
2025-10-08T23:12:00Z,WriteSensor,PS-0001857,1063.8,377.9,8,50,PSR-15,4,15
2025-10-08T23:14:00Z,WriteSensor,PS-0001858,1170.1,339.6,8,50,PSR-15,4,15
2025-10-08T23:16:00Z,WriteSensor,PS-0001859,1143.6,286.2,8,50,PSR-15,4,15
2025-10-08T23:18:00Z,WriteSensor,PS-0001860,1178.6,278.4,8,50,PSR-15,4,15
2025-10-08T23:20:00Z,WriteSensor,PS-0001861,1226.0,332.1,8,50,PSR-15,4,15
2025-10-08T23:22:00Z,WriteSensor,PS-0001862,1203.6,352.7,8,50,PSR-15,4,15
2025-10-08T23:24:00Z,WriteSensor,PS-0001863,1178.9,266.3,8,50,PSR-15,4,15
2025-10-08T23:26:00Z,WriteSensor,PS-0001864,1198.5,304.9,8,50,PSR-15,4,15
2025-10-08T23:28:00Z,WriteSensor,PS-0001865,1175.0,302.5,8,50,PSR-15,4,15
2025-10-08T23:30:00Z,WriteSensor,PS-0001866,1107.4,339.6,8,50,PSR-15,4,15
2025-10-08T23:32:00Z,WriteSensor,PS-0001867,1123.1,369.7,8,50,PSR-15,4,15
2025-10-08T23:34:00Z,WriteSensor,PS-0001868,1151.2,349.1,8,50,PSR-15,4,15
2025-10-08T23:36:00Z,WriteSensor,PS-0001869,1217.1,319.0,8,50,PSR-15,4,15
2025-10-08T23:38:00Z,WriteSensor,PS-0001870,1143.6,334.2,8,50,PSR-15,4,15
2025-10-08T23:40:00Z,WriteSensor,PS-0001871,1246.3,323.0,8,50,PSR-15,4,15
2025-10-08T23:42:00Z,WriteSensor,PS-0001872,1048.5,382.1,8,50,PSR-15,4,15
2025-10-08T23:44:00Z,WriteSensor,PS-0001873,1177.1,319.9,8,50,PSR-15,4,15
2025-10-08T23:46:00Z,WriteSensor,PS-0001874,1095.3,320.6,8,50,PSR-15,4,15
2025-10-08T23:48:00Z,WriteSensor,PS-0001875,1163.6,351.9,8,50,PSR-15,4,15
2025-10-08T23:50:00Z,WriteSensor,PS-0001876,1185.2,284.5,8,50,PSR-15,4,15
2025-10-08T23:52:00Z,WriteSensor,PS-0001877,1188.5,323.3,8,50,PSR-15,4,15
2025-10-08T23:54:00Z,WriteSensor,PS-0001878,1244.2,324.4,8,50,PSR-15,4,15
2025-10-08T23:56:00Z,WriteSensor,PS-0001879,1069.0,272.9,8,50,PSR-15,4,15
2025-10-08T23:58:00Z,WriteSensor,PS-0001880,1143.8,286.1,8,50,PSR-15,4,15
2025-10-09T00:00:00Z,WriteSensor,PS-0001881,1101.4,334.5,8,50,PSR-15,4,15
2025-10-09T00:02:00Z,WriteSensor,PS-0001882,1098.9,303.6,8,50,PSR-15,4,15
2025-10-09T00:04:00Z,WriteSensor,PS-0001883,1171.4,361.8,8,50,PSR-15,4,15
2025-10-09T00:06:00Z,WriteSensor,PS-0001884,1134.8,301.8,8,50,PSR-15,4,15
2025-10-09T00:08:00Z,WriteSensor,PS-0001885,1220.4,292.3,8,50,PSR-15,4,15
2025-10-09T00:10:00Z,WriteSensor,PS-0001886,1129.8,289.2,8,50,PSR-15,4,15
2025-10-09T00:12:00Z,WriteSensor,PS-0001887,1102.2,321.1,8,50,PSR-15,4,15
2025-10-09T00:14:00Z,WriteSensor,PS-0001888,1124.5,298.9,8,50,PSR-15,4,15
2025-10-09T00:16:00Z,WriteSensor,PS-0001889,1080.8,309.8,8,50,PSR-15,4,15
2025-10-09T00:18:00Z,WriteSensor,PS-0001890,1274.4,365.3,8,50,PSR-15,4,15
2025-10-09T00:20:00Z,WriteSensor,PS-0001891,1073.1,311.0,8,50,PSR-15,4,15
2025-10-09T00:22:00Z,WriteSensor,PS-0001892,1153.8,302.5,8,50,PSR-15,4,15
2025-10-09T00:24:00Z,WriteSensor,PS-0001893,1031.1,314.2,8,50,PSR-15,4,15
2025-10-09T00:26:00Z,WriteSensor,PS-0001894,1197.6,316.3,8,50,PSR-15,4,15
2025-10-09T00:28:00Z,WriteSensor,PS-0001895,1069.1,312.9,8,50,PSR-15,4,15
2025-10-09T00:30:00Z,WriteSensor,PS-0001896,1199.2,311.5,8,50,PSR-15,4,15
2025-10-09T00:32:00Z,WriteSensor,PS-0001897,1157.6,333.9,8,50,PSR-15,4,15
2025-10-09T00:34:00Z,WriteSensor,PS-0001898,1098.8,324.9,8,50,PSR-15,4,15
2025-10-09T00:36:00Z,WriteSensor,PS-0001899,1059.5,329.7,8,50,PSR-15,4,15
2025-10-09T00:38:00Z,WriteSensor,PS-0001900,1222.9,322.3,8,50,PSR-15,4,15
2025-10-09T00:40:00Z,WriteSensor,PS-0001901,1122.0,335.3,8,50,PSR-15,4,15
2025-10-09T00:42:00Z,WriteSensor,PS-0001902,1099.3,309.3,8,50,PSR-15,4,15
2025-10-09T00:44:00Z,WriteSensor,PS-0001903,1180.3,309.5,8,50,PSR-15,4,15
2025-10-09T00:46:00Z,WriteSensor,PS-0001904,1165.0,327.0,8,50,PSR-15,4,15
2025-10-09T00:48:00Z,WriteSensor,PS-0001905,1150.0,242.7,8,50,PSR-15,4,15
2025-10-09T00:50:00Z,WriteSensor,PS-0001906,1236.7,364.7,8,50,PSR-15,4,15
2025-10-09T00:52:00Z,WriteSensor,PS-0001907,1117.6,311.4,8,50,PSR-15,4,15
2025-10-09T00:54:00Z,WriteSensor,PS-0001908,1178.5,300.9,8,50,PSR-15,4,15
2025-10-09T00:56:00Z,WriteSensor,PS-0001909,1161.2,320.6,8,50,PSR-15,4,15
2025-10-09T00:58:00Z,WriteSensor,PS-0001910,1137.4,332.5,8,50,PSR-15,4,15
2025-10-09T01:00:00Z,WriteSensor,PS-0001911,1152.1,291.2,8,50,PSR-15,4,15
2025-10-09T01:02:00Z,WriteSensor,PS-0001912,1172.7,336.9,8,50,PSR-15,4,15
2025-10-09T01:04:00Z,WriteSensor,PS-0001913,1107.1,263.6,8,50,PSR-15,4,15
2025-10-09T01:06:00Z,WriteSensor,PS-0001914,1084.8,328.7,8,50,PSR-15,4,15
2025-10-09T01:08:00Z,WriteSensor,PS-0001915,1140.3,320.0,8,50,PSR-15,4,15
2025-10-09T01:10:00Z,WriteSensor,PS-0001916,1196.6,342.3,8,50,PSR-15,4,15
2025-10-09T01:12:00Z,WriteSensor,PS-0001917,1067.5,294.9,8,50,PSR-15,4,15
2025-10-09T01:14:00Z,WriteSensor,PS-0001918,1191.5,324.9,8,50,PSR-15,4,15
2025-10-09T01:16:00Z,WriteSensor,PS-0001919,1215.8,419.9,8,50,PSR-15,4,15
2025-10-09T01:18:00Z,WriteSensor,PS-0001920,1142.8,352.5,8,50,PSR-15,4,15
2025-10-09T01:20:00Z,WriteSensor,PS-0001921,1181.8,308.9,8,50,PSR-15,4,15
2025-10-09T01:22:00Z,WriteSensor,PS-0001922,1175.2,305.2,8,50,PSR-15,4,15
2025-10-09T01:24:00Z,WriteSensor,PS-0001923,1195.1,288.9,8,50,PSR-15,4,15
2025-10-09T01:26:00Z,WriteSensor,PS-0001924,1223.4,332.0,8,50,PSR-15,4,15
2025-10-09T01:28:00Z,WriteSensor,PS-0001925,1183.6,343.9,8,50,PSR-15,4,15
2025-10-09T01:30:00Z,WriteSensor,PS-0001926,1139.2,311.1,8,50,PSR-15,4,15
2025-10-09T01:32:00Z,WriteSensor,PS-0001927,1222.8,319.9,8,50,PSR-15,4,15
2025-10-09T01:34:00Z,WriteSensor,PS-0001928,1174.6,349.6,8,50,PSR-15,4,15
2025-10-09T01:36:00Z,WriteSensor,PS-0001929,1147.2,308.0,8,50,PSR-15,4,15
2025-10-09T01:38:00Z,WriteSensor,PS-0001930,1119.3,330.0,8,50,PSR-15,4,15
2025-10-09T01:40:00Z,WriteSensor,PS-0001931,1203.1,327.6,8,50,PSR-15,4,15
2025-10-09T01:42:00Z,WriteSensor,PS-0001932,1103.3,350.1,8,50,PSR-15,4,15
2025-10-09T01:44:00Z,WriteSensor,PS-0001933,1192.7,330.0,8,50,PSR-15,4,15
2025-10-09T01:46:00Z,WriteSensor,PS-0001934,1107.0,340.8,8,50,PSR-15,4,15
2025-10-09T01:48:00Z,WriteSensor,PS-0001935,1098.5,300.9,8,50,PSR-15,4,15
2025-10-09T01:50:00Z,WriteSensor,PS-0001936,1214.9,320.7,8,50,PSR-15,4,15
2025-10-09T01:52:00Z,WriteSensor,PS-0001937,1130.5,310.1,8,50,PSR-15,4,15
2025-10-09T01:54:00Z,WriteSensor,PS-0001938,1131.6,308.8,8,50,PSR-15,4,15
2025-10-09T01:56:00Z,WriteSensor,PS-0001939,1192.2,291.5,8,50,PSR-15,4,15
2025-10-09T01:58:00Z,WriteSensor,PS-0001940,1119.2,321.6,8,50,PSR-15,4,15
2025-10-09T02:00:00Z,WriteSensor,PS-0001941,1100.4,332.7,8,50,PSR-15,4,15
2025-10-09T02:02:00Z,WriteSensor,PS-0001942,1045.2,276.7,8,50,PSR-15,4,15
2025-10-09T02:04:00Z,WriteSensor,PS-0001943,1154.2,345.9,8,50,PSR-15,4,15
2025-10-09T02:06:00Z,WriteSensor,PS-0001944,1182.5,334.3,8,50,PSR-15,4,15
2025-10-09T02:08:00Z,WriteSensor,PS-0001945,1030.6,360.2,8,50,PSR-15,4,15
2025-10-09T02:10:00Z,WriteSensor,PS-0001946,1175.6,344.3,8,50,PSR-15,4,15
2025-10-09T02:12:00Z,WriteSensor,PS-0001947,1051.6,342.1,8,50,PSR-15,4,15
2025-10-09T02:14:00Z,WriteSensor,PS-0001948,1147.3,314.4,8,50,PSR-15,4,15
2025-10-09T02:16:00Z,WriteSensor,PS-0001949,1047.3,320.9,8,50,PSR-15,4,15
2025-10-09T02:18:00Z,WriteSensor,PS-0001950,1198.2,273.7,8,50,PSR-15,4,15
2025-10-09T03:00:00Z,WriteSensor,PS-0001951,1065.5,354.7,16,50,PSR-16,4,16
2025-10-09T03:02:00Z,WriteSensor,PS-0001952,1125.9,328.7,16,50,PSR-16,4,16
2025-10-09T03:04:00Z,WriteSensor,PS-0001953,1107.6,350.4,16,50,PSR-16,4,16
2025-10-09T03:06:00Z,WriteSensor,PS-0001954,955.1,277.7,16,50,PSR-16,4,16
2025-10-09T03:08:00Z,WriteSensor,PS-0001955,1066.6,319.3,16,50,PSR-16,4,16
2025-10-09T03:10:00Z,WriteSensor,PS-0001956,1011.1,318.9,16,50,PSR-16,4,16
2025-10-09T03:12:00Z,WriteSensor,PS-0001957,1147.3,310.9,16,50,PSR-16,4,16
2025-10-09T03:14:00Z,WriteSensor,PS-0001958,1099.2,269.6,16,50,PSR-16,4,16
2025-10-09T03:16:00Z,WriteSensor,PS-0001959,1066.1,282.9,16,50,PSR-16,4,16
2025-10-09T03:18:00Z,WriteSensor,PS-0001960,1130.9,323.8,16,50,PSR-16,4,16
2025-10-09T03:20:00Z,WriteSensor,PS-0001961,1130.5,289.3,16,50,PSR-16,4,16
2025-10-09T03:22:00Z,WriteSensor,PS-0001962,1153.3,302.0,16,50,PSR-16,4,16
2025-10-09T03:24:00Z,WriteSensor,PS-0001963,1037.9,282.6,16,50,PSR-16,4,16
2025-10-09T03:26:00Z,WriteSensor,PS-0001964,1001.0,350.4,16,50,PSR-16,4,16
2025-10-09T03:28:00Z,WriteSensor,PS-0001965,1098.9,311.2,16,50,PSR-16,4,16
2025-10-09T03:30:00Z,WriteSensor,PS-0001966,1104.5,322.7,16,50,PSR-16,4,16
2025-10-09T03:32:00Z,WriteSensor,PS-0001967,1193.8,293.7,16,50,PSR-16,4,16
2025-10-09T03:34:00Z,WriteSensor,PS-0001968,1145.9,336.5,16,50,PSR-16,4,16
2025-10-09T03:36:00Z,WriteSensor,PS-0001969,1106.7,297.4,16,50,PSR-16,4,16
2025-10-09T03:38:00Z,WriteSensor,PS-0001970,1158.3,323.5,16,50,PSR-16,4,16
2025-10-09T03:40:00Z,WriteSensor,PS-0001971,1104.2,327.3,16,50,PSR-16,4,16
2025-10-09T03:42:00Z,WriteSensor,PS-0001972,1086.8,331.4,16,50,PSR-16,4,16
2025-10-09T03:44:00Z,WriteSensor,PS-0001973,1181.6,289.3,16,50,PSR-16,4,16
2025-10-09T03:46:00Z,WriteSensor,PS-0001974,972.3,326.6,16,50,PSR-16,4,16
2025-10-09T03:48:00Z,WriteSensor,PS-0001975,1117.9,322.0,16,50,PSR-16,4,16
2025-10-09T03:50:00Z,WriteSensor,PS-0001976,1034.4,328.0,16,50,PSR-16,4,16
2025-10-09T03:52:00Z,WriteSensor,PS-0001977,1026.5,303.7,16,50,PSR-16,4,16
2025-10-09T03:54:00Z,WriteSensor,PS-0001978,1067.0,314.1,16,50,PSR-16,4,16
2025-10-09T03:56:00Z,WriteSensor,PS-0001979,1098.3,326.5,16,50,PSR-16,4,16
2025-10-09T03:58:00Z,WriteSensor,PS-0001980,1015.1,320.8,16,50,PSR-16,4,16
2025-10-09T04:00:00Z,WriteSensor,PS-0001981,1123.9,328.4,16,50,PSR-16,4,16
2025-10-09T04:02:00Z,WriteSensor,PS-0001982,1165.0,324.6,16,50,PSR-16,4,16
2025-10-09T04:04:00Z,WriteSensor,PS-0001983,1031.5,324.9,16,50,PSR-16,4,16
2025-10-09T04:06:00Z,WriteSensor,PS-0001984,1045.8,315.9,16,50,PSR-16,4,16
2025-10-09T04:08:00Z,WriteSensor,PS-0001985,1033.0,348.4,16,50,PSR-16,4,16
2025-10-09T04:10:00Z,WriteSensor,PS-0001986,1071.5,327.4,16,50,PSR-16,4,16
2025-10-09T04:12:00Z,WriteSensor,PS-0001987,1089.1,280.4,16,50,PSR-16,4,16
2025-10-09T04:14:00Z,WriteSensor,PS-0001988,1100.2,329.5,16,50,PSR-16,4,16
2025-10-09T04:16:00Z,WriteSensor,PS-0001989,1124.7,343.2,16,50,PSR-16,4,16
2025-10-09T04:18:00Z,WriteSensor,PS-0001990,1066.1,323.5,16,50,PSR-16,4,16
2025-10-09T04:20:00Z,WriteSensor,PS-0001991,979.3,302.6,16,50,PSR-16,4,16
2025-10-09T04:22:00Z,WriteSensor,PS-0001992,1034.2,334.5,16,50,PSR-16,4,16
2025-10-09T04:24:00Z,WriteSensor,PS-0001993,1081.3,299.7,16,50,PSR-16,4,16
2025-10-09T04:26:00Z,WriteSensor,PS-0001994,1138.8,314.3,16,50,PSR-16,4,16
2025-10-09T04:28:00Z,WriteSensor,PS-0001995,1006.8,286.5,16,50,PSR-16,4,16
2025-10-09T04:30:00Z,WriteSensor,PS-0001996,1069.3,305.9,16,50,PSR-16,4,16
2025-10-09T04:32:00Z,WriteSensor,PS-0001997,1071.3,337.0,16,50,PSR-16,4,16
2025-10-09T04:34:00Z,WriteSensor,PS-0001998,1059.8,309.2,16,50,PSR-16,4,16
2025-10-09T04:36:00Z,WriteSensor,PS-0001999,1123.3,289.2,16,50,PSR-16,4,16
2025-10-09T04:38:00Z,WriteSensor,PS-0002000,1106.1,290.8,16,50,PSR-16,4,16
2025-10-09T04:40:00Z,WriteSensor,PS-0002001,1190.6,328.4,16,50,PSR-16,4,16
2025-10-09T04:42:00Z,WriteSensor,PS-0002002,1102.9,376.2,16,50,PSR-16,4,16
2025-10-09T04:44:00Z,WriteSensor,PS-0002003,1130.3,373.7,16,50,PSR-16,4,16
2025-10-09T04:46:00Z,WriteSensor,PS-0002004,1002.8,304.9,16,50,PSR-16,4,16
2025-10-09T04:48:00Z,WriteSensor,PS-0002005,1154.7,314.7,16,50,PSR-16,4,16
2025-10-09T04:50:00Z,WriteSensor,PS-0002006,1123.6,305.7,16,50,PSR-16,4,16
2025-10-09T04:52:00Z,WriteSensor,PS-0002007,1126.4,306.9,16,50,PSR-16,4,16
2025-10-09T04:54:00Z,WriteSensor,PS-0002008,1061.5,304.1,16,50,PSR-16,4,16
2025-10-09T04:56:00Z,WriteSensor,PS-0002009,1027.2,301.1,16,50,PSR-16,4,16
2025-10-09T04:58:00Z,WriteSensor,PS-0002010,1123.9,306.9,16,50,PSR-16,4,16
2025-10-09T05:00:00Z,WriteSensor,PS-0002011,1117.2,354.0,16,50,PSR-16,4,16
2025-10-09T05:02:00Z,WriteSensor,PS-0002012,1116.1,373.7,16,50,PSR-16,4,16
2025-10-09T05:04:00Z,WriteSensor,PS-0002013,1073.7,332.6,16,50,PSR-16,4,16
2025-10-09T05:06:00Z,WriteSensor,PS-0002014,1095.9,317.1,16,50,PSR-16,4,16
2025-10-09T05:08:00Z,WriteSensor,PS-0002015,982.7,288.4,16,50,PSR-16,4,16
2025-10-09T05:10:00Z,WriteSensor,PS-0002016,1082.1,337.8,16,50,PSR-16,4,16
2025-10-09T05:12:00Z,WriteSensor,PS-0002017,1209.5,330.0,16,50,PSR-16,4,16
2025-10-09T05:14:00Z,WriteSensor,PS-0002018,1089.1,264.8,16,50,PSR-16,4,16
2025-10-09T05:16:00Z,WriteSensor,PS-0002019,1055.5,327.5,16,50,PSR-16,4,16
2025-10-09T05:18:00Z,WriteSensor,PS-0002020,1149.4,305.7,16,50,PSR-16,4,16
2025-10-09T05:20:00Z,WriteSensor,PS-0002021,1111.6,322.9,16,50,PSR-16,4,16
2025-10-09T05:22:00Z,WriteSensor,PS-0002022,1033.0,279.5,16,50,PSR-16,4,16
2025-10-09T05:24:00Z,WriteSensor,PS-0002023,1101.3,290.9,16,50,PSR-16,4,16
2025-10-09T05:26:00Z,WriteSensor,PS-0002024,1108.8,340.2,16,50,PSR-16,4,16
2025-10-09T05:28:00Z,WriteSensor,PS-0002025,1030.1,346.5,16,50,PSR-16,4,16
2025-10-09T05:30:00Z,WriteSensor,PS-0002026,1113.8,345.8,16,50,PSR-16,4,16
2025-10-09T05:32:00Z,WriteSensor,PS-0002027,1062.9,284.0,16,50,PSR-16,4,16
2025-10-09T05:34:00Z,WriteSensor,PS-0002028,910.2,316.4,16,50,PSR-16,4,16
2025-10-09T05:36:00Z,WriteSensor,PS-0002029,1094.3,284.1,16,50,PSR-16,4,16
2025-10-09T05:38:00Z,WriteSensor,PS-0002030,1050.3,288.8,16,50,PSR-16,4,16
2025-10-09T05:40:00Z,WriteSensor,PS-0002031,1061.7,307.6,16,50,PSR-16,4,16
2025-10-09T05:42:00Z,WriteSensor,PS-0002032,1088.1,356.7,16,50,PSR-16,4,16
2025-10-09T05:44:00Z,WriteSensor,PS-0002033,1085.9,293.4,16,50,PSR-16,4,16
2025-10-09T05:46:00Z,WriteSensor,PS-0002034,1052.2,373.4,16,50,PSR-16,4,16
2025-10-09T05:48:00Z,WriteSensor,PS-0002035,1148.3,249.5,16,50,PSR-16,4,16
2025-10-09T05:50:00Z,WriteSensor,PS-0002036,1024.0,307.1,16,50,PSR-16,4,16
2025-10-09T05:52:00Z,WriteSensor,PS-0002037,1148.4,299.2,16,50,PSR-16,4,16
2025-10-09T05:54:00Z,WriteSensor,PS-0002038,1074.9,299.8,16,50,PSR-16,4,16
2025-10-09T05:56:00Z,WriteSensor,PS-0002039,1055.3,289.7,16,50,PSR-16,4,16
2025-10-09T05:58:00Z,WriteSensor,PS-0002040,1146.4,322.3,16,50,PSR-16,4,16
2025-10-09T06:00:00Z,WriteSensor,PS-0002041,1055.4,325.7,16,50,PSR-16,4,16
2025-10-09T06:02:00Z,WriteSensor,PS-0002042,994.9,343.8,16,50,PSR-16,4,16
2025-10-09T06:04:00Z,WriteSensor,PS-0002043,982.1,349.4,16,50,PSR-16,4,16
2025-10-09T06:06:00Z,WriteSensor,PS-0002044,1130.9,349.0,16,50,PSR-16,4,16
2025-10-09T06:08:00Z,WriteSensor,PS-0002045,1037.4,346.1,16,50,PSR-16,4,16
2025-10-09T06:10:00Z,WriteSensor,PS-0002046,1120.8,299.7,16,50,PSR-16,4,16
2025-10-09T06:12:00Z,WriteSensor,PS-0002047,1079.7,337.1,16,50,PSR-16,4,16
2025-10-09T06:14:00Z,WriteSensor,PS-0002048,1050.0,340.7,16,50,PSR-16,4,16
2025-10-09T06:16:00Z,WriteSensor,PS-0002049,1105.8,322.9,16,50,PSR-16,4,16
2025-10-09T06:18:00Z,WriteSensor,PS-0002050,1186.3,296.4,16,50,PSR-16,4,16
2025-10-09T06:20:00Z,WriteSensor,PS-0002051,1074.0,292.5,16,50,PSR-16,4,16
2025-10-09T06:22:00Z,WriteSensor,PS-0002052,1151.8,346.0,16,50,PSR-16,4,16
2025-10-09T06:24:00Z,WriteSensor,PS-0002053,1006.1,324.2,16,50,PSR-16,4,16
2025-10-09T06:26:00Z,WriteSensor,PS-0002054,1072.3,325.9,16,50,PSR-16,4,16
2025-10-09T06:28:00Z,WriteSensor,PS-0002055,1125.6,313.6,16,50,PSR-16,4,16
2025-10-09T06:30:00Z,WriteSensor,PS-0002056,1151.3,320.3,16,50,PSR-16,4,16
2025-10-09T06:32:00Z,WriteSensor,PS-0002057,1098.1,318.9,16,50,PSR-16,4,16
2025-10-09T06:34:00Z,WriteSensor,PS-0002058,1131.6,320.5,16,50,PSR-16,4,16
2025-10-09T06:36:00Z,WriteSensor,PS-0002059,1069.9,313.8,16,50,PSR-16,4,16
2025-10-09T06:38:00Z,WriteSensor,PS-0002060,1077.1,304.1,16,50,PSR-16,4,16
2025-10-09T06:40:00Z,WriteSensor,PS-0002061,1115.3,347.0,16,50,PSR-16,4,16
2025-10-09T06:42:00Z,WriteSensor,PS-0002062,1122.2,338.6,16,50,PSR-16,4,16
2025-10-09T06:44:00Z,WriteSensor,PS-0002063,1125.6,324.9,16,50,PSR-16,4,16
2025-10-09T06:46:00Z,WriteSensor,PS-0002064,1085.6,285.1,16,50,PSR-16,4,16
2025-10-09T06:48:00Z,WriteSensor,PS-0002065,992.2,329.0,16,50,PSR-16,4,16
2025-10-09T06:50:00Z,WriteSensor,PS-0002066,1101.5,306.5,16,50,PSR-16,4,16
2025-10-09T06:52:00Z,WriteSensor,PS-0002067,1060.8,304.2,16,50,PSR-16,4,16
2025-10-09T06:54:00Z,WriteSensor,PS-0002068,1097.4,303.3,16,50,PSR-16,4,16
2025-10-09T06:56:00Z,WriteSensor,PS-0002069,1088.0,309.8,16,50,PSR-16,4,16
2025-10-09T06:58:00Z,WriteSensor,PS-0002070,1089.2,333.2,16,50,PSR-16,4,16
2025-10-09T07:00:00Z,WriteSensor,PS-0002071,1117.5,333.3,16,50,PSR-16,4,16
2025-10-09T07:02:00Z,WriteSensor,PS-0002072,1120.0,285.6,16,50,PSR-16,4,16
2025-10-09T07:04:00Z,WriteSensor,PS-0002073,974.3,359.9,16,50,PSR-16,4,16
2025-10-09T07:06:00Z,WriteSensor,PS-0002074,1081.7,342.1,16,50,PSR-16,4,16
2025-10-09T07:08:00Z,WriteSensor,PS-0002075,966.7,304.9,16,50,PSR-16,4,16
2025-10-09T07:10:00Z,WriteSensor,PS-0002076,1103.1,285.5,16,50,PSR-16,4,16
2025-10-09T07:12:00Z,WriteSensor,PS-0002077,1189.2,288.8,16,50,PSR-16,4,16
2025-10-09T07:14:00Z,WriteSensor,PS-0002078,1126.6,301.5,16,50,PSR-16,4,16
2025-10-09T07:16:00Z,WriteSensor,PS-0002079,1114.9,314.4,16,50,PSR-16,4,16
2025-10-09T07:18:00Z,WriteSensor,PS-0002080,1051.2,272.2,16,50,PSR-16,4,16
2025-10-09T08:00:00Z,WriteSensor,PS-0002081,866.6,316.8,32,50,PSR-17,5,17
2025-10-09T08:02:00Z,WriteSensor,PS-0002082,828.2,302.4,32,50,PSR-17,5,17
2025-10-09T08:04:00Z,WriteSensor,PS-0002083,747.5,299.5,32,50,PSR-17,5,17
2025-10-09T08:06:00Z,WriteSensor,PS-0002084,807.4,266.2,32,50,PSR-17,5,17
2025-10-09T08:08:00Z,WriteSensor,PS-0002085,717.8,348.8,32,50,PSR-17,5,17
2025-10-09T08:10:00Z,WriteSensor,PS-0002086,839.6,344.5,32,50,PSR-17,5,17
2025-10-09T08:12:00Z,WriteSensor,PS-0002087,811.1,313.8,32,50,PSR-17,5,17
2025-10-09T08:14:00Z,WriteSensor,PS-0002088,759.8,332.1,32,50,PSR-17,5,17
2025-10-09T08:16:00Z,WriteSensor,PS-0002089,766.6,303.3,32,50,PSR-17,5,17
2025-10-09T08:18:00Z,WriteSensor,PS-0002090,775.1,303.3,32,50,PSR-17,5,17
2025-10-09T08:20:00Z,WriteSensor,PS-0002091,798.2,387.2,32,50,PSR-17,5,17
2025-10-09T08:22:00Z,WriteSensor,PS-0002092,876.9,274.9,32,50,PSR-17,5,17
2025-10-09T08:24:00Z,WriteSensor,PS-0002093,821.5,339.6,32,50,PSR-17,5,17
2025-10-09T08:26:00Z,WriteSensor,PS-0002094,891.6,339.6,32,50,PSR-17,5,17
2025-10-09T08:28:00Z,WriteSensor,PS-0002095,732.2,347.6,32,50,PSR-17,5,17
2025-10-09T08:30:00Z,WriteSensor,PS-0002096,887.3,291.1,32,50,PSR-17,5,17
2025-10-09T08:32:00Z,WriteSensor,PS-0002097,801.2,305.2,32,50,PSR-17,5,17
2025-10-09T08:34:00Z,WriteSensor,PS-0002098,780.7,344.8,32,50,PSR-17,5,17
2025-10-09T08:36:00Z,WriteSensor,PS-0002099,847.1,322.1,32,50,PSR-17,5,17
2025-10-09T08:38:00Z,WriteSensor,PS-0002100,645.8,290.9,32,50,PSR-17,5,17
2025-10-09T08:40:00Z,WriteSensor,PS-0002101,829.0,327.6,32,50,PSR-17,5,17
2025-10-09T08:42:00Z,WriteSensor,PS-0002102,752.4,345.4,32,50,PSR-17,5,17
2025-10-09T08:44:00Z,WriteSensor,PS-0002103,902.7,320.8,32,50,PSR-17,5,17
2025-10-09T08:46:00Z,WriteSensor,PS-0002104,747.4,312.2,32,50,PSR-17,5,17
2025-10-09T08:48:00Z,WriteSensor,PS-0002105,683.1,310.7,32,50,PSR-17,5,17
2025-10-09T08:50:00Z,WriteSensor,PS-0002106,766.9,332.5,32,50,PSR-17,5,17
2025-10-09T08:52:00Z,WriteSensor,PS-0002107,870.2,285.3,32,50,PSR-17,5,17
2025-10-09T08:54:00Z,WriteSensor,PS-0002108,809.8,310.1,32,50,PSR-17,5,17
2025-10-09T08:56:00Z,WriteSensor,PS-0002109,836.4,302.0,32,50,PSR-17,5,17
2025-10-09T08:58:00Z,WriteSensor,PS-0002110,801.4,302.4,32,50,PSR-17,5,17
2025-10-09T09:00:00Z,WriteSensor,PS-0002111,787.3,254.2,32,50,PSR-17,5,17
2025-10-09T09:02:00Z,WriteSensor,PS-0002112,730.0,340.0,32,50,PSR-17,5,17
2025-10-09T09:04:00Z,WriteSensor,PS-0002113,809.7,340.1,32,50,PSR-17,5,17
2025-10-09T09:06:00Z,WriteSensor,PS-0002114,842.9,293.5,32,50,PSR-17,5,17
2025-10-09T09:08:00Z,WriteSensor,PS-0002115,757.0,318.3,32,50,PSR-17,5,17
2025-10-09T09:10:00Z,WriteSensor,PS-0002116,778.9,339.3,32,50,PSR-17,5,17
2025-10-09T09:12:00Z,WriteSensor,PS-0002117,779.6,353.8,32,50,PSR-17,5,17
2025-10-09T09:14:00Z,WriteSensor,PS-0002118,739.2,293.3,32,50,PSR-17,5,17
2025-10-09T09:16:00Z,WriteSensor,PS-0002119,715.6,357.3,32,50,PSR-17,5,17
2025-10-09T09:18:00Z,WriteSensor,PS-0002120,753.5,306.3,32,50,PSR-17,5,17
2025-10-09T09:20:00Z,WriteSensor,PS-0002121,793.0,330.8,32,50,PSR-17,5,17
2025-10-09T09:22:00Z,WriteSensor,PS-0002122,842.4,335.9,32,50,PSR-17,5,17
2025-10-09T09:24:00Z,WriteSensor,PS-0002123,735.2,390.5,32,50,PSR-17,5,17
2025-10-09T09:26:00Z,WriteSensor,PS-0002124,743.9,328.4,32,50,PSR-17,5,17
2025-10-09T09:28:00Z,WriteSensor,PS-0002125,795.0,335.2,32,50,PSR-17,5,17
2025-10-09T09:30:00Z,WriteSensor,PS-0002126,767.2,313.7,32,50,PSR-17,5,17
2025-10-09T09:32:00Z,WriteSensor,PS-0002127,756.0,278.4,32,50,PSR-17,5,17
2025-10-09T09:34:00Z,WriteSensor,PS-0002128,735.4,359.9,32,50,PSR-17,5,17
2025-10-09T09:36:00Z,WriteSensor,PS-0002129,760.6,308.0,32,50,PSR-17,5,17
2025-10-09T09:38:00Z,WriteSensor,PS-0002130,805.8,307.6,32,50,PSR-17,5,17
2025-10-09T09:40:00Z,WriteSensor,PS-0002131,696.0,332.5,32,50,PSR-17,5,17
2025-10-09T09:42:00Z,WriteSensor,PS-0002132,825.5,283.0,32,50,PSR-17,5,17
2025-10-09T09:44:00Z,WriteSensor,PS-0002133,771.4,313.8,32,50,PSR-17,5,17
2025-10-09T09:46:00Z,WriteSensor,PS-0002134,752.7,308.5,32,50,PSR-17,5,17
2025-10-09T09:48:00Z,WriteSensor,PS-0002135,710.1,320.6,32,50,PSR-17,5,17
2025-10-09T09:50:00Z,WriteSensor,PS-0002136,836.1,250.9,32,50,PSR-17,5,17
2025-10-09T09:52:00Z,WriteSensor,PS-0002137,746.3,334.4,32,50,PSR-17,5,17
2025-10-09T09:54:00Z,WriteSensor,PS-0002138,782.9,327.6,32,50,PSR-17,5,17
2025-10-09T09:56:00Z,WriteSensor,PS-0002139,778.7,271.4,32,50,PSR-17,5,17
2025-10-09T09:58:00Z,WriteSensor,PS-0002140,819.3,301.1,32,50,PSR-17,5,17
2025-10-09T10:00:00Z,WriteSensor,PS-0002141,827.9,346.2,32,50,PSR-17,5,17
2025-10-09T10:02:00Z,WriteSensor,PS-0002142,756.5,324.9,32,50,PSR-17,5,17
2025-10-09T10:04:00Z,WriteSensor,PS-0002143,821.9,325.1,32,50,PSR-17,5,17
2025-10-09T10:06:00Z,WriteSensor,PS-0002144,766.5,359.6,32,50,PSR-17,5,17
2025-10-09T10:08:00Z,WriteSensor,PS-0002145,749.4,311.2,32,50,PSR-17,5,17
2025-10-09T10:10:00Z,WriteSensor,PS-0002146,887.9,244.8,32,50,PSR-17,5,17
2025-10-09T10:12:00Z,WriteSensor,PS-0002147,781.2,331.0,32,50,PSR-17,5,17
2025-10-09T10:14:00Z,WriteSensor,PS-0002148,861.7,308.1,32,50,PSR-17,5,17
2025-10-09T10:16:00Z,WriteSensor,PS-0002149,915.7,290.1,32,50,PSR-17,5,17
2025-10-09T10:18:00Z,WriteSensor,PS-0002150,776.8,340.9,32,50,PSR-17,5,17
2025-10-09T10:20:00Z,WriteSensor,PS-0002151,841.7,305.9,32,50,PSR-17,5,17
2025-10-09T10:22:00Z,WriteSensor,PS-0002152,752.2,326.7,32,50,PSR-17,5,17
2025-10-09T10:24:00Z,WriteSensor,PS-0002153,856.2,375.8,32,50,PSR-17,5,17
2025-10-09T10:26:00Z,WriteSensor,PS-0002154,773.1,325.8,32,50,PSR-17,5,17
2025-10-09T10:28:00Z,WriteSensor,PS-0002155,739.2,303.7,32,50,PSR-17,5,17
2025-10-09T10:30:00Z,WriteSensor,PS-0002156,730.1,349.7,32,50,PSR-17,5,17
2025-10-09T10:32:00Z,WriteSensor,PS-0002157,769.8,307.2,32,50,PSR-17,5,17
2025-10-09T10:34:00Z,WriteSensor,PS-0002158,744.9,355.5,32,50,PSR-17,5,17
2025-10-09T10:36:00Z,WriteSensor,PS-0002159,710.3,313.2,32,50,PSR-17,5,17
2025-10-09T10:38:00Z,WriteSensor,PS-0002160,758.7,320.9,32,50,PSR-17,5,17
2025-10-09T10:40:00Z,WriteSensor,PS-0002161,754.7,304.2,32,50,PSR-17,5,17
2025-10-09T10:42:00Z,WriteSensor,PS-0002162,823.2,328.6,32,50,PSR-17,5,17
2025-10-09T10:44:00Z,WriteSensor,PS-0002163,848.0,282.3,32,50,PSR-17,5,17
2025-10-09T10:46:00Z,WriteSensor,PS-0002164,778.6,319.1,32,50,PSR-17,5,17
2025-10-09T10:48:00Z,WriteSensor,PS-0002165,818.4,377.8,32,50,PSR-17,5,17
2025-10-09T10:50:00Z,WriteSensor,PS-0002166,788.7,350.8,32,50,PSR-17,5,17
2025-10-09T10:52:00Z,WriteSensor,PS-0002167,827.7,271.1,32,50,PSR-17,5,17
2025-10-09T10:54:00Z,WriteSensor,PS-0002168,785.0,307.5,32,50,PSR-17,5,17
2025-10-09T10:56:00Z,WriteSensor,PS-0002169,743.8,290.8,32,50,PSR-17,5,17
2025-10-09T10:58:00Z,WriteSensor,PS-0002170,722.5,297.3,32,50,PSR-17,5,17
2025-10-09T11:00:00Z,WriteSensor,PS-0002171,679.8,303.0,32,50,PSR-17,5,17
2025-10-09T11:02:00Z,WriteSensor,PS-0002172,693.4,335.9,32,50,PSR-17,5,17
2025-10-09T11:04:00Z,WriteSensor,PS-0002173,725.5,351.8,32,50,PSR-17,5,17
2025-10-09T11:06:00Z,WriteSensor,PS-0002174,749.9,301.8,32,50,PSR-17,5,17
2025-10-09T11:08:00Z,WriteSensor,PS-0002175,842.7,318.2,32,50,PSR-17,5,17
2025-10-09T11:10:00Z,WriteSensor,PS-0002176,860.0,327.0,32,50,PSR-17,5,17
2025-10-09T11:12:00Z,WriteSensor,PS-0002177,838.9,358.0,32,50,PSR-17,5,17
2025-10-09T11:14:00Z,WriteSensor,PS-0002178,847.3,340.1,32,50,PSR-17,5,17
2025-10-09T11:16:00Z,WriteSensor,PS-0002179,758.5,311.0,32,50,PSR-17,5,17
2025-10-09T11:18:00Z,WriteSensor,PS-0002180,796.3,296.4,32,50,PSR-17,5,17
2025-10-09T11:20:00Z,WriteSensor,PS-0002181,772.8,333.9,32,50,PSR-17,5,17
2025-10-09T11:22:00Z,WriteSensor,PS-0002182,801.9,310.8,32,50,PSR-17,5,17
2025-10-09T11:24:00Z,WriteSensor,PS-0002183,798.8,329.0,32,50,PSR-17,5,17
2025-10-09T11:26:00Z,WriteSensor,PS-0002184,780.2,315.3,32,50,PSR-17,5,17
2025-10-09T11:28:00Z,WriteSensor,PS-0002185,769.6,304.7,32,50,PSR-17,5,17
2025-10-09T11:30:00Z,WriteSensor,PS-0002186,786.7,345.1,32,50,PSR-17,5,17
2025-10-09T11:32:00Z,WriteSensor,PS-0002187,788.0,278.0,32,50,PSR-17,5,17
2025-10-09T11:34:00Z,WriteSensor,PS-0002188,854.0,284.1,32,50,PSR-17,5,17
2025-10-09T11:36:00Z,WriteSensor,PS-0002189,767.7,341.1,32,50,PSR-17,5,17
2025-10-09T11:38:00Z,WriteSensor,PS-0002190,859.4,383.0,32,50,PSR-17,5,17
2025-10-09T11:40:00Z,WriteSensor,PS-0002191,806.1,351.6,32,50,PSR-17,5,17
2025-10-09T11:42:00Z,WriteSensor,PS-0002192,809.2,306.8,32,50,PSR-17,5,17
2025-10-09T11:44:00Z,WriteSensor,PS-0002193,770.1,272.6,32,50,PSR-17,5,17
2025-10-09T11:46:00Z,WriteSensor,PS-0002194,761.5,333.8,32,50,PSR-17,5,17
2025-10-09T11:48:00Z,WriteSensor,PS-0002195,791.1,348.3,32,50,PSR-17,5,17
2025-10-09T11:50:00Z,WriteSensor,PS-0002196,666.5,278.7,32,50,PSR-17,5,17
2025-10-09T11:52:00Z,WriteSensor,PS-0002197,823.4,374.8,32,50,PSR-17,5,17
2025-10-09T11:54:00Z,WriteSensor,PS-0002198,783.9,319.4,32,50,PSR-17,5,17
2025-10-09T11:56:00Z,WriteSensor,PS-0002199,845.5,329.0,32,50,PSR-17,5,17
2025-10-09T11:58:00Z,WriteSensor,PS-0002200,841.6,365.3,32,50,PSR-17,5,17
2025-10-09T12:00:00Z,WriteSensor,PS-0002201,845.1,277.6,32,50,PSR-17,5,17
2025-10-09T12:02:00Z,WriteSensor,PS-0002202,757.4,242.0,32,50,PSR-17,5,17
2025-10-09T12:04:00Z,WriteSensor,PS-0002203,852.9,352.1,32,50,PSR-17,5,17
2025-10-09T12:06:00Z,WriteSensor,PS-0002204,803.6,332.6,32,50,PSR-17,5,17
2025-10-09T12:08:00Z,WriteSensor,PS-0002205,768.3,311.6,32,50,PSR-17,5,17
2025-10-09T12:10:00Z,WriteSensor,PS-0002206,894.7,366.1,32,50,PSR-17,5,17
2025-10-09T12:12:00Z,WriteSensor,PS-0002207,900.5,310.6,32,50,PSR-17,5,17
2025-10-09T12:14:00Z,WriteSensor,PS-0002208,771.3,343.2,32,50,PSR-17,5,17
2025-10-09T12:16:00Z,WriteSensor,PS-0002209,771.7,305.4,32,50,PSR-17,5,17
2025-10-09T12:18:00Z,WriteSensor,PS-0002210,787.0,376.1,32,50,PSR-17,5,17
2025-10-09T13:00:00Z,WriteSensor,PS-0002211,1062.8,346.4,16,50,PSR-18,5,18
2025-10-09T13:02:00Z,WriteSensor,PS-0002212,950.0,304.3,16,50,PSR-18,5,18
2025-10-09T13:04:00Z,WriteSensor,PS-0002213,957.5,349.5,16,50,PSR-18,5,18
2025-10-09T13:06:00Z,WriteSensor,PS-0002214,1043.2,336.0,16,50,PSR-18,5,18
2025-10-09T13:08:00Z,WriteSensor,PS-0002215,1021.1,325.7,16,50,PSR-18,5,18
2025-10-09T13:10:00Z,WriteSensor,PS-0002216,1114.8,326.3,16,50,PSR-18,5,18
2025-10-09T13:12:00Z,WriteSensor,PS-0002217,904.4,333.9,16,50,PSR-18,5,18
2025-10-09T13:14:00Z,WriteSensor,PS-0002218,934.6,345.5,16,50,PSR-18,5,18
2025-10-09T13:16:00Z,WriteSensor,PS-0002219,979.5,302.8,16,50,PSR-18,5,18
2025-10-09T13:18:00Z,WriteSensor,PS-0002220,1053.1,364.3,16,50,PSR-18,5,18
2025-10-09T13:20:00Z,WriteSensor,PS-0002221,1020.4,338.7,16,50,PSR-18,5,18
2025-10-09T13:22:00Z,WriteSensor,PS-0002222,1077.3,302.1,16,50,PSR-18,5,18
2025-10-09T13:24:00Z,WriteSensor,PS-0002223,1036.1,330.7,16,50,PSR-18,5,18
2025-10-09T13:26:00Z,WriteSensor,PS-0002224,1106.1,321.9,16,50,PSR-18,5,18
2025-10-09T13:28:00Z,WriteSensor,PS-0002225,989.8,311.1,16,50,PSR-18,5,18
2025-10-09T13:30:00Z,WriteSensor,PS-0002226,1016.2,283.2,16,50,PSR-18,5,18
2025-10-09T13:32:00Z,WriteSensor,PS-0002227,961.4,334.3,16,50,PSR-18,5,18
2025-10-09T13:34:00Z,WriteSensor,PS-0002228,1090.5,311.5,16,50,PSR-18,5,18
2025-10-09T13:36:00Z,WriteSensor,PS-0002229,1023.1,338.6,16,50,PSR-18,5,18
2025-10-09T13:38:00Z,WriteSensor,PS-0002230,1029.6,315.5,16,50,PSR-18,5,18
2025-10-09T13:40:00Z,WriteSensor,PS-0002231,1090.7,334.8,16,50,PSR-18,5,18
2025-10-09T13:42:00Z,WriteSensor,PS-0002232,963.7,319.6,16,50,PSR-18,5,18
2025-10-09T13:44:00Z,WriteSensor,PS-0002233,1053.8,317.3,16,50,PSR-18,5,18
2025-10-09T13:46:00Z,WriteSensor,PS-0002234,1071.9,321.8,16,50,PSR-18,5,18
2025-10-09T13:48:00Z,WriteSensor,PS-0002235,1047.8,333.7,16,50,PSR-18,5,18
2025-10-09T13:50:00Z,WriteSensor,PS-0002236,1044.4,329.7,16,50,PSR-18,5,18
2025-10-09T13:52:00Z,WriteSensor,PS-0002237,952.9,365.7,16,50,PSR-18,5,18
2025-10-09T13:54:00Z,WriteSensor,PS-0002238,923.2,401.3,16,50,PSR-18,5,18
2025-10-09T13:56:00Z,WriteSensor,PS-0002239,1155.2,365.0,16,50,PSR-18,5,18
2025-10-09T13:58:00Z,WriteSensor,PS-0002240,1066.7,281.9,16,50,PSR-18,5,18
2025-10-09T14:00:00Z,WriteSensor,PS-0002241,975.7,363.1,16,50,PSR-18,5,18
2025-10-09T14:02:00Z,WriteSensor,PS-0002242,1050.6,351.8,16,50,PSR-18,5,18
2025-10-09T14:04:00Z,WriteSensor,PS-0002243,964.0,341.5,16,50,PSR-18,5,18
2025-10-09T14:06:00Z,WriteSensor,PS-0002244,1074.8,341.2,16,50,PSR-18,5,18
2025-10-09T14:08:00Z,WriteSensor,PS-0002245,1071.5,316.6,16,50,PSR-18,5,18
2025-10-09T14:10:00Z,WriteSensor,PS-0002246,1082.3,335.4,16,50,PSR-18,5,18
2025-10-09T14:12:00Z,WriteSensor,PS-0002247,1054.6,333.7,16,50,PSR-18,5,18
2025-10-09T14:14:00Z,WriteSensor,PS-0002248,1080.8,311.5,16,50,PSR-18,5,18
2025-10-09T14:16:00Z,WriteSensor,PS-0002249,1129.7,309.0,16,50,PSR-18,5,18
2025-10-09T14:18:00Z,WriteSensor,PS-0002250,1097.7,345.5,16,50,PSR-18,5,18
2025-10-09T14:20:00Z,WriteSensor,PS-0002251,1051.0,301.2,16,50,PSR-18,5,18
2025-10-09T14:22:00Z,WriteSensor,PS-0002252,1044.1,284.1,16,50,PSR-18,5,18
2025-10-09T14:24:00Z,WriteSensor,PS-0002253,1128.1,317.0,16,50,PSR-18,5,18
2025-10-09T14:26:00Z,WriteSensor,PS-0002254,1014.6,299.9,16,50,PSR-18,5,18
2025-10-09T14:28:00Z,WriteSensor,PS-0002255,1089.7,318.7,16,50,PSR-18,5,18
2025-10-09T14:30:00Z,WriteSensor,PS-0002256,1037.5,319.6,16,50,PSR-18,5,18
2025-10-09T14:32:00Z,WriteSensor,PS-0002257,1038.1,313.2,16,50,PSR-18,5,18
2025-10-09T14:34:00Z,WriteSensor,PS-0002258,1124.2,321.6,16,50,PSR-18,5,18
2025-10-09T14:36:00Z,WriteSensor,PS-0002259,1010.6,304.7,16,50,PSR-18,5,18
2025-10-09T14:38:00Z,WriteSensor,PS-0002260,1001.3,280.4,16,50,PSR-18,5,18
2025-10-09T14:40:00Z,WriteSensor,PS-0002261,941.5,300.0,16,50,PSR-18,5,18
2025-10-09T14:42:00Z,WriteSensor,PS-0002262,1098.1,337.4,16,50,PSR-18,5,18
2025-10-09T14:44:00Z,WriteSensor,PS-0002263,1016.4,320.6,16,50,PSR-18,5,18
2025-10-09T14:46:00Z,WriteSensor,PS-0002264,1052.8,372.7,16,50,PSR-18,5,18
2025-10-09T14:48:00Z,WriteSensor,PS-0002265,1052.3,349.3,16,50,PSR-18,5,18
2025-10-09T14:50:00Z,WriteSensor,PS-0002266,925.3,255.6,16,50,PSR-18,5,18
2025-10-09T14:52:00Z,WriteSensor,PS-0002267,1081.6,378.4,16,50,PSR-18,5,18
2025-10-09T14:54:00Z,WriteSensor,PS-0002268,1069.4,308.8,16,50,PSR-18,5,18
2025-10-09T14:56:00Z,WriteSensor,PS-0002269,1014.1,332.5,16,50,PSR-18,5,18
2025-10-09T14:58:00Z,WriteSensor,PS-0002270,1002.0,347.2,16,50,PSR-18,5,18
2025-10-09T15:00:00Z,WriteSensor,PS-0002271,1064.0,317.9,16,50,PSR-18,5,18
2025-10-09T15:02:00Z,WriteSensor,PS-0002272,1113.9,378.7,16,50,PSR-18,5,18
2025-10-09T15:04:00Z,WriteSensor,PS-0002273,977.2,344.4,16,50,PSR-18,5,18
2025-10-09T15:06:00Z,WriteSensor,PS-0002274,1063.6,302.3,16,50,PSR-18,5,18
2025-10-09T15:08:00Z,WriteSensor,PS-0002275,1039.5,329.2,16,50,PSR-18,5,18
2025-10-09T15:10:00Z,WriteSensor,PS-0002276,959.7,336.7,16,50,PSR-18,5,18
2025-10-09T15:12:00Z,WriteSensor,PS-0002277,1140.7,314.6,16,50,PSR-18,5,18
2025-10-09T15:14:00Z,WriteSensor,PS-0002278,1039.2,358.7,16,50,PSR-18,5,18
2025-10-09T15:16:00Z,WriteSensor,PS-0002279,918.5,329.8,16,50,PSR-18,5,18
2025-10-09T15:18:00Z,WriteSensor,PS-0002280,1090.9,355.2,16,50,PSR-18,5,18
2025-10-09T15:20:00Z,WriteSensor,PS-0002281,1071.8,323.3,16,50,PSR-18,5,18
2025-10-09T15:22:00Z,WriteSensor,PS-0002282,1175.0,285.7,16,50,PSR-18,5,18
2025-10-09T15:24:00Z,WriteSensor,PS-0002283,937.7,286.9,16,50,PSR-18,5,18
2025-10-09T15:26:00Z,WriteSensor,PS-0002284,1020.9,320.4,16,50,PSR-18,5,18
2025-10-09T15:28:00Z,WriteSensor,PS-0002285,992.1,279.9,16,50,PSR-18,5,18
2025-10-09T15:30:00Z,WriteSensor,PS-0002286,1126.6,322.1,16,50,PSR-18,5,18
2025-10-09T15:32:00Z,WriteSensor,PS-0002287,1028.0,360.8,16,50,PSR-18,5,18
2025-10-09T15:34:00Z,WriteSensor,PS-0002288,1079.9,274.4,16,50,PSR-18,5,18
2025-10-09T15:36:00Z,WriteSensor,PS-0002289,1063.4,304.7,16,50,PSR-18,5,18
2025-10-09T15:38:00Z,WriteSensor,PS-0002290,1043.5,353.6,16,50,PSR-18,5,18
2025-10-09T15:40:00Z,WriteSensor,PS-0002291,1091.0,322.0,16,50,PSR-18,5,18
2025-10-09T15:42:00Z,WriteSensor,PS-0002292,1064.4,313.9,16,50,PSR-18,5,18
2025-10-09T15:44:00Z,WriteSensor,PS-0002293,1099.1,363.2,16,50,PSR-18,5,18
2025-10-09T15:46:00Z,WriteSensor,PS-0002294,994.5,281.6,16,50,PSR-18,5,18
2025-10-09T15:48:00Z,WriteSensor,PS-0002295,1028.1,327.6,16,50,PSR-18,5,18
2025-10-09T15:50:00Z,WriteSensor,PS-0002296,1022.0,361.7,16,50,PSR-18,5,18
2025-10-09T15:52:00Z,WriteSensor,PS-0002297,972.3,361.5,16,50,PSR-18,5,18
2025-10-09T15:54:00Z,WriteSensor,PS-0002298,975.1,302.8,16,50,PSR-18,5,18
2025-10-09T15:56:00Z,WriteSensor,PS-0002299,1091.4,322.6,16,50,PSR-18,5,18
2025-10-09T15:58:00Z,WriteSensor,PS-0002300,927.3,303.0,16,50,PSR-18,5,18
2025-10-09T16:00:00Z,WriteSensor,PS-0002301,1036.7,307.1,16,50,PSR-18,5,18
2025-10-09T16:02:00Z,WriteSensor,PS-0002302,1102.4,361.1,16,50,PSR-18,5,18
2025-10-09T16:04:00Z,WriteSensor,PS-0002303,1047.8,394.9,16,50,PSR-18,5,18
2025-10-09T16:06:00Z,WriteSensor,PS-0002304,1009.3,326.7,16,50,PSR-18,5,18
2025-10-09T16:08:00Z,WriteSensor,PS-0002305,961.6,389.5,16,50,PSR-18,5,18
2025-10-09T16:10:00Z,WriteSensor,PS-0002306,1078.5,371.7,16,50,PSR-18,5,18
2025-10-09T16:12:00Z,WriteSensor,PS-0002307,1058.0,357.5,16,50,PSR-18,5,18
2025-10-09T16:14:00Z,WriteSensor,PS-0002308,1086.1,340.5,16,50,PSR-18,5,18
2025-10-09T16:16:00Z,WriteSensor,PS-0002309,1000.3,348.2,16,50,PSR-18,5,18
2025-10-09T16:18:00Z,WriteSensor,PS-0002310,951.9,286.0,16,50,PSR-18,5,18
2025-10-09T16:20:00Z,WriteSensor,PS-0002311,931.0,304.9,16,50,PSR-18,5,18
2025-10-09T16:22:00Z,WriteSensor,PS-0002312,1023.0,299.8,16,50,PSR-18,5,18
2025-10-09T16:24:00Z,WriteSensor,PS-0002313,985.6,281.3,16,50,PSR-18,5,18
2025-10-09T16:26:00Z,WriteSensor,PS-0002314,1013.6,313.2,16,50,PSR-18,5,18
2025-10-09T16:28:00Z,WriteSensor,PS-0002315,1142.8,330.4,16,50,PSR-18,5,18
2025-10-09T16:30:00Z,WriteSensor,PS-0002316,978.9,301.8,16,50,PSR-18,5,18
2025-10-09T16:32:00Z,WriteSensor,PS-0002317,1018.2,328.9,16,50,PSR-18,5,18
2025-10-09T16:34:00Z,WriteSensor,PS-0002318,1131.8,377.5,16,50,PSR-18,5,18
2025-10-09T16:36:00Z,WriteSensor,PS-0002319,988.1,350.0,16,50,PSR-18,5,18
2025-10-09T16:38:00Z,WriteSensor,PS-0002320,1132.3,312.0,16,50,PSR-18,5,18
2025-10-09T16:40:00Z,WriteSensor,PS-0002321,1082.7,323.8,16,50,PSR-18,5,18
2025-10-09T16:42:00Z,WriteSensor,PS-0002322,1033.7,334.6,16,50,PSR-18,5,18
2025-10-09T16:44:00Z,WriteSensor,PS-0002323,1050.8,277.1,16,50,PSR-18,5,18
2025-10-09T16:46:00Z,WriteSensor,PS-0002324,1017.3,353.4,16,50,PSR-18,5,18
2025-10-09T16:48:00Z,WriteSensor,PS-0002325,1027.8,357.7,16,50,PSR-18,5,18
2025-10-09T16:50:00Z,WriteSensor,PS-0002326,1082.6,370.6,16,50,PSR-18,5,18
2025-10-09T16:52:00Z,WriteSensor,PS-0002327,1019.9,305.8,16,50,PSR-18,5,18
2025-10-09T16:54:00Z,WriteSensor,PS-0002328,1091.1,371.8,16,50,PSR-18,5,18
2025-10-09T16:56:00Z,WriteSensor,PS-0002329,1017.6,318.2,16,50,PSR-18,5,18
2025-10-09T16:58:00Z,WriteSensor,PS-0002330,982.0,324.7,16,50,PSR-18,5,18
2025-10-09T17:00:00Z,WriteSensor,PS-0002331,1091.4,298.8,16,50,PSR-18,5,18
2025-10-09T17:02:00Z,WriteSensor,PS-0002332,970.7,318.7,16,50,PSR-18,5,18
2025-10-09T17:04:00Z,WriteSensor,PS-0002333,1048.9,294.3,16,50,PSR-18,5,18
2025-10-09T17:06:00Z,WriteSensor,PS-0002334,978.4,304.3,16,50,PSR-18,5,18
2025-10-09T17:08:00Z,WriteSensor,PS-0002335,1045.4,311.9,16,50,PSR-18,5,18
2025-10-09T17:10:00Z,WriteSensor,PS-0002336,1082.2,366.2,16,50,PSR-18,5,18
2025-10-09T17:12:00Z,WriteSensor,PS-0002337,1038.2,282.6,16,50,PSR-18,5,18
2025-10-09T17:14:00Z,WriteSensor,PS-0002338,968.7,286.1,16,50,PSR-18,5,18
2025-10-09T17:16:00Z,WriteSensor,PS-0002339,1071.0,337.7,16,50,PSR-18,5,18
2025-10-09T17:18:00Z,WriteSensor,PS-0002340,1093.2,359.8,16,50,PSR-18,5,18
2025-10-09T18:00:00Z,WriteSensor,PS-0002341,1061.2,324.2,8,50,PSR-19,5,19
2025-10-09T18:02:00Z,WriteSensor,PS-0002342,1115.5,307.6,8,50,PSR-19,5,19
2025-10-09T18:04:00Z,WriteSensor,PS-0002343,1153.5,318.4,8,50,PSR-19,5,19
2025-10-09T18:06:00Z,WriteSensor,PS-0002344,1261.2,318.9,8,50,PSR-19,5,19
2025-10-09T18:08:00Z,WriteSensor,PS-0002345,1123.0,319.4,8,50,PSR-19,5,19
2025-10-09T18:10:00Z,WriteSensor,PS-0002346,1148.3,325.2,8,50,PSR-19,5,19
2025-10-09T18:12:00Z,WriteSensor,PS-0002347,1063.3,311.1,8,50,PSR-19,5,19
2025-10-09T18:14:00Z,WriteSensor,PS-0002348,1189.4,316.5,8,50,PSR-19,5,19
2025-10-09T18:16:00Z,WriteSensor,PS-0002349,1218.2,343.9,8,50,PSR-19,5,19
2025-10-09T18:18:00Z,WriteSensor,PS-0002350,1113.8,305.7,8,50,PSR-19,5,19
2025-10-09T18:20:00Z,WriteSensor,PS-0002351,1191.5,320.9,8,50,PSR-19,5,19
2025-10-09T18:22:00Z,WriteSensor,PS-0002352,1195.3,351.9,8,50,PSR-19,5,19
2025-10-09T18:24:00Z,WriteSensor,PS-0002353,1118.6,332.0,8,50,PSR-19,5,19
2025-10-09T18:26:00Z,WriteSensor,PS-0002354,1126.9,308.2,8,50,PSR-19,5,19
2025-10-09T18:28:00Z,WriteSensor,PS-0002355,1074.8,341.2,8,50,PSR-19,5,19
2025-10-09T18:30:00Z,WriteSensor,PS-0002356,1144.6,340.9,8,50,PSR-19,5,19
2025-10-09T18:32:00Z,WriteSensor,PS-0002357,1146.8,329.6,8,50,PSR-19,5,19
2025-10-09T18:34:00Z,WriteSensor,PS-0002358,1101.3,318.2,8,50,PSR-19,5,19
2025-10-09T18:36:00Z,WriteSensor,PS-0002359,1122.3,299.1,8,50,PSR-19,5,19
2025-10-09T18:38:00Z,WriteSensor,PS-0002360,1176.2,285.5,8,50,PSR-19,5,19
2025-10-09T18:40:00Z,WriteSensor,PS-0002361,1150.7,319.6,8,50,PSR-19,5,19
2025-10-09T18:42:00Z,WriteSensor,PS-0002362,1100.9,352.3,8,50,PSR-19,5,19
2025-10-09T18:44:00Z,WriteSensor,PS-0002363,1122.2,288.9,8,50,PSR-19,5,19
2025-10-09T18:46:00Z,WriteSensor,PS-0002364,1132.4,310.7,8,50,PSR-19,5,19
2025-10-09T18:48:00Z,WriteSensor,PS-0002365,1273.6,301.0,8,50,PSR-19,5,19
2025-10-09T18:50:00Z,WriteSensor,PS-0002366,1209.4,247.8,8,50,PSR-19,5,19
2025-10-09T18:52:00Z,WriteSensor,PS-0002367,1281.2,292.2,8,50,PSR-19,5,19
2025-10-09T18:54:00Z,WriteSensor,PS-0002368,1110.5,285.1,8,50,PSR-19,5,19
2025-10-09T18:56:00Z,WriteSensor,PS-0002369,1103.9,377.0,8,50,PSR-19,5,19
2025-10-09T18:58:00Z,WriteSensor,PS-0002370,1105.7,275.3,8,50,PSR-19,5,19
2025-10-09T19:00:00Z,WriteSensor,PS-0002371,1121.5,321.1,8,50,PSR-19,5,19
2025-10-09T19:02:00Z,WriteSensor,PS-0002372,1082.8,314.5,8,50,PSR-19,5,19
2025-10-09T19:04:00Z,WriteSensor,PS-0002373,1082.5,341.2,8,50,PSR-19,5,19
2025-10-09T19:06:00Z,WriteSensor,PS-0002374,1081.5,298.1,8,50,PSR-19,5,19
2025-10-09T19:08:00Z,WriteSensor,PS-0002375,1056.6,389.2,8,50,PSR-19,5,19
2025-10-09T19:10:00Z,WriteSensor,PS-0002376,1074.9,324.5,8,50,PSR-19,5,19
2025-10-09T19:12:00Z,WriteSensor,PS-0002377,1125.3,350.9,8,50,PSR-19,5,19
2025-10-09T19:14:00Z,WriteSensor,PS-0002378,1174.6,344.5,8,50,PSR-19,5,19
2025-10-09T19:16:00Z,WriteSensor,PS-0002379,1096.1,327.2,8,50,PSR-19,5,19
2025-10-09T19:18:00Z,WriteSensor,PS-0002380,1129.6,306.3,8,50,PSR-19,5,19
2025-10-09T19:20:00Z,WriteSensor,PS-0002381,1221.6,313.0,8,50,PSR-19,5,19
2025-10-09T19:22:00Z,WriteSensor,PS-0002382,1111.7,300.2,8,50,PSR-19,5,19
2025-10-09T19:24:00Z,WriteSensor,PS-0002383,1103.6,287.1,8,50,PSR-19,5,19
2025-10-09T19:26:00Z,WriteSensor,PS-0002384,1035.3,362.4,8,50,PSR-19,5,19
2025-10-09T19:28:00Z,WriteSensor,PS-0002385,1178.5,323.6,8,50,PSR-19,5,19
2025-10-09T19:30:00Z,WriteSensor,PS-0002386,1134.2,327.1,8,50,PSR-19,5,19
2025-10-09T19:32:00Z,WriteSensor,PS-0002387,1128.2,306.2,8,50,PSR-19,5,19
2025-10-09T19:34:00Z,WriteSensor,PS-0002388,1184.4,338.1,8,50,PSR-19,5,19
2025-10-09T19:36:00Z,WriteSensor,PS-0002389,1119.5,325.3,8,50,PSR-19,5,19
2025-10-09T19:38:00Z,WriteSensor,PS-0002390,1178.3,322.0,8,50,PSR-19,5,19
2025-10-09T19:40:00Z,WriteSensor,PS-0002391,1174.8,297.0,8,50,PSR-19,5,19
2025-10-09T19:42:00Z,WriteSensor,PS-0002392,1198.7,283.8,8,50,PSR-19,5,19
2025-10-09T19:44:00Z,WriteSensor,PS-0002393,1086.0,396.6,8,50,PSR-19,5,19
2025-10-09T19:46:00Z,WriteSensor,PS-0002394,1240.8,322.6,8,50,PSR-19,5,19
2025-10-09T19:48:00Z,WriteSensor,PS-0002395,1129.3,345.8,8,50,PSR-19,5,19
2025-10-09T19:50:00Z,WriteSensor,PS-0002396,1222.1,349.9,8,50,PSR-19,5,19
2025-10-09T19:52:00Z,WriteSensor,PS-0002397,1165.3,346.4,8,50,PSR-19,5,19
2025-10-09T19:54:00Z,WriteSensor,PS-0002398,1071.8,314.8,8,50,PSR-19,5,19
2025-10-09T19:56:00Z,WriteSensor,PS-0002399,1157.7,331.1,8,50,PSR-19,5,19
2025-10-09T19:58:00Z,WriteSensor,PS-0002400,1208.8,354.1,8,50,PSR-19,5,19
2025-10-09T20:00:00Z,WriteSensor,PS-0002401,1245.5,313.7,8,50,PSR-19,5,19
2025-10-09T20:02:00Z,WriteSensor,PS-0002402,1208.0,327.5,8,50,PSR-19,5,19
2025-10-09T20:04:00Z,WriteSensor,PS-0002403,1149.5,341.2,8,50,PSR-19,5,19
2025-10-09T20:06:00Z,WriteSensor,PS-0002404,1185.5,320.1,8,50,PSR-19,5,19
2025-10-09T20:08:00Z,WriteSensor,PS-0002405,1193.8,347.8,8,50,PSR-19,5,19
2025-10-09T20:10:00Z,WriteSensor,PS-0002406,1110.7,279.2,8,50,PSR-19,5,19
2025-10-09T20:12:00Z,WriteSensor,PS-0002407,1115.3,343.7,8,50,PSR-19,5,19
2025-10-09T20:14:00Z,WriteSensor,PS-0002408,1175.5,287.3,8,50,PSR-19,5,19
2025-10-09T20:16:00Z,WriteSensor,PS-0002409,1100.7,300.1,8,50,PSR-19,5,19
2025-10-09T20:18:00Z,WriteSensor,PS-0002410,1194.3,326.8,8,50,PSR-19,5,19
2025-10-09T20:20:00Z,WriteSensor,PS-0002411,1134.1,343.2,8,50,PSR-19,5,19
2025-10-09T20:22:00Z,WriteSensor,PS-0002412,1040.5,334.0,8,50,PSR-19,5,19
2025-10-09T20:24:00Z,WriteSensor,PS-0002413,1132.0,378.5,8,50,PSR-19,5,19
2025-10-09T20:26:00Z,WriteSensor,PS-0002414,1103.6,300.9,8,50,PSR-19,5,19
2025-10-09T20:28:00Z,WriteSensor,PS-0002415,1171.4,309.1,8,50,PSR-19,5,19
2025-10-09T20:30:00Z,WriteSensor,PS-0002416,1005.5,340.6,8,50,PSR-19,5,19
2025-10-09T20:32:00Z,WriteSensor,PS-0002417,1188.6,325.4,8,50,PSR-19,5,19
2025-10-09T20:34:00Z,WriteSensor,PS-0002418,1244.5,349.2,8,50,PSR-19,5,19
2025-10-09T20:36:00Z,WriteSensor,PS-0002419,1197.8,320.5,8,50,PSR-19,5,19
2025-10-09T20:38:00Z,WriteSensor,PS-0002420,1191.0,304.4,8,50,PSR-19,5,19
2025-10-09T20:40:00Z,WriteSensor,PS-0002421,1225.4,326.2,8,50,PSR-19,5,19
2025-10-09T20:42:00Z,WriteSensor,PS-0002422,1112.1,334.6,8,50,PSR-19,5,19
2025-10-09T20:44:00Z,WriteSensor,PS-0002423,1097.8,322.3,8,50,PSR-19,5,19
2025-10-09T20:46:00Z,WriteSensor,PS-0002424,1112.9,353.8,8,50,PSR-19,5,19
2025-10-09T20:48:00Z,WriteSensor,PS-0002425,1096.8,294.0,8,50,PSR-19,5,19
2025-10-09T20:50:00Z,WriteSensor,PS-0002426,1215.9,316.0,8,50,PSR-19,5,19
2025-10-09T20:52:00Z,WriteSensor,PS-0002427,1127.0,338.3,8,50,PSR-19,5,19
2025-10-09T20:54:00Z,WriteSensor,PS-0002428,1118.4,301.5,8,50,PSR-19,5,19
2025-10-09T20:56:00Z,WriteSensor,PS-0002429,1259.3,317.3,8,50,PSR-19,5,19
2025-10-09T20:58:00Z,WriteSensor,PS-0002430,1189.9,271.9,8,50,PSR-19,5,19
2025-10-09T21:00:00Z,WriteSensor,PS-0002431,1155.1,310.0,8,50,PSR-19,5,19
2025-10-09T21:02:00Z,WriteSensor,PS-0002432,1082.0,325.7,8,50,PSR-19,5,19
2025-10-09T21:04:00Z,WriteSensor,PS-0002433,1196.4,243.9,8,50,PSR-19,5,19
2025-10-09T21:06:00Z,WriteSensor,PS-0002434,1134.2,292.5,8,50,PSR-19,5,19
2025-10-09T21:08:00Z,WriteSensor,PS-0002435,1131.1,335.7,8,50,PSR-19,5,19
2025-10-09T21:10:00Z,WriteSensor,PS-0002436,1141.4,347.3,8,50,PSR-19,5,19
2025-10-09T21:12:00Z,WriteSensor,PS-0002437,1122.7,312.0,8,50,PSR-19,5,19
2025-10-09T21:14:00Z,WriteSensor,PS-0002438,1130.0,308.3,8,50,PSR-19,5,19
2025-10-09T21:16:00Z,WriteSensor,PS-0002439,1194.3,266.8,8,50,PSR-19,5,19
2025-10-09T21:18:00Z,WriteSensor,PS-0002440,1147.4,305.3,8,50,PSR-19,5,19
2025-10-09T21:20:00Z,WriteSensor,PS-0002441,1163.3,296.8,8,50,PSR-19,5,19
2025-10-09T21:22:00Z,WriteSensor,PS-0002442,1149.3,373.9,8,50,PSR-19,5,19
2025-10-09T21:24:00Z,WriteSensor,PS-0002443,1101.8,325.4,8,50,PSR-19,5,19
2025-10-09T21:26:00Z,WriteSensor,PS-0002444,1088.8,334.7,8,50,PSR-19,5,19
2025-10-09T21:28:00Z,WriteSensor,PS-0002445,1116.2,332.6,8,50,PSR-19,5,19
2025-10-09T21:30:00Z,WriteSensor,PS-0002446,1103.8,254.7,8,50,PSR-19,5,19
2025-10-09T21:32:00Z,WriteSensor,PS-0002447,1139.6,342.7,8,50,PSR-19,5,19
2025-10-09T21:34:00Z,WriteSensor,PS-0002448,1135.8,304.5,8,50,PSR-19,5,19
2025-10-09T21:36:00Z,WriteSensor,PS-0002449,1024.9,295.1,8,50,PSR-19,5,19
2025-10-09T21:38:00Z,WriteSensor,PS-0002450,1157.7,306.8,8,50,PSR-19,5,19
2025-10-09T21:40:00Z,WriteSensor,PS-0002451,1172.0,349.9,8,50,PSR-19,5,19
2025-10-09T21:42:00Z,WriteSensor,PS-0002452,1167.5,328.7,8,50,PSR-19,5,19
2025-10-09T21:44:00Z,WriteSensor,PS-0002453,1247.9,333.9,8,50,PSR-19,5,19
2025-10-09T21:46:00Z,WriteSensor,PS-0002454,1176.5,319.9,8,50,PSR-19,5,19
2025-10-09T21:48:00Z,WriteSensor,PS-0002455,1031.1,333.9,8,50,PSR-19,5,19
2025-10-09T21:50:00Z,WriteSensor,PS-0002456,1107.0,331.5,8,50,PSR-19,5,19
2025-10-09T21:52:00Z,WriteSensor,PS-0002457,1170.9,310.8,8,50,PSR-19,5,19
2025-10-09T21:54:00Z,WriteSensor,PS-0002458,1116.2,301.7,8,50,PSR-19,5,19
2025-10-09T21:56:00Z,WriteSensor,PS-0002459,1237.6,353.6,8,50,PSR-19,5,19
2025-10-09T21:58:00Z,WriteSensor,PS-0002460,1129.1,320.1,8,50,PSR-19,5,19
2025-10-09T22:00:00Z,WriteSensor,PS-0002461,1096.5,320.6,8,50,PSR-19,5,19
2025-10-09T22:02:00Z,WriteSensor,PS-0002462,1181.0,329.3,8,50,PSR-19,5,19
2025-10-09T22:04:00Z,WriteSensor,PS-0002463,1157.5,294.4,8,50,PSR-19,5,19
2025-10-09T22:06:00Z,WriteSensor,PS-0002464,1210.0,314.7,8,50,PSR-19,5,19
2025-10-09T22:08:00Z,WriteSensor,PS-0002465,1075.5,293.6,8,50,PSR-19,5,19
2025-10-09T22:10:00Z,WriteSensor,PS-0002466,1138.8,343.7,8,50,PSR-19,5,19
2025-10-09T22:12:00Z,WriteSensor,PS-0002467,1127.3,316.2,8,50,PSR-19,5,19
2025-10-09T22:14:00Z,WriteSensor,PS-0002468,1066.3,254.4,8,50,PSR-19,5,19
2025-10-09T22:16:00Z,WriteSensor,PS-0002469,1114.4,369.9,8,50,PSR-19,5,19
2025-10-09T22:18:00Z,WriteSensor,PS-0002470,1101.3,322.3,8,50,PSR-19,5,19
2025-10-09T23:00:00Z,WriteSensor,PS-0002471,1185.8,303.9,4,50,PSR-20,5,20
2025-10-09T23:02:00Z,WriteSensor,PS-0002472,1175.5,282.6,4,50,PSR-20,5,20
2025-10-09T23:04:00Z,WriteSensor,PS-0002473,1144.5,329.4,4,50,PSR-20,5,20
2025-10-09T23:06:00Z,WriteSensor,PS-0002474,1243.8,313.1,4,50,PSR-20,5,20
2025-10-09T23:08:00Z,WriteSensor,PS-0002475,1153.1,317.9,4,50,PSR-20,5,20
2025-10-09T23:10:00Z,WriteSensor,PS-0002476,1255.1,298.2,4,50,PSR-20,5,20
2025-10-09T23:12:00Z,WriteSensor,PS-0002477,1221.3,336.2,4,50,PSR-20,5,20
2025-10-09T23:14:00Z,WriteSensor,PS-0002478,1225.3,359.1,4,50,PSR-20,5,20
2025-10-09T23:16:00Z,WriteSensor,PS-0002479,1227.1,347.2,4,50,PSR-20,5,20
2025-10-09T23:18:00Z,WriteSensor,PS-0002480,1078.8,336.5,4,50,PSR-20,5,20
2025-10-09T23:20:00Z,WriteSensor,PS-0002481,1217.3,316.9,4,50,PSR-20,5,20
2025-10-09T23:22:00Z,WriteSensor,PS-0002482,1112.2,330.2,4,50,PSR-20,5,20
2025-10-09T23:24:00Z,WriteSensor,PS-0002483,1234.3,277.4,4,50,PSR-20,5,20
2025-10-09T23:26:00Z,WriteSensor,PS-0002484,1214.5,320.7,4,50,PSR-20,5,20
2025-10-09T23:28:00Z,WriteSensor,PS-0002485,1244.4,373.8,4,50,PSR-20,5,20
2025-10-09T23:30:00Z,WriteSensor,PS-0002486,1158.8,267.8,4,50,PSR-20,5,20
2025-10-09T23:32:00Z,WriteSensor,PS-0002487,1104.2,338.1,4,50,PSR-20,5,20
2025-10-09T23:34:00Z,WriteSensor,PS-0002488,1155.4,319.0,4,50,PSR-20,5,20
2025-10-09T23:36:00Z,WriteSensor,PS-0002489,1200.6,274.7,4,50,PSR-20,5,20
2025-10-09T23:38:00Z,WriteSensor,PS-0002490,1257.8,353.0,4,50,PSR-20,5,20
2025-10-09T23:40:00Z,WriteSensor,PS-0002491,1257.3,288.9,4,50,PSR-20,5,20
2025-10-09T23:42:00Z,WriteSensor,PS-0002492,1241.1,330.2,4,50,PSR-20,5,20
2025-10-09T23:44:00Z,WriteSensor,PS-0002493,1160.4,378.2,4,50,PSR-20,5,20
2025-10-09T23:46:00Z,WriteSensor,PS-0002494,1135.2,318.7,4,50,PSR-20,5,20
2025-10-09T23:48:00Z,WriteSensor,PS-0002495,1227.3,333.8,4,50,PSR-20,5,20
2025-10-09T23:50:00Z,WriteSensor,PS-0002496,1208.4,332.5,4,50,PSR-20,5,20
2025-10-09T23:52:00Z,WriteSensor,PS-0002497,1182.7,355.5,4,50,PSR-20,5,20
2025-10-09T23:54:00Z,WriteSensor,PS-0002498,1228.1,314.8,4,50,PSR-20,5,20
2025-10-09T23:56:00Z,WriteSensor,PS-0002499,1235.9,310.6,4,50,PSR-20,5,20
2025-10-09T23:58:00Z,WriteSensor,PS-0002500,1257.6,308.0,4,50,PSR-20,5,20
2025-10-10T00:00:00Z,WriteSensor,PS-0002501,1214.3,353.2,4,50,PSR-20,5,20
2025-10-10T00:02:00Z,WriteSensor,PS-0002502,1265.3,328.3,4,50,PSR-20,5,20
2025-10-10T00:04:00Z,WriteSensor,PS-0002503,1195.2,325.1,4,50,PSR-20,5,20
2025-10-10T00:06:00Z,WriteSensor,PS-0002504,1198.5,285.6,4,50,PSR-20,5,20
2025-10-10T00:08:00Z,WriteSensor,PS-0002505,1210.2,331.5,4,50,PSR-20,5,20
2025-10-10T00:10:00Z,WriteSensor,PS-0002506,1310.1,321.4,4,50,PSR-20,5,20
2025-10-10T00:12:00Z,WriteSensor,PS-0002507,1222.5,312.8,4,50,PSR-20,5,20
2025-10-10T00:14:00Z,WriteSensor,PS-0002508,1134.0,370.8,4,50,PSR-20,5,20
2025-10-10T00:16:00Z,WriteSensor,PS-0002509,1110.1,314.8,4,50,PSR-20,5,20
2025-10-10T00:18:00Z,WriteSensor,PS-0002510,1197.1,343.2,4,50,PSR-20,5,20
2025-10-10T00:20:00Z,WriteSensor,PS-0002511,1154.3,291.9,4,50,PSR-20,5,20
2025-10-10T00:22:00Z,WriteSensor,PS-0002512,1253.4,255.7,4,50,PSR-20,5,20
2025-10-10T00:24:00Z,WriteSensor,PS-0002513,1117.0,313.9,4,50,PSR-20,5,20
2025-10-10T00:26:00Z,WriteSensor,PS-0002514,1211.7,367.4,4,50,PSR-20,5,20
2025-10-10T00:28:00Z,WriteSensor,PS-0002515,1202.2,253.6,4,50,PSR-20,5,20
2025-10-10T00:30:00Z,WriteSensor,PS-0002516,1192.9,291.9,4,50,PSR-20,5,20
2025-10-10T00:32:00Z,WriteSensor,PS-0002517,1073.7,348.6,4,50,PSR-20,5,20
2025-10-10T00:34:00Z,WriteSensor,PS-0002518,1228.4,287.9,4,50,PSR-20,5,20
2025-10-10T00:36:00Z,WriteSensor,PS-0002519,1187.6,353.6,4,50,PSR-20,5,20
2025-10-10T00:38:00Z,WriteSensor,PS-0002520,1142.8,310.0,4,50,PSR-20,5,20
2025-10-10T00:40:00Z,WriteSensor,PS-0002521,1159.2,313.2,4,50,PSR-20,5,20
2025-10-10T00:42:00Z,WriteSensor,PS-0002522,1206.9,329.2,4,50,PSR-20,5,20
2025-10-10T00:44:00Z,WriteSensor,PS-0002523,1147.0,303.6,4,50,PSR-20,5,20
2025-10-10T00:46:00Z,WriteSensor,PS-0002524,1241.6,292.7,4,50,PSR-20,5,20
2025-10-10T00:48:00Z,WriteSensor,PS-0002525,1122.7,301.2,4,50,PSR-20,5,20
2025-10-10T00:50:00Z,WriteSensor,PS-0002526,1153.9,353.4,4,50,PSR-20,5,20
2025-10-10T00:52:00Z,WriteSensor,PS-0002527,1189.4,325.4,4,50,PSR-20,5,20
2025-10-10T00:54:00Z,WriteSensor,PS-0002528,1186.3,344.5,4,50,PSR-20,5,20
2025-10-10T00:56:00Z,WriteSensor,PS-0002529,1174.8,317.6,4,50,PSR-20,5,20
2025-10-10T00:58:00Z,WriteSensor,PS-0002530,1169.5,260.8,4,50,PSR-20,5,20
2025-10-10T01:00:00Z,WriteSensor,PS-0002531,1335.1,355.7,4,50,PSR-20,5,20
2025-10-10T01:02:00Z,WriteSensor,PS-0002532,1149.5,322.0,4,50,PSR-20,5,20
2025-10-10T01:04:00Z,WriteSensor,PS-0002533,1212.2,299.6,4,50,PSR-20,5,20
2025-10-10T01:06:00Z,WriteSensor,PS-0002534,1214.3,353.9,4,50,PSR-20,5,20
2025-10-10T01:08:00Z,WriteSensor,PS-0002535,1167.5,320.2,4,50,PSR-20,5,20
2025-10-10T01:10:00Z,WriteSensor,PS-0002536,1228.4,282.8,4,50,PSR-20,5,20
2025-10-10T01:12:00Z,WriteSensor,PS-0002537,1292.7,328.1,4,50,PSR-20,5,20
2025-10-10T01:14:00Z,WriteSensor,PS-0002538,1233.1,306.0,4,50,PSR-20,5,20
2025-10-10T01:16:00Z,WriteSensor,PS-0002539,1202.1,323.6,4,50,PSR-20,5,20
2025-10-10T01:18:00Z,WriteSensor,PS-0002540,1232.8,304.8,4,50,PSR-20,5,20
2025-10-10T01:20:00Z,WriteSensor,PS-0002541,1166.0,316.6,4,50,PSR-20,5,20
2025-10-10T01:22:00Z,WriteSensor,PS-0002542,1266.6,317.0,4,50,PSR-20,5,20
2025-10-10T01:24:00Z,WriteSensor,PS-0002543,1190.1,292.3,4,50,PSR-20,5,20
2025-10-10T01:26:00Z,WriteSensor,PS-0002544,1207.7,351.5,4,50,PSR-20,5,20
2025-10-10T01:28:00Z,WriteSensor,PS-0002545,1107.7,326.2,4,50,PSR-20,5,20
2025-10-10T01:30:00Z,WriteSensor,PS-0002546,1233.5,296.6,4,50,PSR-20,5,20
2025-10-10T01:32:00Z,WriteSensor,PS-0002547,1185.2,325.8,4,50,PSR-20,5,20
2025-10-10T01:34:00Z,WriteSensor,PS-0002548,1276.7,318.5,4,50,PSR-20,5,20
2025-10-10T01:36:00Z,WriteSensor,PS-0002549,1154.8,257.6,4,50,PSR-20,5,20
2025-10-10T01:38:00Z,WriteSensor,PS-0002550,1238.9,329.7,4,50,PSR-20,5,20
2025-10-10T01:40:00Z,WriteSensor,PS-0002551,1367.8,243.9,4,50,PSR-20,5,20
2025-10-10T01:42:00Z,WriteSensor,PS-0002552,1222.9,310.1,4,50,PSR-20,5,20
2025-10-10T01:44:00Z,WriteSensor,PS-0002553,1204.3,318.0,4,50,PSR-20,5,20
2025-10-10T01:46:00Z,WriteSensor,PS-0002554,1290.2,329.9,4,50,PSR-20,5,20
2025-10-10T01:48:00Z,WriteSensor,PS-0002555,1235.4,340.5,4,50,PSR-20,5,20
2025-10-10T01:50:00Z,WriteSensor,PS-0002556,1143.1,304.2,4,50,PSR-20,5,20
2025-10-10T01:52:00Z,WriteSensor,PS-0002557,1143.1,304.8,4,50,PSR-20,5,20
2025-10-10T01:54:00Z,WriteSensor,PS-0002558,1209.5,307.1,4,50,PSR-20,5,20
2025-10-10T01:56:00Z,WriteSensor,PS-0002559,1196.8,313.0,4,50,PSR-20,5,20
2025-10-10T01:58:00Z,WriteSensor,PS-0002560,1361.4,270.3,4,50,PSR-20,5,20
2025-10-10T02:00:00Z,WriteSensor,PS-0002561,1166.2,341.5,4,50,PSR-20,5,20
2025-10-10T02:02:00Z,WriteSensor,PS-0002562,1213.0,272.1,4,50,PSR-20,5,20
2025-10-10T02:04:00Z,WriteSensor,PS-0002563,1193.4,304.4,4,50,PSR-20,5,20
2025-10-10T02:06:00Z,WriteSensor,PS-0002564,1251.6,312.0,4,50,PSR-20,5,20
2025-10-10T02:08:00Z,WriteSensor,PS-0002565,1145.8,351.3,4,50,PSR-20,5,20
2025-10-10T02:10:00Z,WriteSensor,PS-0002566,1193.0,294.8,4,50,PSR-20,5,20
2025-10-10T02:12:00Z,WriteSensor,PS-0002567,1204.0,318.1,4,50,PSR-20,5,20
2025-10-10T02:14:00Z,WriteSensor,PS-0002568,1172.0,353.4,4,50,PSR-20,5,20
2025-10-10T02:16:00Z,WriteSensor,PS-0002569,1309.5,323.0,4,50,PSR-20,5,20
2025-10-10T02:18:00Z,WriteSensor,PS-0002570,1225.2,317.9,4,50,PSR-20,5,20
2025-10-10T02:20:00Z,WriteSensor,PS-0002571,1211.7,314.0,4,50,PSR-20,5,20
2025-10-10T02:22:00Z,WriteSensor,PS-0002572,1112.0,332.5,4,50,PSR-20,5,20
2025-10-10T02:24:00Z,WriteSensor,PS-0002573,1268.2,287.8,4,50,PSR-20,5,20
2025-10-10T02:26:00Z,WriteSensor,PS-0002574,1143.3,325.1,4,50,PSR-20,5,20
2025-10-10T02:28:00Z,WriteSensor,PS-0002575,1255.4,286.1,4,50,PSR-20,5,20
2025-10-10T02:30:00Z,WriteSensor,PS-0002576,1217.5,311.6,4,50,PSR-20,5,20
2025-10-10T02:32:00Z,WriteSensor,PS-0002577,1200.9,369.8,4,50,PSR-20,5,20
2025-10-10T02:34:00Z,WriteSensor,PS-0002578,1234.9,311.4,4,50,PSR-20,5,20
2025-10-10T02:36:00Z,WriteSensor,PS-0002579,1271.8,312.5,4,50,PSR-20,5,20
2025-10-10T02:38:00Z,WriteSensor,PS-0002580,1237.2,352.3,4,50,PSR-20,5,20
2025-10-10T02:40:00Z,WriteSensor,PS-0002581,1226.9,316.5,4,50,PSR-20,5,20
2025-10-10T02:42:00Z,WriteSensor,PS-0002582,1204.2,342.1,4,50,PSR-20,5,20
2025-10-10T02:44:00Z,WriteSensor,PS-0002583,1150.9,338.2,4,50,PSR-20,5,20
2025-10-10T02:46:00Z,WriteSensor,PS-0002584,1260.2,312.4,4,50,PSR-20,5,20
2025-10-10T02:48:00Z,WriteSensor,PS-0002585,1193.6,305.0,4,50,PSR-20,5,20
2025-10-10T02:50:00Z,WriteSensor,PS-0002586,1202.1,340.6,4,50,PSR-20,5,20
2025-10-10T02:52:00Z,WriteSensor,PS-0002587,1169.7,288.4,4,50,PSR-20,5,20
2025-10-10T02:54:00Z,WriteSensor,PS-0002588,1146.9,283.1,4,50,PSR-20,5,20
2025-10-10T02:56:00Z,WriteSensor,PS-0002589,1238.8,321.7,4,50,PSR-20,5,20
2025-10-10T02:58:00Z,WriteSensor,PS-0002590,1217.4,295.4,4,50,PSR-20,5,20
2025-10-10T03:00:00Z,WriteSensor,PS-0002591,1232.1,353.1,4,50,PSR-20,5,20
2025-10-10T03:02:00Z,WriteSensor,PS-0002592,1158.5,307.3,4,50,PSR-20,5,20
2025-10-10T03:04:00Z,WriteSensor,PS-0002593,1133.4,350.9,4,50,PSR-20,5,20
2025-10-10T03:06:00Z,WriteSensor,PS-0002594,1177.7,326.9,4,50,PSR-20,5,20
2025-10-10T03:08:00Z,WriteSensor,PS-0002595,1179.4,294.6,4,50,PSR-20,5,20
2025-10-10T03:10:00Z,WriteSensor,PS-0002596,1272.1,314.5,4,50,PSR-20,5,20
2025-10-10T03:12:00Z,WriteSensor,PS-0002597,1283.6,332.1,4,50,PSR-20,5,20
2025-10-10T03:14:00Z,WriteSensor,PS-0002598,1217.5,297.0,4,50,PSR-20,5,20
2025-10-10T03:16:00Z,WriteSensor,PS-0002599,1144.8,310.3,4,50,PSR-20,5,20
2025-10-10T03:18:00Z,WriteSensor,PS-0002600,1152.1,340.3,4,50,PSR-20,5,20
2025-10-10T04:00:00Z,WriteSensor,PS-0002601,1219.7,283.8,4,50,PSR-21,6,21
2025-10-10T04:02:00Z,WriteSensor,PS-0002602,1206.0,333.8,4,50,PSR-21,6,21
2025-10-10T04:04:00Z,WriteSensor,PS-0002603,1183.9,289.2,4,50,PSR-21,6,21
2025-10-10T04:06:00Z,WriteSensor,PS-0002604,1262.9,319.6,4,50,PSR-21,6,21
2025-10-10T04:08:00Z,WriteSensor,PS-0002605,1223.1,307.7,4,50,PSR-21,6,21
2025-10-10T04:10:00Z,WriteSensor,PS-0002606,1204.7,294.6,4,50,PSR-21,6,21
2025-10-10T04:12:00Z,WriteSensor,PS-0002607,1195.5,298.5,4,50,PSR-21,6,21
2025-10-10T04:14:00Z,WriteSensor,PS-0002608,1258.3,336.0,4,50,PSR-21,6,21
2025-10-10T04:16:00Z,WriteSensor,PS-0002609,1198.4,327.8,4,50,PSR-21,6,21
2025-10-10T04:18:00Z,WriteSensor,PS-0002610,1193.0,331.7,4,50,PSR-21,6,21
2025-10-10T04:20:00Z,WriteSensor,PS-0002611,1226.1,310.5,4,50,PSR-21,6,21
2025-10-10T04:22:00Z,WriteSensor,PS-0002612,1150.7,297.5,4,50,PSR-21,6,21
2025-10-10T04:24:00Z,WriteSensor,PS-0002613,1201.6,322.9,4,50,PSR-21,6,21
2025-10-10T04:26:00Z,WriteSensor,PS-0002614,1350.9,327.0,4,50,PSR-21,6,21
2025-10-10T04:28:00Z,WriteSensor,PS-0002615,1205.5,344.6,4,50,PSR-21,6,21
2025-10-10T04:30:00Z,WriteSensor,PS-0002616,1184.3,300.6,4,50,PSR-21,6,21
2025-10-10T04:32:00Z,WriteSensor,PS-0002617,1231.6,299.4,4,50,PSR-21,6,21
2025-10-10T04:34:00Z,WriteSensor,PS-0002618,1129.6,339.2,4,50,PSR-21,6,21
2025-10-10T04:36:00Z,WriteSensor,PS-0002619,1123.2,309.2,4,50,PSR-21,6,21
2025-10-10T04:38:00Z,WriteSensor,PS-0002620,1217.9,301.8,4,50,PSR-21,6,21
2025-10-10T04:40:00Z,WriteSensor,PS-0002621,1220.3,304.3,4,50,PSR-21,6,21
2025-10-10T04:42:00Z,WriteSensor,PS-0002622,1204.0,349.6,4,50,PSR-21,6,21
2025-10-10T04:44:00Z,WriteSensor,PS-0002623,1191.9,311.6,4,50,PSR-21,6,21
2025-10-10T04:46:00Z,WriteSensor,PS-0002624,1220.2,290.7,4,50,PSR-21,6,21
2025-10-10T04:48:00Z,WriteSensor,PS-0002625,1097.1,312.7,4,50,PSR-21,6,21
2025-10-10T04:50:00Z,WriteSensor,PS-0002626,1271.9,311.9,4,50,PSR-21,6,21
2025-10-10T04:52:00Z,WriteSensor,PS-0002627,1270.2,301.1,4,50,PSR-21,6,21
2025-10-10T04:54:00Z,WriteSensor,PS-0002628,1162.8,321.7,4,50,PSR-21,6,21
2025-10-10T04:56:00Z,WriteSensor,PS-0002629,1163.7,295.1,4,50,PSR-21,6,21
2025-10-10T04:58:00Z,WriteSensor,PS-0002630,1160.3,330.4,4,50,PSR-21,6,21
2025-10-10T05:00:00Z,WriteSensor,PS-0002631,1169.3,330.6,4,50,PSR-21,6,21
2025-10-10T05:02:00Z,WriteSensor,PS-0002632,1292.7,358.4,4,50,PSR-21,6,21
2025-10-10T05:04:00Z,WriteSensor,PS-0002633,1215.2,306.6,4,50,PSR-21,6,21
2025-10-10T05:06:00Z,WriteSensor,PS-0002634,1303.7,300.7,4,50,PSR-21,6,21
2025-10-10T05:08:00Z,WriteSensor,PS-0002635,1135.3,288.4,4,50,PSR-21,6,21
2025-10-10T05:10:00Z,WriteSensor,PS-0002636,1170.5,340.8,4,50,PSR-21,6,21
2025-10-10T05:12:00Z,WriteSensor,PS-0002637,1190.0,348.7,4,50,PSR-21,6,21
2025-10-10T05:14:00Z,WriteSensor,PS-0002638,1102.7,285.8,4,50,PSR-21,6,21
2025-10-10T05:16:00Z,WriteSensor,PS-0002639,1097.2,320.9,4,50,PSR-21,6,21
2025-10-10T05:18:00Z,WriteSensor,PS-0002640,1206.7,286.0,4,50,PSR-21,6,21
2025-10-10T05:20:00Z,WriteSensor,PS-0002641,1129.1,355.8,4,50,PSR-21,6,21
2025-10-10T05:22:00Z,WriteSensor,PS-0002642,1315.6,255.6,4,50,PSR-21,6,21
2025-10-10T05:24:00Z,WriteSensor,PS-0002643,1285.2,293.6,4,50,PSR-21,6,21
2025-10-10T05:26:00Z,WriteSensor,PS-0002644,1199.6,275.5,4,50,PSR-21,6,21
2025-10-10T05:28:00Z,WriteSensor,PS-0002645,1212.4,342.0,4,50,PSR-21,6,21
2025-10-10T05:30:00Z,WriteSensor,PS-0002646,1219.1,299.1,4,50,PSR-21,6,21
2025-10-10T05:32:00Z,WriteSensor,PS-0002647,1266.7,336.7,4,50,PSR-21,6,21
2025-10-10T05:34:00Z,WriteSensor,PS-0002648,1119.1,291.0,4,50,PSR-21,6,21
2025-10-10T05:36:00Z,WriteSensor,PS-0002649,1182.4,263.0,4,50,PSR-21,6,21
2025-10-10T05:38:00Z,WriteSensor,PS-0002650,1152.1,357.6,4,50,PSR-21,6,21
2025-10-10T05:40:00Z,WriteSensor,PS-0002651,1242.3,329.9,4,50,PSR-21,6,21
2025-10-10T05:42:00Z,WriteSensor,PS-0002652,1273.2,266.7,4,50,PSR-21,6,21
2025-10-10T05:44:00Z,WriteSensor,PS-0002653,1148.8,338.5,4,50,PSR-21,6,21
2025-10-10T05:46:00Z,WriteSensor,PS-0002654,1201.5,326.1,4,50,PSR-21,6,21
2025-10-10T05:48:00Z,WriteSensor,PS-0002655,1229.0,320.3,4,50,PSR-21,6,21
2025-10-10T05:50:00Z,WriteSensor,PS-0002656,1232.9,323.3,4,50,PSR-21,6,21
2025-10-10T05:52:00Z,WriteSensor,PS-0002657,1226.8,277.9,4,50,PSR-21,6,21
2025-10-10T05:54:00Z,WriteSensor,PS-0002658,1187.9,328.2,4,50,PSR-21,6,21
2025-10-10T05:56:00Z,WriteSensor,PS-0002659,1119.9,310.9,4,50,PSR-21,6,21
2025-10-10T05:58:00Z,WriteSensor,PS-0002660,1176.7,290.2,4,50,PSR-21,6,21
2025-10-10T06:00:00Z,WriteSensor,PS-0002661,1170.4,325.8,4,50,PSR-21,6,21
2025-10-10T06:02:00Z,WriteSensor,PS-0002662,1226.2,332.7,4,50,PSR-21,6,21
2025-10-10T06:04:00Z,WriteSensor,PS-0002663,1173.8,332.1,4,50,PSR-21,6,21
2025-10-10T06:06:00Z,WriteSensor,PS-0002664,1249.5,351.8,4,50,PSR-21,6,21
2025-10-10T06:08:00Z,WriteSensor,PS-0002665,1154.7,264.4,4,50,PSR-21,6,21
2025-10-10T06:10:00Z,WriteSensor,PS-0002666,1269.9,351.4,4,50,PSR-21,6,21
2025-10-10T06:12:00Z,WriteSensor,PS-0002667,1184.9,258.4,4,50,PSR-21,6,21
2025-10-10T06:14:00Z,WriteSensor,PS-0002668,1258.6,320.2,4,50,PSR-21,6,21
2025-10-10T06:16:00Z,WriteSensor,PS-0002669,1236.1,366.8,4,50,PSR-21,6,21
2025-10-10T06:18:00Z,WriteSensor,PS-0002670,1193.5,350.3,4,50,PSR-21,6,21
2025-10-10T06:20:00Z,WriteSensor,PS-0002671,1165.4,306.4,4,50,PSR-21,6,21
2025-10-10T06:22:00Z,WriteSensor,PS-0002672,1233.5,290.7,4,50,PSR-21,6,21
2025-10-10T06:24:00Z,WriteSensor,PS-0002673,1157.9,322.5,4,50,PSR-21,6,21
2025-10-10T06:26:00Z,WriteSensor,PS-0002674,1219.0,293.8,4,50,PSR-21,6,21
2025-10-10T06:28:00Z,WriteSensor,PS-0002675,1231.3,267.8,4,50,PSR-21,6,21
2025-10-10T06:30:00Z,WriteSensor,PS-0002676,1196.1,314.6,4,50,PSR-21,6,21
2025-10-10T06:32:00Z,WriteSensor,PS-0002677,1231.6,321.8,4,50,PSR-21,6,21
2025-10-10T06:34:00Z,WriteSensor,PS-0002678,1142.7,363.8,4,50,PSR-21,6,21
2025-10-10T06:36:00Z,WriteSensor,PS-0002679,1129.3,292.1,4,50,PSR-21,6,21
2025-10-10T06:38:00Z,WriteSensor,PS-0002680,1208.2,314.4,4,50,PSR-21,6,21
2025-10-10T06:40:00Z,WriteSensor,PS-0002681,1281.8,314.1,4,50,PSR-21,6,21
2025-10-10T06:42:00Z,WriteSensor,PS-0002682,1169.3,274.6,4,50,PSR-21,6,21
2025-10-10T06:44:00Z,WriteSensor,PS-0002683,1225.4,332.9,4,50,PSR-21,6,21
2025-10-10T06:46:00Z,WriteSensor,PS-0002684,1266.3,281.4,4,50,PSR-21,6,21
2025-10-10T06:48:00Z,WriteSensor,PS-0002685,1166.6,313.1,4,50,PSR-21,6,21
2025-10-10T06:50:00Z,WriteSensor,PS-0002686,1182.7,361.9,4,50,PSR-21,6,21
2025-10-10T06:52:00Z,WriteSensor,PS-0002687,1156.8,277.9,4,50,PSR-21,6,21
2025-10-10T06:54:00Z,WriteSensor,PS-0002688,1203.6,318.3,4,50,PSR-21,6,21
2025-10-10T06:56:00Z,WriteSensor,PS-0002689,1169.7,295.7,4,50,PSR-21,6,21
2025-10-10T06:58:00Z,WriteSensor,PS-0002690,1208.5,296.2,4,50,PSR-21,6,21
2025-10-10T07:00:00Z,WriteSensor,PS-0002691,1263.7,298.1,4,50,PSR-21,6,21
2025-10-10T07:02:00Z,WriteSensor,PS-0002692,1171.2,269.8,4,50,PSR-21,6,21
2025-10-10T07:04:00Z,WriteSensor,PS-0002693,1287.9,329.2,4,50,PSR-21,6,21
2025-10-10T07:06:00Z,WriteSensor,PS-0002694,1217.2,279.1,4,50,PSR-21,6,21
2025-10-10T07:08:00Z,WriteSensor,PS-0002695,1226.7,347.0,4,50,PSR-21,6,21
2025-10-10T07:10:00Z,WriteSensor,PS-0002696,1221.5,296.7,4,50,PSR-21,6,21
2025-10-10T07:12:00Z,WriteSensor,PS-0002697,1275.0,403.3,4,50,PSR-21,6,21
2025-10-10T07:14:00Z,WriteSensor,PS-0002698,1202.7,343.7,4,50,PSR-21,6,21
2025-10-10T07:16:00Z,WriteSensor,PS-0002699,1285.4,299.2,4,50,PSR-21,6,21
2025-10-10T07:18:00Z,WriteSensor,PS-0002700,1146.6,330.4,4,50,PSR-21,6,21
2025-10-10T07:20:00Z,WriteSensor,PS-0002701,1210.9,355.9,4,50,PSR-21,6,21
2025-10-10T07:22:00Z,WriteSensor,PS-0002702,1259.1,314.4,4,50,PSR-21,6,21
2025-10-10T07:24:00Z,WriteSensor,PS-0002703,1308.8,300.9,4,50,PSR-21,6,21
2025-10-10T07:26:00Z,WriteSensor,PS-0002704,1251.6,345.6,4,50,PSR-21,6,21
2025-10-10T07:28:00Z,WriteSensor,PS-0002705,1148.1,363.1,4,50,PSR-21,6,21
2025-10-10T07:30:00Z,WriteSensor,PS-0002706,1222.7,333.9,4,50,PSR-21,6,21
2025-10-10T07:32:00Z,WriteSensor,PS-0002707,1143.3,280.1,4,50,PSR-21,6,21
2025-10-10T07:34:00Z,WriteSensor,PS-0002708,1137.7,253.9,4,50,PSR-21,6,21
2025-10-10T07:36:00Z,WriteSensor,PS-0002709,1257.7,328.2,4,50,PSR-21,6,21
2025-10-10T07:38:00Z,WriteSensor,PS-0002710,1291.1,322.1,4,50,PSR-21,6,21
2025-10-10T07:40:00Z,WriteSensor,PS-0002711,1122.9,341.8,4,50,PSR-21,6,21
2025-10-10T07:42:00Z,WriteSensor,PS-0002712,1298.2,338.6,4,50,PSR-21,6,21
2025-10-10T07:44:00Z,WriteSensor,PS-0002713,1204.4,274.7,4,50,PSR-21,6,21
2025-10-10T07:46:00Z,WriteSensor,PS-0002714,1161.9,301.4,4,50,PSR-21,6,21
2025-10-10T07:48:00Z,WriteSensor,PS-0002715,1071.3,275.7,4,50,PSR-21,6,21
2025-10-10T07:50:00Z,WriteSensor,PS-0002716,1230.7,335.8,4,50,PSR-21,6,21
2025-10-10T07:52:00Z,WriteSensor,PS-0002717,1330.2,306.4,4,50,PSR-21,6,21
2025-10-10T07:54:00Z,WriteSensor,PS-0002718,1149.1,334.3,4,50,PSR-21,6,21
2025-10-10T07:56:00Z,WriteSensor,PS-0002719,1261.4,284.7,4,50,PSR-21,6,21
2025-10-10T07:58:00Z,WriteSensor,PS-0002720,1212.3,304.2,4,50,PSR-21,6,21
2025-10-10T08:00:00Z,WriteSensor,PS-0002721,1171.7,294.3,4,50,PSR-21,6,21
2025-10-10T08:02:00Z,WriteSensor,PS-0002722,1153.7,298.3,4,50,PSR-21,6,21
2025-10-10T08:04:00Z,WriteSensor,PS-0002723,1201.5,293.1,4,50,PSR-21,6,21
2025-10-10T08:06:00Z,WriteSensor,PS-0002724,1178.7,353.8,4,50,PSR-21,6,21
2025-10-10T08:08:00Z,WriteSensor,PS-0002725,1215.5,333.4,4,50,PSR-21,6,21
2025-10-10T08:10:00Z,WriteSensor,PS-0002726,1255.1,344.7,4,50,PSR-21,6,21
2025-10-10T08:12:00Z,WriteSensor,PS-0002727,1194.5,261.0,4,50,PSR-21,6,21
2025-10-10T08:14:00Z,WriteSensor,PS-0002728,1239.3,301.9,4,50,PSR-21,6,21
2025-10-10T08:16:00Z,WriteSensor,PS-0002729,1177.5,320.1,4,50,PSR-21,6,21
2025-10-10T08:18:00Z,WriteSensor,PS-0002730,1246.5,333.1,4,50,PSR-21,6,21
2025-10-10T09:00:00Z,WriteSensor,PS-0002731,863.5,352.1,32,50,PSR-22,6,22
2025-10-10T09:02:00Z,WriteSensor,PS-0002732,793.4,306.9,32,50,PSR-22,6,22
2025-10-10T09:04:00Z,WriteSensor,PS-0002733,846.4,307.3,32,50,PSR-22,6,22
2025-10-10T09:06:00Z,WriteSensor,PS-0002734,761.1,312.4,32,50,PSR-22,6,22
2025-10-10T09:08:00Z,WriteSensor,PS-0002735,799.4,304.2,32,50,PSR-22,6,22
2025-10-10T09:10:00Z,WriteSensor,PS-0002736,813.3,335.1,32,50,PSR-22,6,22
2025-10-10T09:12:00Z,WriteSensor,PS-0002737,729.9,280.5,32,50,PSR-22,6,22
2025-10-10T09:14:00Z,WriteSensor,PS-0002738,922.4,327.9,32,50,PSR-22,6,22
2025-10-10T09:16:00Z,WriteSensor,PS-0002739,848.9,284.2,32,50,PSR-22,6,22
2025-10-10T09:18:00Z,WriteSensor,PS-0002740,716.8,342.4,32,50,PSR-22,6,22
2025-10-10T09:20:00Z,WriteSensor,PS-0002741,781.1,329.8,32,50,PSR-22,6,22
2025-10-10T09:22:00Z,WriteSensor,PS-0002742,850.8,304.5,32,50,PSR-22,6,22
2025-10-10T09:24:00Z,WriteSensor,PS-0002743,866.1,317.6,32,50,PSR-22,6,22
2025-10-10T09:26:00Z,WriteSensor,PS-0002744,791.8,296.8,32,50,PSR-22,6,22
2025-10-10T09:28:00Z,WriteSensor,PS-0002745,829.9,325.9,32,50,PSR-22,6,22
2025-10-10T09:30:00Z,WriteSensor,PS-0002746,849.5,271.8,32,50,PSR-22,6,22
2025-10-10T09:32:00Z,WriteSensor,PS-0002747,931.1,287.9,32,50,PSR-22,6,22
2025-10-10T09:34:00Z,WriteSensor,PS-0002748,846.5,271.4,32,50,PSR-22,6,22
2025-10-10T09:36:00Z,WriteSensor,PS-0002749,853.6,341.5,32,50,PSR-22,6,22
2025-10-10T09:38:00Z,WriteSensor,PS-0002750,863.6,322.2,32,50,PSR-22,6,22
2025-10-10T09:40:00Z,WriteSensor,PS-0002751,875.1,314.6,32,50,PSR-22,6,22
2025-10-10T09:42:00Z,WriteSensor,PS-0002752,965.0,326.6,32,50,PSR-22,6,22
2025-10-10T09:44:00Z,WriteSensor,PS-0002753,769.3,296.2,32,50,PSR-22,6,22
2025-10-10T09:46:00Z,WriteSensor,PS-0002754,907.3,311.2,32,50,PSR-22,6,22
2025-10-10T09:48:00Z,WriteSensor,PS-0002755,839.4,288.0,32,50,PSR-22,6,22
2025-10-10T09:50:00Z,WriteSensor,PS-0002756,880.2,250.1,32,50,PSR-22,6,22
2025-10-10T09:52:00Z,WriteSensor,PS-0002757,783.8,326.7,32,50,PSR-22,6,22
2025-10-10T09:54:00Z,WriteSensor,PS-0002758,787.6,292.2,32,50,PSR-22,6,22
2025-10-10T09:56:00Z,WriteSensor,PS-0002759,786.6,313.4,32,50,PSR-22,6,22
2025-10-10T09:58:00Z,WriteSensor,PS-0002760,788.0,296.4,32,50,PSR-22,6,22
2025-10-10T10:00:00Z,WriteSensor,PS-0002761,824.0,291.9,32,50,PSR-22,6,22
2025-10-10T10:02:00Z,WriteSensor,PS-0002762,830.9,289.0,32,50,PSR-22,6,22
2025-10-10T10:04:00Z,WriteSensor,PS-0002763,713.3,310.4,32,50,PSR-22,6,22
2025-10-10T10:06:00Z,WriteSensor,PS-0002764,867.0,354.8,32,50,PSR-22,6,22
2025-10-10T10:08:00Z,WriteSensor,PS-0002765,845.1,311.1,32,50,PSR-22,6,22
2025-10-10T10:10:00Z,WriteSensor,PS-0002766,751.7,364.3,32,50,PSR-22,6,22
2025-10-10T10:12:00Z,WriteSensor,PS-0002767,838.1,368.5,32,50,PSR-22,6,22
2025-10-10T10:14:00Z,WriteSensor,PS-0002768,778.2,323.8,32,50,PSR-22,6,22
2025-10-10T10:16:00Z,WriteSensor,PS-0002769,714.3,308.5,32,50,PSR-22,6,22
2025-10-10T10:18:00Z,WriteSensor,PS-0002770,803.6,293.8,32,50,PSR-22,6,22
2025-10-10T10:20:00Z,WriteSensor,PS-0002771,798.1,268.3,32,50,PSR-22,6,22
2025-10-10T10:22:00Z,WriteSensor,PS-0002772,864.9,311.8,32,50,PSR-22,6,22
2025-10-10T10:24:00Z,WriteSensor,PS-0002773,873.7,299.6,32,50,PSR-22,6,22
2025-10-10T10:26:00Z,WriteSensor,PS-0002774,894.7,335.4,32,50,PSR-22,6,22
2025-10-10T10:28:00Z,WriteSensor,PS-0002775,822.2,315.4,32,50,PSR-22,6,22
2025-10-10T10:30:00Z,WriteSensor,PS-0002776,849.9,281.9,32,50,PSR-22,6,22
2025-10-10T10:32:00Z,WriteSensor,PS-0002777,697.7,260.9,32,50,PSR-22,6,22
2025-10-10T10:34:00Z,WriteSensor,PS-0002778,822.5,274.6,32,50,PSR-22,6,22
2025-10-10T10:36:00Z,WriteSensor,PS-0002779,835.0,321.5,32,50,PSR-22,6,22
2025-10-10T10:38:00Z,WriteSensor,PS-0002780,747.8,328.2,32,50,PSR-22,6,22
2025-10-10T10:40:00Z,WriteSensor,PS-0002781,885.4,278.7,32,50,PSR-22,6,22
2025-10-10T10:42:00Z,WriteSensor,PS-0002782,868.7,339.1,32,50,PSR-22,6,22
2025-10-10T10:44:00Z,WriteSensor,PS-0002783,864.1,330.6,32,50,PSR-22,6,22
2025-10-10T10:46:00Z,WriteSensor,PS-0002784,810.3,316.1,32,50,PSR-22,6,22
2025-10-10T10:48:00Z,WriteSensor,PS-0002785,852.4,317.4,32,50,PSR-22,6,22
2025-10-10T10:50:00Z,WriteSensor,PS-0002786,833.6,302.6,32,50,PSR-22,6,22
2025-10-10T10:52:00Z,WriteSensor,PS-0002787,815.4,345.6,32,50,PSR-22,6,22
2025-10-10T10:54:00Z,WriteSensor,PS-0002788,955.5,309.1,32,50,PSR-22,6,22
2025-10-10T10:56:00Z,WriteSensor,PS-0002789,769.9,275.3,32,50,PSR-22,6,22
2025-10-10T10:58:00Z,WriteSensor,PS-0002790,749.4,344.1,32,50,PSR-22,6,22
2025-10-10T11:00:00Z,WriteSensor,PS-0002791,684.1,263.4,32,50,PSR-22,6,22
2025-10-10T11:02:00Z,WriteSensor,PS-0002792,802.1,309.4,32,50,PSR-22,6,22
2025-10-10T11:04:00Z,WriteSensor,PS-0002793,729.4,340.6,32,50,PSR-22,6,22
2025-10-10T11:06:00Z,WriteSensor,PS-0002794,940.4,275.8,32,50,PSR-22,6,22
2025-10-10T11:08:00Z,WriteSensor,PS-0002795,884.5,273.9,32,50,PSR-22,6,22
2025-10-10T11:10:00Z,WriteSensor,PS-0002796,678.4,314.5,32,50,PSR-22,6,22
2025-10-10T11:12:00Z,WriteSensor,PS-0002797,785.8,313.1,32,50,PSR-22,6,22
2025-10-10T11:14:00Z,WriteSensor,PS-0002798,849.1,338.2,32,50,PSR-22,6,22
2025-10-10T11:16:00Z,WriteSensor,PS-0002799,858.1,325.3,32,50,PSR-22,6,22
2025-10-10T11:18:00Z,WriteSensor,PS-0002800,833.5,338.5,32,50,PSR-22,6,22
2025-10-10T11:20:00Z,WriteSensor,PS-0002801,861.0,305.2,32,50,PSR-22,6,22
2025-10-10T11:22:00Z,WriteSensor,PS-0002802,782.5,334.4,32,50,PSR-22,6,22
2025-10-10T11:24:00Z,WriteSensor,PS-0002803,678.0,331.0,32,50,PSR-22,6,22
2025-10-10T11:26:00Z,WriteSensor,PS-0002804,867.7,258.7,32,50,PSR-22,6,22
2025-10-10T11:28:00Z,WriteSensor,PS-0002805,835.4,275.5,32,50,PSR-22,6,22
2025-10-10T11:30:00Z,WriteSensor,PS-0002806,877.8,290.0,32,50,PSR-22,6,22
2025-10-10T11:32:00Z,WriteSensor,PS-0002807,841.8,329.0,32,50,PSR-22,6,22
2025-10-10T11:34:00Z,WriteSensor,PS-0002808,848.3,310.3,32,50,PSR-22,6,22
2025-10-10T11:36:00Z,WriteSensor,PS-0002809,841.8,357.9,32,50,PSR-22,6,22
2025-10-10T11:38:00Z,WriteSensor,PS-0002810,768.1,249.6,32,50,PSR-22,6,22
2025-10-10T11:40:00Z,WriteSensor,PS-0002811,769.8,297.3,32,50,PSR-22,6,22
2025-10-10T11:42:00Z,WriteSensor,PS-0002812,873.1,338.1,32,50,PSR-22,6,22
2025-10-10T11:44:00Z,WriteSensor,PS-0002813,708.8,291.7,32,50,PSR-22,6,22
2025-10-10T11:46:00Z,WriteSensor,PS-0002814,771.5,287.7,32,50,PSR-22,6,22
2025-10-10T11:48:00Z,WriteSensor,PS-0002815,946.5,309.8,32,50,PSR-22,6,22
2025-10-10T11:50:00Z,WriteSensor,PS-0002816,840.9,260.8,32,50,PSR-22,6,22
2025-10-10T11:52:00Z,WriteSensor,PS-0002817,853.1,349.4,32,50,PSR-22,6,22
2025-10-10T11:54:00Z,WriteSensor,PS-0002818,752.1,327.5,32,50,PSR-22,6,22
2025-10-10T11:56:00Z,WriteSensor,PS-0002819,791.9,318.4,32,50,PSR-22,6,22
2025-10-10T11:58:00Z,WriteSensor,PS-0002820,884.6,285.8,32,50,PSR-22,6,22
2025-10-10T12:00:00Z,WriteSensor,PS-0002821,920.0,342.2,32,50,PSR-22,6,22
2025-10-10T12:02:00Z,WriteSensor,PS-0002822,796.1,252.6,32,50,PSR-22,6,22
2025-10-10T12:04:00Z,WriteSensor,PS-0002823,841.4,300.9,32,50,PSR-22,6,22
2025-10-10T12:06:00Z,WriteSensor,PS-0002824,859.6,283.0,32,50,PSR-22,6,22
2025-10-10T12:08:00Z,WriteSensor,PS-0002825,904.1,327.5,32,50,PSR-22,6,22
2025-10-10T12:10:00Z,WriteSensor,PS-0002826,766.0,309.1,32,50,PSR-22,6,22
2025-10-10T12:12:00Z,WriteSensor,PS-0002827,798.9,311.1,32,50,PSR-22,6,22
2025-10-10T12:14:00Z,WriteSensor,PS-0002828,884.9,318.1,32,50,PSR-22,6,22
2025-10-10T12:16:00Z,WriteSensor,PS-0002829,957.2,314.2,32,50,PSR-22,6,22
2025-10-10T12:18:00Z,WriteSensor,PS-0002830,864.0,309.8,32,50,PSR-22,6,22
2025-10-10T12:20:00Z,WriteSensor,PS-0002831,854.4,252.1,32,50,PSR-22,6,22
2025-10-10T12:22:00Z,WriteSensor,PS-0002832,908.1,296.3,32,50,PSR-22,6,22
2025-10-10T12:24:00Z,WriteSensor,PS-0002833,836.1,283.8,32,50,PSR-22,6,22
2025-10-10T12:26:00Z,WriteSensor,PS-0002834,890.8,281.8,32,50,PSR-22,6,22
2025-10-10T12:28:00Z,WriteSensor,PS-0002835,872.8,290.6,32,50,PSR-22,6,22
2025-10-10T12:30:00Z,WriteSensor,PS-0002836,853.1,327.5,32,50,PSR-22,6,22
2025-10-10T12:32:00Z,WriteSensor,PS-0002837,839.1,293.4,32,50,PSR-22,6,22
2025-10-10T12:34:00Z,WriteSensor,PS-0002838,761.2,295.1,32,50,PSR-22,6,22
2025-10-10T12:36:00Z,WriteSensor,PS-0002839,807.1,302.6,32,50,PSR-22,6,22
2025-10-10T12:38:00Z,WriteSensor,PS-0002840,853.6,250.8,32,50,PSR-22,6,22
2025-10-10T12:40:00Z,WriteSensor,PS-0002841,895.1,311.2,32,50,PSR-22,6,22
2025-10-10T12:42:00Z,WriteSensor,PS-0002842,778.1,327.1,32,50,PSR-22,6,22
2025-10-10T12:44:00Z,WriteSensor,PS-0002843,812.2,338.6,32,50,PSR-22,6,22
2025-10-10T12:46:00Z,WriteSensor,PS-0002844,850.4,327.4,32,50,PSR-22,6,22
2025-10-10T12:48:00Z,WriteSensor,PS-0002845,855.9,262.7,32,50,PSR-22,6,22
2025-10-10T12:50:00Z,WriteSensor,PS-0002846,854.1,346.7,32,50,PSR-22,6,22
2025-10-10T12:52:00Z,WriteSensor,PS-0002847,840.7,339.0,32,50,PSR-22,6,22
2025-10-10T12:54:00Z,WriteSensor,PS-0002848,805.9,340.7,32,50,PSR-22,6,22
2025-10-10T12:56:00Z,WriteSensor,PS-0002849,843.7,322.9,32,50,PSR-22,6,22
2025-10-10T12:58:00Z,WriteSensor,PS-0002850,821.1,329.9,32,50,PSR-22,6,22
2025-10-10T13:00:00Z,WriteSensor,PS-0002851,815.5,275.3,32,50,PSR-22,6,22
2025-10-10T13:02:00Z,WriteSensor,PS-0002852,908.9,330.3,32,50,PSR-22,6,22
2025-10-10T13:04:00Z,WriteSensor,PS-0002853,830.5,328.8,32,50,PSR-22,6,22
2025-10-10T13:06:00Z,WriteSensor,PS-0002854,867.4,319.6,32,50,PSR-22,6,22
2025-10-10T13:08:00Z,WriteSensor,PS-0002855,885.1,338.9,32,50,PSR-22,6,22
2025-10-10T13:10:00Z,WriteSensor,PS-0002856,877.8,338.9,32,50,PSR-22,6,22
2025-10-10T13:12:00Z,WriteSensor,PS-0002857,887.9,332.9,32,50,PSR-22,6,22
2025-10-10T13:14:00Z,WriteSensor,PS-0002858,913.3,345.1,32,50,PSR-22,6,22
2025-10-10T13:16:00Z,WriteSensor,PS-0002859,891.8,322.4,32,50,PSR-22,6,22
2025-10-10T13:18:00Z,WriteSensor,PS-0002860,743.7,324.2,32,50,PSR-22,6,22
2025-10-10T14:00:00Z,WriteSensor,PS-0002861,1114.8,330.1,16,50,PSR-23,6,23
2025-10-10T14:02:00Z,WriteSensor,PS-0002862,1093.7,316.5,16,50,PSR-23,6,23
2025-10-10T14:04:00Z,WriteSensor,PS-0002863,1033.7,308.5,16,50,PSR-23,6,23
2025-10-10T14:06:00Z,WriteSensor,PS-0002864,1026.1,306.1,16,50,PSR-23,6,23
2025-10-10T14:08:00Z,WriteSensor,PS-0002865,1067.6,331.4,16,50,PSR-23,6,23
2025-10-10T14:10:00Z,WriteSensor,PS-0002866,1125.0,318.4,16,50,PSR-23,6,23
2025-10-10T14:12:00Z,WriteSensor,PS-0002867,960.5,317.9,16,50,PSR-23,6,23
2025-10-10T14:14:00Z,WriteSensor,PS-0002868,1069.0,330.9,16,50,PSR-23,6,23
2025-10-10T14:16:00Z,WriteSensor,PS-0002869,1050.4,258.5,16,50,PSR-23,6,23
2025-10-10T14:18:00Z,WriteSensor,PS-0002870,1047.1,341.3,16,50,PSR-23,6,23
2025-10-10T14:20:00Z,WriteSensor,PS-0002871,1090.8,264.5,16,50,PSR-23,6,23
2025-10-10T14:22:00Z,WriteSensor,PS-0002872,1119.6,309.2,16,50,PSR-23,6,23
2025-10-10T14:24:00Z,WriteSensor,PS-0002873,1006.3,317.8,16,50,PSR-23,6,23
2025-10-10T14:26:00Z,WriteSensor,PS-0002874,1154.9,317.3,16,50,PSR-23,6,23
2025-10-10T14:28:00Z,WriteSensor,PS-0002875,1071.8,324.6,16,50,PSR-23,6,23
2025-10-10T14:30:00Z,WriteSensor,PS-0002876,1119.6,282.0,16,50,PSR-23,6,23
2025-10-10T14:32:00Z,WriteSensor,PS-0002877,1026.2,318.9,16,50,PSR-23,6,23
2025-10-10T14:34:00Z,WriteSensor,PS-0002878,1070.3,316.7,16,50,PSR-23,6,23
2025-10-10T14:36:00Z,WriteSensor,PS-0002879,1148.9,302.4,16,50,PSR-23,6,23
2025-10-10T14:38:00Z,WriteSensor,PS-0002880,1134.5,322.0,16,50,PSR-23,6,23
2025-10-10T14:40:00Z,WriteSensor,PS-0002881,1077.0,315.2,16,50,PSR-23,6,23
2025-10-10T14:42:00Z,WriteSensor,PS-0002882,1170.4,308.3,16,50,PSR-23,6,23
2025-10-10T14:44:00Z,WriteSensor,PS-0002883,1070.7,277.2,16,50,PSR-23,6,23
2025-10-10T14:46:00Z,WriteSensor,PS-0002884,1083.5,302.3,16,50,PSR-23,6,23
2025-10-10T14:48:00Z,WriteSensor,PS-0002885,1118.2,323.0,16,50,PSR-23,6,23
2025-10-10T14:50:00Z,WriteSensor,PS-0002886,1091.6,324.4,16,50,PSR-23,6,23
2025-10-10T14:52:00Z,WriteSensor,PS-0002887,1101.8,306.8,16,50,PSR-23,6,23
2025-10-10T14:54:00Z,WriteSensor,PS-0002888,1036.2,352.6,16,50,PSR-23,6,23
2025-10-10T14:56:00Z,WriteSensor,PS-0002889,1036.7,319.9,16,50,PSR-23,6,23
2025-10-10T14:58:00Z,WriteSensor,PS-0002890,1139.0,327.4,16,50,PSR-23,6,23
2025-10-10T15:00:00Z,WriteSensor,PS-0002891,1058.9,287.1,16,50,PSR-23,6,23
2025-10-10T15:02:00Z,WriteSensor,PS-0002892,1091.2,318.7,16,50,PSR-23,6,23
2025-10-10T15:04:00Z,WriteSensor,PS-0002893,1113.0,280.0,16,50,PSR-23,6,23
2025-10-10T15:06:00Z,WriteSensor,PS-0002894,1062.4,263.9,16,50,PSR-23,6,23
2025-10-10T15:08:00Z,WriteSensor,PS-0002895,1027.6,251.3,16,50,PSR-23,6,23
2025-10-10T15:10:00Z,WriteSensor,PS-0002896,1017.3,345.4,16,50,PSR-23,6,23
2025-10-10T15:12:00Z,WriteSensor,PS-0002897,997.5,310.6,16,50,PSR-23,6,23
2025-10-10T15:14:00Z,WriteSensor,PS-0002898,1149.1,365.4,16,50,PSR-23,6,23
2025-10-10T15:16:00Z,WriteSensor,PS-0002899,1182.7,320.6,16,50,PSR-23,6,23
2025-10-10T15:18:00Z,WriteSensor,PS-0002900,1085.7,357.4,16,50,PSR-23,6,23
2025-10-10T15:20:00Z,WriteSensor,PS-0002901,1048.5,325.8,16,50,PSR-23,6,23
2025-10-10T15:22:00Z,WriteSensor,PS-0002902,1151.1,277.3,16,50,PSR-23,6,23
2025-10-10T15:24:00Z,WriteSensor,PS-0002903,1009.2,350.1,16,50,PSR-23,6,23
2025-10-10T15:26:00Z,WriteSensor,PS-0002904,1080.2,319.1,16,50,PSR-23,6,23
2025-10-10T15:28:00Z,WriteSensor,PS-0002905,1138.1,310.7,16,50,PSR-23,6,23
2025-10-10T15:30:00Z,WriteSensor,PS-0002906,1016.6,293.4,16,50,PSR-23,6,23
2025-10-10T15:32:00Z,WriteSensor,PS-0002907,1064.7,350.0,16,50,PSR-23,6,23
2025-10-10T15:34:00Z,WriteSensor,PS-0002908,1122.1,275.5,16,50,PSR-23,6,23
2025-10-10T15:36:00Z,WriteSensor,PS-0002909,1089.1,277.0,16,50,PSR-23,6,23
2025-10-10T15:38:00Z,WriteSensor,PS-0002910,1108.5,358.8,16,50,PSR-23,6,23
2025-10-10T15:40:00Z,WriteSensor,PS-0002911,1128.0,311.2,16,50,PSR-23,6,23
2025-10-10T15:42:00Z,WriteSensor,PS-0002912,1113.4,339.2,16,50,PSR-23,6,23
2025-10-10T15:44:00Z,WriteSensor,PS-0002913,1068.5,345.9,16,50,PSR-23,6,23
2025-10-10T15:46:00Z,WriteSensor,PS-0002914,1087.4,323.3,16,50,PSR-23,6,23
2025-10-10T15:48:00Z,WriteSensor,PS-0002915,1092.1,323.9,16,50,PSR-23,6,23
2025-10-10T15:50:00Z,WriteSensor,PS-0002916,1060.9,289.9,16,50,PSR-23,6,23
2025-10-10T15:52:00Z,WriteSensor,PS-0002917,1122.8,277.1,16,50,PSR-23,6,23
2025-10-10T15:54:00Z,WriteSensor,PS-0002918,1119.3,341.8,16,50,PSR-23,6,23
2025-10-10T15:56:00Z,WriteSensor,PS-0002919,1115.8,335.9,16,50,PSR-23,6,23
2025-10-10T15:58:00Z,WriteSensor,PS-0002920,1161.3,293.2,16,50,PSR-23,6,23
2025-10-10T16:00:00Z,WriteSensor,PS-0002921,1065.0,329.0,16,50,PSR-23,6,23
2025-10-10T16:02:00Z,WriteSensor,PS-0002922,1142.9,308.3,16,50,PSR-23,6,23
2025-10-10T16:04:00Z,WriteSensor,PS-0002923,1147.4,317.7,16,50,PSR-23,6,23
2025-10-10T16:06:00Z,WriteSensor,PS-0002924,1093.8,303.2,16,50,PSR-23,6,23
2025-10-10T16:08:00Z,WriteSensor,PS-0002925,1020.3,348.0,16,50,PSR-23,6,23
2025-10-10T16:10:00Z,WriteSensor,PS-0002926,1063.8,343.6,16,50,PSR-23,6,23
2025-10-10T16:12:00Z,WriteSensor,PS-0002927,1046.5,307.9,16,50,PSR-23,6,23
2025-10-10T16:14:00Z,WriteSensor,PS-0002928,1037.0,327.4,16,50,PSR-23,6,23
2025-10-10T16:16:00Z,WriteSensor,PS-0002929,1051.5,272.5,16,50,PSR-23,6,23
2025-10-10T16:18:00Z,WriteSensor,PS-0002930,1070.2,350.9,16,50,PSR-23,6,23
2025-10-10T16:20:00Z,WriteSensor,PS-0002931,1041.7,329.5,16,50,PSR-23,6,23
2025-10-10T16:22:00Z,WriteSensor,PS-0002932,995.4,332.3,16,50,PSR-23,6,23
2025-10-10T16:24:00Z,WriteSensor,PS-0002933,1059.5,343.1,16,50,PSR-23,6,23
2025-10-10T16:26:00Z,WriteSensor,PS-0002934,1130.3,297.5,16,50,PSR-23,6,23
2025-10-10T16:28:00Z,WriteSensor,PS-0002935,1190.8,326.5,16,50,PSR-23,6,23
2025-10-10T16:30:00Z,WriteSensor,PS-0002936,1103.7,264.4,16,50,PSR-23,6,23
2025-10-10T16:32:00Z,WriteSensor,PS-0002937,1063.3,384.1,16,50,PSR-23,6,23
2025-10-10T16:34:00Z,WriteSensor,PS-0002938,1140.2,352.4,16,50,PSR-23,6,23
2025-10-10T16:36:00Z,WriteSensor,PS-0002939,1171.6,305.9,16,50,PSR-23,6,23
2025-10-10T16:38:00Z,WriteSensor,PS-0002940,1166.2,306.4,16,50,PSR-23,6,23
2025-10-10T16:40:00Z,WriteSensor,PS-0002941,1204.2,252.0,16,50,PSR-23,6,23
2025-10-10T16:42:00Z,WriteSensor,PS-0002942,1085.4,277.0,16,50,PSR-23,6,23
2025-10-10T16:44:00Z,WriteSensor,PS-0002943,994.4,351.5,16,50,PSR-23,6,23
2025-10-10T16:46:00Z,WriteSensor,PS-0002944,1123.8,276.9,16,50,PSR-23,6,23
2025-10-10T16:48:00Z,WriteSensor,PS-0002945,1106.0,313.7,16,50,PSR-23,6,23
2025-10-10T16:50:00Z,WriteSensor,PS-0002946,944.8,293.5,16,50,PSR-23,6,23
2025-10-10T16:52:00Z,WriteSensor,PS-0002947,1109.2,284.7,16,50,PSR-23,6,23
2025-10-10T16:54:00Z,WriteSensor,PS-0002948,1089.9,300.5,16,50,PSR-23,6,23
2025-10-10T16:56:00Z,WriteSensor,PS-0002949,1003.5,280.8,16,50,PSR-23,6,23
2025-10-10T16:58:00Z,WriteSensor,PS-0002950,1087.6,277.4,16,50,PSR-23,6,23
2025-10-10T17:00:00Z,WriteSensor,PS-0002951,1132.5,302.9,16,50,PSR-23,6,23
2025-10-10T17:02:00Z,WriteSensor,PS-0002952,1217.9,328.0,16,50,PSR-23,6,23
2025-10-10T17:04:00Z,WriteSensor,PS-0002953,1143.5,354.1,16,50,PSR-23,6,23
2025-10-10T17:06:00Z,WriteSensor,PS-0002954,1144.4,309.7,16,50,PSR-23,6,23
2025-10-10T17:08:00Z,WriteSensor,PS-0002955,1020.4,329.4,16,50,PSR-23,6,23
2025-10-10T17:10:00Z,WriteSensor,PS-0002956,1078.8,303.7,16,50,PSR-23,6,23
2025-10-10T17:12:00Z,WriteSensor,PS-0002957,1156.3,284.7,16,50,PSR-23,6,23
2025-10-10T17:14:00Z,WriteSensor,PS-0002958,1063.8,313.1,16,50,PSR-23,6,23
2025-10-10T17:16:00Z,WriteSensor,PS-0002959,1075.7,305.9,16,50,PSR-23,6,23
2025-10-10T17:18:00Z,WriteSensor,PS-0002960,984.3,315.7,16,50,PSR-23,6,23
2025-10-10T17:20:00Z,WriteSensor,PS-0002961,1092.8,305.9,16,50,PSR-23,6,23
2025-10-10T17:22:00Z,WriteSensor,PS-0002962,985.6,339.8,16,50,PSR-23,6,23
2025-10-10T17:24:00Z,WriteSensor,PS-0002963,977.3,291.4,16,50,PSR-23,6,23
2025-10-10T17:26:00Z,WriteSensor,PS-0002964,994.3,300.3,16,50,PSR-23,6,23
2025-10-10T17:28:00Z,WriteSensor,PS-0002965,1070.7,333.9,16,50,PSR-23,6,23
2025-10-10T17:30:00Z,WriteSensor,PS-0002966,1073.3,336.6,16,50,PSR-23,6,23
2025-10-10T17:32:00Z,WriteSensor,PS-0002967,1019.1,320.2,16,50,PSR-23,6,23
2025-10-10T17:34:00Z,WriteSensor,PS-0002968,1040.7,333.5,16,50,PSR-23,6,23
2025-10-10T17:36:00Z,WriteSensor,PS-0002969,1139.1,354.4,16,50,PSR-23,6,23
2025-10-10T17:38:00Z,WriteSensor,PS-0002970,1124.1,317.0,16,50,PSR-23,6,23
2025-10-10T17:40:00Z,WriteSensor,PS-0002971,960.2,309.4,16,50,PSR-23,6,23
2025-10-10T17:42:00Z,WriteSensor,PS-0002972,1067.5,258.8,16,50,PSR-23,6,23
2025-10-10T17:44:00Z,WriteSensor,PS-0002973,1106.6,305.4,16,50,PSR-23,6,23
2025-10-10T17:46:00Z,WriteSensor,PS-0002974,1084.9,337.9,16,50,PSR-23,6,23
2025-10-10T17:48:00Z,WriteSensor,PS-0002975,1100.5,235.2,16,50,PSR-23,6,23
2025-10-10T17:50:00Z,WriteSensor,PS-0002976,1033.1,374.5,16,50,PSR-23,6,23
2025-10-10T17:52:00Z,WriteSensor,PS-0002977,1100.7,309.4,16,50,PSR-23,6,23
2025-10-10T17:54:00Z,WriteSensor,PS-0002978,1129.7,313.8,16,50,PSR-23,6,23
2025-10-10T17:56:00Z,WriteSensor,PS-0002979,1213.2,351.6,16,50,PSR-23,6,23
2025-10-10T17:58:00Z,WriteSensor,PS-0002980,1062.6,290.2,16,50,PSR-23,6,23
2025-10-10T18:00:00Z,WriteSensor,PS-0002981,1101.3,319.6,16,50,PSR-23,6,23
2025-10-10T18:02:00Z,WriteSensor,PS-0002982,1135.6,325.8,16,50,PSR-23,6,23
2025-10-10T18:04:00Z,WriteSensor,PS-0002983,1120.3,286.0,16,50,PSR-23,6,23
2025-10-10T18:06:00Z,WriteSensor,PS-0002984,1089.1,331.9,16,50,PSR-23,6,23
2025-10-10T18:08:00Z,WriteSensor,PS-0002985,1061.7,325.0,16,50,PSR-23,6,23
2025-10-10T18:10:00Z,WriteSensor,PS-0002986,1134.1,372.2,16,50,PSR-23,6,23
2025-10-10T18:12:00Z,WriteSensor,PS-0002987,1030.5,285.5,16,50,PSR-23,6,23
2025-10-10T18:14:00Z,WriteSensor,PS-0002988,1120.1,312.5,16,50,PSR-23,6,23
2025-10-10T18:16:00Z,WriteSensor,PS-0002989,1111.6,327.0,16,50,PSR-23,6,23
2025-10-10T18:18:00Z,WriteSensor,PS-0002990,995.6,309.5,16,50,PSR-23,6,23
2025-10-10T19:00:00Z,WriteSensor,PS-0002991,1092.2,343.6,8,50,PSR-24,6,24
2025-10-10T19:02:00Z,WriteSensor,PS-0002992,1114.8,336.9,8,50,PSR-24,6,24
2025-10-10T19:04:00Z,WriteSensor,PS-0002993,1185.1,328.7,8,50,PSR-24,6,24
2025-10-10T19:06:00Z,WriteSensor,PS-0002994,1115.9,303.8,8,50,PSR-24,6,24
2025-10-10T19:08:00Z,WriteSensor,PS-0002995,1155.8,343.2,8,50,PSR-24,6,24
2025-10-10T19:10:00Z,WriteSensor,PS-0002996,1188.5,343.7,8,50,PSR-24,6,24
2025-10-10T19:12:00Z,WriteSensor,PS-0002997,1103.6,309.2,8,50,PSR-24,6,24
2025-10-10T19:14:00Z,WriteSensor,PS-0002998,1124.2,346.7,8,50,PSR-24,6,24
2025-10-10T19:16:00Z,WriteSensor,PS-0002999,1166.6,299.7,8,50,PSR-24,6,24
2025-10-10T19:18:00Z,WriteSensor,PS-0003000,1134.1,340.6,8,50,PSR-24,6,24
2025-10-10T19:20:00Z,WriteSensor,PS-0003001,1152.2,320.1,8,50,PSR-24,6,24
2025-10-10T19:22:00Z,WriteSensor,PS-0003002,1135.1,341.0,8,50,PSR-24,6,24
2025-10-10T19:24:00Z,WriteSensor,PS-0003003,949.4,301.7,8,50,PSR-24,6,24
2025-10-10T19:26:00Z,WriteSensor,PS-0003004,1178.5,321.7,8,50,PSR-24,6,24
2025-10-10T19:28:00Z,WriteSensor,PS-0003005,1129.6,293.4,8,50,PSR-24,6,24
2025-10-10T19:30:00Z,WriteSensor,PS-0003006,1113.5,309.3,8,50,PSR-24,6,24
2025-10-10T19:32:00Z,WriteSensor,PS-0003007,1083.9,280.4,8,50,PSR-24,6,24
2025-10-10T19:34:00Z,WriteSensor,PS-0003008,1212.4,328.2,8,50,PSR-24,6,24
2025-10-10T19:36:00Z,WriteSensor,PS-0003009,1055.7,343.3,8,50,PSR-24,6,24
2025-10-10T19:38:00Z,WriteSensor,PS-0003010,1098.2,303.3,8,50,PSR-24,6,24
2025-10-10T19:40:00Z,WriteSensor,PS-0003011,1159.6,323.4,8,50,PSR-24,6,24
2025-10-10T19:42:00Z,WriteSensor,PS-0003012,1196.6,326.3,8,50,PSR-24,6,24
2025-10-10T19:44:00Z,WriteSensor,PS-0003013,1252.3,314.7,8,50,PSR-24,6,24
2025-10-10T19:46:00Z,WriteSensor,PS-0003014,1106.3,347.3,8,50,PSR-24,6,24
2025-10-10T19:48:00Z,WriteSensor,PS-0003015,1194.0,300.2,8,50,PSR-24,6,24
2025-10-10T19:50:00Z,WriteSensor,PS-0003016,1117.2,290.2,8,50,PSR-24,6,24
2025-10-10T19:52:00Z,WriteSensor,PS-0003017,1112.3,316.6,8,50,PSR-24,6,24
2025-10-10T19:54:00Z,WriteSensor,PS-0003018,1207.7,303.2,8,50,PSR-24,6,24
2025-10-10T19:56:00Z,WriteSensor,PS-0003019,1085.2,336.6,8,50,PSR-24,6,24
2025-10-10T19:58:00Z,WriteSensor,PS-0003020,1112.4,305.4,8,50,PSR-24,6,24
2025-10-10T20:00:00Z,WriteSensor,PS-0003021,1179.4,247.8,8,50,PSR-24,6,24
2025-10-10T20:02:00Z,WriteSensor,PS-0003022,1097.9,296.0,8,50,PSR-24,6,24
2025-10-10T20:04:00Z,WriteSensor,PS-0003023,1127.0,347.1,8,50,PSR-24,6,24
2025-10-10T20:06:00Z,WriteSensor,PS-0003024,1077.4,284.8,8,50,PSR-24,6,24
2025-10-10T20:08:00Z,WriteSensor,PS-0003025,1134.6,297.6,8,50,PSR-24,6,24
2025-10-10T20:10:00Z,WriteSensor,PS-0003026,1143.2,312.2,8,50,PSR-24,6,24
2025-10-10T20:12:00Z,WriteSensor,PS-0003027,1110.4,304.3,8,50,PSR-24,6,24
2025-10-10T20:14:00Z,WriteSensor,PS-0003028,1100.2,322.8,8,50,PSR-24,6,24
2025-10-10T20:16:00Z,WriteSensor,PS-0003029,1164.5,322.0,8,50,PSR-24,6,24
2025-10-10T20:18:00Z,WriteSensor,PS-0003030,1109.5,349.5,8,50,PSR-24,6,24
2025-10-10T20:20:00Z,WriteSensor,PS-0003031,1124.2,289.0,8,50,PSR-24,6,24
2025-10-10T20:22:00Z,WriteSensor,PS-0003032,1119.4,334.2,8,50,PSR-24,6,24
2025-10-10T20:24:00Z,WriteSensor,PS-0003033,1201.8,312.5,8,50,PSR-24,6,24
2025-10-10T20:26:00Z,WriteSensor,PS-0003034,1132.3,329.1,8,50,PSR-24,6,24
2025-10-10T20:28:00Z,WriteSensor,PS-0003035,1170.9,303.8,8,50,PSR-24,6,24
2025-10-10T20:30:00Z,WriteSensor,PS-0003036,1034.2,312.3,8,50,PSR-24,6,24
2025-10-10T20:32:00Z,WriteSensor,PS-0003037,1145.8,325.4,8,50,PSR-24,6,24
2025-10-10T20:34:00Z,WriteSensor,PS-0003038,1177.4,322.0,8,50,PSR-24,6,24
2025-10-10T20:36:00Z,WriteSensor,PS-0003039,1295.7,333.3,8,50,PSR-24,6,24
2025-10-10T20:38:00Z,WriteSensor,PS-0003040,1145.1,323.6,8,50,PSR-24,6,24
2025-10-10T20:40:00Z,WriteSensor,PS-0003041,1169.9,250.6,8,50,PSR-24,6,24
2025-10-10T20:42:00Z,WriteSensor,PS-0003042,1109.5,352.3,8,50,PSR-24,6,24
2025-10-10T20:44:00Z,WriteSensor,PS-0003043,1082.5,327.0,8,50,PSR-24,6,24
2025-10-10T20:46:00Z,WriteSensor,PS-0003044,1083.4,339.2,8,50,PSR-24,6,24
2025-10-10T20:48:00Z,WriteSensor,PS-0003045,1141.1,344.9,8,50,PSR-24,6,24
2025-10-10T20:50:00Z,WriteSensor,PS-0003046,1048.7,376.5,8,50,PSR-24,6,24
2025-10-10T20:52:00Z,WriteSensor,PS-0003047,1214.6,318.7,8,50,PSR-24,6,24
2025-10-10T20:54:00Z,WriteSensor,PS-0003048,1164.9,292.1,8,50,PSR-24,6,24
2025-10-10T20:56:00Z,WriteSensor,PS-0003049,1276.4,332.2,8,50,PSR-24,6,24
2025-10-10T20:58:00Z,WriteSensor,PS-0003050,1162.8,339.9,8,50,PSR-24,6,24
2025-10-10T21:00:00Z,WriteSensor,PS-0003051,1176.9,313.1,8,50,PSR-24,6,24
2025-10-10T21:02:00Z,WriteSensor,PS-0003052,1158.7,277.1,8,50,PSR-24,6,24
2025-10-10T21:04:00Z,WriteSensor,PS-0003053,1120.3,312.5,8,50,PSR-24,6,24
2025-10-10T21:06:00Z,WriteSensor,PS-0003054,1173.9,321.4,8,50,PSR-24,6,24
2025-10-10T21:08:00Z,WriteSensor,PS-0003055,1152.2,378.8,8,50,PSR-24,6,24
2025-10-10T21:10:00Z,WriteSensor,PS-0003056,1210.9,323.1,8,50,PSR-24,6,24
2025-10-10T21:12:00Z,WriteSensor,PS-0003057,1075.2,351.2,8,50,PSR-24,6,24
2025-10-10T21:14:00Z,WriteSensor,PS-0003058,1184.1,292.5,8,50,PSR-24,6,24
2025-10-10T21:16:00Z,WriteSensor,PS-0003059,1149.4,341.4,8,50,PSR-24,6,24
2025-10-10T21:18:00Z,WriteSensor,PS-0003060,1185.5,325.7,8,50,PSR-24,6,24
2025-10-10T21:20:00Z,WriteSensor,PS-0003061,1162.8,296.1,8,50,PSR-24,6,24
2025-10-10T21:22:00Z,WriteSensor,PS-0003062,1153.4,313.4,8,50,PSR-24,6,24
2025-10-10T21:24:00Z,WriteSensor,PS-0003063,1142.3,341.2,8,50,PSR-24,6,24
2025-10-10T21:26:00Z,WriteSensor,PS-0003064,1033.9,342.9,8,50,PSR-24,6,24
2025-10-10T21:28:00Z,WriteSensor,PS-0003065,1116.1,290.0,8,50,PSR-24,6,24
2025-10-10T21:30:00Z,WriteSensor,PS-0003066,1110.2,308.4,8,50,PSR-24,6,24
2025-10-10T21:32:00Z,WriteSensor,PS-0003067,1161.6,330.7,8,50,PSR-24,6,24
2025-10-10T21:34:00Z,WriteSensor,PS-0003068,1210.5,303.3,8,50,PSR-24,6,24
2025-10-10T21:36:00Z,WriteSensor,PS-0003069,1157.8,282.4,8,50,PSR-24,6,24
2025-10-10T21:38:00Z,WriteSensor,PS-0003070,1045.6,332.7,8,50,PSR-24,6,24
2025-10-10T21:40:00Z,WriteSensor,PS-0003071,1125.7,295.1,8,50,PSR-24,6,24
2025-10-10T21:42:00Z,WriteSensor,PS-0003072,1157.9,357.1,8,50,PSR-24,6,24
2025-10-10T21:44:00Z,WriteSensor,PS-0003073,1013.8,300.1,8,50,PSR-24,6,24
2025-10-10T21:46:00Z,WriteSensor,PS-0003074,1140.5,369.3,8,50,PSR-24,6,24
2025-10-10T21:48:00Z,WriteSensor,PS-0003075,1121.8,298.1,8,50,PSR-24,6,24
2025-10-10T21:50:00Z,WriteSensor,PS-0003076,1099.9,316.1,8,50,PSR-24,6,24
2025-10-10T21:52:00Z,WriteSensor,PS-0003077,999.5,351.4,8,50,PSR-24,6,24
2025-10-10T21:54:00Z,WriteSensor,PS-0003078,1193.7,340.4,8,50,PSR-24,6,24
2025-10-10T21:56:00Z,WriteSensor,PS-0003079,1117.8,285.0,8,50,PSR-24,6,24
2025-10-10T21:58:00Z,WriteSensor,PS-0003080,1046.1,260.4,8,50,PSR-24,6,24
2025-10-10T22:00:00Z,WriteSensor,PS-0003081,1187.9,322.2,8,50,PSR-24,6,24
2025-10-10T22:02:00Z,WriteSensor,PS-0003082,1066.2,324.9,8,50,PSR-24,6,24
2025-10-10T22:04:00Z,WriteSensor,PS-0003083,1179.9,349.0,8,50,PSR-24,6,24
2025-10-10T22:06:00Z,WriteSensor,PS-0003084,1164.2,309.3,8,50,PSR-24,6,24
2025-10-10T22:08:00Z,WriteSensor,PS-0003085,1197.5,330.3,8,50,PSR-24,6,24
2025-10-10T22:10:00Z,WriteSensor,PS-0003086,1059.0,369.4,8,50,PSR-24,6,24
2025-10-10T22:12:00Z,WriteSensor,PS-0003087,1170.4,279.6,8,50,PSR-24,6,24
2025-10-10T22:14:00Z,WriteSensor,PS-0003088,1129.6,357.5,8,50,PSR-24,6,24
2025-10-10T22:16:00Z,WriteSensor,PS-0003089,1200.9,308.4,8,50,PSR-24,6,24
2025-10-10T22:18:00Z,WriteSensor,PS-0003090,1170.6,368.8,8,50,PSR-24,6,24
2025-10-10T22:20:00Z,WriteSensor,PS-0003091,1115.0,321.4,8,50,PSR-24,6,24
2025-10-10T22:22:00Z,WriteSensor,PS-0003092,1054.7,321.3,8,50,PSR-24,6,24
2025-10-10T22:24:00Z,WriteSensor,PS-0003093,1181.0,285.6,8,50,PSR-24,6,24
2025-10-10T22:26:00Z,WriteSensor,PS-0003094,1169.9,303.9,8,50,PSR-24,6,24
2025-10-10T22:28:00Z,WriteSensor,PS-0003095,1136.1,323.0,8,50,PSR-24,6,24
2025-10-10T22:30:00Z,WriteSensor,PS-0003096,1131.2,265.8,8,50,PSR-24,6,24
2025-10-10T22:32:00Z,WriteSensor,PS-0003097,1006.0,328.0,8,50,PSR-24,6,24
2025-10-10T22:34:00Z,WriteSensor,PS-0003098,1148.9,310.3,8,50,PSR-24,6,24
2025-10-10T22:36:00Z,WriteSensor,PS-0003099,1171.5,277.9,8,50,PSR-24,6,24
2025-10-10T22:38:00Z,WriteSensor,PS-0003100,1138.6,327.1,8,50,PSR-24,6,24
2025-10-10T22:40:00Z,WriteSensor,PS-0003101,1048.3,346.0,8,50,PSR-24,6,24
2025-10-10T22:42:00Z,WriteSensor,PS-0003102,1016.9,300.8,8,50,PSR-24,6,24
2025-10-10T22:44:00Z,WriteSensor,PS-0003103,1122.2,288.8,8,50,PSR-24,6,24
2025-10-10T22:46:00Z,WriteSensor,PS-0003104,1190.8,282.2,8,50,PSR-24,6,24
2025-10-10T22:48:00Z,WriteSensor,PS-0003105,1078.3,301.5,8,50,PSR-24,6,24
2025-10-10T22:50:00Z,WriteSensor,PS-0003106,1135.9,313.8,8,50,PSR-24,6,24
2025-10-10T22:52:00Z,WriteSensor,PS-0003107,1199.1,329.5,8,50,PSR-24,6,24
2025-10-10T22:54:00Z,WriteSensor,PS-0003108,1130.7,273.2,8,50,PSR-24,6,24
2025-10-10T22:56:00Z,WriteSensor,PS-0003109,1038.6,351.5,8,50,PSR-24,6,24
2025-10-10T22:58:00Z,WriteSensor,PS-0003110,1095.8,319.3,8,50,PSR-24,6,24
2025-10-10T23:00:00Z,WriteSensor,PS-0003111,983.9,371.8,8,50,PSR-24,6,24
2025-10-10T23:02:00Z,WriteSensor,PS-0003112,1044.7,295.5,8,50,PSR-24,6,24
2025-10-10T23:04:00Z,WriteSensor,PS-0003113,1081.0,289.7,8,50,PSR-24,6,24
2025-10-10T23:06:00Z,WriteSensor,PS-0003114,1129.9,283.9,8,50,PSR-24,6,24
2025-10-10T23:08:00Z,WriteSensor,PS-0003115,1118.7,286.2,8,50,PSR-24,6,24
2025-10-10T23:10:00Z,WriteSensor,PS-0003116,1035.8,359.7,8,50,PSR-24,6,24
2025-10-10T23:12:00Z,WriteSensor,PS-0003117,1140.9,300.8,8,50,PSR-24,6,24
2025-10-10T23:14:00Z,WriteSensor,PS-0003118,1207.7,310.7,8,50,PSR-24,6,24
2025-10-10T23:16:00Z,WriteSensor,PS-0003119,1195.3,280.1,8,50,PSR-24,6,24
2025-10-10T23:18:00Z,WriteSensor,PS-0003120,1173.5,349.8,8,50,PSR-24,6,24
2025-10-11T00:00:00Z,WriteSensor,PS-0003121,1174.1,301.8,8,50,PSR-25,7,25
2025-10-11T00:02:00Z,WriteSensor,PS-0003122,1157.9,308.0,8,50,PSR-25,7,25
2025-10-11T00:04:00Z,WriteSensor,PS-0003123,1192.4,292.8,8,50,PSR-25,7,25
2025-10-11T00:06:00Z,WriteSensor,PS-0003124,1058.0,270.4,8,50,PSR-25,7,25
2025-10-11T00:08:00Z,WriteSensor,PS-0003125,1144.3,313.1,8,50,PSR-25,7,25
2025-10-11T00:10:00Z,WriteSensor,PS-0003126,1136.3,325.2,8,50,PSR-25,7,25
2025-10-11T00:12:00Z,WriteSensor,PS-0003127,1128.9,339.5,8,50,PSR-25,7,25
2025-10-11T00:14:00Z,WriteSensor,PS-0003128,1158.4,279.9,8,50,PSR-25,7,25
2025-10-11T00:16:00Z,WriteSensor,PS-0003129,1053.9,319.1,8,50,PSR-25,7,25
2025-10-11T00:18:00Z,WriteSensor,PS-0003130,1221.2,288.7,8,50,PSR-25,7,25
2025-10-11T00:20:00Z,WriteSensor,PS-0003131,1142.9,332.8,8,50,PSR-25,7,25
2025-10-11T00:22:00Z,WriteSensor,PS-0003132,1084.7,304.2,8,50,PSR-25,7,25
2025-10-11T00:24:00Z,WriteSensor,PS-0003133,1168.2,339.6,8,50,PSR-25,7,25
2025-10-11T00:26:00Z,WriteSensor,PS-0003134,1072.6,251.0,8,50,PSR-25,7,25
2025-10-11T00:28:00Z,WriteSensor,PS-0003135,1074.3,286.4,8,50,PSR-25,7,25
2025-10-11T00:30:00Z,WriteSensor,PS-0003136,1125.1,295.0,8,50,PSR-25,7,25
2025-10-11T00:32:00Z,WriteSensor,PS-0003137,1052.2,308.8,8,50,PSR-25,7,25
2025-10-11T00:34:00Z,WriteSensor,PS-0003138,1111.8,287.7,8,50,PSR-25,7,25
2025-10-11T00:36:00Z,WriteSensor,PS-0003139,1108.4,344.5,8,50,PSR-25,7,25
2025-10-11T00:38:00Z,WriteSensor,PS-0003140,1070.7,303.6,8,50,PSR-25,7,25
2025-10-11T00:40:00Z,WriteSensor,PS-0003141,1121.1,307.1,8,50,PSR-25,7,25
2025-10-11T00:42:00Z,WriteSensor,PS-0003142,1087.9,315.2,8,50,PSR-25,7,25
2025-10-11T00:44:00Z,WriteSensor,PS-0003143,1004.9,321.0,8,50,PSR-25,7,25
2025-10-11T00:46:00Z,WriteSensor,PS-0003144,1136.2,271.3,8,50,PSR-25,7,25
2025-10-11T00:48:00Z,WriteSensor,PS-0003145,1129.9,298.4,8,50,PSR-25,7,25
2025-10-11T00:50:00Z,WriteSensor,PS-0003146,1085.8,325.8,8,50,PSR-25,7,25
2025-10-11T00:52:00Z,WriteSensor,PS-0003147,1125.8,298.5,8,50,PSR-25,7,25
2025-10-11T00:54:00Z,WriteSensor,PS-0003148,1189.2,268.4,8,50,PSR-25,7,25
2025-10-11T00:56:00Z,WriteSensor,PS-0003149,1133.1,258.0,8,50,PSR-25,7,25
2025-10-11T00:58:00Z,WriteSensor,PS-0003150,1195.4,279.2,8,50,PSR-25,7,25
2025-10-11T01:00:00Z,WriteSensor,PS-0003151,1231.7,343.0,8,50,PSR-25,7,25
2025-10-11T01:02:00Z,WriteSensor,PS-0003152,1128.5,348.0,8,50,PSR-25,7,25
2025-10-11T01:04:00Z,WriteSensor,PS-0003153,1102.8,292.2,8,50,PSR-25,7,25
2025-10-11T01:06:00Z,WriteSensor,PS-0003154,1063.2,304.9,8,50,PSR-25,7,25
2025-10-11T01:08:00Z,WriteSensor,PS-0003155,1101.2,360.6,8,50,PSR-25,7,25
2025-10-11T01:10:00Z,WriteSensor,PS-0003156,1175.8,333.7,8,50,PSR-25,7,25
2025-10-11T01:12:00Z,WriteSensor,PS-0003157,1192.5,299.4,8,50,PSR-25,7,25
2025-10-11T01:14:00Z,WriteSensor,PS-0003158,1089.5,335.7,8,50,PSR-25,7,25
2025-10-11T01:16:00Z,WriteSensor,PS-0003159,1223.5,330.0,8,50,PSR-25,7,25
2025-10-11T01:18:00Z,WriteSensor,PS-0003160,1029.3,305.6,8,50,PSR-25,7,25
2025-10-11T01:20:00Z,WriteSensor,PS-0003161,1036.8,321.8,8,50,PSR-25,7,25
2025-10-11T01:22:00Z,WriteSensor,PS-0003162,1136.8,334.3,8,50,PSR-25,7,25
2025-10-11T01:24:00Z,WriteSensor,PS-0003163,1185.4,315.5,8,50,PSR-25,7,25
2025-10-11T01:26:00Z,WriteSensor,PS-0003164,1270.1,333.7,8,50,PSR-25,7,25
2025-10-11T01:28:00Z,WriteSensor,PS-0003165,1115.6,345.4,8,50,PSR-25,7,25
2025-10-11T01:30:00Z,WriteSensor,PS-0003166,1045.0,259.5,8,50,PSR-25,7,25
2025-10-11T01:32:00Z,WriteSensor,PS-0003167,1046.0,286.7,8,50,PSR-25,7,25
2025-10-11T01:34:00Z,WriteSensor,PS-0003168,1165.2,313.3,8,50,PSR-25,7,25
2025-10-11T01:36:00Z,WriteSensor,PS-0003169,1195.4,312.8,8,50,PSR-25,7,25
2025-10-11T01:38:00Z,WriteSensor,PS-0003170,1156.4,303.1,8,50,PSR-25,7,25
2025-10-11T01:40:00Z,WriteSensor,PS-0003171,1194.8,312.6,8,50,PSR-25,7,25
2025-10-11T01:42:00Z,WriteSensor,PS-0003172,1112.5,339.2,8,50,PSR-25,7,25
2025-10-11T01:44:00Z,WriteSensor,PS-0003173,1179.1,324.5,8,50,PSR-25,7,25
2025-10-11T01:46:00Z,WriteSensor,PS-0003174,1130.0,278.9,8,50,PSR-25,7,25
2025-10-11T01:48:00Z,WriteSensor,PS-0003175,1157.3,309.1,8,50,PSR-25,7,25
2025-10-11T01:50:00Z,WriteSensor,PS-0003176,1071.0,308.3,8,50,PSR-25,7,25
2025-10-11T01:52:00Z,WriteSensor,PS-0003177,1183.0,300.0,8,50,PSR-25,7,25
2025-10-11T01:54:00Z,WriteSensor,PS-0003178,1164.6,307.6,8,50,PSR-25,7,25
2025-10-11T01:56:00Z,WriteSensor,PS-0003179,1181.4,315.5,8,50,PSR-25,7,25
2025-10-11T01:58:00Z,WriteSensor,PS-0003180,1045.7,362.6,8,50,PSR-25,7,25
2025-10-11T02:00:00Z,WriteSensor,PS-0003181,1020.9,292.0,8,50,PSR-25,7,25
2025-10-11T02:02:00Z,WriteSensor,PS-0003182,1200.2,310.9,8,50,PSR-25,7,25
2025-10-11T02:04:00Z,WriteSensor,PS-0003183,1183.8,336.7,8,50,PSR-25,7,25
2025-10-11T02:06:00Z,WriteSensor,PS-0003184,1099.2,330.1,8,50,PSR-25,7,25
2025-10-11T02:08:00Z,WriteSensor,PS-0003185,1079.3,313.8,8,50,PSR-25,7,25
2025-10-11T02:10:00Z,WriteSensor,PS-0003186,1057.8,326.9,8,50,PSR-25,7,25
2025-10-11T02:12:00Z,WriteSensor,PS-0003187,1125.5,269.7,8,50,PSR-25,7,25
2025-10-11T02:14:00Z,WriteSensor,PS-0003188,1174.8,311.1,8,50,PSR-25,7,25
2025-10-11T02:16:00Z,WriteSensor,PS-0003189,1199.6,308.4,8,50,PSR-25,7,25
2025-10-11T02:18:00Z,WriteSensor,PS-0003190,1145.3,364.9,8,50,PSR-25,7,25
2025-10-11T02:20:00Z,WriteSensor,PS-0003191,1074.8,304.0,8,50,PSR-25,7,25
2025-10-11T02:22:00Z,WriteSensor,PS-0003192,1111.2,256.2,8,50,PSR-25,7,25
2025-10-11T02:24:00Z,WriteSensor,PS-0003193,1181.8,371.4,8,50,PSR-25,7,25
2025-10-11T02:26:00Z,WriteSensor,PS-0003194,1152.8,312.7,8,50,PSR-25,7,25
2025-10-11T02:28:00Z,WriteSensor,PS-0003195,1121.2,304.6,8,50,PSR-25,7,25
2025-10-11T02:30:00Z,WriteSensor,PS-0003196,1180.6,301.3,8,50,PSR-25,7,25
2025-10-11T02:32:00Z,WriteSensor,PS-0003197,997.9,323.2,8,50,PSR-25,7,25
2025-10-11T02:34:00Z,WriteSensor,PS-0003198,1147.1,304.1,8,50,PSR-25,7,25
2025-10-11T02:36:00Z,WriteSensor,PS-0003199,1157.5,298.1,8,50,PSR-25,7,25
2025-10-11T02:38:00Z,WriteSensor,PS-0003200,1087.0,339.9,8,50,PSR-25,7,25
2025-10-11T02:40:00Z,WriteSensor,PS-0003201,1186.2,295.0,8,50,PSR-25,7,25
2025-10-11T02:42:00Z,WriteSensor,PS-0003202,1177.0,317.6,8,50,PSR-25,7,25
2025-10-11T02:44:00Z,WriteSensor,PS-0003203,1149.9,301.9,8,50,PSR-25,7,25
2025-10-11T02:46:00Z,WriteSensor,PS-0003204,1122.1,329.1,8,50,PSR-25,7,25
2025-10-11T02:48:00Z,WriteSensor,PS-0003205,1118.9,325.1,8,50,PSR-25,7,25
2025-10-11T02:50:00Z,WriteSensor,PS-0003206,1108.8,307.0,8,50,PSR-25,7,25
2025-10-11T02:52:00Z,WriteSensor,PS-0003207,1157.0,292.3,8,50,PSR-25,7,25
2025-10-11T02:54:00Z,WriteSensor,PS-0003208,1116.6,313.8,8,50,PSR-25,7,25
2025-10-11T02:56:00Z,WriteSensor,PS-0003209,1141.0,290.4,8,50,PSR-25,7,25
2025-10-11T02:58:00Z,WriteSensor,PS-0003210,1136.3,313.2,8,50,PSR-25,7,25
2025-10-11T03:00:00Z,WriteSensor,PS-0003211,1182.7,321.8,8,50,PSR-25,7,25
2025-10-11T03:02:00Z,WriteSensor,PS-0003212,1214.3,300.2,8,50,PSR-25,7,25
2025-10-11T03:04:00Z,WriteSensor,PS-0003213,1151.4,329.8,8,50,PSR-25,7,25
2025-10-11T03:06:00Z,WriteSensor,PS-0003214,1128.5,302.7,8,50,PSR-25,7,25
2025-10-11T03:08:00Z,WriteSensor,PS-0003215,1180.7,321.3,8,50,PSR-25,7,25
2025-10-11T03:10:00Z,WriteSensor,PS-0003216,1205.0,291.8,8,50,PSR-25,7,25
2025-10-11T03:12:00Z,WriteSensor,PS-0003217,1102.5,287.9,8,50,PSR-25,7,25
2025-10-11T03:14:00Z,WriteSensor,PS-0003218,1100.1,267.0,8,50,PSR-25,7,25
2025-10-11T03:16:00Z,WriteSensor,PS-0003219,1205.8,321.3,8,50,PSR-25,7,25
2025-10-11T03:18:00Z,WriteSensor,PS-0003220,1156.5,293.5,8,50,PSR-25,7,25
2025-10-11T03:20:00Z,WriteSensor,PS-0003221,1119.6,320.3,8,50,PSR-25,7,25
2025-10-11T03:22:00Z,WriteSensor,PS-0003222,1221.9,297.9,8,50,PSR-25,7,25
2025-10-11T03:24:00Z,WriteSensor,PS-0003223,1149.1,330.4,8,50,PSR-25,7,25
2025-10-11T03:26:00Z,WriteSensor,PS-0003224,1087.9,293.6,8,50,PSR-25,7,25
2025-10-11T03:28:00Z,WriteSensor,PS-0003225,1047.5,365.7,8,50,PSR-25,7,25
2025-10-11T03:30:00Z,WriteSensor,PS-0003226,1122.9,301.4,8,50,PSR-25,7,25
2025-10-11T03:32:00Z,WriteSensor,PS-0003227,1179.6,345.1,8,50,PSR-25,7,25
2025-10-11T03:34:00Z,WriteSensor,PS-0003228,1103.2,322.2,8,50,PSR-25,7,25
2025-10-11T03:36:00Z,WriteSensor,PS-0003229,1133.5,296.7,8,50,PSR-25,7,25
2025-10-11T03:38:00Z,WriteSensor,PS-0003230,1075.3,364.7,8,50,PSR-25,7,25
2025-10-11T03:40:00Z,WriteSensor,PS-0003231,1140.2,296.7,8,50,PSR-25,7,25
2025-10-11T03:42:00Z,WriteSensor,PS-0003232,1191.8,322.7,8,50,PSR-25,7,25
2025-10-11T03:44:00Z,WriteSensor,PS-0003233,1097.4,266.6,8,50,PSR-25,7,25
2025-10-11T03:46:00Z,WriteSensor,PS-0003234,1177.9,314.2,8,50,PSR-25,7,25
2025-10-11T03:48:00Z,WriteSensor,PS-0003235,1212.0,294.4,8,50,PSR-25,7,25
2025-10-11T03:50:00Z,WriteSensor,PS-0003236,1053.3,359.0,8,50,PSR-25,7,25
2025-10-11T03:52:00Z,WriteSensor,PS-0003237,1200.6,336.7,8,50,PSR-25,7,25
2025-10-11T03:54:00Z,WriteSensor,PS-0003238,1175.5,286.3,8,50,PSR-25,7,25
2025-10-11T03:56:00Z,WriteSensor,PS-0003239,1168.8,302.5,8,50,PSR-25,7,25
2025-10-11T03:58:00Z,WriteSensor,PS-0003240,1058.5,309.1,8,50,PSR-25,7,25
2025-10-11T04:00:00Z,WriteSensor,PS-0003241,1175.0,338.4,8,50,PSR-25,7,25
2025-10-11T04:02:00Z,WriteSensor,PS-0003242,1132.4,309.2,8,50,PSR-25,7,25
2025-10-11T04:04:00Z,WriteSensor,PS-0003243,1136.3,340.6,8,50,PSR-25,7,25
2025-10-11T04:06:00Z,WriteSensor,PS-0003244,1130.7,323.3,8,50,PSR-25,7,25
2025-10-11T04:08:00Z,WriteSensor,PS-0003245,1123.5,389.2,8,50,PSR-25,7,25
2025-10-11T04:10:00Z,WriteSensor,PS-0003246,1153.2,306.8,8,50,PSR-25,7,25
2025-10-11T04:12:00Z,WriteSensor,PS-0003247,1104.4,328.5,8,50,PSR-25,7,25
2025-10-11T04:14:00Z,WriteSensor,PS-0003248,1231.9,280.5,8,50,PSR-25,7,25
2025-10-11T04:16:00Z,WriteSensor,PS-0003249,1050.3,334.3,8,50,PSR-25,7,25
2025-10-11T04:18:00Z,WriteSensor,PS-0003250,1058.2,320.6,8,50,PSR-25,7,25
2025-10-11T05:00:00Z,WriteSensor,PS-0003251,1234.1,310.4,4,50,PSR-26,7,26
2025-10-11T05:02:00Z,WriteSensor,PS-0003252,1202.1,360.6,4,50,PSR-26,7,26
2025-10-11T05:04:00Z,WriteSensor,PS-0003253,1223.0,392.6,4,50,PSR-26,7,26
2025-10-11T05:06:00Z,WriteSensor,PS-0003254,1215.3,305.7,4,50,PSR-26,7,26
2025-10-11T05:08:00Z,WriteSensor,PS-0003255,1239.8,301.8,4,50,PSR-26,7,26
2025-10-11T05:10:00Z,WriteSensor,PS-0003256,1234.9,302.3,4,50,PSR-26,7,26
2025-10-11T05:12:00Z,WriteSensor,PS-0003257,1182.4,357.8,4,50,PSR-26,7,26
2025-10-11T05:14:00Z,WriteSensor,PS-0003258,1203.4,306.3,4,50,PSR-26,7,26
2025-10-11T05:16:00Z,WriteSensor,PS-0003259,1248.4,297.9,4,50,PSR-26,7,26
2025-10-11T05:18:00Z,WriteSensor,PS-0003260,1202.4,317.2,4,50,PSR-26,7,26
2025-10-11T05:20:00Z,WriteSensor,PS-0003261,1126.3,364.3,4,50,PSR-26,7,26
2025-10-11T05:22:00Z,WriteSensor,PS-0003262,1263.7,290.7,4,50,PSR-26,7,26
2025-10-11T05:24:00Z,WriteSensor,PS-0003263,1224.5,342.7,4,50,PSR-26,7,26
2025-10-11T05:26:00Z,WriteSensor,PS-0003264,1117.8,320.9,4,50,PSR-26,7,26
2025-10-11T05:28:00Z,WriteSensor,PS-0003265,1143.4,370.9,4,50,PSR-26,7,26
2025-10-11T05:30:00Z,WriteSensor,PS-0003266,1238.9,333.4,4,50,PSR-26,7,26
2025-10-11T05:32:00Z,WriteSensor,PS-0003267,1229.3,339.9,4,50,PSR-26,7,26
2025-10-11T05:34:00Z,WriteSensor,PS-0003268,1234.7,320.0,4,50,PSR-26,7,26
2025-10-11T05:36:00Z,WriteSensor,PS-0003269,1103.8,318.9,4,50,PSR-26,7,26
2025-10-11T05:38:00Z,WriteSensor,PS-0003270,1188.8,353.2,4,50,PSR-26,7,26
2025-10-11T05:40:00Z,WriteSensor,PS-0003271,1214.1,284.6,4,50,PSR-26,7,26
2025-10-11T05:42:00Z,WriteSensor,PS-0003272,1197.4,298.6,4,50,PSR-26,7,26
2025-10-11T05:44:00Z,WriteSensor,PS-0003273,1242.7,315.0,4,50,PSR-26,7,26
2025-10-11T05:46:00Z,WriteSensor,PS-0003274,1199.7,332.8,4,50,PSR-26,7,26
2025-10-11T05:48:00Z,WriteSensor,PS-0003275,1227.4,337.5,4,50,PSR-26,7,26
2025-10-11T05:50:00Z,WriteSensor,PS-0003276,1251.3,324.6,4,50,PSR-26,7,26
2025-10-11T05:52:00Z,WriteSensor,PS-0003277,1162.9,379.2,4,50,PSR-26,7,26
2025-10-11T05:54:00Z,WriteSensor,PS-0003278,1167.8,307.5,4,50,PSR-26,7,26
2025-10-11T05:56:00Z,WriteSensor,PS-0003279,1250.9,345.9,4,50,PSR-26,7,26
2025-10-11T05:58:00Z,WriteSensor,PS-0003280,1157.4,289.5,4,50,PSR-26,7,26
2025-10-11T06:00:00Z,WriteSensor,PS-0003281,1193.4,322.4,4,50,PSR-26,7,26
2025-10-11T06:02:00Z,WriteSensor,PS-0003282,1231.5,327.1,4,50,PSR-26,7,26
2025-10-11T06:04:00Z,WriteSensor,PS-0003283,1159.4,315.8,4,50,PSR-26,7,26
2025-10-11T06:06:00Z,WriteSensor,PS-0003284,1283.3,326.8,4,50,PSR-26,7,26
2025-10-11T06:08:00Z,WriteSensor,PS-0003285,1249.2,347.3,4,50,PSR-26,7,26
2025-10-11T06:10:00Z,WriteSensor,PS-0003286,1224.3,343.7,4,50,PSR-26,7,26
2025-10-11T06:12:00Z,WriteSensor,PS-0003287,1251.6,364.0,4,50,PSR-26,7,26
2025-10-11T06:14:00Z,WriteSensor,PS-0003288,1217.2,336.4,4,50,PSR-26,7,26
2025-10-11T06:16:00Z,WriteSensor,PS-0003289,1256.1,335.8,4,50,PSR-26,7,26
2025-10-11T06:18:00Z,WriteSensor,PS-0003290,1138.2,319.8,4,50,PSR-26,7,26
2025-10-11T06:20:00Z,WriteSensor,PS-0003291,1177.7,365.0,4,50,PSR-26,7,26
2025-10-11T06:22:00Z,WriteSensor,PS-0003292,1177.8,327.6,4,50,PSR-26,7,26
2025-10-11T06:24:00Z,WriteSensor,PS-0003293,1200.4,343.3,4,50,PSR-26,7,26
2025-10-11T06:26:00Z,WriteSensor,PS-0003294,1189.4,319.6,4,50,PSR-26,7,26
2025-10-11T06:28:00Z,WriteSensor,PS-0003295,1305.2,345.3,4,50,PSR-26,7,26
2025-10-11T06:30:00Z,WriteSensor,PS-0003296,1185.0,291.0,4,50,PSR-26,7,26
2025-10-11T06:32:00Z,WriteSensor,PS-0003297,1183.6,324.0,4,50,PSR-26,7,26
2025-10-11T06:34:00Z,WriteSensor,PS-0003298,1219.2,377.7,4,50,PSR-26,7,26
2025-10-11T06:36:00Z,WriteSensor,PS-0003299,1303.9,333.5,4,50,PSR-26,7,26
2025-10-11T06:38:00Z,WriteSensor,PS-0003300,1218.7,285.2,4,50,PSR-26,7,26
2025-10-11T06:40:00Z,WriteSensor,PS-0003301,1223.1,330.4,4,50,PSR-26,7,26
2025-10-11T06:42:00Z,WriteSensor,PS-0003302,1223.5,297.7,4,50,PSR-26,7,26
2025-10-11T06:44:00Z,WriteSensor,PS-0003303,1289.7,342.9,4,50,PSR-26,7,26
2025-10-11T06:46:00Z,WriteSensor,PS-0003304,1169.9,318.5,4,50,PSR-26,7,26
2025-10-11T06:48:00Z,WriteSensor,PS-0003305,1294.7,332.1,4,50,PSR-26,7,26
2025-10-11T06:50:00Z,WriteSensor,PS-0003306,1242.6,344.4,4,50,PSR-26,7,26
2025-10-11T06:52:00Z,WriteSensor,PS-0003307,1201.4,321.2,4,50,PSR-26,7,26
2025-10-11T06:54:00Z,WriteSensor,PS-0003308,1269.9,296.8,4,50,PSR-26,7,26
2025-10-11T06:56:00Z,WriteSensor,PS-0003309,1232.6,342.0,4,50,PSR-26,7,26
2025-10-11T06:58:00Z,WriteSensor,PS-0003310,1150.2,304.5,4,50,PSR-26,7,26
2025-10-11T07:00:00Z,WriteSensor,PS-0003311,1214.8,325.9,4,50,PSR-26,7,26
2025-10-11T07:02:00Z,WriteSensor,PS-0003312,1286.9,288.0,4,50,PSR-26,7,26
2025-10-11T07:04:00Z,WriteSensor,PS-0003313,1176.8,355.7,4,50,PSR-26,7,26
2025-10-11T07:06:00Z,WriteSensor,PS-0003314,1226.9,310.0,4,50,PSR-26,7,26
2025-10-11T07:08:00Z,WriteSensor,PS-0003315,1206.2,308.1,4,50,PSR-26,7,26
2025-10-11T07:10:00Z,WriteSensor,PS-0003316,1185.0,299.4,4,50,PSR-26,7,26
2025-10-11T07:12:00Z,WriteSensor,PS-0003317,1232.5,354.0,4,50,PSR-26,7,26
2025-10-11T07:14:00Z,WriteSensor,PS-0003318,1277.6,352.9,4,50,PSR-26,7,26
2025-10-11T07:16:00Z,WriteSensor,PS-0003319,1152.2,365.7,4,50,PSR-26,7,26
2025-10-11T07:18:00Z,WriteSensor,PS-0003320,1155.8,377.9,4,50,PSR-26,7,26
2025-10-11T07:20:00Z,WriteSensor,PS-0003321,1176.1,317.1,4,50,PSR-26,7,26
2025-10-11T07:22:00Z,WriteSensor,PS-0003322,1328.7,309.3,4,50,PSR-26,7,26
2025-10-11T07:24:00Z,WriteSensor,PS-0003323,1255.4,322.1,4,50,PSR-26,7,26
2025-10-11T07:26:00Z,WriteSensor,PS-0003324,1120.6,361.1,4,50,PSR-26,7,26
2025-10-11T07:28:00Z,WriteSensor,PS-0003325,1200.8,308.9,4,50,PSR-26,7,26
2025-10-11T07:30:00Z,WriteSensor,PS-0003326,1187.5,314.2,4,50,PSR-26,7,26
2025-10-11T07:32:00Z,WriteSensor,PS-0003327,1169.2,308.1,4,50,PSR-26,7,26
2025-10-11T07:34:00Z,WriteSensor,PS-0003328,1298.4,372.5,4,50,PSR-26,7,26
2025-10-11T07:36:00Z,WriteSensor,PS-0003329,1288.7,344.7,4,50,PSR-26,7,26
2025-10-11T07:38:00Z,WriteSensor,PS-0003330,1259.7,374.3,4,50,PSR-26,7,26
2025-10-11T07:40:00Z,WriteSensor,PS-0003331,1182.2,315.5,4,50,PSR-26,7,26
2025-10-11T07:42:00Z,WriteSensor,PS-0003332,1290.0,278.8,4,50,PSR-26,7,26
2025-10-11T07:44:00Z,WriteSensor,PS-0003333,1226.7,291.0,4,50,PSR-26,7,26
2025-10-11T07:46:00Z,WriteSensor,PS-0003334,1171.9,325.6,4,50,PSR-26,7,26
2025-10-11T07:48:00Z,WriteSensor,PS-0003335,1261.5,315.5,4,50,PSR-26,7,26
2025-10-11T07:50:00Z,WriteSensor,PS-0003336,1249.0,320.4,4,50,PSR-26,7,26
2025-10-11T07:52:00Z,WriteSensor,PS-0003337,1175.2,376.2,4,50,PSR-26,7,26
2025-10-11T07:54:00Z,WriteSensor,PS-0003338,1173.0,312.1,4,50,PSR-26,7,26
2025-10-11T07:56:00Z,WriteSensor,PS-0003339,1189.6,361.4,4,50,PSR-26,7,26
2025-10-11T07:58:00Z,WriteSensor,PS-0003340,1218.2,368.4,4,50,PSR-26,7,26
2025-10-11T08:00:00Z,WriteSensor,PS-0003341,1138.4,289.5,4,50,PSR-26,7,26
2025-10-11T08:02:00Z,WriteSensor,PS-0003342,1191.4,305.0,4,50,PSR-26,7,26
2025-10-11T08:04:00Z,WriteSensor,PS-0003343,1197.7,343.8,4,50,PSR-26,7,26
2025-10-11T08:06:00Z,WriteSensor,PS-0003344,1243.0,324.4,4,50,PSR-26,7,26
2025-10-11T08:08:00Z,WriteSensor,PS-0003345,1103.8,305.9,4,50,PSR-26,7,26
2025-10-11T08:10:00Z,WriteSensor,PS-0003346,1212.0,345.6,4,50,PSR-26,7,26
2025-10-11T08:12:00Z,WriteSensor,PS-0003347,1220.7,293.3,4,50,PSR-26,7,26
2025-10-11T08:14:00Z,WriteSensor,PS-0003348,1210.7,286.0,4,50,PSR-26,7,26
2025-10-11T08:16:00Z,WriteSensor,PS-0003349,1191.3,338.6,4,50,PSR-26,7,26
2025-10-11T08:18:00Z,WriteSensor,PS-0003350,1198.1,317.0,4,50,PSR-26,7,26
2025-10-11T08:20:00Z,WriteSensor,PS-0003351,1202.7,345.9,4,50,PSR-26,7,26
2025-10-11T08:22:00Z,WriteSensor,PS-0003352,1199.3,345.0,4,50,PSR-26,7,26
2025-10-11T08:24:00Z,WriteSensor,PS-0003353,1201.6,298.2,4,50,PSR-26,7,26
2025-10-11T08:26:00Z,WriteSensor,PS-0003354,1141.2,337.2,4,50,PSR-26,7,26
2025-10-11T08:28:00Z,WriteSensor,PS-0003355,1336.4,349.3,4,50,PSR-26,7,26
2025-10-11T08:30:00Z,WriteSensor,PS-0003356,1234.9,350.6,4,50,PSR-26,7,26
2025-10-11T08:32:00Z,WriteSensor,PS-0003357,1198.3,337.7,4,50,PSR-26,7,26
2025-10-11T08:34:00Z,WriteSensor,PS-0003358,1235.9,303.7,4,50,PSR-26,7,26
2025-10-11T08:36:00Z,WriteSensor,PS-0003359,1237.6,300.3,4,50,PSR-26,7,26
2025-10-11T08:38:00Z,WriteSensor,PS-0003360,1229.0,329.0,4,50,PSR-26,7,26
2025-10-11T08:40:00Z,WriteSensor,PS-0003361,1156.2,352.4,4,50,PSR-26,7,26
2025-10-11T08:42:00Z,WriteSensor,PS-0003362,1234.1,298.7,4,50,PSR-26,7,26
2025-10-11T08:44:00Z,WriteSensor,PS-0003363,1100.2,312.9,4,50,PSR-26,7,26
2025-10-11T08:46:00Z,WriteSensor,PS-0003364,1276.9,334.3,4,50,PSR-26,7,26
2025-10-11T08:48:00Z,WriteSensor,PS-0003365,1260.4,339.9,4,50,PSR-26,7,26
2025-10-11T08:50:00Z,WriteSensor,PS-0003366,1231.8,303.9,4,50,PSR-26,7,26
2025-10-11T08:52:00Z,WriteSensor,PS-0003367,1257.6,345.3,4,50,PSR-26,7,26
2025-10-11T08:54:00Z,WriteSensor,PS-0003368,1259.9,310.6,4,50,PSR-26,7,26
2025-10-11T08:56:00Z,WriteSensor,PS-0003369,1135.7,335.4,4,50,PSR-26,7,26
2025-10-11T08:58:00Z,WriteSensor,PS-0003370,1171.7,344.4,4,50,PSR-26,7,26
2025-10-11T09:00:00Z,WriteSensor,PS-0003371,1214.7,378.9,4,50,PSR-26,7,26
2025-10-11T09:02:00Z,WriteSensor,PS-0003372,1324.3,282.1,4,50,PSR-26,7,26
2025-10-11T09:04:00Z,WriteSensor,PS-0003373,1193.3,354.7,4,50,PSR-26,7,26
2025-10-11T09:06:00Z,WriteSensor,PS-0003374,1272.1,349.9,4,50,PSR-26,7,26
2025-10-11T09:08:00Z,WriteSensor,PS-0003375,1208.1,340.3,4,50,PSR-26,7,26
2025-10-11T09:10:00Z,WriteSensor,PS-0003376,1270.7,320.3,4,50,PSR-26,7,26
2025-10-11T09:12:00Z,WriteSensor,PS-0003377,1167.2,333.5,4,50,PSR-26,7,26
2025-10-11T09:14:00Z,WriteSensor,PS-0003378,1183.9,297.9,4,50,PSR-26,7,26
2025-10-11T09:16:00Z,WriteSensor,PS-0003379,1066.8,326.8,4,50,PSR-26,7,26
2025-10-11T09:18:00Z,WriteSensor,PS-0003380,1189.3,365.7,4,50,PSR-26,7,26
2025-10-11T10:00:00Z,WriteSensor,PS-0003381,741.5,321.1,32,50,PSR-27,7,27
2025-10-11T10:02:00Z,WriteSensor,PS-0003382,853.3,315.3,32,50,PSR-27,7,27
2025-10-11T10:04:00Z,WriteSensor,PS-0003383,739.2,289.7,32,50,PSR-27,7,27
2025-10-11T10:06:00Z,WriteSensor,PS-0003384,769.1,358.5,32,50,PSR-27,7,27
2025-10-11T10:08:00Z,WriteSensor,PS-0003385,763.8,288.1,32,50,PSR-27,7,27
2025-10-11T10:10:00Z,WriteSensor,PS-0003386,795.0,331.2,32,50,PSR-27,7,27
2025-10-11T10:12:00Z,WriteSensor,PS-0003387,787.3,368.1,32,50,PSR-27,7,27
2025-10-11T10:14:00Z,WriteSensor,PS-0003388,789.3,299.9,32,50,PSR-27,7,27
2025-10-11T10:16:00Z,WriteSensor,PS-0003389,817.8,318.8,32,50,PSR-27,7,27
2025-10-11T10:18:00Z,WriteSensor,PS-0003390,777.6,313.8,32,50,PSR-27,7,27
2025-10-11T10:20:00Z,WriteSensor,PS-0003391,933.1,354.5,32,50,PSR-27,7,27
2025-10-11T10:22:00Z,WriteSensor,PS-0003392,763.5,285.0,32,50,PSR-27,7,27
2025-10-11T10:24:00Z,WriteSensor,PS-0003393,801.1,331.8,32,50,PSR-27,7,27
2025-10-11T10:26:00Z,WriteSensor,PS-0003394,878.9,311.3,32,50,PSR-27,7,27
2025-10-11T10:28:00Z,WriteSensor,PS-0003395,740.1,324.9,32,50,PSR-27,7,27
2025-10-11T10:30:00Z,WriteSensor,PS-0003396,755.0,314.5,32,50,PSR-27,7,27
2025-10-11T10:32:00Z,WriteSensor,PS-0003397,829.3,345.3,32,50,PSR-27,7,27
2025-10-11T10:34:00Z,WriteSensor,PS-0003398,836.8,290.1,32,50,PSR-27,7,27
2025-10-11T10:36:00Z,WriteSensor,PS-0003399,776.2,326.5,32,50,PSR-27,7,27
2025-10-11T10:38:00Z,WriteSensor,PS-0003400,777.7,361.2,32,50,PSR-27,7,27
2025-10-11T10:40:00Z,WriteSensor,PS-0003401,748.8,330.4,32,50,PSR-27,7,27
2025-10-11T10:42:00Z,WriteSensor,PS-0003402,789.7,281.7,32,50,PSR-27,7,27
2025-10-11T10:44:00Z,WriteSensor,PS-0003403,772.6,361.8,32,50,PSR-27,7,27
2025-10-11T10:46:00Z,WriteSensor,PS-0003404,784.3,338.9,32,50,PSR-27,7,27
2025-10-11T10:48:00Z,WriteSensor,PS-0003405,864.4,311.5,32,50,PSR-27,7,27
2025-10-11T10:50:00Z,WriteSensor,PS-0003406,735.1,370.8,32,50,PSR-27,7,27
2025-10-11T10:52:00Z,WriteSensor,PS-0003407,761.2,324.3,32,50,PSR-27,7,27
2025-10-11T10:54:00Z,WriteSensor,PS-0003408,811.3,317.5,32,50,PSR-27,7,27
2025-10-11T10:56:00Z,WriteSensor,PS-0003409,885.1,343.7,32,50,PSR-27,7,27
2025-10-11T10:58:00Z,WriteSensor,PS-0003410,770.8,307.9,32,50,PSR-27,7,27
2025-10-11T11:00:00Z,WriteSensor,PS-0003411,852.1,321.4,32,50,PSR-27,7,27
2025-10-11T11:02:00Z,WriteSensor,PS-0003412,776.9,337.0,32,50,PSR-27,7,27
2025-10-11T11:04:00Z,WriteSensor,PS-0003413,800.7,375.2,32,50,PSR-27,7,27
2025-10-11T11:06:00Z,WriteSensor,PS-0003414,771.0,285.4,32,50,PSR-27,7,27
2025-10-11T11:08:00Z,WriteSensor,PS-0003415,753.2,327.9,32,50,PSR-27,7,27
2025-10-11T11:10:00Z,WriteSensor,PS-0003416,845.6,313.1,32,50,PSR-27,7,27
2025-10-11T11:12:00Z,WriteSensor,PS-0003417,789.5,346.3,32,50,PSR-27,7,27
2025-10-11T11:14:00Z,WriteSensor,PS-0003418,777.6,300.2,32,50,PSR-27,7,27
2025-10-11T11:16:00Z,WriteSensor,PS-0003419,788.6,280.3,32,50,PSR-27,7,27
2025-10-11T11:18:00Z,WriteSensor,PS-0003420,787.4,301.9,32,50,PSR-27,7,27
2025-10-11T11:20:00Z,WriteSensor,PS-0003421,755.7,345.0,32,50,PSR-27,7,27
2025-10-11T11:22:00Z,WriteSensor,PS-0003422,751.6,356.1,32,50,PSR-27,7,27
2025-10-11T11:24:00Z,WriteSensor,PS-0003423,759.2,352.9,32,50,PSR-27,7,27
2025-10-11T11:26:00Z,WriteSensor,PS-0003424,739.8,328.3,32,50,PSR-27,7,27
2025-10-11T11:28:00Z,WriteSensor,PS-0003425,829.8,349.3,32,50,PSR-27,7,27
2025-10-11T11:30:00Z,WriteSensor,PS-0003426,796.6,328.9,32,50,PSR-27,7,27
2025-10-11T11:32:00Z,WriteSensor,PS-0003427,660.5,312.3,32,50,PSR-27,7,27
2025-10-11T11:34:00Z,WriteSensor,PS-0003428,804.8,310.1,32,50,PSR-27,7,27
2025-10-11T11:36:00Z,WriteSensor,PS-0003429,852.9,357.7,32,50,PSR-27,7,27
2025-10-11T11:38:00Z,WriteSensor,PS-0003430,813.9,312.1,32,50,PSR-27,7,27
2025-10-11T11:40:00Z,WriteSensor,PS-0003431,793.7,322.6,32,50,PSR-27,7,27
2025-10-11T11:42:00Z,WriteSensor,PS-0003432,869.5,310.1,32,50,PSR-27,7,27
2025-10-11T11:44:00Z,WriteSensor,PS-0003433,751.1,347.9,32,50,PSR-27,7,27
2025-10-11T11:46:00Z,WriteSensor,PS-0003434,840.0,349.2,32,50,PSR-27,7,27
2025-10-11T11:48:00Z,WriteSensor,PS-0003435,810.1,289.5,32,50,PSR-27,7,27
2025-10-11T11:50:00Z,WriteSensor,PS-0003436,805.2,306.5,32,50,PSR-27,7,27
2025-10-11T11:52:00Z,WriteSensor,PS-0003437,783.0,291.4,32,50,PSR-27,7,27
2025-10-11T11:54:00Z,WriteSensor,PS-0003438,713.4,316.6,32,50,PSR-27,7,27
2025-10-11T11:56:00Z,WriteSensor,PS-0003439,833.1,346.4,32,50,PSR-27,7,27
2025-10-11T11:58:00Z,WriteSensor,PS-0003440,750.2,332.4,32,50,PSR-27,7,27
2025-10-11T12:00:00Z,WriteSensor,PS-0003441,746.2,258.7,32,50,PSR-27,7,27
2025-10-11T12:02:00Z,WriteSensor,PS-0003442,692.0,328.0,32,50,PSR-27,7,27
2025-10-11T12:04:00Z,WriteSensor,PS-0003443,813.5,342.7,32,50,PSR-27,7,27
2025-10-11T12:06:00Z,WriteSensor,PS-0003444,738.7,232.3,32,50,PSR-27,7,27
2025-10-11T12:08:00Z,WriteSensor,PS-0003445,888.3,321.3,32,50,PSR-27,7,27
2025-10-11T12:10:00Z,WriteSensor,PS-0003446,793.3,284.1,32,50,PSR-27,7,27
2025-10-11T12:12:00Z,WriteSensor,PS-0003447,785.5,343.1,32,50,PSR-27,7,27
2025-10-11T12:14:00Z,WriteSensor,PS-0003448,800.2,309.9,32,50,PSR-27,7,27
2025-10-11T12:16:00Z,WriteSensor,PS-0003449,837.5,317.4,32,50,PSR-27,7,27
2025-10-11T12:18:00Z,WriteSensor,PS-0003450,785.3,344.7,32,50,PSR-27,7,27
2025-10-11T12:20:00Z,WriteSensor,PS-0003451,711.4,373.5,32,50,PSR-27,7,27
2025-10-11T12:22:00Z,WriteSensor,PS-0003452,787.6,299.0,32,50,PSR-27,7,27
2025-10-11T12:24:00Z,WriteSensor,PS-0003453,890.2,334.4,32,50,PSR-27,7,27
2025-10-11T12:26:00Z,WriteSensor,PS-0003454,845.9,319.8,32,50,PSR-27,7,27
2025-10-11T12:28:00Z,WriteSensor,PS-0003455,911.2,319.2,32,50,PSR-27,7,27
2025-10-11T12:30:00Z,WriteSensor,PS-0003456,871.8,329.8,32,50,PSR-27,7,27
2025-10-11T12:32:00Z,WriteSensor,PS-0003457,788.3,319.0,32,50,PSR-27,7,27
2025-10-11T12:34:00Z,WriteSensor,PS-0003458,872.9,349.4,32,50,PSR-27,7,27
2025-10-11T12:36:00Z,WriteSensor,PS-0003459,788.9,355.3,32,50,PSR-27,7,27
2025-10-11T12:38:00Z,WriteSensor,PS-0003460,902.4,317.3,32,50,PSR-27,7,27
2025-10-11T12:40:00Z,WriteSensor,PS-0003461,747.2,332.6,32,50,PSR-27,7,27
2025-10-11T12:42:00Z,WriteSensor,PS-0003462,717.8,273.8,32,50,PSR-27,7,27
2025-10-11T12:44:00Z,WriteSensor,PS-0003463,821.6,298.6,32,50,PSR-27,7,27
2025-10-11T12:46:00Z,WriteSensor,PS-0003464,807.6,347.3,32,50,PSR-27,7,27
2025-10-11T12:48:00Z,WriteSensor,PS-0003465,908.2,289.1,32,50,PSR-27,7,27
2025-10-11T12:50:00Z,WriteSensor,PS-0003466,812.5,333.2,32,50,PSR-27,7,27
2025-10-11T12:52:00Z,WriteSensor,PS-0003467,813.5,356.5,32,50,PSR-27,7,27
2025-10-11T12:54:00Z,WriteSensor,PS-0003468,784.9,356.7,32,50,PSR-27,7,27
2025-10-11T12:56:00Z,WriteSensor,PS-0003469,810.4,340.6,32,50,PSR-27,7,27
2025-10-11T12:58:00Z,WriteSensor,PS-0003470,720.6,332.0,32,50,PSR-27,7,27
2025-10-11T13:00:00Z,WriteSensor,PS-0003471,716.1,334.7,32,50,PSR-27,7,27
2025-10-11T13:02:00Z,WriteSensor,PS-0003472,765.6,354.7,32,50,PSR-27,7,27
2025-10-11T13:04:00Z,WriteSensor,PS-0003473,799.3,335.3,32,50,PSR-27,7,27
2025-10-11T13:06:00Z,WriteSensor,PS-0003474,801.1,328.6,32,50,PSR-27,7,27
2025-10-11T13:08:00Z,WriteSensor,PS-0003475,785.2,297.0,32,50,PSR-27,7,27
2025-10-11T13:10:00Z,WriteSensor,PS-0003476,822.9,282.9,32,50,PSR-27,7,27
2025-10-11T13:12:00Z,WriteSensor,PS-0003477,838.7,311.8,32,50,PSR-27,7,27
2025-10-11T13:14:00Z,WriteSensor,PS-0003478,788.8,263.6,32,50,PSR-27,7,27
2025-10-11T13:16:00Z,WriteSensor,PS-0003479,890.9,332.8,32,50,PSR-27,7,27
2025-10-11T13:18:00Z,WriteSensor,PS-0003480,836.6,279.2,32,50,PSR-27,7,27
2025-10-11T13:20:00Z,WriteSensor,PS-0003481,971.0,311.8,32,50,PSR-27,7,27
2025-10-11T13:22:00Z,WriteSensor,PS-0003482,780.8,312.0,32,50,PSR-27,7,27
2025-10-11T13:24:00Z,WriteSensor,PS-0003483,700.6,314.8,32,50,PSR-27,7,27
2025-10-11T13:26:00Z,WriteSensor,PS-0003484,769.4,353.1,32,50,PSR-27,7,27
2025-10-11T13:28:00Z,WriteSensor,PS-0003485,833.3,362.2,32,50,PSR-27,7,27
2025-10-11T13:30:00Z,WriteSensor,PS-0003486,749.7,321.8,32,50,PSR-27,7,27
2025-10-11T13:32:00Z,WriteSensor,PS-0003487,802.1,280.3,32,50,PSR-27,7,27
2025-10-11T13:34:00Z,WriteSensor,PS-0003488,854.4,310.9,32,50,PSR-27,7,27
2025-10-11T13:36:00Z,WriteSensor,PS-0003489,852.7,334.0,32,50,PSR-27,7,27
2025-10-11T13:38:00Z,WriteSensor,PS-0003490,752.8,359.7,32,50,PSR-27,7,27
2025-10-11T13:40:00Z,WriteSensor,PS-0003491,819.8,311.0,32,50,PSR-27,7,27
2025-10-11T13:42:00Z,WriteSensor,PS-0003492,821.5,296.0,32,50,PSR-27,7,27
2025-10-11T13:44:00Z,WriteSensor,PS-0003493,862.1,282.3,32,50,PSR-27,7,27
2025-10-11T13:46:00Z,WriteSensor,PS-0003494,776.8,341.3,32,50,PSR-27,7,27
2025-10-11T13:48:00Z,WriteSensor,PS-0003495,775.0,319.1,32,50,PSR-27,7,27
2025-10-11T13:50:00Z,WriteSensor,PS-0003496,877.3,296.6,32,50,PSR-27,7,27
2025-10-11T13:52:00Z,WriteSensor,PS-0003497,799.6,324.9,32,50,PSR-27,7,27
2025-10-11T13:54:00Z,WriteSensor,PS-0003498,862.2,330.5,32,50,PSR-27,7,27
2025-10-11T13:56:00Z,WriteSensor,PS-0003499,769.4,259.7,32,50,PSR-27,7,27
2025-10-11T13:58:00Z,WriteSensor,PS-0003500,826.8,346.1,32,50,PSR-27,7,27
2025-10-11T14:00:00Z,WriteSensor,PS-0003501,766.4,332.2,32,50,PSR-27,7,27
2025-10-11T14:02:00Z,WriteSensor,PS-0003502,735.8,327.3,32,50,PSR-27,7,27
2025-10-11T14:04:00Z,WriteSensor,PS-0003503,730.5,279.1,32,50,PSR-27,7,27
2025-10-11T14:06:00Z,WriteSensor,PS-0003504,809.6,287.3,32,50,PSR-27,7,27
2025-10-11T14:08:00Z,WriteSensor,PS-0003505,803.6,360.1,32,50,PSR-27,7,27
2025-10-11T14:10:00Z,WriteSensor,PS-0003506,904.6,278.1,32,50,PSR-27,7,27
2025-10-11T14:12:00Z,WriteSensor,PS-0003507,750.3,343.4,32,50,PSR-27,7,27
2025-10-11T14:14:00Z,WriteSensor,PS-0003508,886.0,309.4,32,50,PSR-27,7,27
2025-10-11T14:16:00Z,WriteSensor,PS-0003509,815.2,326.9,32,50,PSR-27,7,27
2025-10-11T14:18:00Z,WriteSensor,PS-0003510,778.4,344.5,32,50,PSR-27,7,27
2025-10-11T15:00:00Z,WriteSensor,PS-0003511,980.3,296.7,16,50,PSR-28,7,28
2025-10-11T15:02:00Z,WriteSensor,PS-0003512,1071.9,334.8,16,50,PSR-28,7,28
2025-10-11T15:04:00Z,WriteSensor,PS-0003513,1190.6,306.2,16,50,PSR-28,7,28
2025-10-11T15:06:00Z,WriteSensor,PS-0003514,970.6,302.4,16,50,PSR-28,7,28
2025-10-11T15:08:00Z,WriteSensor,PS-0003515,1053.0,344.3,16,50,PSR-28,7,28
2025-10-11T15:10:00Z,WriteSensor,PS-0003516,1027.3,322.9,16,50,PSR-28,7,28
2025-10-11T15:12:00Z,WriteSensor,PS-0003517,1083.6,358.3,16,50,PSR-28,7,28
2025-10-11T15:14:00Z,WriteSensor,PS-0003518,979.3,291.1,16,50,PSR-28,7,28
2025-10-11T15:16:00Z,WriteSensor,PS-0003519,985.2,309.6,16,50,PSR-28,7,28
2025-10-11T15:18:00Z,WriteSensor,PS-0003520,1085.5,316.1,16,50,PSR-28,7,28
2025-10-11T15:20:00Z,WriteSensor,PS-0003521,955.1,339.9,16,50,PSR-28,7,28
2025-10-11T15:22:00Z,WriteSensor,PS-0003522,1106.3,326.4,16,50,PSR-28,7,28
2025-10-11T15:24:00Z,WriteSensor,PS-0003523,1028.0,322.4,16,50,PSR-28,7,28
2025-10-11T15:26:00Z,WriteSensor,PS-0003524,1006.2,321.8,16,50,PSR-28,7,28
2025-10-11T15:28:00Z,WriteSensor,PS-0003525,1016.9,289.7,16,50,PSR-28,7,28
2025-10-11T15:30:00Z,WriteSensor,PS-0003526,990.9,323.4,16,50,PSR-28,7,28
2025-10-11T15:32:00Z,WriteSensor,PS-0003527,960.5,325.7,16,50,PSR-28,7,28
2025-10-11T15:34:00Z,WriteSensor,PS-0003528,1001.5,355.7,16,50,PSR-28,7,28
2025-10-11T15:36:00Z,WriteSensor,PS-0003529,1048.5,375.2,16,50,PSR-28,7,28
2025-10-11T15:38:00Z,WriteSensor,PS-0003530,1031.0,326.9,16,50,PSR-28,7,28
2025-10-11T15:40:00Z,WriteSensor,PS-0003531,1000.0,319.4,16,50,PSR-28,7,28
2025-10-11T15:42:00Z,WriteSensor,PS-0003532,1072.6,319.3,16,50,PSR-28,7,28
2025-10-11T15:44:00Z,WriteSensor,PS-0003533,1097.6,381.6,16,50,PSR-28,7,28
2025-10-11T15:46:00Z,WriteSensor,PS-0003534,1052.6,349.8,16,50,PSR-28,7,28
2025-10-11T15:48:00Z,WriteSensor,PS-0003535,1112.7,287.1,16,50,PSR-28,7,28
2025-10-11T15:50:00Z,WriteSensor,PS-0003536,1073.9,306.6,16,50,PSR-28,7,28
2025-10-11T15:52:00Z,WriteSensor,PS-0003537,1007.1,312.8,16,50,PSR-28,7,28
2025-10-11T15:54:00Z,WriteSensor,PS-0003538,1060.9,323.9,16,50,PSR-28,7,28
2025-10-11T15:56:00Z,WriteSensor,PS-0003539,971.6,344.6,16,50,PSR-28,7,28
2025-10-11T15:58:00Z,WriteSensor,PS-0003540,1091.4,349.1,16,50,PSR-28,7,28
2025-10-11T16:00:00Z,WriteSensor,PS-0003541,1070.3,313.6,16,50,PSR-28,7,28
2025-10-11T16:02:00Z,WriteSensor,PS-0003542,986.8,308.4,16,50,PSR-28,7,28
2025-10-11T16:04:00Z,WriteSensor,PS-0003543,1026.0,336.4,16,50,PSR-28,7,28
2025-10-11T16:06:00Z,WriteSensor,PS-0003544,1151.2,306.4,16,50,PSR-28,7,28
2025-10-11T16:08:00Z,WriteSensor,PS-0003545,1096.1,308.6,16,50,PSR-28,7,28
2025-10-11T16:10:00Z,WriteSensor,PS-0003546,953.6,317.6,16,50,PSR-28,7,28
2025-10-11T16:12:00Z,WriteSensor,PS-0003547,1059.4,369.4,16,50,PSR-28,7,28
2025-10-11T16:14:00Z,WriteSensor,PS-0003548,1025.0,305.4,16,50,PSR-28,7,28
2025-10-11T16:16:00Z,WriteSensor,PS-0003549,1054.8,317.2,16,50,PSR-28,7,28
2025-10-11T16:18:00Z,WriteSensor,PS-0003550,1044.0,242.3,16,50,PSR-28,7,28
2025-10-11T16:20:00Z,WriteSensor,PS-0003551,1089.7,364.9,16,50,PSR-28,7,28
2025-10-11T16:22:00Z,WriteSensor,PS-0003552,940.8,324.3,16,50,PSR-28,7,28
2025-10-11T16:24:00Z,WriteSensor,PS-0003553,984.9,321.9,16,50,PSR-28,7,28
2025-10-11T16:26:00Z,WriteSensor,PS-0003554,1021.8,330.8,16,50,PSR-28,7,28
2025-10-11T16:28:00Z,WriteSensor,PS-0003555,1054.6,319.2,16,50,PSR-28,7,28
2025-10-11T16:30:00Z,WriteSensor,PS-0003556,896.1,304.3,16,50,PSR-28,7,28
2025-10-11T16:32:00Z,WriteSensor,PS-0003557,1067.7,332.7,16,50,PSR-28,7,28
2025-10-11T16:34:00Z,WriteSensor,PS-0003558,1180.8,366.3,16,50,PSR-28,7,28
2025-10-11T16:36:00Z,WriteSensor,PS-0003559,965.2,262.9,16,50,PSR-28,7,28
2025-10-11T16:38:00Z,WriteSensor,PS-0003560,1082.4,377.2,16,50,PSR-28,7,28
2025-10-11T16:40:00Z,WriteSensor,PS-0003561,1069.7,290.3,16,50,PSR-28,7,28
2025-10-11T16:42:00Z,WriteSensor,PS-0003562,1087.2,364.2,16,50,PSR-28,7,28
2025-10-11T16:44:00Z,WriteSensor,PS-0003563,1080.0,367.9,16,50,PSR-28,7,28
2025-10-11T16:46:00Z,WriteSensor,PS-0003564,994.5,310.3,16,50,PSR-28,7,28
2025-10-11T16:48:00Z,WriteSensor,PS-0003565,1092.3,349.7,16,50,PSR-28,7,28
2025-10-11T16:50:00Z,WriteSensor,PS-0003566,1005.1,254.7,16,50,PSR-28,7,28
2025-10-11T16:52:00Z,WriteSensor,PS-0003567,1102.2,286.6,16,50,PSR-28,7,28
2025-10-11T16:54:00Z,WriteSensor,PS-0003568,981.2,341.1,16,50,PSR-28,7,28
2025-10-11T16:56:00Z,WriteSensor,PS-0003569,989.4,337.3,16,50,PSR-28,7,28
2025-10-11T16:58:00Z,WriteSensor,PS-0003570,1030.3,284.3,16,50,PSR-28,7,28
2025-10-11T17:00:00Z,WriteSensor,PS-0003571,956.5,371.6,16,50,PSR-28,7,28
2025-10-11T17:02:00Z,WriteSensor,PS-0003572,1043.4,289.0,16,50,PSR-28,7,28
2025-10-11T17:04:00Z,WriteSensor,PS-0003573,991.3,308.8,16,50,PSR-28,7,28
2025-10-11T17:06:00Z,WriteSensor,PS-0003574,1073.3,340.4,16,50,PSR-28,7,28
2025-10-11T17:08:00Z,WriteSensor,PS-0003575,1039.2,305.6,16,50,PSR-28,7,28
2025-10-11T17:10:00Z,WriteSensor,PS-0003576,1064.3,289.1,16,50,PSR-28,7,28
2025-10-11T17:12:00Z,WriteSensor,PS-0003577,995.7,324.3,16,50,PSR-28,7,28
2025-10-11T17:14:00Z,WriteSensor,PS-0003578,1086.9,320.5,16,50,PSR-28,7,28
2025-10-11T17:16:00Z,WriteSensor,PS-0003579,989.2,347.2,16,50,PSR-28,7,28
2025-10-11T17:18:00Z,WriteSensor,PS-0003580,1097.5,371.1,16,50,PSR-28,7,28
2025-10-11T17:20:00Z,WriteSensor,PS-0003581,1091.3,292.6,16,50,PSR-28,7,28
2025-10-11T17:22:00Z,WriteSensor,PS-0003582,998.1,283.8,16,50,PSR-28,7,28
2025-10-11T17:24:00Z,WriteSensor,PS-0003583,1112.8,297.9,16,50,PSR-28,7,28
2025-10-11T17:26:00Z,WriteSensor,PS-0003584,1079.1,295.5,16,50,PSR-28,7,28
2025-10-11T17:28:00Z,WriteSensor,PS-0003585,1107.6,317.8,16,50,PSR-28,7,28
2025-10-11T17:30:00Z,WriteSensor,PS-0003586,1023.7,335.9,16,50,PSR-28,7,28
2025-10-11T17:32:00Z,WriteSensor,PS-0003587,1055.6,333.7,16,50,PSR-28,7,28
2025-10-11T17:34:00Z,WriteSensor,PS-0003588,1120.4,376.3,16,50,PSR-28,7,28
2025-10-11T17:36:00Z,WriteSensor,PS-0003589,1084.0,348.3,16,50,PSR-28,7,28
2025-10-11T17:38:00Z,WriteSensor,PS-0003590,982.8,320.7,16,50,PSR-28,7,28
2025-10-11T17:40:00Z,WriteSensor,PS-0003591,1046.1,333.5,16,50,PSR-28,7,28
2025-10-11T17:42:00Z,WriteSensor,PS-0003592,1044.3,349.5,16,50,PSR-28,7,28
2025-10-11T17:44:00Z,WriteSensor,PS-0003593,1110.4,289.5,16,50,PSR-28,7,28
2025-10-11T17:46:00Z,WriteSensor,PS-0003594,1060.4,331.1,16,50,PSR-28,7,28
2025-10-11T17:48:00Z,WriteSensor,PS-0003595,1007.0,348.6,16,50,PSR-28,7,28
2025-10-11T17:50:00Z,WriteSensor,PS-0003596,967.9,284.7,16,50,PSR-28,7,28
2025-10-11T17:52:00Z,WriteSensor,PS-0003597,1004.9,288.6,16,50,PSR-28,7,28
2025-10-11T17:54:00Z,WriteSensor,PS-0003598,1029.4,339.5,16,50,PSR-28,7,28
2025-10-11T17:56:00Z,WriteSensor,PS-0003599,1037.0,268.9,16,50,PSR-28,7,28
2025-10-11T17:58:00Z,WriteSensor,PS-0003600,1008.3,340.4,16,50,PSR-28,7,28
2025-10-11T18:00:00Z,WriteSensor,PS-0003601,1075.2,364.5,16,50,PSR-28,7,28
2025-10-11T18:02:00Z,WriteSensor,PS-0003602,1029.9,315.5,16,50,PSR-28,7,28
2025-10-11T18:04:00Z,WriteSensor,PS-0003603,977.2,273.7,16,50,PSR-28,7,28
2025-10-11T18:06:00Z,WriteSensor,PS-0003604,1022.8,305.5,16,50,PSR-28,7,28
2025-10-11T18:08:00Z,WriteSensor,PS-0003605,932.6,380.7,16,50,PSR-28,7,28
2025-10-11T18:10:00Z,WriteSensor,PS-0003606,964.5,348.0,16,50,PSR-28,7,28
2025-10-11T18:12:00Z,WriteSensor,PS-0003607,996.9,376.4,16,50,PSR-28,7,28
2025-10-11T18:14:00Z,WriteSensor,PS-0003608,1031.1,278.6,16,50,PSR-28,7,28
2025-10-11T18:16:00Z,WriteSensor,PS-0003609,960.2,255.4,16,50,PSR-28,7,28
2025-10-11T18:18:00Z,WriteSensor,PS-0003610,1079.3,307.2,16,50,PSR-28,7,28
2025-10-11T18:20:00Z,WriteSensor,PS-0003611,1151.9,303.4,16,50,PSR-28,7,28
2025-10-11T18:22:00Z,WriteSensor,PS-0003612,1019.1,312.1,16,50,PSR-28,7,28
2025-10-11T18:24:00Z,WriteSensor,PS-0003613,1082.1,317.2,16,50,PSR-28,7,28
2025-10-11T18:26:00Z,WriteSensor,PS-0003614,1105.5,318.0,16,50,PSR-28,7,28
2025-10-11T18:28:00Z,WriteSensor,PS-0003615,1063.6,292.7,16,50,PSR-28,7,28
2025-10-11T18:30:00Z,WriteSensor,PS-0003616,998.7,348.6,16,50,PSR-28,7,28
2025-10-11T18:32:00Z,WriteSensor,PS-0003617,1037.1,332.4,16,50,PSR-28,7,28
2025-10-11T18:34:00Z,WriteSensor,PS-0003618,1035.3,331.6,16,50,PSR-28,7,28
2025-10-11T18:36:00Z,WriteSensor,PS-0003619,1076.8,312.1,16,50,PSR-28,7,28
2025-10-11T18:38:00Z,WriteSensor,PS-0003620,1008.3,299.3,16,50,PSR-28,7,28
2025-10-11T18:40:00Z,WriteSensor,PS-0003621,1020.8,301.6,16,50,PSR-28,7,28
2025-10-11T18:42:00Z,WriteSensor,PS-0003622,1055.6,332.3,16,50,PSR-28,7,28
2025-10-11T18:44:00Z,WriteSensor,PS-0003623,1104.6,326.5,16,50,PSR-28,7,28
2025-10-11T18:46:00Z,WriteSensor,PS-0003624,1090.4,307.1,16,50,PSR-28,7,28
2025-10-11T18:48:00Z,WriteSensor,PS-0003625,1011.3,344.7,16,50,PSR-28,7,28
2025-10-11T18:50:00Z,WriteSensor,PS-0003626,1075.2,304.4,16,50,PSR-28,7,28
2025-10-11T18:52:00Z,WriteSensor,PS-0003627,1119.7,272.4,16,50,PSR-28,7,28
2025-10-11T18:54:00Z,WriteSensor,PS-0003628,1010.5,316.8,16,50,PSR-28,7,28
2025-10-11T18:56:00Z,WriteSensor,PS-0003629,1062.1,351.2,16,50,PSR-28,7,28
2025-10-11T18:58:00Z,WriteSensor,PS-0003630,1060.5,346.4,16,50,PSR-28,7,28
2025-10-11T19:00:00Z,WriteSensor,PS-0003631,1035.8,317.1,16,50,PSR-28,7,28
2025-10-11T19:02:00Z,WriteSensor,PS-0003632,1038.6,360.5,16,50,PSR-28,7,28
2025-10-11T19:04:00Z,WriteSensor,PS-0003633,1124.4,353.6,16,50,PSR-28,7,28
2025-10-11T19:06:00Z,WriteSensor,PS-0003634,1148.7,374.6,16,50,PSR-28,7,28
2025-10-11T19:08:00Z,WriteSensor,PS-0003635,927.1,307.9,16,50,PSR-28,7,28
2025-10-11T19:10:00Z,WriteSensor,PS-0003636,1067.8,330.1,16,50,PSR-28,7,28
2025-10-11T19:12:00Z,WriteSensor,PS-0003637,1042.2,332.8,16,50,PSR-28,7,28
2025-10-11T19:14:00Z,WriteSensor,PS-0003638,1015.8,324.4,16,50,PSR-28,7,28
2025-10-11T19:16:00Z,WriteSensor,PS-0003639,1012.1,279.4,16,50,PSR-28,7,28
2025-10-11T19:18:00Z,WriteSensor,PS-0003640,1031.5,285.0,16,50,PSR-28,7,28
2025-10-11T20:00:00Z,WriteSensor,PS-0003641,1062.4,359.4,16,50,PSR-29,8,29
2025-10-11T20:02:00Z,WriteSensor,PS-0003642,1039.6,299.0,16,50,PSR-29,8,29
2025-10-11T20:04:00Z,WriteSensor,PS-0003643,1039.0,339.2,16,50,PSR-29,8,29
2025-10-11T20:06:00Z,WriteSensor,PS-0003644,1136.9,287.0,16,50,PSR-29,8,29
2025-10-11T20:08:00Z,WriteSensor,PS-0003645,1075.7,317.9,16,50,PSR-29,8,29
2025-10-11T20:10:00Z,WriteSensor,PS-0003646,1097.7,314.8,16,50,PSR-29,8,29
2025-10-11T20:12:00Z,WriteSensor,PS-0003647,1071.3,302.9,16,50,PSR-29,8,29
2025-10-11T20:14:00Z,WriteSensor,PS-0003648,1076.2,333.1,16,50,PSR-29,8,29
2025-10-11T20:16:00Z,WriteSensor,PS-0003649,1088.3,328.5,16,50,PSR-29,8,29
2025-10-11T20:18:00Z,WriteSensor,PS-0003650,1048.3,331.8,16,50,PSR-29,8,29
2025-10-11T20:20:00Z,WriteSensor,PS-0003651,1078.4,294.6,16,50,PSR-29,8,29
2025-10-11T20:22:00Z,WriteSensor,PS-0003652,968.9,312.6,16,50,PSR-29,8,29
2025-10-11T20:24:00Z,WriteSensor,PS-0003653,1096.6,323.5,16,50,PSR-29,8,29
2025-10-11T20:26:00Z,WriteSensor,PS-0003654,1084.1,281.5,16,50,PSR-29,8,29
2025-10-11T20:28:00Z,WriteSensor,PS-0003655,1103.4,319.2,16,50,PSR-29,8,29
2025-10-11T20:30:00Z,WriteSensor,PS-0003656,1110.2,293.4,16,50,PSR-29,8,29
2025-10-11T20:32:00Z,WriteSensor,PS-0003657,1070.5,309.9,16,50,PSR-29,8,29
2025-10-11T20:34:00Z,WriteSensor,PS-0003658,926.8,260.5,16,50,PSR-29,8,29
2025-10-11T20:36:00Z,WriteSensor,PS-0003659,1098.2,352.5,16,50,PSR-29,8,29
2025-10-11T20:38:00Z,WriteSensor,PS-0003660,1041.7,297.8,16,50,PSR-29,8,29
2025-10-11T20:40:00Z,WriteSensor,PS-0003661,1113.4,281.4,16,50,PSR-29,8,29
2025-10-11T20:42:00Z,WriteSensor,PS-0003662,1185.6,300.3,16,50,PSR-29,8,29
2025-10-11T20:44:00Z,WriteSensor,PS-0003663,1023.3,315.7,16,50,PSR-29,8,29
2025-10-11T20:46:00Z,WriteSensor,PS-0003664,1098.7,309.4,16,50,PSR-29,8,29
2025-10-11T20:48:00Z,WriteSensor,PS-0003665,1201.9,344.9,16,50,PSR-29,8,29
2025-10-11T20:50:00Z,WriteSensor,PS-0003666,1125.4,304.0,16,50,PSR-29,8,29
2025-10-11T20:52:00Z,WriteSensor,PS-0003667,970.0,355.2,16,50,PSR-29,8,29
2025-10-11T20:54:00Z,WriteSensor,PS-0003668,1102.7,337.4,16,50,PSR-29,8,29
2025-10-11T20:56:00Z,WriteSensor,PS-0003669,983.2,311.8,16,50,PSR-29,8,29
2025-10-11T20:58:00Z,WriteSensor,PS-0003670,1053.0,329.1,16,50,PSR-29,8,29
2025-10-11T21:00:00Z,WriteSensor,PS-0003671,1100.9,298.4,16,50,PSR-29,8,29
2025-10-11T21:02:00Z,WriteSensor,PS-0003672,1068.8,351.9,16,50,PSR-29,8,29
2025-10-11T21:04:00Z,WriteSensor,PS-0003673,1069.0,330.6,16,50,PSR-29,8,29
2025-10-11T21:06:00Z,WriteSensor,PS-0003674,1146.2,340.4,16,50,PSR-29,8,29
2025-10-11T21:08:00Z,WriteSensor,PS-0003675,1079.6,312.7,16,50,PSR-29,8,29
2025-10-11T21:10:00Z,WriteSensor,PS-0003676,1142.1,368.7,16,50,PSR-29,8,29
2025-10-11T21:12:00Z,WriteSensor,PS-0003677,1043.7,335.4,16,50,PSR-29,8,29
2025-10-11T21:14:00Z,WriteSensor,PS-0003678,1084.8,302.5,16,50,PSR-29,8,29
2025-10-11T21:16:00Z,WriteSensor,PS-0003679,1123.7,343.1,16,50,PSR-29,8,29
2025-10-11T21:18:00Z,WriteSensor,PS-0003680,1012.1,335.9,16,50,PSR-29,8,29
2025-10-11T21:20:00Z,WriteSensor,PS-0003681,1073.6,298.2,16,50,PSR-29,8,29
2025-10-11T21:22:00Z,WriteSensor,PS-0003682,1072.8,336.2,16,50,PSR-29,8,29
2025-10-11T21:24:00Z,WriteSensor,PS-0003683,997.0,324.2,16,50,PSR-29,8,29
2025-10-11T21:26:00Z,WriteSensor,PS-0003684,1108.0,353.7,16,50,PSR-29,8,29
2025-10-11T21:28:00Z,WriteSensor,PS-0003685,1126.9,312.5,16,50,PSR-29,8,29
2025-10-11T21:30:00Z,WriteSensor,PS-0003686,1038.8,335.7,16,50,PSR-29,8,29
2025-10-11T21:32:00Z,WriteSensor,PS-0003687,957.1,339.8,16,50,PSR-29,8,29
2025-10-11T21:34:00Z,WriteSensor,PS-0003688,1146.3,379.8,16,50,PSR-29,8,29
2025-10-11T21:36:00Z,WriteSensor,PS-0003689,1120.6,338.1,16,50,PSR-29,8,29
2025-10-11T21:38:00Z,WriteSensor,PS-0003690,1078.8,309.2,16,50,PSR-29,8,29
2025-10-11T21:40:00Z,WriteSensor,PS-0003691,1033.4,344.6,16,50,PSR-29,8,29
2025-10-11T21:42:00Z,WriteSensor,PS-0003692,1038.7,286.3,16,50,PSR-29,8,29
2025-10-11T21:44:00Z,WriteSensor,PS-0003693,1087.5,334.4,16,50,PSR-29,8,29
2025-10-11T21:46:00Z,WriteSensor,PS-0003694,1071.8,346.8,16,50,PSR-29,8,29
2025-10-11T21:48:00Z,WriteSensor,PS-0003695,1068.9,376.0,16,50,PSR-29,8,29
2025-10-11T21:50:00Z,WriteSensor,PS-0003696,1093.7,286.2,16,50,PSR-29,8,29
2025-10-11T21:52:00Z,WriteSensor,PS-0003697,1068.3,332.8,16,50,PSR-29,8,29
2025-10-11T21:54:00Z,WriteSensor,PS-0003698,1043.0,356.6,16,50,PSR-29,8,29
2025-10-11T21:56:00Z,WriteSensor,PS-0003699,1043.2,300.8,16,50,PSR-29,8,29
2025-10-11T21:58:00Z,WriteSensor,PS-0003700,1080.3,303.4,16,50,PSR-29,8,29
2025-10-11T22:00:00Z,WriteSensor,PS-0003701,1117.1,334.3,16,50,PSR-29,8,29
2025-10-11T22:02:00Z,WriteSensor,PS-0003702,1127.9,329.3,16,50,PSR-29,8,29
2025-10-11T22:04:00Z,WriteSensor,PS-0003703,1045.0,336.5,16,50,PSR-29,8,29
2025-10-11T22:06:00Z,WriteSensor,PS-0003704,1123.0,382.4,16,50,PSR-29,8,29
2025-10-11T22:08:00Z,WriteSensor,PS-0003705,1035.7,309.4,16,50,PSR-29,8,29
2025-10-11T22:10:00Z,WriteSensor,PS-0003706,1102.0,322.4,16,50,PSR-29,8,29
2025-10-11T22:12:00Z,WriteSensor,PS-0003707,1107.5,346.2,16,50,PSR-29,8,29
2025-10-11T22:14:00Z,WriteSensor,PS-0003708,1174.1,284.3,16,50,PSR-29,8,29
2025-10-11T22:16:00Z,WriteSensor,PS-0003709,1035.2,281.5,16,50,PSR-29,8,29
2025-10-11T22:18:00Z,WriteSensor,PS-0003710,1166.9,354.2,16,50,PSR-29,8,29
2025-10-11T22:20:00Z,WriteSensor,PS-0003711,1073.0,302.6,16,50,PSR-29,8,29
2025-10-11T22:22:00Z,WriteSensor,PS-0003712,1155.2,308.5,16,50,PSR-29,8,29
2025-10-11T22:24:00Z,WriteSensor,PS-0003713,1007.3,337.3,16,50,PSR-29,8,29
2025-10-11T22:26:00Z,WriteSensor,PS-0003714,1081.6,311.8,16,50,PSR-29,8,29
2025-10-11T22:28:00Z,WriteSensor,PS-0003715,1121.8,317.9,16,50,PSR-29,8,29
2025-10-11T22:30:00Z,WriteSensor,PS-0003716,1036.5,380.0,16,50,PSR-29,8,29
2025-10-11T22:32:00Z,WriteSensor,PS-0003717,1076.1,347.8,16,50,PSR-29,8,29
2025-10-11T22:34:00Z,WriteSensor,PS-0003718,1039.9,316.7,16,50,PSR-29,8,29
2025-10-11T22:36:00Z,WriteSensor,PS-0003719,1159.6,317.0,16,50,PSR-29,8,29
2025-10-11T22:38:00Z,WriteSensor,PS-0003720,1076.0,323.4,16,50,PSR-29,8,29
2025-10-11T22:40:00Z,WriteSensor,PS-0003721,1005.2,298.7,16,50,PSR-29,8,29
2025-10-11T22:42:00Z,WriteSensor,PS-0003722,1084.0,329.2,16,50,PSR-29,8,29
2025-10-11T22:44:00Z,WriteSensor,PS-0003723,1096.1,313.3,16,50,PSR-29,8,29
2025-10-11T22:46:00Z,WriteSensor,PS-0003724,1133.9,320.4,16,50,PSR-29,8,29
2025-10-11T22:48:00Z,WriteSensor,PS-0003725,1127.4,313.3,16,50,PSR-29,8,29
2025-10-11T22:50:00Z,WriteSensor,PS-0003726,1037.7,295.3,16,50,PSR-29,8,29
2025-10-11T22:52:00Z,WriteSensor,PS-0003727,1086.6,323.2,16,50,PSR-29,8,29
2025-10-11T22:54:00Z,WriteSensor,PS-0003728,1045.1,328.3,16,50,PSR-29,8,29
2025-10-11T22:56:00Z,WriteSensor,PS-0003729,1137.7,312.4,16,50,PSR-29,8,29
2025-10-11T22:58:00Z,WriteSensor,PS-0003730,1131.2,272.0,16,50,PSR-29,8,29
2025-10-11T23:00:00Z,WriteSensor,PS-0003731,1145.8,369.0,16,50,PSR-29,8,29
2025-10-11T23:02:00Z,WriteSensor,PS-0003732,1054.5,366.7,16,50,PSR-29,8,29
2025-10-11T23:04:00Z,WriteSensor,PS-0003733,1187.4,334.6,16,50,PSR-29,8,29
2025-10-11T23:06:00Z,WriteSensor,PS-0003734,1133.2,337.0,16,50,PSR-29,8,29
2025-10-11T23:08:00Z,WriteSensor,PS-0003735,1177.5,321.1,16,50,PSR-29,8,29
2025-10-11T23:10:00Z,WriteSensor,PS-0003736,1054.3,333.6,16,50,PSR-29,8,29
2025-10-11T23:12:00Z,WriteSensor,PS-0003737,1042.3,353.2,16,50,PSR-29,8,29
2025-10-11T23:14:00Z,WriteSensor,PS-0003738,1112.3,312.0,16,50,PSR-29,8,29
2025-10-11T23:16:00Z,WriteSensor,PS-0003739,1087.3,311.8,16,50,PSR-29,8,29
2025-10-11T23:18:00Z,WriteSensor,PS-0003740,1184.9,333.6,16,50,PSR-29,8,29
2025-10-11T23:20:00Z,WriteSensor,PS-0003741,1074.9,321.5,16,50,PSR-29,8,29
2025-10-11T23:22:00Z,WriteSensor,PS-0003742,1063.0,345.4,16,50,PSR-29,8,29
2025-10-11T23:24:00Z,WriteSensor,PS-0003743,1053.2,276.1,16,50,PSR-29,8,29
2025-10-11T23:26:00Z,WriteSensor,PS-0003744,1026.6,326.8,16,50,PSR-29,8,29
2025-10-11T23:28:00Z,WriteSensor,PS-0003745,1048.3,332.3,16,50,PSR-29,8,29
2025-10-11T23:30:00Z,WriteSensor,PS-0003746,1104.0,308.6,16,50,PSR-29,8,29
2025-10-11T23:32:00Z,WriteSensor,PS-0003747,1093.8,335.9,16,50,PSR-29,8,29
2025-10-11T23:34:00Z,WriteSensor,PS-0003748,1162.9,345.3,16,50,PSR-29,8,29
2025-10-11T23:36:00Z,WriteSensor,PS-0003749,1126.5,350.7,16,50,PSR-29,8,29
2025-10-11T23:38:00Z,WriteSensor,PS-0003750,1031.7,274.8,16,50,PSR-29,8,29
2025-10-11T23:40:00Z,WriteSensor,PS-0003751,986.5,305.4,16,50,PSR-29,8,29
2025-10-11T23:42:00Z,WriteSensor,PS-0003752,1015.3,366.3,16,50,PSR-29,8,29
2025-10-11T23:44:00Z,WriteSensor,PS-0003753,1064.0,314.4,16,50,PSR-29,8,29
2025-10-11T23:46:00Z,WriteSensor,PS-0003754,1005.2,323.3,16,50,PSR-29,8,29
2025-10-11T23:48:00Z,WriteSensor,PS-0003755,1180.5,287.1,16,50,PSR-29,8,29
2025-10-11T23:50:00Z,WriteSensor,PS-0003756,1076.9,319.7,16,50,PSR-29,8,29
2025-10-11T23:52:00Z,WriteSensor,PS-0003757,1070.6,271.8,16,50,PSR-29,8,29
2025-10-11T23:54:00Z,WriteSensor,PS-0003758,952.9,317.9,16,50,PSR-29,8,29
2025-10-11T23:56:00Z,WriteSensor,PS-0003759,1025.9,331.8,16,50,PSR-29,8,29
2025-10-11T23:58:00Z,WriteSensor,PS-0003760,1042.2,360.8,16,50,PSR-29,8,29
2025-10-12T00:00:00Z,WriteSensor,PS-0003761,1215.1,298.3,16,50,PSR-29,8,29
2025-10-12T00:02:00Z,WriteSensor,PS-0003762,1142.2,369.9,16,50,PSR-29,8,29
2025-10-12T00:04:00Z,WriteSensor,PS-0003763,1037.3,346.4,16,50,PSR-29,8,29
2025-10-12T00:06:00Z,WriteSensor,PS-0003764,973.7,305.8,16,50,PSR-29,8,29
2025-10-12T00:08:00Z,WriteSensor,PS-0003765,1015.6,345.6,16,50,PSR-29,8,29
2025-10-12T00:10:00Z,WriteSensor,PS-0003766,972.3,366.2,16,50,PSR-29,8,29
2025-10-12T00:12:00Z,WriteSensor,PS-0003767,988.7,327.2,16,50,PSR-29,8,29
2025-10-12T00:14:00Z,WriteSensor,PS-0003768,974.1,330.2,16,50,PSR-29,8,29
2025-10-12T00:16:00Z,WriteSensor,PS-0003769,1014.1,302.2,16,50,PSR-29,8,29
2025-10-12T00:18:00Z,WriteSensor,PS-0003770,1111.8,356.5,16,50,PSR-29,8,29
2025-10-12T01:00:00Z,WriteSensor,PS-0003771,1257.8,288.0,8,50,PSR-30,8,30
2025-10-12T01:02:00Z,WriteSensor,PS-0003772,1155.8,321.6,8,50,PSR-30,8,30
2025-10-12T01:04:00Z,WriteSensor,PS-0003773,1231.4,270.5,8,50,PSR-30,8,30
2025-10-12T01:06:00Z,WriteSensor,PS-0003774,1120.4,337.1,8,50,PSR-30,8,30
2025-10-12T01:08:00Z,WriteSensor,PS-0003775,1162.9,338.1,8,50,PSR-30,8,30
2025-10-12T01:10:00Z,WriteSensor,PS-0003776,1184.4,260.3,8,50,PSR-30,8,30
2025-10-12T01:12:00Z,WriteSensor,PS-0003777,1145.7,310.5,8,50,PSR-30,8,30
2025-10-12T01:14:00Z,WriteSensor,PS-0003778,1119.0,282.7,8,50,PSR-30,8,30
2025-10-12T01:16:00Z,WriteSensor,PS-0003779,1239.8,262.9,8,50,PSR-30,8,30
2025-10-12T01:18:00Z,WriteSensor,PS-0003780,1168.0,314.1,8,50,PSR-30,8,30
2025-10-12T01:20:00Z,WriteSensor,PS-0003781,1170.3,301.8,8,50,PSR-30,8,30
2025-10-12T01:22:00Z,WriteSensor,PS-0003782,1173.0,283.2,8,50,PSR-30,8,30
2025-10-12T01:24:00Z,WriteSensor,PS-0003783,1158.4,301.0,8,50,PSR-30,8,30
2025-10-12T01:26:00Z,WriteSensor,PS-0003784,1106.0,301.3,8,50,PSR-30,8,30
2025-10-12T01:28:00Z,WriteSensor,PS-0003785,1186.2,310.5,8,50,PSR-30,8,30
2025-10-12T01:30:00Z,WriteSensor,PS-0003786,1263.0,318.9,8,50,PSR-30,8,30
2025-10-12T01:32:00Z,WriteSensor,PS-0003787,1172.3,302.2,8,50,PSR-30,8,30
2025-10-12T01:34:00Z,WriteSensor,PS-0003788,1303.6,328.7,8,50,PSR-30,8,30
2025-10-12T01:36:00Z,WriteSensor,PS-0003789,1072.7,320.2,8,50,PSR-30,8,30
2025-10-12T01:38:00Z,WriteSensor,PS-0003790,1186.6,360.0,8,50,PSR-30,8,30
2025-10-12T01:40:00Z,WriteSensor,PS-0003791,1079.6,356.5,8,50,PSR-30,8,30
2025-10-12T01:42:00Z,WriteSensor,PS-0003792,1193.2,314.3,8,50,PSR-30,8,30
2025-10-12T01:44:00Z,WriteSensor,PS-0003793,1250.2,317.4,8,50,PSR-30,8,30
2025-10-12T01:46:00Z,WriteSensor,PS-0003794,1194.8,332.5,8,50,PSR-30,8,30
2025-10-12T01:48:00Z,WriteSensor,PS-0003795,1137.5,352.1,8,50,PSR-30,8,30
2025-10-12T01:50:00Z,WriteSensor,PS-0003796,1151.4,307.7,8,50,PSR-30,8,30
2025-10-12T01:52:00Z,WriteSensor,PS-0003797,1289.6,290.9,8,50,PSR-30,8,30
2025-10-12T01:54:00Z,WriteSensor,PS-0003798,1205.7,329.1,8,50,PSR-30,8,30
2025-10-12T01:56:00Z,WriteSensor,PS-0003799,1183.5,350.0,8,50,PSR-30,8,30
2025-10-12T01:58:00Z,WriteSensor,PS-0003800,1323.5,279.1,8,50,PSR-30,8,30
2025-10-12T02:00:00Z,WriteSensor,PS-0003801,1119.0,342.0,8,50,PSR-30,8,30
2025-10-12T02:02:00Z,WriteSensor,PS-0003802,1203.7,346.2,8,50,PSR-30,8,30
2025-10-12T02:04:00Z,WriteSensor,PS-0003803,1142.5,323.1,8,50,PSR-30,8,30
2025-10-12T02:06:00Z,WriteSensor,PS-0003804,1235.9,344.6,8,50,PSR-30,8,30
2025-10-12T02:08:00Z,WriteSensor,PS-0003805,1258.5,357.1,8,50,PSR-30,8,30
2025-10-12T02:10:00Z,WriteSensor,PS-0003806,1171.3,294.4,8,50,PSR-30,8,30
2025-10-12T02:12:00Z,WriteSensor,PS-0003807,1168.0,338.4,8,50,PSR-30,8,30
2025-10-12T02:14:00Z,WriteSensor,PS-0003808,1306.1,352.4,8,50,PSR-30,8,30
2025-10-12T02:16:00Z,WriteSensor,PS-0003809,1198.5,341.3,8,50,PSR-30,8,30
2025-10-12T02:18:00Z,WriteSensor,PS-0003810,1210.1,362.7,8,50,PSR-30,8,30
2025-10-12T02:20:00Z,WriteSensor,PS-0003811,1195.0,362.0,8,50,PSR-30,8,30
2025-10-12T02:22:00Z,WriteSensor,PS-0003812,1136.7,312.4,8,50,PSR-30,8,30
2025-10-12T02:24:00Z,WriteSensor,PS-0003813,1135.2,327.3,8,50,PSR-30,8,30
2025-10-12T02:26:00Z,WriteSensor,PS-0003814,1187.2,302.1,8,50,PSR-30,8,30
2025-10-12T02:28:00Z,WriteSensor,PS-0003815,1123.2,326.6,8,50,PSR-30,8,30
2025-10-12T02:30:00Z,WriteSensor,PS-0003816,1143.7,287.7,8,50,PSR-30,8,30
2025-10-12T02:32:00Z,WriteSensor,PS-0003817,1128.3,327.6,8,50,PSR-30,8,30
2025-10-12T02:34:00Z,WriteSensor,PS-0003818,1141.0,366.2,8,50,PSR-30,8,30
2025-10-12T02:36:00Z,WriteSensor,PS-0003819,1202.0,314.6,8,50,PSR-30,8,30
2025-10-12T02:38:00Z,WriteSensor,PS-0003820,1071.4,397.1,8,50,PSR-30,8,30
2025-10-12T02:40:00Z,WriteSensor,PS-0003821,1158.7,313.8,8,50,PSR-30,8,30
2025-10-12T02:42:00Z,WriteSensor,PS-0003822,1246.6,316.8,8,50,PSR-30,8,30
2025-10-12T02:44:00Z,WriteSensor,PS-0003823,1164.3,252.9,8,50,PSR-30,8,30
2025-10-12T02:46:00Z,WriteSensor,PS-0003824,1226.5,325.2,8,50,PSR-30,8,30
2025-10-12T02:48:00Z,WriteSensor,PS-0003825,1164.8,326.9,8,50,PSR-30,8,30
2025-10-12T02:50:00Z,WriteSensor,PS-0003826,1120.8,374.4,8,50,PSR-30,8,30
2025-10-12T02:52:00Z,WriteSensor,PS-0003827,1174.5,379.2,8,50,PSR-30,8,30
2025-10-12T02:54:00Z,WriteSensor,PS-0003828,1252.2,320.3,8,50,PSR-30,8,30
2025-10-12T02:56:00Z,WriteSensor,PS-0003829,1205.1,358.5,8,50,PSR-30,8,30
2025-10-12T02:58:00Z,WriteSensor,PS-0003830,1159.9,300.8,8,50,PSR-30,8,30
2025-10-12T03:00:00Z,WriteSensor,PS-0003831,1175.1,314.2,8,50,PSR-30,8,30
2025-10-12T03:02:00Z,WriteSensor,PS-0003832,1155.4,333.9,8,50,PSR-30,8,30
2025-10-12T03:04:00Z,WriteSensor,PS-0003833,1182.5,317.8,8,50,PSR-30,8,30
2025-10-12T03:06:00Z,WriteSensor,PS-0003834,1187.7,315.8,8,50,PSR-30,8,30
2025-10-12T03:08:00Z,WriteSensor,PS-0003835,1256.3,347.4,8,50,PSR-30,8,30
2025-10-12T03:10:00Z,WriteSensor,PS-0003836,1210.0,356.4,8,50,PSR-30,8,30
2025-10-12T03:12:00Z,WriteSensor,PS-0003837,1232.2,340.5,8,50,PSR-30,8,30
2025-10-12T03:14:00Z,WriteSensor,PS-0003838,1225.8,312.7,8,50,PSR-30,8,30
2025-10-12T03:16:00Z,WriteSensor,PS-0003839,1108.5,309.6,8,50,PSR-30,8,30
2025-10-12T03:18:00Z,WriteSensor,PS-0003840,1274.5,350.8,8,50,PSR-30,8,30
2025-10-12T03:20:00Z,WriteSensor,PS-0003841,1157.0,338.7,8,50,PSR-30,8,30
2025-10-12T03:22:00Z,WriteSensor,PS-0003842,1195.7,284.4,8,50,PSR-30,8,30
2025-10-12T03:24:00Z,WriteSensor,PS-0003843,1254.0,350.3,8,50,PSR-30,8,30
2025-10-12T03:26:00Z,WriteSensor,PS-0003844,1138.1,309.4,8,50,PSR-30,8,30
2025-10-12T03:28:00Z,WriteSensor,PS-0003845,1144.2,351.1,8,50,PSR-30,8,30
2025-10-12T03:30:00Z,WriteSensor,PS-0003846,1319.7,314.8,8,50,PSR-30,8,30
2025-10-12T03:32:00Z,WriteSensor,PS-0003847,1162.4,332.0,8,50,PSR-30,8,30
2025-10-12T03:34:00Z,WriteSensor,PS-0003848,1260.6,337.5,8,50,PSR-30,8,30
2025-10-12T03:36:00Z,WriteSensor,PS-0003849,1318.8,311.4,8,50,PSR-30,8,30
2025-10-12T03:38:00Z,WriteSensor,PS-0003850,1207.8,318.8,8,50,PSR-30,8,30
2025-10-12T03:40:00Z,WriteSensor,PS-0003851,1146.7,341.7,8,50,PSR-30,8,30
2025-10-12T03:42:00Z,WriteSensor,PS-0003852,1201.6,325.2,8,50,PSR-30,8,30
2025-10-12T03:44:00Z,WriteSensor,PS-0003853,1183.7,298.8,8,50,PSR-30,8,30
2025-10-12T03:46:00Z,WriteSensor,PS-0003854,1179.1,352.0,8,50,PSR-30,8,30
2025-10-12T03:48:00Z,WriteSensor,PS-0003855,1067.5,293.2,8,50,PSR-30,8,30
2025-10-12T03:50:00Z,WriteSensor,PS-0003856,1283.5,359.4,8,50,PSR-30,8,30
2025-10-12T03:52:00Z,WriteSensor,PS-0003857,1222.2,320.7,8,50,PSR-30,8,30
2025-10-12T03:54:00Z,WriteSensor,PS-0003858,1262.2,317.9,8,50,PSR-30,8,30
2025-10-12T03:56:00Z,WriteSensor,PS-0003859,1291.1,331.1,8,50,PSR-30,8,30
2025-10-12T03:58:00Z,WriteSensor,PS-0003860,1243.4,278.9,8,50,PSR-30,8,30
2025-10-12T04:00:00Z,WriteSensor,PS-0003861,1151.2,325.8,8,50,PSR-30,8,30
2025-10-12T04:02:00Z,WriteSensor,PS-0003862,1088.7,353.2,8,50,PSR-30,8,30
2025-10-12T04:04:00Z,WriteSensor,PS-0003863,1260.6,337.3,8,50,PSR-30,8,30
2025-10-12T04:06:00Z,WriteSensor,PS-0003864,1183.2,319.3,8,50,PSR-30,8,30
2025-10-12T04:08:00Z,WriteSensor,PS-0003865,1243.3,337.5,8,50,PSR-30,8,30
2025-10-12T04:10:00Z,WriteSensor,PS-0003866,1220.7,290.2,8,50,PSR-30,8,30
2025-10-12T04:12:00Z,WriteSensor,PS-0003867,1104.7,310.2,8,50,PSR-30,8,30
2025-10-12T04:14:00Z,WriteSensor,PS-0003868,1206.5,326.8,8,50,PSR-30,8,30
2025-10-12T04:16:00Z,WriteSensor,PS-0003869,1220.5,308.0,8,50,PSR-30,8,30
2025-10-12T04:18:00Z,WriteSensor,PS-0003870,1149.5,319.4,8,50,PSR-30,8,30
2025-10-12T04:20:00Z,WriteSensor,PS-0003871,1175.2,344.5,8,50,PSR-30,8,30
2025-10-12T04:22:00Z,WriteSensor,PS-0003872,1249.5,272.9,8,50,PSR-30,8,30
2025-10-12T04:24:00Z,WriteSensor,PS-0003873,1086.2,300.1,8,50,PSR-30,8,30
2025-10-12T04:26:00Z,WriteSensor,PS-0003874,1214.7,367.1,8,50,PSR-30,8,30
2025-10-12T04:28:00Z,WriteSensor,PS-0003875,1245.3,314.3,8,50,PSR-30,8,30
2025-10-12T04:30:00Z,WriteSensor,PS-0003876,1201.2,353.7,8,50,PSR-30,8,30
2025-10-12T04:32:00Z,WriteSensor,PS-0003877,1127.1,290.8,8,50,PSR-30,8,30
2025-10-12T04:34:00Z,WriteSensor,PS-0003878,1173.3,314.8,8,50,PSR-30,8,30
2025-10-12T04:36:00Z,WriteSensor,PS-0003879,1162.2,270.2,8,50,PSR-30,8,30
2025-10-12T04:38:00Z,WriteSensor,PS-0003880,1070.9,337.2,8,50,PSR-30,8,30
2025-10-12T04:40:00Z,WriteSensor,PS-0003881,1224.3,304.5,8,50,PSR-30,8,30
2025-10-12T04:42:00Z,WriteSensor,PS-0003882,1142.4,352.2,8,50,PSR-30,8,30
2025-10-12T04:44:00Z,WriteSensor,PS-0003883,1175.6,380.5,8,50,PSR-30,8,30
2025-10-12T04:46:00Z,WriteSensor,PS-0003884,1168.4,292.3,8,50,PSR-30,8,30
2025-10-12T04:48:00Z,WriteSensor,PS-0003885,1157.0,330.4,8,50,PSR-30,8,30
2025-10-12T04:50:00Z,WriteSensor,PS-0003886,1228.7,316.3,8,50,PSR-30,8,30
2025-10-12T04:52:00Z,WriteSensor,PS-0003887,1113.4,363.9,8,50,PSR-30,8,30
2025-10-12T04:54:00Z,WriteSensor,PS-0003888,1209.6,346.3,8,50,PSR-30,8,30
2025-10-12T04:56:00Z,WriteSensor,PS-0003889,1236.4,275.1,8,50,PSR-30,8,30
2025-10-12T04:58:00Z,WriteSensor,PS-0003890,1115.9,282.1,8,50,PSR-30,8,30
2025-10-12T05:00:00Z,WriteSensor,PS-0003891,1277.2,313.7,8,50,PSR-30,8,30
2025-10-12T05:02:00Z,WriteSensor,PS-0003892,1228.5,313.9,8,50,PSR-30,8,30
2025-10-12T05:04:00Z,WriteSensor,PS-0003893,1247.6,350.1,8,50,PSR-30,8,30
2025-10-12T05:06:00Z,WriteSensor,PS-0003894,1148.5,338.6,8,50,PSR-30,8,30
2025-10-12T05:08:00Z,WriteSensor,PS-0003895,1144.8,272.1,8,50,PSR-30,8,30
2025-10-12T05:10:00Z,WriteSensor,PS-0003896,1252.9,267.4,8,50,PSR-30,8,30
2025-10-12T05:12:00Z,WriteSensor,PS-0003897,1282.6,340.1,8,50,PSR-30,8,30
2025-10-12T05:14:00Z,WriteSensor,PS-0003898,1166.9,324.1,8,50,PSR-30,8,30
2025-10-12T05:16:00Z,WriteSensor,PS-0003899,1227.4,277.8,8,50,PSR-30,8,30
2025-10-12T05:18:00Z,WriteSensor,PS-0003900,1280.9,334.3,8,50,PSR-30,8,30
2025-10-12T06:00:00Z,WriteSensor,PS-0003901,1134.3,341.3,4,50,PSR-31,8,31
2025-10-12T06:02:00Z,WriteSensor,PS-0003902,1140.2,313.3,4,50,PSR-31,8,31
2025-10-12T06:04:00Z,WriteSensor,PS-0003903,1208.6,306.9,4,50,PSR-31,8,31
2025-10-12T06:06:00Z,WriteSensor,PS-0003904,1332.7,318.7,4,50,PSR-31,8,31
2025-10-12T06:08:00Z,WriteSensor,PS-0003905,1244.7,262.3,4,50,PSR-31,8,31
2025-10-12T06:10:00Z,WriteSensor,PS-0003906,1246.7,336.1,4,50,PSR-31,8,31
2025-10-12T06:12:00Z,WriteSensor,PS-0003907,1167.0,334.4,4,50,PSR-31,8,31
2025-10-12T06:14:00Z,WriteSensor,PS-0003908,1199.8,342.3,4,50,PSR-31,8,31
2025-10-12T06:16:00Z,WriteSensor,PS-0003909,1192.8,385.4,4,50,PSR-31,8,31
2025-10-12T06:18:00Z,WriteSensor,PS-0003910,1245.1,327.1,4,50,PSR-31,8,31
2025-10-12T06:20:00Z,WriteSensor,PS-0003911,1242.0,313.9,4,50,PSR-31,8,31
2025-10-12T06:22:00Z,WriteSensor,PS-0003912,1271.0,347.7,4,50,PSR-31,8,31
2025-10-12T06:24:00Z,WriteSensor,PS-0003913,1191.3,306.8,4,50,PSR-31,8,31
2025-10-12T06:26:00Z,WriteSensor,PS-0003914,1288.5,342.9,4,50,PSR-31,8,31
2025-10-12T06:28:00Z,WriteSensor,PS-0003915,1283.2,343.7,4,50,PSR-31,8,31
2025-10-12T06:30:00Z,WriteSensor,PS-0003916,1145.8,361.5,4,50,PSR-31,8,31
2025-10-12T06:32:00Z,WriteSensor,PS-0003917,1344.4,341.6,4,50,PSR-31,8,31
2025-10-12T06:34:00Z,WriteSensor,PS-0003918,1140.0,356.7,4,50,PSR-31,8,31
2025-10-12T06:36:00Z,WriteSensor,PS-0003919,1206.4,308.6,4,50,PSR-31,8,31
2025-10-12T06:38:00Z,WriteSensor,PS-0003920,1199.3,319.5,4,50,PSR-31,8,31
2025-10-12T06:40:00Z,WriteSensor,PS-0003921,1333.7,320.6,4,50,PSR-31,8,31
2025-10-12T06:42:00Z,WriteSensor,PS-0003922,1177.9,351.8,4,50,PSR-31,8,31
2025-10-12T06:44:00Z,WriteSensor,PS-0003923,1166.9,325.5,4,50,PSR-31,8,31
2025-10-12T06:46:00Z,WriteSensor,PS-0003924,1227.9,277.0,4,50,PSR-31,8,31
2025-10-12T06:48:00Z,WriteSensor,PS-0003925,1202.1,359.0,4,50,PSR-31,8,31
2025-10-12T06:50:00Z,WriteSensor,PS-0003926,1286.3,359.6,4,50,PSR-31,8,31
2025-10-12T06:52:00Z,WriteSensor,PS-0003927,1240.2,349.3,4,50,PSR-31,8,31
2025-10-12T06:54:00Z,WriteSensor,PS-0003928,1206.5,288.3,4,50,PSR-31,8,31
2025-10-12T06:56:00Z,WriteSensor,PS-0003929,1177.2,315.8,4,50,PSR-31,8,31
2025-10-12T06:58:00Z,WriteSensor,PS-0003930,1194.4,337.7,4,50,PSR-31,8,31
2025-10-12T07:00:00Z,WriteSensor,PS-0003931,1138.3,280.6,4,50,PSR-31,8,31
2025-10-12T07:02:00Z,WriteSensor,PS-0003932,1239.1,359.1,4,50,PSR-31,8,31
2025-10-12T07:04:00Z,WriteSensor,PS-0003933,1170.6,353.8,4,50,PSR-31,8,31
2025-10-12T07:06:00Z,WriteSensor,PS-0003934,1149.2,325.4,4,50,PSR-31,8,31
2025-10-12T07:08:00Z,WriteSensor,PS-0003935,1206.8,377.6,4,50,PSR-31,8,31
2025-10-12T07:10:00Z,WriteSensor,PS-0003936,1231.9,336.5,4,50,PSR-31,8,31
2025-10-12T07:12:00Z,WriteSensor,PS-0003937,1192.9,288.9,4,50,PSR-31,8,31
2025-10-12T07:14:00Z,WriteSensor,PS-0003938,1215.6,348.3,4,50,PSR-31,8,31
2025-10-12T07:16:00Z,WriteSensor,PS-0003939,1231.3,311.8,4,50,PSR-31,8,31
2025-10-12T07:18:00Z,WriteSensor,PS-0003940,1285.5,343.5,4,50,PSR-31,8,31
2025-10-12T07:20:00Z,WriteSensor,PS-0003941,1290.1,298.0,4,50,PSR-31,8,31
2025-10-12T07:22:00Z,WriteSensor,PS-0003942,1159.9,338.7,4,50,PSR-31,8,31
2025-10-12T07:24:00Z,WriteSensor,PS-0003943,1274.8,329.6,4,50,PSR-31,8,31
2025-10-12T07:26:00Z,WriteSensor,PS-0003944,1220.1,315.4,4,50,PSR-31,8,31
2025-10-12T07:28:00Z,WriteSensor,PS-0003945,1245.1,303.9,4,50,PSR-31,8,31
2025-10-12T07:30:00Z,WriteSensor,PS-0003946,1223.0,310.7,4,50,PSR-31,8,31
2025-10-12T07:32:00Z,WriteSensor,PS-0003947,1305.1,315.2,4,50,PSR-31,8,31
2025-10-12T07:34:00Z,WriteSensor,PS-0003948,1144.1,316.1,4,50,PSR-31,8,31
2025-10-12T07:36:00Z,WriteSensor,PS-0003949,1173.1,317.3,4,50,PSR-31,8,31
2025-10-12T07:38:00Z,WriteSensor,PS-0003950,1270.1,276.8,4,50,PSR-31,8,31
2025-10-12T07:40:00Z,WriteSensor,PS-0003951,1244.9,294.5,4,50,PSR-31,8,31
2025-10-12T07:42:00Z,WriteSensor,PS-0003952,1264.8,311.8,4,50,PSR-31,8,31
2025-10-12T07:44:00Z,WriteSensor,PS-0003953,1240.3,311.0,4,50,PSR-31,8,31
2025-10-12T07:46:00Z,WriteSensor,PS-0003954,1325.8,304.8,4,50,PSR-31,8,31
2025-10-12T07:48:00Z,WriteSensor,PS-0003955,1229.6,321.7,4,50,PSR-31,8,31
2025-10-12T07:50:00Z,WriteSensor,PS-0003956,1202.2,361.7,4,50,PSR-31,8,31
2025-10-12T07:52:00Z,WriteSensor,PS-0003957,1200.5,352.8,4,50,PSR-31,8,31
2025-10-12T07:54:00Z,WriteSensor,PS-0003958,1243.7,323.8,4,50,PSR-31,8,31
2025-10-12T07:56:00Z,WriteSensor,PS-0003959,1245.4,301.5,4,50,PSR-31,8,31
2025-10-12T07:58:00Z,WriteSensor,PS-0003960,1215.0,325.9,4,50,PSR-31,8,31
2025-10-12T08:00:00Z,WriteSensor,PS-0003961,1190.9,351.7,4,50,PSR-31,8,31
2025-10-12T08:02:00Z,WriteSensor,PS-0003962,1242.3,320.1,4,50,PSR-31,8,31
2025-10-12T08:04:00Z,WriteSensor,PS-0003963,1219.6,341.1,4,50,PSR-31,8,31
2025-10-12T08:06:00Z,WriteSensor,PS-0003964,1148.9,342.3,4,50,PSR-31,8,31
2025-10-12T08:08:00Z,WriteSensor,PS-0003965,1206.3,299.4,4,50,PSR-31,8,31
2025-10-12T08:10:00Z,WriteSensor,PS-0003966,1134.4,376.6,4,50,PSR-31,8,31
2025-10-12T08:12:00Z,WriteSensor,PS-0003967,1238.0,352.6,4,50,PSR-31,8,31
2025-10-12T08:14:00Z,WriteSensor,PS-0003968,1241.6,327.0,4,50,PSR-31,8,31
2025-10-12T08:16:00Z,WriteSensor,PS-0003969,1203.9,354.4,4,50,PSR-31,8,31
2025-10-12T08:18:00Z,WriteSensor,PS-0003970,1288.9,280.0,4,50,PSR-31,8,31
2025-10-12T08:20:00Z,WriteSensor,PS-0003971,1313.6,334.7,4,50,PSR-31,8,31
2025-10-12T08:22:00Z,WriteSensor,PS-0003972,1281.8,297.5,4,50,PSR-31,8,31
2025-10-12T08:24:00Z,WriteSensor,PS-0003973,1259.5,351.8,4,50,PSR-31,8,31
2025-10-12T08:26:00Z,WriteSensor,PS-0003974,1230.8,321.2,4,50,PSR-31,8,31
2025-10-12T08:28:00Z,WriteSensor,PS-0003975,1264.0,263.3,4,50,PSR-31,8,31
2025-10-12T08:30:00Z,WriteSensor,PS-0003976,1240.2,351.1,4,50,PSR-31,8,31
2025-10-12T08:32:00Z,WriteSensor,PS-0003977,1223.2,309.0,4,50,PSR-31,8,31
2025-10-12T08:34:00Z,WriteSensor,PS-0003978,1309.0,332.5,4,50,PSR-31,8,31
2025-10-12T08:36:00Z,WriteSensor,PS-0003979,1313.3,361.5,4,50,PSR-31,8,31
2025-10-12T08:38:00Z,WriteSensor,PS-0003980,1303.0,365.3,4,50,PSR-31,8,31
2025-10-12T08:40:00Z,WriteSensor,PS-0003981,1236.8,305.1,4,50,PSR-31,8,31
2025-10-12T08:42:00Z,WriteSensor,PS-0003982,1167.8,321.4,4,50,PSR-31,8,31
2025-10-12T08:44:00Z,WriteSensor,PS-0003983,1208.6,316.5,4,50,PSR-31,8,31
2025-10-12T08:46:00Z,WriteSensor,PS-0003984,1287.7,305.3,4,50,PSR-31,8,31
2025-10-12T08:48:00Z,WriteSensor,PS-0003985,1169.6,358.8,4,50,PSR-31,8,31
2025-10-12T08:50:00Z,WriteSensor,PS-0003986,1242.3,337.0,4,50,PSR-31,8,31
2025-10-12T08:52:00Z,WriteSensor,PS-0003987,1366.2,327.8,4,50,PSR-31,8,31
2025-10-12T08:54:00Z,WriteSensor,PS-0003988,1275.9,344.6,4,50,PSR-31,8,31
2025-10-12T08:56:00Z,WriteSensor,PS-0003989,1236.1,360.0,4,50,PSR-31,8,31
2025-10-12T08:58:00Z,WriteSensor,PS-0003990,1200.1,399.4,4,50,PSR-31,8,31
2025-10-12T09:00:00Z,WriteSensor,PS-0003991,1308.7,322.4,4,50,PSR-31,8,31
2025-10-12T09:02:00Z,WriteSensor,PS-0003992,1141.4,303.3,4,50,PSR-31,8,31
2025-10-12T09:04:00Z,WriteSensor,PS-0003993,1185.9,307.6,4,50,PSR-31,8,31
2025-10-12T09:06:00Z,WriteSensor,PS-0003994,1230.0,346.7,4,50,PSR-31,8,31
2025-10-12T09:08:00Z,WriteSensor,PS-0003995,1247.1,365.4,4,50,PSR-31,8,31
2025-10-12T09:10:00Z,WriteSensor,PS-0003996,1246.4,307.0,4,50,PSR-31,8,31
2025-10-12T09:12:00Z,WriteSensor,PS-0003997,1244.1,303.4,4,50,PSR-31,8,31
2025-10-12T09:14:00Z,WriteSensor,PS-0003998,1269.9,368.7,4,50,PSR-31,8,31
2025-10-12T09:16:00Z,WriteSensor,PS-0003999,1154.0,329.5,4,50,PSR-31,8,31
2025-10-12T09:18:00Z,WriteSensor,PS-0004000,1274.8,372.1,4,50,PSR-31,8,31
2025-10-12T09:20:00Z,WriteSensor,PS-0004001,1223.2,304.4,4,50,PSR-31,8,31
2025-10-12T09:22:00Z,WriteSensor,PS-0004002,1208.3,388.6,4,50,PSR-31,8,31
2025-10-12T09:24:00Z,WriteSensor,PS-0004003,1239.7,331.9,4,50,PSR-31,8,31
2025-10-12T09:26:00Z,WriteSensor,PS-0004004,1225.5,314.7,4,50,PSR-31,8,31
2025-10-12T09:28:00Z,WriteSensor,PS-0004005,1183.0,302.3,4,50,PSR-31,8,31
2025-10-12T09:30:00Z,WriteSensor,PS-0004006,1209.8,333.7,4,50,PSR-31,8,31
2025-10-12T09:32:00Z,WriteSensor,PS-0004007,1232.8,310.5,4,50,PSR-31,8,31
2025-10-12T09:34:00Z,WriteSensor,PS-0004008,1296.7,298.6,4,50,PSR-31,8,31
2025-10-12T09:36:00Z,WriteSensor,PS-0004009,1230.8,400.5,4,50,PSR-31,8,31
2025-10-12T09:38:00Z,WriteSensor,PS-0004010,1250.1,322.4,4,50,PSR-31,8,31
2025-10-12T09:40:00Z,WriteSensor,PS-0004011,1307.9,355.2,4,50,PSR-31,8,31
2025-10-12T09:42:00Z,WriteSensor,PS-0004012,1167.9,302.1,4,50,PSR-31,8,31
2025-10-12T09:44:00Z,WriteSensor,PS-0004013,1182.1,349.7,4,50,PSR-31,8,31
2025-10-12T09:46:00Z,WriteSensor,PS-0004014,1065.8,317.4,4,50,PSR-31,8,31
2025-10-12T09:48:00Z,WriteSensor,PS-0004015,1255.4,320.3,4,50,PSR-31,8,31
2025-10-12T09:50:00Z,WriteSensor,PS-0004016,1255.4,328.4,4,50,PSR-31,8,31
2025-10-12T09:52:00Z,WriteSensor,PS-0004017,1267.9,377.8,4,50,PSR-31,8,31
2025-10-12T09:54:00Z,WriteSensor,PS-0004018,1243.8,345.6,4,50,PSR-31,8,31
2025-10-12T09:56:00Z,WriteSensor,PS-0004019,1241.1,349.3,4,50,PSR-31,8,31
2025-10-12T09:58:00Z,WriteSensor,PS-0004020,1335.5,316.5,4,50,PSR-31,8,31
2025-10-12T10:00:00Z,WriteSensor,PS-0004021,1186.3,328.5,4,50,PSR-31,8,31
2025-10-12T10:02:00Z,WriteSensor,PS-0004022,1223.9,294.8,4,50,PSR-31,8,31
2025-10-12T10:04:00Z,WriteSensor,PS-0004023,1237.4,355.1,4,50,PSR-31,8,31
2025-10-12T10:06:00Z,WriteSensor,PS-0004024,1266.9,305.3,4,50,PSR-31,8,31
2025-10-12T10:08:00Z,WriteSensor,PS-0004025,1157.5,353.6,4,50,PSR-31,8,31
2025-10-12T10:10:00Z,WriteSensor,PS-0004026,1243.8,310.3,4,50,PSR-31,8,31
2025-10-12T10:12:00Z,WriteSensor,PS-0004027,1156.8,331.4,4,50,PSR-31,8,31
2025-10-12T10:14:00Z,WriteSensor,PS-0004028,1169.4,320.8,4,50,PSR-31,8,31
2025-10-12T10:16:00Z,WriteSensor,PS-0004029,1313.0,360.1,4,50,PSR-31,8,31
2025-10-12T10:18:00Z,WriteSensor,PS-0004030,1111.5,377.2,4,50,PSR-31,8,31
2025-10-12T11:00:00Z,WriteSensor,PS-0004031,822.0,332.2,32,50,PSR-32,8,32
2025-10-12T11:02:00Z,WriteSensor,PS-0004032,780.4,317.9,32,50,PSR-32,8,32
2025-10-12T11:04:00Z,WriteSensor,PS-0004033,891.1,360.8,32,50,PSR-32,8,32
2025-10-12T11:06:00Z,WriteSensor,PS-0004034,851.1,356.5,32,50,PSR-32,8,32
2025-10-12T11:08:00Z,WriteSensor,PS-0004035,835.9,383.8,32,50,PSR-32,8,32
2025-10-12T11:10:00Z,WriteSensor,PS-0004036,810.6,320.7,32,50,PSR-32,8,32
2025-10-12T11:12:00Z,WriteSensor,PS-0004037,909.7,362.1,32,50,PSR-32,8,32
2025-10-12T11:14:00Z,WriteSensor,PS-0004038,915.2,340.6,32,50,PSR-32,8,32
2025-10-12T11:16:00Z,WriteSensor,PS-0004039,920.7,339.4,32,50,PSR-32,8,32
2025-10-12T11:18:00Z,WriteSensor,PS-0004040,822.2,339.3,32,50,PSR-32,8,32
2025-10-12T11:20:00Z,WriteSensor,PS-0004041,862.3,296.8,32,50,PSR-32,8,32
2025-10-12T11:22:00Z,WriteSensor,PS-0004042,825.5,323.5,32,50,PSR-32,8,32
2025-10-12T11:24:00Z,WriteSensor,PS-0004043,771.4,329.8,32,50,PSR-32,8,32
2025-10-12T11:26:00Z,WriteSensor,PS-0004044,831.1,296.3,32,50,PSR-32,8,32
2025-10-12T11:28:00Z,WriteSensor,PS-0004045,823.5,352.8,32,50,PSR-32,8,32
2025-10-12T11:30:00Z,WriteSensor,PS-0004046,838.1,359.7,32,50,PSR-32,8,32
2025-10-12T11:32:00Z,WriteSensor,PS-0004047,846.4,325.1,32,50,PSR-32,8,32
2025-10-12T11:34:00Z,WriteSensor,PS-0004048,849.4,326.5,32,50,PSR-32,8,32
2025-10-12T11:36:00Z,WriteSensor,PS-0004049,951.7,322.9,32,50,PSR-32,8,32
2025-10-12T11:38:00Z,WriteSensor,PS-0004050,821.0,339.5,32,50,PSR-32,8,32
2025-10-12T11:40:00Z,WriteSensor,PS-0004051,859.7,336.7,32,50,PSR-32,8,32
2025-10-12T11:42:00Z,WriteSensor,PS-0004052,807.3,328.0,32,50,PSR-32,8,32
2025-10-12T11:44:00Z,WriteSensor,PS-0004053,905.5,317.0,32,50,PSR-32,8,32
2025-10-12T11:46:00Z,WriteSensor,PS-0004054,783.1,332.9,32,50,PSR-32,8,32
2025-10-12T11:48:00Z,WriteSensor,PS-0004055,939.2,361.3,32,50,PSR-32,8,32
2025-10-12T11:50:00Z,WriteSensor,PS-0004056,917.8,351.0,32,50,PSR-32,8,32
2025-10-12T11:52:00Z,WriteSensor,PS-0004057,885.1,301.4,32,50,PSR-32,8,32
2025-10-12T11:54:00Z,WriteSensor,PS-0004058,820.8,325.1,32,50,PSR-32,8,32
2025-10-12T11:56:00Z,WriteSensor,PS-0004059,876.0,311.1,32,50,PSR-32,8,32
2025-10-12T11:58:00Z,WriteSensor,PS-0004060,834.7,368.0,32,50,PSR-32,8,32
2025-10-12T12:00:00Z,WriteSensor,PS-0004061,772.8,316.0,32,50,PSR-32,8,32
2025-10-12T12:02:00Z,WriteSensor,PS-0004062,789.2,355.9,32,50,PSR-32,8,32
2025-10-12T12:04:00Z,WriteSensor,PS-0004063,780.4,324.8,32,50,PSR-32,8,32
2025-10-12T12:06:00Z,WriteSensor,PS-0004064,931.0,308.9,32,50,PSR-32,8,32
2025-10-12T12:08:00Z,WriteSensor,PS-0004065,757.0,323.8,32,50,PSR-32,8,32
2025-10-12T12:10:00Z,WriteSensor,PS-0004066,810.5,298.9,32,50,PSR-32,8,32
2025-10-12T12:12:00Z,WriteSensor,PS-0004067,864.9,317.7,32,50,PSR-32,8,32
2025-10-12T12:14:00Z,WriteSensor,PS-0004068,904.4,302.8,32,50,PSR-32,8,32
2025-10-12T12:16:00Z,WriteSensor,PS-0004069,854.9,318.1,32,50,PSR-32,8,32
2025-10-12T12:18:00Z,WriteSensor,PS-0004070,827.6,313.2,32,50,PSR-32,8,32
2025-10-12T12:20:00Z,WriteSensor,PS-0004071,738.4,361.6,32,50,PSR-32,8,32
2025-10-12T12:22:00Z,WriteSensor,PS-0004072,837.5,330.1,32,50,PSR-32,8,32
2025-10-12T12:24:00Z,WriteSensor,PS-0004073,831.6,314.0,32,50,PSR-32,8,32
2025-10-12T12:26:00Z,WriteSensor,PS-0004074,857.5,339.5,32,50,PSR-32,8,32
2025-10-12T12:28:00Z,WriteSensor,PS-0004075,888.7,362.3,32,50,PSR-32,8,32
2025-10-12T12:30:00Z,WriteSensor,PS-0004076,805.8,300.9,32,50,PSR-32,8,32
2025-10-12T12:32:00Z,WriteSensor,PS-0004077,807.3,332.1,32,50,PSR-32,8,32
2025-10-12T12:34:00Z,WriteSensor,PS-0004078,829.1,373.1,32,50,PSR-32,8,32
2025-10-12T12:36:00Z,WriteSensor,PS-0004079,830.0,322.0,32,50,PSR-32,8,32
2025-10-12T12:38:00Z,WriteSensor,PS-0004080,795.5,351.2,32,50,PSR-32,8,32
2025-10-12T12:40:00Z,WriteSensor,PS-0004081,952.0,314.8,32,50,PSR-32,8,32
2025-10-12T12:42:00Z,WriteSensor,PS-0004082,937.7,283.1,32,50,PSR-32,8,32
2025-10-12T12:44:00Z,WriteSensor,PS-0004083,884.3,318.8,32,50,PSR-32,8,32
2025-10-12T12:46:00Z,WriteSensor,PS-0004084,790.4,344.3,32,50,PSR-32,8,32
2025-10-12T12:48:00Z,WriteSensor,PS-0004085,968.4,345.5,32,50,PSR-32,8,32
2025-10-12T12:50:00Z,WriteSensor,PS-0004086,874.8,319.8,32,50,PSR-32,8,32
2025-10-12T12:52:00Z,WriteSensor,PS-0004087,796.7,284.5,32,50,PSR-32,8,32
2025-10-12T12:54:00Z,WriteSensor,PS-0004088,795.7,308.6,32,50,PSR-32,8,32
2025-10-12T12:56:00Z,WriteSensor,PS-0004089,824.7,334.2,32,50,PSR-32,8,32
2025-10-12T12:58:00Z,WriteSensor,PS-0004090,790.3,250.9,32,50,PSR-32,8,32
2025-10-12T13:00:00Z,WriteSensor,PS-0004091,735.4,309.6,32,50,PSR-32,8,32
2025-10-12T13:02:00Z,WriteSensor,PS-0004092,805.4,311.0,32,50,PSR-32,8,32
2025-10-12T13:04:00Z,WriteSensor,PS-0004093,874.4,307.2,32,50,PSR-32,8,32
2025-10-12T13:06:00Z,WriteSensor,PS-0004094,771.9,304.9,32,50,PSR-32,8,32
2025-10-12T13:08:00Z,WriteSensor,PS-0004095,785.1,375.9,32,50,PSR-32,8,32
2025-10-12T13:10:00Z,WriteSensor,PS-0004096,864.8,288.0,32,50,PSR-32,8,32
2025-10-12T13:12:00Z,WriteSensor,PS-0004097,901.3,347.6,32,50,PSR-32,8,32
2025-10-12T13:14:00Z,WriteSensor,PS-0004098,742.3,334.1,32,50,PSR-32,8,32
2025-10-12T13:16:00Z,WriteSensor,PS-0004099,902.8,324.5,32,50,PSR-32,8,32
2025-10-12T13:18:00Z,WriteSensor,PS-0004100,876.1,323.9,32,50,PSR-32,8,32
2025-10-12T13:20:00Z,WriteSensor,PS-0004101,781.0,295.0,32,50,PSR-32,8,32
2025-10-12T13:22:00Z,WriteSensor,PS-0004102,935.4,315.1,32,50,PSR-32,8,32
2025-10-12T13:24:00Z,WriteSensor,PS-0004103,866.9,318.8,32,50,PSR-32,8,32
2025-10-12T13:26:00Z,WriteSensor,PS-0004104,803.1,317.6,32,50,PSR-32,8,32
2025-10-12T13:28:00Z,WriteSensor,PS-0004105,932.4,283.5,32,50,PSR-32,8,32
2025-10-12T13:30:00Z,WriteSensor,PS-0004106,861.7,310.1,32,50,PSR-32,8,32
2025-10-12T13:32:00Z,WriteSensor,PS-0004107,763.7,374.0,32,50,PSR-32,8,32
2025-10-12T13:34:00Z,WriteSensor,PS-0004108,727.1,326.6,32,50,PSR-32,8,32
2025-10-12T13:36:00Z,WriteSensor,PS-0004109,870.7,293.3,32,50,PSR-32,8,32
2025-10-12T13:38:00Z,WriteSensor,PS-0004110,753.3,319.4,32,50,PSR-32,8,32
2025-10-12T13:40:00Z,WriteSensor,PS-0004111,754.9,356.4,32,50,PSR-32,8,32
2025-10-12T13:42:00Z,WriteSensor,PS-0004112,822.2,323.6,32,50,PSR-32,8,32
2025-10-12T13:44:00Z,WriteSensor,PS-0004113,838.2,314.2,32,50,PSR-32,8,32
2025-10-12T13:46:00Z,WriteSensor,PS-0004114,837.3,285.8,32,50,PSR-32,8,32
2025-10-12T13:48:00Z,WriteSensor,PS-0004115,902.6,292.1,32,50,PSR-32,8,32
2025-10-12T13:50:00Z,WriteSensor,PS-0004116,876.4,340.1,32,50,PSR-32,8,32
2025-10-12T13:52:00Z,WriteSensor,PS-0004117,821.2,320.7,32,50,PSR-32,8,32
2025-10-12T13:54:00Z,WriteSensor,PS-0004118,759.3,328.8,32,50,PSR-32,8,32
2025-10-12T13:56:00Z,WriteSensor,PS-0004119,898.9,336.7,32,50,PSR-32,8,32
2025-10-12T13:58:00Z,WriteSensor,PS-0004120,737.2,345.7,32,50,PSR-32,8,32
2025-10-12T14:00:00Z,WriteSensor,PS-0004121,790.9,292.7,32,50,PSR-32,8,32
2025-10-12T14:02:00Z,WriteSensor,PS-0004122,862.4,270.1,32,50,PSR-32,8,32
2025-10-12T14:04:00Z,WriteSensor,PS-0004123,827.9,321.4,32,50,PSR-32,8,32
2025-10-12T14:06:00Z,WriteSensor,PS-0004124,833.5,356.1,32,50,PSR-32,8,32
2025-10-12T14:08:00Z,WriteSensor,PS-0004125,778.5,341.8,32,50,PSR-32,8,32
2025-10-12T14:10:00Z,WriteSensor,PS-0004126,849.4,348.5,32,50,PSR-32,8,32
2025-10-12T14:12:00Z,WriteSensor,PS-0004127,725.9,334.4,32,50,PSR-32,8,32
2025-10-12T14:14:00Z,WriteSensor,PS-0004128,806.8,318.2,32,50,PSR-32,8,32
2025-10-12T14:16:00Z,WriteSensor,PS-0004129,848.4,318.2,32,50,PSR-32,8,32
2025-10-12T14:18:00Z,WriteSensor,PS-0004130,823.0,332.1,32,50,PSR-32,8,32
2025-10-12T14:20:00Z,WriteSensor,PS-0004131,796.0,307.4,32,50,PSR-32,8,32
2025-10-12T14:22:00Z,WriteSensor,PS-0004132,827.5,336.3,32,50,PSR-32,8,32
2025-10-12T14:24:00Z,WriteSensor,PS-0004133,804.7,301.3,32,50,PSR-32,8,32
2025-10-12T14:26:00Z,WriteSensor,PS-0004134,784.9,343.7,32,50,PSR-32,8,32
2025-10-12T14:28:00Z,WriteSensor,PS-0004135,841.4,293.8,32,50,PSR-32,8,32
2025-10-12T14:30:00Z,WriteSensor,PS-0004136,930.8,315.2,32,50,PSR-32,8,32
2025-10-12T14:32:00Z,WriteSensor,PS-0004137,804.5,357.8,32,50,PSR-32,8,32
2025-10-12T14:34:00Z,WriteSensor,PS-0004138,811.2,316.6,32,50,PSR-32,8,32
2025-10-12T14:36:00Z,WriteSensor,PS-0004139,822.9,263.2,32,50,PSR-32,8,32
2025-10-12T14:38:00Z,WriteSensor,PS-0004140,810.4,330.8,32,50,PSR-32,8,32
2025-10-12T14:40:00Z,WriteSensor,PS-0004141,845.7,323.4,32,50,PSR-32,8,32
2025-10-12T14:42:00Z,WriteSensor,PS-0004142,843.0,359.2,32,50,PSR-32,8,32
2025-10-12T14:44:00Z,WriteSensor,PS-0004143,884.7,293.0,32,50,PSR-32,8,32
2025-10-12T14:46:00Z,WriteSensor,PS-0004144,784.7,325.6,32,50,PSR-32,8,32
2025-10-12T14:48:00Z,WriteSensor,PS-0004145,899.6,312.9,32,50,PSR-32,8,32
2025-10-12T14:50:00Z,WriteSensor,PS-0004146,813.4,323.2,32,50,PSR-32,8,32
2025-10-12T14:52:00Z,WriteSensor,PS-0004147,823.3,289.2,32,50,PSR-32,8,32
2025-10-12T14:54:00Z,WriteSensor,PS-0004148,898.6,330.9,32,50,PSR-32,8,32
2025-10-12T14:56:00Z,WriteSensor,PS-0004149,856.2,294.7,32,50,PSR-32,8,32
2025-10-12T14:58:00Z,WriteSensor,PS-0004150,789.3,256.4,32,50,PSR-32,8,32
2025-10-12T15:00:00Z,WriteSensor,PS-0004151,871.7,303.1,32,50,PSR-32,8,32
2025-10-12T15:02:00Z,WriteSensor,PS-0004152,844.6,313.1,32,50,PSR-32,8,32
2025-10-12T15:04:00Z,WriteSensor,PS-0004153,875.7,319.7,32,50,PSR-32,8,32
2025-10-12T15:06:00Z,WriteSensor,PS-0004154,792.8,332.3,32,50,PSR-32,8,32
2025-10-12T15:08:00Z,WriteSensor,PS-0004155,873.5,266.5,32,50,PSR-32,8,32
2025-10-12T15:10:00Z,WriteSensor,PS-0004156,858.8,317.7,32,50,PSR-32,8,32
2025-10-12T15:12:00Z,WriteSensor,PS-0004157,939.4,328.8,32,50,PSR-32,8,32
2025-10-12T15:14:00Z,WriteSensor,PS-0004158,801.4,348.1,32,50,PSR-32,8,32
2025-10-12T15:16:00Z,WriteSensor,PS-0004159,920.9,284.0,32,50,PSR-32,8,32
2025-10-12T15:18:00Z,WriteSensor,PS-0004160,791.5,306.9,32,50,PSR-32,8,32
